{
  "type": "FeatureCollection",
  "features": [
    {
      "type": "Feature",
      "geometry": {
        "type": "Point",
        "coordinates": [
          500943.9309927257,
          6964039.646462789
        ]
      },
      "properties": {
        "junction_id": 39606,
        "veh_id": 11430,
        "sim_time_s": 0.5,
        "tier": "track-section",
        "prearm_status": "",
        "focus_role": "none"
      }
    },
    {
      "type": "Feature",
      "geometry": {
        "type": "Point",
        "coordinates": [
          500135.181270669,
          6965615.371521625
        ]
      },
      "properties": {
        "junction_id": 39576,
        "veh_id": 11402,
        "sim_time_s": 0.5,
        "tier": "IC-detect",
        "prearm_status": "",
        "focus_role": "none"
      }
    },
    {
      "type": "Feature",
      "geometry": {
        "type": "Point",
        "coordinates": [
          500084.01474659465,
          6967501.832205719
        ]
      },
      "properties": {
        "junction_id": 38339,
        "veh_id": 11420,
        "sim_time_s": 3.6,
        "tier": "IC-detect",
        "prearm_status": "",
        "focus_role": "none"
      }
    },
    {
      "type": "Feature",
      "geometry": {
        "type": "Point",
        "coordinates": [
          500893.2243636047,
          6964113.862044675
        ]
      },
      "properties": {
        "junction_id": 39590,
        "veh_id": 11430,
        "sim_time_s": 5.8,
        "tier": "track-zone",
        "prearm_status": "",
        "focus_role": "none"
      }
    },
    {
      "type": "Feature",
      "geometry": {
        "type": "Point",
        "coordinates": [
          499518.19763411,
          6966652.30175898
        ]
      },
      "properties": {
        "junction_id": 39572,
        "veh_id": 11395,
        "sim_time_s": 13.1,
        "tier": "IC-detect",
        "prearm_status": "",
        "focus_role": "none"
      }
    },
    {
      "type": "Feature",
      "geometry": {
        "type": "Point",
        "coordinates": [
          499772.134877571,
          6966599.541734759
        ]
      },
      "properties": {
        "junction_id": 39568,
        "veh_id": 11395,
        "sim_time_s": 28.8,
        "tier": "track-zone",
        "prearm_status": "",
        "focus_role": "none"
      }
    },
    {
      "type": "Feature",
      "geometry": {
        "type": "Point",
        "coordinates": [
          499885.1117520673,
          6966545.652169179
        ]
      },
      "properties": {
        "junction_id": 39569,
        "veh_id": 11395,
        "sim_time_s": 36.9,
        "tier": "track-zone",
        "prearm_status": "",
        "focus_role": "none"
      }
    },
    {
      "type": "Feature",
      "geometry": {
        "type": "Point",
        "coordinates": [
          500134.10921234195,
          6966434.600806591
        ]
      },
      "properties": {
        "junction_id": 1043762,
        "veh_id": 11395,
        "sim_time_s": 54.5,
        "tier": "track-zone",
        "prearm_status": "",
        "focus_role": "none"
      }
    },
    {
      "type": "Feature",
      "geometry": {
        "type": "Point",
        "coordinates": [
          500457.7483983264,
          6965696.808175446
        ]
      },
      "properties": {
        "junction_id": 39578,
        "veh_id": 11402,
        "sim_time_s": 58.5,
        "tier": "track-zone",
        "prearm_status": "",
        "focus_role": "none"
      }
    },
    {
      "type": "Feature",
      "geometry": {
        "type": "Point",
        "coordinates": [
          0.0,
          0.0
        ]
      },
      "properties": {
        "junction_id": 39590,
        "veh_id": 11430,
        "sim_time_s": 60.3,
        "tier": "harmony-no-ge-local",
        "prearm_status": "skip",
        "focus_role": "none"
      }
    },
    {
      "type": "Feature",
      "geometry": {
        "type": "Point",
        "coordinates": [
          0.0,
          0.0
        ]
      },
      "properties": {
        "junction_id": 39576,
        "veh_id": 11402,
        "sim_time_s": 60.3,
        "tier": "harmony-ins-local",
        "prearm_status": "action",
        "focus_role": "none"
      }
    },
    {
      "type": "Feature",
      "geometry": {
        "type": "Point",
        "coordinates": [
          499965.2461986141,
          6967100.990628081
        ]
      },
      "properties": {
        "junction_id": 11118289,
        "veh_id": 11420,
        "sim_time_s": 65.2,
        "tier": "track-zone",
        "prearm_status": "",
        "focus_role": "none"
      }
    },
    {
      "type": "Feature",
      "geometry": {
        "type": "Point",
        "coordinates": [
          0.0,
          0.0
        ]
      },
      "properties": {
        "junction_id": 1043762,
        "veh_id": 11395,
        "sim_time_s": 66.6,
        "tier": "harmony-no-ge-local",
        "prearm_status": "skip",
        "focus_role": "none"
      }
    },
    {
      "type": "Feature",
      "geometry": {
        "type": "Point",
        "coordinates": [
          0.0,
          0.0
        ]
      },
      "properties": {
        "junction_id": 38339,
        "veh_id": 11420,
        "sim_time_s": 69.3,
        "tier": "harmony-ins-local",
        "prearm_status": "action",
        "focus_role": "none"
      }
    },
    {
      "type": "Feature",
      "geometry": {
        "type": "Point",
        "coordinates": [
          499961.4202417018,
          6966952.073906085
        ]
      },
      "properties": {
        "junction_id": 39568,
        "veh_id": 11420,
        "sim_time_s": 78.8,
        "tier": "track-zone",
        "prearm_status": "",
        "focus_role": "none"
      }
    },
    {
      "type": "Feature",
      "geometry": {
        "type": "Point",
        "coordinates": [
          500363.24889444245,
          6966090.644500678
        ]
      },
      "properties": {
        "junction_id": 39578,
        "veh_id": 11395,
        "sim_time_s": 80.1,
        "tier": "track-section",
        "prearm_status": "",
        "focus_role": "none"
      }
    },
    {
      "type": "Feature",
      "geometry": {
        "type": "Point",
        "coordinates": [
          499966.2529760521,
          6966891.229407599
        ]
      },
      "properties": {
        "junction_id": 39572,
        "veh_id": 11420,
        "sim_time_s": 82.8,
        "tier": "track-zone",
        "prearm_status": "",
        "focus_role": "none"
      }
    },
    {
      "type": "Feature",
      "geometry": {
        "type": "Point",
        "coordinates": [
          0.0,
          0.0
        ]
      },
      "properties": {
        "junction_id": 39578,
        "veh_id": 11395,
        "sim_time_s": 93.6,
        "tier": "harmony-ins-local",
        "prearm_status": "action",
        "focus_role": "none"
      }
    },
    {
      "type": "Feature",
      "geometry": {
        "type": "Point",
        "coordinates": [
          0.0,
          0.0
        ]
      },
      "properties": {
        "junction_id": 39572,
        "veh_id": 11420,
        "sim_time_s": 96.3,
        "tier": "harmony-no-ge-local",
        "prearm_status": "skip",
        "focus_role": "none"
      }
    },
    {
      "type": "Feature",
      "geometry": {
        "type": "Point",
        "coordinates": [
          500015.64024113904,
          6966660.675520672
        ]
      },
      "properties": {
        "junction_id": 39569,
        "veh_id": 11420,
        "sim_time_s": 97.7,
        "tier": "track-zone",
        "prearm_status": "",
        "focus_role": "none"
      }
    },
    {
      "type": "Feature",
      "geometry": {
        "type": "Point",
        "coordinates": [
          500531.6863250505,
          6965934.832128458
        ]
      },
      "properties": {
        "junction_id": 39576,
        "veh_id": 11395,
        "sim_time_s": 101.7,
        "tier": "track-zone",
        "prearm_status": "",
        "focus_role": "none"
      }
    },
    {
      "type": "Feature",
      "geometry": {
        "type": "Point",
        "coordinates": [
          500673.8464084477,
          6964517.080450924
        ]
      },
      "properties": {
        "junction_id": 36393,
        "veh_id": 11430,
        "sim_time_s": 107.1,
        "tier": "track-zone",
        "prearm_status": "",
        "focus_role": "none"
      }
    },
    {
      "type": "Feature",
      "geometry": {
        "type": "Point",
        "coordinates": [
          0.0,
          0.0
        ]
      },
      "properties": {
        "junction_id": 36393,
        "veh_id": 11430,
        "sim_time_s": 122.0,
        "tier": "harmony-ins-local",
        "prearm_status": "action",
        "focus_role": "none"
      }
    },
    {
      "type": "Feature",
      "geometry": {
        "type": "Point",
        "coordinates": [
          500678.6932880919,
          6964737.7513474375
        ]
      },
      "properties": {
        "junction_id": 36385,
        "veh_id": 11430,
        "sim_time_s": 125.1,
        "tier": "coord-prearm-harmony/SHOCKWAVE",
        "prearm_status": "fired",
        "focus_role": "none"
      }
    },
    {
      "type": "Feature",
      "geometry": {
        "type": "Point",
        "coordinates": [
          0.0,
          0.0
        ]
      },
      "properties": {
        "junction_id": 36385,
        "veh_id": 11430,
        "sim_time_s": 125.5,
        "tier": "harmony-ins-local",
        "prearm_status": "action",
        "focus_role": "none"
      }
    },
    {
      "type": "Feature",
      "geometry": {
        "type": "Point",
        "coordinates": [
          500715.9750991549,
          6965021.284129771
        ]
      },
      "properties": {
        "junction_id": 36385,
        "veh_id": 11430,
        "sim_time_s": 125.5,
        "tier": "coord-prearm-success/SHOCKWAVE",
        "prearm_status": "success",
        "focus_role": "none"
      }
    },
    {
      "type": "Feature",
      "geometry": {
        "type": "Point",
        "coordinates": [
          500498.63037767477,
          6965702.064190739
        ]
      },
      "properties": {
        "junction_id": 39587,
        "veh_id": 11402,
        "sim_time_s": 128.7,
        "tier": "track-zone",
        "prearm_status": "",
        "focus_role": "none"
      }
    },
    {
      "type": "Feature",
      "geometry": {
        "type": "Point",
        "coordinates": [
          500519.7610972693,
          6965644.564043149
        ]
      },
      "properties": {
        "junction_id": 1119660,
        "veh_id": 11402,
        "sim_time_s": 135.4,
        "tier": "track-zone",
        "prearm_status": "",
        "focus_role": "none"
      }
    },
    {
      "type": "Feature",
      "geometry": {
        "type": "Point",
        "coordinates": [
          500553.18955092045,
          6965567.400385997
        ]
      },
      "properties": {
        "junction_id": 10157950,
        "veh_id": 11402,
        "sim_time_s": 142.2,
        "tier": "track-zone",
        "prearm_status": "",
        "focus_role": "none"
      }
    },
    {
      "type": "Feature",
      "geometry": {
        "type": "Point",
        "coordinates": [
          0.0,
          0.0
        ]
      },
      "properties": {
        "junction_id": 39576,
        "veh_id": 11395,
        "sim_time_s": 142.2,
        "tier": "harmony-ins-local",
        "prearm_status": "action",
        "focus_role": "none"
      }
    },
    {
      "type": "Feature",
      "geometry": {
        "type": "Point",
        "coordinates": [
          500702.58804624097,
          6964937.242877987
        ]
      },
      "properties": {
        "junction_id": 39593,
        "veh_id": 11430,
        "sim_time_s": 146.2,
        "tier": "track-zone",
        "prearm_status": "",
        "focus_role": "none"
      }
    },
    {
      "type": "Feature",
      "geometry": {
        "type": "Point",
        "coordinates": [
          0.0,
          0.0
        ]
      },
      "properties": {
        "junction_id": 39587,
        "veh_id": 11402,
        "sim_time_s": 147.6,
        "tier": "harmony-no-ge-local",
        "prearm_status": "skip",
        "focus_role": "none"
      }
    },
    {
      "type": "Feature",
      "geometry": {
        "type": "Point",
        "coordinates": [
          500512.36789909395,
          6965709.317920625
        ]
      },
      "properties": {
        "junction_id": 39587,
        "veh_id": 11395,
        "sim_time_s": 148.9,
        "tier": "track-zone",
        "prearm_status": "",
        "focus_role": "none"
      }
    },
    {
      "type": "Feature",
      "geometry": {
        "type": "Point",
        "coordinates": [
          0.0,
          0.0
        ]
      },
      "properties": {
        "junction_id": 39569,
        "veh_id": 11420,
        "sim_time_s": 148.9,
        "tier": "harmony-no-ge-local",
        "prearm_status": "skip",
        "focus_role": "none"
      }
    },
    {
      "type": "Feature",
      "geometry": {
        "type": "Point",
        "coordinates": [
          500520.44715721067,
          6965642.726548458
        ]
      },
      "properties": {
        "junction_id": 1119660,
        "veh_id": 11395,
        "sim_time_s": 155.7,
        "tier": "track-zone",
        "prearm_status": "",
        "focus_role": "none"
      }
    },
    {
      "type": "Feature",
      "geometry": {
        "type": "Point",
        "coordinates": [
          500555.59396331856,
          6965562.344998725
        ]
      },
      "properties": {
        "junction_id": 10157950,
        "veh_id": 11395,
        "sim_time_s": 162.4,
        "tier": "track-zone",
        "prearm_status": "",
        "focus_role": "none"
      }
    },
    {
      "type": "Feature",
      "geometry": {
        "type": "Point",
        "coordinates": [
          500610.5535973954,
          6965403.559870501
        ]
      },
      "properties": {
        "junction_id": 39593,
        "veh_id": 11402,
        "sim_time_s": 177.3,
        "tier": "track-zone",
        "prearm_status": "",
        "focus_role": "none"
      }
    },
    {
      "type": "Feature",
      "geometry": {
        "type": "Point",
        "coordinates": [
          0.0,
          0.0
        ]
      },
      "properties": {
        "junction_id": 39587,
        "veh_id": 11395,
        "sim_time_s": 181.3,
        "tier": "harmony-ins-local",
        "prearm_status": "action",
        "focus_role": "none"
      }
    },
    {
      "type": "Feature",
      "geometry": {
        "type": "Point",
        "coordinates": [
          500653.830866782,
          6965243.836518033
        ]
      },
      "properties": {
        "junction_id": 36385,
        "veh_id": 11402,
        "sim_time_s": 188.1,
        "tier": "track-zone",
        "prearm_status": "",
        "focus_role": "none"
      }
    },
    {
      "type": "Feature",
      "geometry": {
        "type": "Point",
        "coordinates": [
          500609.66685056326,
          6965407.115705206
        ]
      },
      "properties": {
        "junction_id": 39593,
        "veh_id": 11395,
        "sim_time_s": 189.4,
        "tier": "track-zone",
        "prearm_status": "",
        "focus_role": "none"
      }
    },
    {
      "type": "Feature",
      "geometry": {
        "type": "Point",
        "coordinates": [
          0.0,
          0.0
        ]
      },
      "properties": {
        "junction_id": 39593,
        "veh_id": 11402,
        "sim_time_s": 190.8,
        "tier": "harmony-no-ge-local",
        "prearm_status": "skip",
        "focus_role": "none"
      }
    },
    {
      "type": "Feature",
      "geometry": {
        "type": "Point",
        "coordinates": [
          500648.2707547333,
          6965256.668347003
        ]
      },
      "properties": {
        "junction_id": 36385,
        "veh_id": 11395,
        "sim_time_s": 198.9,
        "tier": "track-zone",
        "prearm_status": "",
        "focus_role": "none"
      }
    },
    {
      "type": "Feature",
      "geometry": {
        "type": "Point",
        "coordinates": [
          0.0,
          0.0
        ]
      },
      "properties": {
        "junction_id": 39593,
        "veh_id": 11395,
        "sim_time_s": 202.9,
        "tier": "harmony-ins-local",
        "prearm_status": "action",
        "focus_role": "none"
      }
    },
    {
      "type": "Feature",
      "geometry": {
        "type": "Point",
        "coordinates": [
          500181.5264614642,
          6966349.474620488
        ]
      },
      "properties": {
        "junction_id": 1043762,
        "veh_id": 11420,
        "sim_time_s": 211.1,
        "tier": "IC-detect",
        "prearm_status": "",
        "focus_role": "none"
      }
    },
    {
      "type": "Feature",
      "geometry": {
        "type": "Point",
        "coordinates": [
          0.0,
          0.0
        ]
      },
      "properties": {
        "junction_id": 1043762,
        "veh_id": 11420,
        "sim_time_s": 219.2,
        "tier": "harmony-no-ge-local",
        "prearm_status": "skip",
        "focus_role": "none"
      }
    },
    {
      "type": "Feature",
      "geometry": {
        "type": "Point",
        "coordinates": [
          500684.7468096583,
          6965096.748730664
        ]
      },
      "properties": {
        "junction_id": 10157950,
        "veh_id": 11430,
        "sim_time_s": 227.2,
        "tier": "track-zone",
        "prearm_status": "",
        "focus_role": "none"
      }
    },
    {
      "type": "Feature",
      "geometry": {
        "type": "Point",
        "coordinates": [
          500663.7797367403,
          6965176.763755355
        ]
      },
      "properties": {
        "junction_id": 1119660,
        "veh_id": 11430,
        "sim_time_s": 232.7,
        "tier": "track-zone",
        "prearm_status": "",
        "focus_role": "none"
      }
    },
    {
      "type": "Feature",
      "geometry": {
        "type": "Point",
        "coordinates": [
          500638.3098528492,
          6965235.455149705
        ]
      },
      "properties": {
        "junction_id": 39587,
        "veh_id": 11430,
        "sim_time_s": 236.7,
        "tier": "track-zone",
        "prearm_status": "",
        "focus_role": "none"
      }
    },
    {
      "type": "Feature",
      "geometry": {
        "type": "Point",
        "coordinates": [
          500349.6666157035,
          6966098.843706698
        ]
      },
      "properties": {
        "junction_id": 39578,
        "veh_id": 11420,
        "sim_time_s": 240.8,
        "tier": "track-section",
        "prearm_status": "",
        "focus_role": "none"
      }
    },
    {
      "type": "Feature",
      "geometry": {
        "type": "Point",
        "coordinates": [
          0.0,
          0.0
        ]
      },
      "properties": {
        "junction_id": 39587,
        "veh_id": 11430,
        "sim_time_s": 250.2,
        "tier": "harmony-no-ge-local",
        "prearm_status": "skip",
        "focus_role": "none"
      }
    },
    {
      "type": "Feature",
      "geometry": {
        "type": "Point",
        "coordinates": [
          500572.60595673474,
          6965458.839009864
        ]
      },
      "properties": {
        "junction_id": 39576,
        "veh_id": 11430,
        "sim_time_s": 251.6,
        "tier": "track-zone",
        "prearm_status": "",
        "focus_role": "none"
      }
    },
    {
      "type": "Feature",
      "geometry": {
        "type": "Point",
        "coordinates": [
          0.0,
          0.0
        ]
      },
      "properties": {
        "junction_id": 39578,
        "veh_id": 11420,
        "sim_time_s": 256.9,
        "tier": "harmony-no-ge-local",
        "prearm_status": "skip",
        "focus_role": "none"
      }
    },
    {
      "type": "Feature",
      "geometry": {
        "type": "Point",
        "coordinates": [
          500529.7270556316,
          6965931.136961961
        ]
      },
      "properties": {
        "junction_id": 39576,
        "veh_id": 11420,
        "sim_time_s": 258.3,
        "tier": "track-zone",
        "prearm_status": "",
        "focus_role": "none"
      }
    },
    {
      "type": "Feature",
      "geometry": {
        "type": "Point",
        "coordinates": [
          0.0,
          0.0
        ]
      },
      "properties": {
        "junction_id": 36385,
        "veh_id": 11402,
        "sim_time_s": 258.3,
        "tier": "harmony-no-ge-local",
        "prearm_status": "skip",
        "focus_role": "none"
      }
    },
    {
      "type": "Feature",
      "geometry": {
        "type": "Point",
        "coordinates": [
          500728.90142917476,
          6964994.412691328
        ]
      },
      "properties": {
        "junction_id": 36393,
        "veh_id": 11402,
        "sim_time_s": 262.4,
        "tier": "track-zone",
        "prearm_status": "",
        "focus_role": "none"
      }
    },
    {
      "type": "Feature",
      "geometry": {
        "type": "Point",
        "coordinates": [
          0.0,
          0.0
        ]
      },
      "properties": {
        "junction_id": 39576,
        "veh_id": 11430,
        "sim_time_s": 267.8,
        "tier": "harmony-no-ge-local",
        "prearm_status": "skip",
        "focus_role": "none"
      }
    },
    {
      "type": "Feature",
      "geometry": {
        "type": "Point",
        "coordinates": [
          500492.2241986984,
          6965686.959375442
        ]
      },
      "properties": {
        "junction_id": 39578,
        "veh_id": 11430,
        "sim_time_s": 270.4,
        "tier": "track-zone",
        "prearm_status": "",
        "focus_role": "none"
      }
    },
    {
      "type": "Feature",
      "geometry": {
        "type": "Point",
        "coordinates": [
          0.0,
          0.0
        ]
      },
      "properties": {
        "junction_id": 36393,
        "veh_id": 11402,
        "sim_time_s": 279.9,
        "tier": "harmony-ins-local",
        "prearm_status": "action",
        "focus_role": "none"
      }
    },
    {
      "type": "Feature",
      "geometry": {
        "type": "Point",
        "coordinates": [
          0.0,
          0.0
        ]
      },
      "properties": {
        "junction_id": 39576,
        "veh_id": 11420,
        "sim_time_s": 282.6,
        "tier": "harmony-no-ge-local",
        "prearm_status": "skip",
        "focus_role": "none"
      }
    },
    {
      "type": "Feature",
      "geometry": {
        "type": "Point",
        "coordinates": [
          0.0,
          0.0
        ]
      },
      "properties": {
        "junction_id": 36385,
        "veh_id": 11395,
        "sim_time_s": 285.3,
        "tier": "harmony-ins-local",
        "prearm_status": "action",
        "focus_role": "none"
      }
    },
    {
      "type": "Feature",
      "geometry": {
        "type": "Point",
        "coordinates": [
          500728.89342784847,
          6964990.416025238
        ]
      },
      "properties": {
        "junction_id": 36393,
        "veh_id": 11395,
        "sim_time_s": 289.4,
        "tier": "track-zone",
        "prearm_status": "",
        "focus_role": "none"
      }
    },
    {
      "type": "Feature",
      "geometry": {
        "type": "Point",
        "coordinates": [
          500728.89342784847,
          6964990.416025238
        ]
      },
      "properties": {
        "junction_id": 36393,
        "veh_id": 11395,
        "sim_time_s": 290.2,
        "tier": "coord-prearm-harmony/SHOCKWAVE",
        "prearm_status": "fired",
        "focus_role": "none"
      }
    },
    {
      "type": "Feature",
      "geometry": {
        "type": "Point",
        "coordinates": [
          500945.67046802037,
          6964036.799411514
        ]
      },
      "properties": {
        "junction_id": 39606,
        "veh_id": 11409,
        "sim_time_s": 300.1,
        "tier": "track-section",
        "prearm_status": "",
        "focus_role": "none"
      }
    },
    {
      "type": "Feature",
      "geometry": {
        "type": "Point",
        "coordinates": [
          500512.3611950001,
          6965706.772039811
        ]
      },
      "properties": {
        "junction_id": 39587,
        "veh_id": 11420,
        "sim_time_s": 306.9,
        "tier": "track-zone",
        "prearm_status": "",
        "focus_role": "none"
      }
    },
    {
      "type": "Feature",
      "geometry": {
        "type": "Point",
        "coordinates": [
          0.0,
          0.0
        ]
      },
      "properties": {
        "junction_id": 39578,
        "veh_id": 11430,
        "sim_time_s": 310.9,
        "tier": "harmony-no-ge-local",
        "prearm_status": "skip",
        "focus_role": "none"
      }
    },
    {
      "type": "Feature",
      "geometry": {
        "type": "Point",
        "coordinates": [
          500519.668350332,
          6965644.851741843
        ]
      },
      "properties": {
        "junction_id": 1119660,
        "veh_id": 11420,
        "sim_time_s": 312.3,
        "tier": "track-zone",
        "prearm_status": "",
        "focus_role": "none"
      }
    },
    {
      "type": "Feature",
      "geometry": {
        "type": "Point",
        "coordinates": [
          499517.7668464688,
          6966652.424015589
        ]
      },
      "properties": {
        "junction_id": 39572,
        "veh_id": 11388,
        "sim_time_s": 313.2,
        "tier": "IC-detect",
        "prearm_status": "",
        "focus_role": "none"
      }
    },
    {
      "type": "Feature",
      "geometry": {
        "type": "Point",
        "coordinates": [
          500396.76402956527,
          6966040.731780265
        ]
      },
      "properties": {
        "junction_id": 1043762,
        "veh_id": 11430,
        "sim_time_s": 321.8,
        "tier": "track-zone",
        "prearm_status": "",
        "focus_role": "none"
      }
    },
    {
      "type": "Feature",
      "geometry": {
        "type": "Point",
        "coordinates": [
          500689.11068624764,
          6964559.664282331
        ]
      },
      "properties": {
        "junction_id": 39590,
        "veh_id": 11402,
        "sim_time_s": 323.1,
        "tier": "track-zone",
        "prearm_status": "",
        "focus_role": "none"
      }
    },
    {
      "type": "Feature",
      "geometry": {
        "type": "Point",
        "coordinates": [
          500547.82217996946,
          6965564.712603248
        ]
      },
      "properties": {
        "junction_id": 10157950,
        "veh_id": 11420,
        "sim_time_s": 325.8,
        "tier": "track-zone",
        "prearm_status": "",
        "focus_role": "none"
      }
    },
    {
      "type": "Feature",
      "geometry": {
        "type": "Point",
        "coordinates": [
          0.0,
          0.0
        ]
      },
      "properties": {
        "junction_id": 39587,
        "veh_id": 11420,
        "sim_time_s": 331.2,
        "tier": "harmony-ins-local",
        "prearm_status": "action",
        "focus_role": "none"
      }
    },
    {
      "type": "Feature",
      "geometry": {
        "type": "Point",
        "coordinates": [
          500729.9590991086,
          6964409.728730633
        ]
      },
      "properties": {
        "junction_id": 39606,
        "veh_id": 11402,
        "sim_time_s": 332.6,
        "tier": "track-zone",
        "prearm_status": "",
        "focus_role": "none"
      }
    },
    {
      "type": "Feature",
      "geometry": {
        "type": "Point",
        "coordinates": [
          0.0,
          0.0
        ]
      },
      "properties": {
        "junction_id": 1043762,
        "veh_id": 11430,
        "sim_time_s": 336.6,
        "tier": "harmony-no-ge-local",
        "prearm_status": "skip",
        "focus_role": "none"
      }
    },
    {
      "type": "Feature",
      "geometry": {
        "type": "Point",
        "coordinates": [
          499757.114392696,
          6966606.798974786
        ]
      },
      "properties": {
        "junction_id": 39568,
        "veh_id": 11388,
        "sim_time_s": 337.9,
        "tier": "track-zone",
        "prearm_status": "",
        "focus_role": "none"
      }
    },
    {
      "type": "Feature",
      "geometry": {
        "type": "Point",
        "coordinates": [
          500602.0477070186,
          6965411.496943167
        ]
      },
      "properties": {
        "junction_id": 39593,
        "veh_id": 11420,
        "sim_time_s": 337.9,
        "tier": "track-zone",
        "prearm_status": "",
        "focus_role": "none"
      }
    },
    {
      "type": "Feature",
      "geometry": {
        "type": "Point",
        "coordinates": [
          0.0,
          0.0
        ]
      },
      "properties": {
        "junction_id": 36393,
        "veh_id": 11395,
        "sim_time_s": 340.2,
        "tier": "harmony-ins-local",
        "prearm_status": "action",
        "focus_role": "none"
      }
    },
    {
      "type": "Feature",
      "geometry": {
        "type": "Point",
        "coordinates": [
          500684.09878133226,
          6964756.319799705
        ]
      },
      "properties": {
        "junction_id": 36393,
        "veh_id": 11395,
        "sim_time_s": 340.2,
        "tier": "coord-prearm-success/SHOCKWAVE",
        "prearm_status": "success",
        "focus_role": "none"
      }
    },
    {
      "type": "Feature",
      "geometry": {
        "type": "Point",
        "coordinates": [
          500890.6258915022,
          6964116.775141289
        ]
      },
      "properties": {
        "junction_id": 39590,
        "veh_id": 11409,
        "sim_time_s": 342.0,
        "tier": "track-zone",
        "prearm_status": "",
        "focus_role": "none"
      }
    },
    {
      "type": "Feature",
      "geometry": {
        "type": "Point",
        "coordinates": [
          0.0,
          0.0
        ]
      },
      "properties": {
        "junction_id": 39606,
        "veh_id": 11409,
        "sim_time_s": 346.1,
        "tier": "harmony-no-ge-local",
        "prearm_status": "skip",
        "focus_role": "none"
      }
    },
    {
      "type": "Feature",
      "geometry": {
        "type": "Point",
        "coordinates": [
          499882.80881325755,
          6966546.766542927
        ]
      },
      "properties": {
        "junction_id": 39569,
        "veh_id": 11388,
        "sim_time_s": 348.8,
        "tier": "track-zone",
        "prearm_status": "",
        "focus_role": "none"
      }
    },
    {
      "type": "Feature",
      "geometry": {
        "type": "Point",
        "coordinates": [
          500640.65322735446,
          6965259.232104018
        ]
      },
      "properties": {
        "junction_id": 36385,
        "veh_id": 11420,
        "sim_time_s": 355.5,
        "tier": "track-zone",
        "prearm_status": "",
        "focus_role": "none"
      }
    },
    {
      "type": "Feature",
      "geometry": {
        "type": "Point",
        "coordinates": [
          500228.5714755709,
          6966240.089319925
        ]
      },
      "properties": {
        "junction_id": 39569,
        "veh_id": 11430,
        "sim_time_s": 356.9,
        "tier": "track-zone",
        "prearm_status": "",
        "focus_role": "none"
      }
    },
    {
      "type": "Feature",
      "geometry": {
        "type": "Point",
        "coordinates": [
          0.0,
          0.0
        ]
      },
      "properties": {
        "junction_id": 39593,
        "veh_id": 11420,
        "sim_time_s": 362.2,
        "tier": "harmony-no-ge-local",
        "prearm_status": "skip",
        "focus_role": "none"
      }
    },
    {
      "type": "Feature",
      "geometry": {
        "type": "Point",
        "coordinates": [
          500690.6880514332,
          6964542.367875998
        ]
      },
      "properties": {
        "junction_id": 39590,
        "veh_id": 11395,
        "sim_time_s": 363.6,
        "tier": "track-zone",
        "prearm_status": "",
        "focus_role": "none"
      }
    },
    {
      "type": "Feature",
      "geometry": {
        "type": "Point",
        "coordinates": [
          0.0,
          0.0
        ]
      },
      "properties": {
        "junction_id": 39590,
        "veh_id": 11402,
        "sim_time_s": 366.3,
        "tier": "harmony-no-ge-local",
        "prearm_status": "skip",
        "focus_role": "none"
      }
    },
    {
      "type": "Feature",
      "geometry": {
        "type": "Point",
        "coordinates": [
          0.0,
          0.0
        ]
      },
      "properties": {
        "junction_id": 39569,
        "veh_id": 11430,
        "sim_time_s": 371.7,
        "tier": "harmony-no-ge-local",
        "prearm_status": "skip",
        "focus_role": "none"
      }
    },
    {
      "type": "Feature",
      "geometry": {
        "type": "Point",
        "coordinates": [
          500728.53039009334,
          6964405.084197407
        ]
      },
      "properties": {
        "junction_id": 39606,
        "veh_id": 11395,
        "sim_time_s": 373.1,
        "tier": "track-zone",
        "prearm_status": "",
        "focus_role": "none"
      }
    },
    {
      "type": "Feature",
      "geometry": {
        "type": "Point",
        "coordinates": [
          500122.63943813107,
          6966431.157688614
        ]
      },
      "properties": {
        "junction_id": 39572,
        "veh_id": 11430,
        "sim_time_s": 374.4,
        "tier": "track-zone",
        "prearm_status": "",
        "focus_role": "none"
      }
    },
    {
      "type": "Feature",
      "geometry": {
        "type": "Point",
        "coordinates": [
          0.0,
          0.0
        ]
      },
      "properties": {
        "junction_id": 39590,
        "veh_id": 11409,
        "sim_time_s": 374.4,
        "tier": "harmony-no-ge-local",
        "prearm_status": "skip",
        "focus_role": "none"
      }
    },
    {
      "type": "Feature",
      "geometry": {
        "type": "Point",
        "coordinates": [
          499512.96129618504,
          6966653.520070833
        ]
      },
      "properties": {
        "junction_id": 39572,
        "veh_id": 11413,
        "sim_time_s": 374.4,
        "tier": "IC-detect",
        "prearm_status": "",
        "focus_role": "none"
      }
    },
    {
      "type": "Feature",
      "geometry": {
        "type": "Point",
        "coordinates": [
          0.0,
          0.0
        ]
      },
      "properties": {
        "junction_id": 39606,
        "veh_id": 11402,
        "sim_time_s": 379.8,
        "tier": "harmony-no-ge-local",
        "prearm_status": "skip",
        "focus_role": "none"
      }
    },
    {
      "type": "Feature",
      "geometry": {
        "type": "Point",
        "coordinates": [
          500133.45730544487,
          6966428.501149545
        ]
      },
      "properties": {
        "junction_id": 1043762,
        "veh_id": 11388,
        "sim_time_s": 386.6,
        "tier": "track-zone",
        "prearm_status": "",
        "focus_role": "none"
      }
    },
    {
      "type": "Feature",
      "geometry": {
        "type": "Point",
        "coordinates": [
          0.0,
          0.0
        ]
      },
      "properties": {
        "junction_id": 39606,
        "veh_id": 11395,
        "sim_time_s": 391.9,
        "tier": "harmony-no-ge-local",
        "prearm_status": "skip",
        "focus_role": "none"
      }
    },
    {
      "type": "Feature",
      "geometry": {
        "type": "Point",
        "coordinates": [
          0.0,
          0.0
        ]
      },
      "properties": {
        "junction_id": 1043762,
        "veh_id": 11388,
        "sim_time_s": 398.7,
        "tier": "harmony-no-ge-local",
        "prearm_status": "skip",
        "focus_role": "none"
      }
    },
    {
      "type": "Feature",
      "geometry": {
        "type": "Point",
        "coordinates": [
          500355.5523481417,
          6966093.692225775
        ]
      },
      "properties": {
        "junction_id": 39578,
        "veh_id": 11388,
        "sim_time_s": 412.2,
        "tier": "track-section",
        "prearm_status": "",
        "focus_role": "none"
      }
    },
    {
      "type": "Feature",
      "geometry": {
        "type": "Point",
        "coordinates": [
          500674.6671461944,
          6964510.73811183
        ]
      },
      "properties": {
        "junction_id": 36393,
        "veh_id": 11409,
        "sim_time_s": 424.4,
        "tier": "track-zone",
        "prearm_status": "",
        "focus_role": "none"
      }
    },
    {
      "type": "Feature",
      "geometry": {
        "type": "Point",
        "coordinates": [
          499757.4483129915,
          6966606.594166257
        ]
      },
      "properties": {
        "junction_id": 39568,
        "veh_id": 11413,
        "sim_time_s": 429.8,
        "tier": "track-zone",
        "prearm_status": "",
        "focus_role": "none"
      }
    },
    {
      "type": "Feature",
      "geometry": {
        "type": "Point",
        "coordinates": [
          500074.7846431831,
          6966493.009086464
        ]
      },
      "properties": {
        "junction_id": 39568,
        "veh_id": 11430,
        "sim_time_s": 433.8,
        "tier": "track-zone",
        "prearm_status": "",
        "focus_role": "none"
      }
    },
    {
      "type": "Feature",
      "geometry": {
        "type": "Point",
        "coordinates": [
          0.0,
          0.0
        ]
      },
      "properties": {
        "junction_id": 39578,
        "veh_id": 11388,
        "sim_time_s": 440.6,
        "tier": "harmony-no-ge-local",
        "prearm_status": "skip",
        "focus_role": "none"
      }
    },
    {
      "type": "Feature",
      "geometry": {
        "type": "Point",
        "coordinates": [
          500528.5733412618,
          6965934.627023024
        ]
      },
      "properties": {
        "junction_id": 39576,
        "veh_id": 11388,
        "sim_time_s": 443.2,
        "tier": "track-zone",
        "prearm_status": "",
        "focus_role": "none"
      }
    },
    {
      "type": "Feature",
      "geometry": {
        "type": "Point",
        "coordinates": [
          500952.09229130344,
          6964037.796872752
        ]
      },
      "properties": {
        "junction_id": 39606,
        "veh_id": 11431,
        "sim_time_s": 450.0,
        "tier": "track-section",
        "prearm_status": "",
        "focus_role": "none"
      }
    },
    {
      "type": "Feature",
      "geometry": {
        "type": "Point",
        "coordinates": [
          0.0,
          0.0
        ]
      },
      "properties": {
        "junction_id": 36385,
        "veh_id": 11420,
        "sim_time_s": 455.4,
        "tier": "harmony-ins-local",
        "prearm_status": "action",
        "focus_role": "none"
      }
    },
    {
      "type": "Feature",
      "geometry": {
        "type": "Point",
        "coordinates": [
          0.0,
          0.0
        ]
      },
      "properties": {
        "junction_id": 39572,
        "veh_id": 11430,
        "sim_time_s": 455.4,
        "tier": "harmony-no-ge-local",
        "prearm_status": "skip",
        "focus_role": "none"
      }
    },
    {
      "type": "Feature",
      "geometry": {
        "type": "Point",
        "coordinates": [
          500887.6472557385,
          6964126.213200383
        ]
      },
      "properties": {
        "junction_id": 39590,
        "veh_id": 11431,
        "sim_time_s": 456.8,
        "tier": "track-zone",
        "prearm_status": "",
        "focus_role": "none"
      }
    },
    {
      "type": "Feature",
      "geometry": {
        "type": "Point",
        "coordinates": [
          0.0,
          0.0
        ]
      },
      "properties": {
        "junction_id": 39606,
        "veh_id": 11431,
        "sim_time_s": 460.8,
        "tier": "harmony-no-ge-local",
        "prearm_status": "skip",
        "focus_role": "none"
      }
    },
    {
      "type": "Feature",
      "geometry": {
        "type": "Point",
        "coordinates": [
          0.0,
          0.0
        ]
      },
      "properties": {
        "junction_id": 39576,
        "veh_id": 11388,
        "sim_time_s": 463.5,
        "tier": "harmony-no-ge-local",
        "prearm_status": "skip",
        "focus_role": "none"
      }
    },
    {
      "type": "Feature",
      "geometry": {
        "type": "Point",
        "coordinates": [
          0.0,
          0.0
        ]
      },
      "properties": {
        "junction_id": 36393,
        "veh_id": 11409,
        "sim_time_s": 464.9,
        "tier": "harmony-no-ge-local",
        "prearm_status": "skip",
        "focus_role": "none"
      }
    },
    {
      "type": "Feature",
      "geometry": {
        "type": "Point",
        "coordinates": [
          500509.784657201,
          6965699.0419695
        ]
      },
      "properties": {
        "junction_id": 39587,
        "veh_id": 11388,
        "sim_time_s": 466.2,
        "tier": "track-zone",
        "prearm_status": "",
        "focus_role": "none"
      }
    },
    {
      "type": "Feature",
      "geometry": {
        "type": "Point",
        "coordinates": [
          500713.044225167,
          6964897.005061674
        ]
      },
      "properties": {
        "junction_id": 36393,
        "veh_id": 11420,
        "sim_time_s": 466.2,
        "tier": "IC-detect",
        "prearm_status": "",
        "focus_role": "none"
      }
    },
    {
      "type": "Feature",
      "geometry": {
        "type": "Point",
        "coordinates": [
          500680.05342031515,
          6964788.690467629
        ]
      },
      "properties": {
        "junction_id": 36385,
        "veh_id": 11409,
        "sim_time_s": 470.2,
        "tier": "track-zone",
        "prearm_status": "",
        "focus_role": "none"
      }
    },
    {
      "type": "Feature",
      "geometry": {
        "type": "Point",
        "coordinates": [
          499892.7275014606,
          6966542.01755222
        ]
      },
      "properties": {
        "junction_id": 39569,
        "veh_id": 11413,
        "sim_time_s": 471.6,
        "tier": "track-zone",
        "prearm_status": "",
        "focus_role": "none"
      }
    },
    {
      "type": "Feature",
      "geometry": {
        "type": "Point",
        "coordinates": [
          500517.8606633502,
          6965641.139547954
        ]
      },
      "properties": {
        "junction_id": 1119660,
        "veh_id": 11388,
        "sim_time_s": 472.9,
        "tier": "track-zone",
        "prearm_status": "",
        "focus_role": "none"
      }
    },
    {
      "type": "Feature",
      "geometry": {
        "type": "Point",
        "coordinates": [
          500018.35468840797,
          6966619.471537106
        ]
      },
      "properties": {
        "junction_id": 11118289,
        "veh_id": 11430,
        "sim_time_s": 472.9,
        "tier": "track-zone",
        "prearm_status": "",
        "focus_role": "none"
      }
    },
    {
      "type": "Feature",
      "geometry": {
        "type": "Point",
        "coordinates": [
          0.0,
          0.0
        ]
      },
      "properties": {
        "junction_id": 36393,
        "veh_id": 11420,
        "sim_time_s": 477.0,
        "tier": "harmony-no-ge-local",
        "prearm_status": "skip",
        "focus_role": "none"
      }
    },
    {
      "type": "Feature",
      "geometry": {
        "type": "Point",
        "coordinates": [
          500547.9791956653,
          6965564.621295671
        ]
      },
      "properties": {
        "junction_id": 10157950,
        "veh_id": 11388,
        "sim_time_s": 479.7,
        "tier": "track-zone",
        "prearm_status": "",
        "focus_role": "none"
      }
    },
    {
      "type": "Feature",
      "geometry": {
        "type": "Point",
        "coordinates": [
          0.0,
          0.0
        ]
      },
      "properties": {
        "junction_id": 39587,
        "veh_id": 11388,
        "sim_time_s": 486.4,
        "tier": "harmony-ins-local",
        "prearm_status": "action",
        "focus_role": "none"
      }
    },
    {
      "type": "Feature",
      "geometry": {
        "type": "Point",
        "coordinates": [
          499461.06147107616,
          6967098.413276855
        ]
      },
      "properties": {
        "junction_id": 38339,
        "veh_id": 11397,
        "sim_time_s": 487.8,
        "tier": "IC-detect",
        "prearm_status": "",
        "focus_role": "none"
      }
    },
    {
      "type": "Feature",
      "geometry": {
        "type": "Point",
        "coordinates": [
          500689.82192394533,
          6964549.16630687
        ]
      },
      "properties": {
        "junction_id": 39590,
        "veh_id": 11420,
        "sim_time_s": 494.6,
        "tier": "track-zone",
        "prearm_status": "",
        "focus_role": "none"
      }
    },
    {
      "type": "Feature",
      "geometry": {
        "type": "Point",
        "coordinates": [
          500606.3495048644,
          6965396.123977405
        ]
      },
      "properties": {
        "junction_id": 39593,
        "veh_id": 11388,
        "sim_time_s": 498.6,
        "tier": "track-zone",
        "prearm_status": "",
        "focus_role": "none"
      }
    },
    {
      "type": "Feature",
      "geometry": {
        "type": "Point",
        "coordinates": [
          500088.38538498286,
          6967506.565875464
        ]
      },
      "properties": {
        "junction_id": 38339,
        "veh_id": 11421,
        "sim_time_s": 498.6,
        "tier": "IC-detect",
        "prearm_status": "",
        "focus_role": "none"
      }
    },
    {
      "type": "Feature",
      "geometry": {
        "type": "Point",
        "coordinates": [
          500644.95519805717,
          6965249.29293306
        ]
      },
      "properties": {
        "junction_id": 36385,
        "veh_id": 11388,
        "sim_time_s": 510.8,
        "tier": "track-zone",
        "prearm_status": "",
        "focus_role": "none"
      }
    },
    {
      "type": "Feature",
      "geometry": {
        "type": "Point",
        "coordinates": [
          0.0,
          0.0
        ]
      },
      "properties": {
        "junction_id": 39590,
        "veh_id": 11431,
        "sim_time_s": 512.1,
        "tier": "harmony-no-ge-local",
        "prearm_status": "skip",
        "focus_role": "none"
      }
    },
    {
      "type": "Feature",
      "geometry": {
        "type": "Point",
        "coordinates": [
          500701.7734274403,
          6964932.904758621
        ]
      },
      "properties": {
        "junction_id": 39593,
        "veh_id": 11409,
        "sim_time_s": 513.5,
        "tier": "track-zone",
        "prearm_status": "",
        "focus_role": "none"
      }
    },
    {
      "type": "Feature",
      "geometry": {
        "type": "Point",
        "coordinates": [
          0.0,
          0.0
        ]
      },
      "properties": {
        "junction_id": 39593,
        "veh_id": 11388,
        "sim_time_s": 517.5,
        "tier": "harmony-no-ge-local",
        "prearm_status": "skip",
        "focus_role": "none"
      }
    },
    {
      "type": "Feature",
      "geometry": {
        "type": "Point",
        "coordinates": [
          499963.72380005714,
          6966791.974479351
        ]
      },
      "properties": {
        "junction_id": 38339,
        "veh_id": 11430,
        "sim_time_s": 522.9,
        "tier": "track-zone",
        "prearm_status": "",
        "focus_role": "none"
      }
    },
    {
      "type": "Feature",
      "geometry": {
        "type": "Point",
        "coordinates": [
          0.0,
          0.0
        ]
      },
      "properties": {
        "junction_id": 39569,
        "veh_id": 11413,
        "sim_time_s": 536.4,
        "tier": "harmony-ins-local",
        "prearm_status": "action",
        "focus_role": "none"
      }
    },
    {
      "type": "Feature",
      "geometry": {
        "type": "Point",
        "coordinates": [
          500729.5312388691,
          6964410.808504458
        ]
      },
      "properties": {
        "junction_id": 39606,
        "veh_id": 11420,
        "sim_time_s": 537.8,
        "tier": "track-zone",
        "prearm_status": "",
        "focus_role": "none"
      }
    },
    {
      "type": "Feature",
      "geometry": {
        "type": "Point",
        "coordinates": [
          0.0,
          0.0
        ]
      },
      "properties": {
        "junction_id": 38339,
        "veh_id": 11430,
        "sim_time_s": 537.8,
        "tier": "harmony-no-ge-local",
        "prearm_status": "skip",
        "focus_role": "none"
      }
    },
    {
      "type": "Feature",
      "geometry": {
        "type": "Point",
        "coordinates": [
          0.0,
          0.0
        ]
      },
      "properties": {
        "junction_id": 36385,
        "veh_id": 11409,
        "sim_time_s": 541.8,
        "tier": "harmony-no-ge-local",
        "prearm_status": "skip",
        "focus_role": "none"
      }
    },
    {
      "type": "Feature",
      "geometry": {
        "type": "Point",
        "coordinates": [
          499820.2277666151,
          6967045.13524904
        ]
      },
      "properties": {
        "junction_id": 11118289,
        "veh_id": 11397,
        "sim_time_s": 544.5,
        "tier": "track-zone",
        "prearm_status": "",
        "focus_role": "none"
      }
    },
    {
      "type": "Feature",
      "geometry": {
        "type": "Point",
        "coordinates": [
          500673.39087713923,
          6964521.066111447
        ]
      },
      "properties": {
        "junction_id": 36393,
        "veh_id": 11431,
        "sim_time_s": 556.6,
        "tier": "track-zone",
        "prearm_status": "",
        "focus_role": "none"
      }
    },
    {
      "type": "Feature",
      "geometry": {
        "type": "Point",
        "coordinates": [
          500681.14638898143,
          6965097.2746638525
        ]
      },
      "properties": {
        "junction_id": 10157950,
        "veh_id": 11409,
        "sim_time_s": 558.0,
        "tier": "track-zone",
        "prearm_status": "",
        "focus_role": "none"
      }
    },
    {
      "type": "Feature",
      "geometry": {
        "type": "Point",
        "coordinates": [
          499964.6008473744,
          6967096.567243774
        ]
      },
      "properties": {
        "junction_id": 11118289,
        "veh_id": 11421,
        "sim_time_s": 563.4,
        "tier": "track-zone",
        "prearm_status": "",
        "focus_role": "none"
      }
    },
    {
      "type": "Feature",
      "geometry": {
        "type": "Point",
        "coordinates": [
          0.0,
          0.0
        ]
      },
      "properties": {
        "junction_id": 38339,
        "veh_id": 11421,
        "sim_time_s": 566.1,
        "tier": "harmony-ins-local",
        "prearm_status": "action",
        "focus_role": "none"
      }
    },
    {
      "type": "Feature",
      "geometry": {
        "type": "Point",
        "coordinates": [
          0.0,
          0.0
        ]
      },
      "properties": {
        "junction_id": 39590,
        "veh_id": 11420,
        "sim_time_s": 568.8,
        "tier": "harmony-ins-local",
        "prearm_status": "action",
        "focus_role": "none"
      }
    },
    {
      "type": "Feature",
      "geometry": {
        "type": "Point",
        "coordinates": [
          499961.1445531577,
          6966955.432426008
        ]
      },
      "properties": {
        "junction_id": 39568,
        "veh_id": 11421,
        "sim_time_s": 572.9,
        "tier": "track-zone",
        "prearm_status": "",
        "focus_role": "none"
      }
    },
    {
      "type": "Feature",
      "geometry": {
        "type": "Point",
        "coordinates": [
          499966.5091329096,
          6966888.327185795
        ]
      },
      "properties": {
        "junction_id": 39572,
        "veh_id": 11421,
        "sim_time_s": 576.9,
        "tier": "track-zone",
        "prearm_status": "",
        "focus_role": "none"
      }
    },
    {
      "type": "Feature",
      "geometry": {
        "type": "Point",
        "coordinates": [
          500126.31990806904,
          6966445.102471795
        ]
      },
      "properties": {
        "junction_id": 1043762,
        "veh_id": 11413,
        "sim_time_s": 579.6,
        "tier": "track-zone",
        "prearm_status": "",
        "focus_role": "none"
      }
    },
    {
      "type": "Feature",
      "geometry": {
        "type": "Point",
        "coordinates": [
          0.0,
          0.0
        ]
      },
      "properties": {
        "junction_id": 39593,
        "veh_id": 11409,
        "sim_time_s": 583.6,
        "tier": "harmony-no-ge-local",
        "prearm_status": "skip",
        "focus_role": "none"
      }
    },
    {
      "type": "Feature",
      "geometry": {
        "type": "Point",
        "coordinates": [
          500659.08662131004,
          6965188.322099642
        ]
      },
      "properties": {
        "junction_id": 1119660,
        "veh_id": 11409,
        "sim_time_s": 587.7,
        "tier": "track-zone",
        "prearm_status": "",
        "focus_role": "none"
      }
    },
    {
      "type": "Feature",
      "geometry": {
        "type": "Point",
        "coordinates": [
          500633.12079210643,
          6965246.710319686
        ]
      },
      "properties": {
        "junction_id": 39587,
        "veh_id": 11409,
        "sim_time_s": 591.8,
        "tier": "track-zone",
        "prearm_status": "",
        "focus_role": "none"
      }
    },
    {
      "type": "Feature",
      "geometry": {
        "type": "Point",
        "coordinates": [
          0.0,
          0.0
        ]
      },
      "properties": {
        "junction_id": 36385,
        "veh_id": 11388,
        "sim_time_s": 594.5,
        "tier": "harmony-no-ge-local",
        "prearm_status": "skip",
        "focus_role": "none"
      }
    },
    {
      "type": "Feature",
      "geometry": {
        "type": "Point",
        "coordinates": [
          0.0,
          0.0
        ]
      },
      "properties": {
        "junction_id": 36393,
        "veh_id": 11431,
        "sim_time_s": 598.5,
        "tier": "harmony-no-ge-local",
        "prearm_status": "skip",
        "focus_role": "none"
      }
    },
    {
      "type": "Feature",
      "geometry": {
        "type": "Point",
        "coordinates": [
          500723.01801326795,
          6964994.695553427
        ]
      },
      "properties": {
        "junction_id": 36393,
        "veh_id": 11388,
        "sim_time_s": 599.9,
        "tier": "track-zone",
        "prearm_status": "",
        "focus_role": "none"
      }
    },
    {
      "type": "Feature",
      "geometry": {
        "type": "Point",
        "coordinates": [
          0.0,
          0.0
        ]
      },
      "properties": {
        "junction_id": 39572,
        "veh_id": 11421,
        "sim_time_s": 602.5,
        "tier": "harmony-ins-local",
        "prearm_status": "action",
        "focus_role": "none"
      }
    },
    {
      "type": "Feature",
      "geometry": {
        "type": "Point",
        "coordinates": [
          500682.60632330616,
          6964773.685995075
        ]
      },
      "properties": {
        "junction_id": 36385,
        "veh_id": 11431,
        "sim_time_s": 605.2,
        "tier": "track-zone",
        "prearm_status": "",
        "focus_role": "none"
      }
    },
    {
      "type": "Feature",
      "geometry": {
        "type": "Point",
        "coordinates": [
          499908.13394682,
          6967033.978349908
        ]
      },
      "properties": {
        "junction_id": 38339,
        "veh_id": 11397,
        "sim_time_s": 608.0,
        "tier": "IC-detect",
        "prearm_status": "",
        "focus_role": "none"
      }
    },
    {
      "type": "Feature",
      "geometry": {
        "type": "Point",
        "coordinates": [
          0.0,
          0.0
        ]
      },
      "properties": {
        "junction_id": 39606,
        "veh_id": 11420,
        "sim_time_s": 612.0,
        "tier": "harmony-no-ge-local",
        "prearm_status": "skip",
        "focus_role": "none"
      }
    },
    {
      "type": "Feature",
      "geometry": {
        "type": "Point",
        "coordinates": [
          500010.45006414695,
          6966673.254302676
        ]
      },
      "properties": {
        "junction_id": 39569,
        "veh_id": 11421,
        "sim_time_s": 613.4,
        "tier": "track-zone",
        "prearm_status": "",
        "focus_role": "none"
      }
    },
    {
      "type": "Feature",
      "geometry": {
        "type": "Point",
        "coordinates": [
          499961.96387226105,
          6966948.598423675
        ]
      },
      "properties": {
        "junction_id": 39568,
        "veh_id": 11397,
        "sim_time_s": 622.8,
        "tier": "track-zone",
        "prearm_status": "",
        "focus_role": "none"
      }
    },
    {
      "type": "Feature",
      "geometry": {
        "type": "Point",
        "coordinates": [
          0.0,
          0.0
        ]
      },
      "properties": {
        "junction_id": 1043762,
        "veh_id": 11413,
        "sim_time_s": 625.5,
        "tier": "harmony-no-ge-local",
        "prearm_status": "skip",
        "focus_role": "none"
      }
    },
    {
      "type": "Feature",
      "geometry": {
        "type": "Point",
        "coordinates": [
          500701.69841551787,
          6964931.736165431
        ]
      },
      "properties": {
        "junction_id": 39593,
        "veh_id": 11431,
        "sim_time_s": 626.9,
        "tier": "track-zone",
        "prearm_status": "",
        "focus_role": "none"
      }
    },
    {
      "type": "Feature",
      "geometry": {
        "type": "Point",
        "coordinates": [
          499968.91357027926,
          6966899.015131109
        ]
      },
      "properties": {
        "junction_id": 39572,
        "veh_id": 11397,
        "sim_time_s": 628.2,
        "tier": "track-zone",
        "prearm_status": "",
        "focus_role": "none"
      }
    },
    {
      "type": "Feature",
      "geometry": {
        "type": "Point",
        "coordinates": [
          0.0,
          0.0
        ]
      },
      "properties": {
        "junction_id": 39587,
        "veh_id": 11409,
        "sim_time_s": 630.9,
        "tier": "harmony-no-ge-local",
        "prearm_status": "skip",
        "focus_role": "none"
      }
    },
    {
      "type": "Feature",
      "geometry": {
        "type": "Point",
        "coordinates": [
          500572.6929908269,
          6965458.388971425
        ]
      },
      "properties": {
        "junction_id": 39576,
        "veh_id": 11409,
        "sim_time_s": 632.2,
        "tier": "track-zone",
        "prearm_status": "",
        "focus_role": "none"
      }
    },
    {
      "type": "Feature",
      "geometry": {
        "type": "Point",
        "coordinates": [
          0.0,
          0.0
        ]
      },
      "properties": {
        "junction_id": 36393,
        "veh_id": 11388,
        "sim_time_s": 637.6,
        "tier": "harmony-no-ge-local",
        "prearm_status": "skip",
        "focus_role": "none"
      }
    },
    {
      "type": "Feature",
      "geometry": {
        "type": "Point",
        "coordinates": [
          0.0,
          0.0
        ]
      },
      "properties": {
        "junction_id": 39576,
        "veh_id": 11409,
        "sim_time_s": 647.1,
        "tier": "harmony-no-ge-local",
        "prearm_status": "skip",
        "focus_role": "none"
      }
    },
    {
      "type": "Feature",
      "geometry": {
        "type": "Point",
        "coordinates": [
          500492.27088862157,
          6965685.540220773
        ]
      },
      "properties": {
        "junction_id": 39578,
        "veh_id": 11409,
        "sim_time_s": 649.8,
        "tier": "track-zone",
        "prearm_status": "",
        "focus_role": "none"
      }
    },
    {
      "type": "Feature",
      "geometry": {
        "type": "Point",
        "coordinates": [
          500684.6131266583,
          6964542.750135184
        ]
      },
      "properties": {
        "junction_id": 39590,
        "veh_id": 11388,
        "sim_time_s": 657.9,
        "tier": "track-zone",
        "prearm_status": "",
        "focus_role": "none"
      }
    },
    {
      "type": "Feature",
      "geometry": {
        "type": "Point",
        "coordinates": [
          500354.0722601674,
          6966099.050407572
        ]
      },
      "properties": {
        "junction_id": 39578,
        "veh_id": 11413,
        "sim_time_s": 659.2,
        "tier": "track-section",
        "prearm_status": "",
        "focus_role": "none"
      }
    },
    {
      "type": "Feature",
      "geometry": {
        "type": "Point",
        "coordinates": [
          0.0,
          0.0
        ]
      },
      "properties": {
        "junction_id": 39569,
        "veh_id": 11421,
        "sim_time_s": 662.0,
        "tier": "harmony-ins-local",
        "prearm_status": "action",
        "focus_role": "none"
      }
    },
    {
      "type": "Feature",
      "geometry": {
        "type": "Point",
        "coordinates": [
          499969.7341675965,
          6966829.554785912
        ]
      },
      "properties": {
        "junction_id": 11118289,
        "veh_id": 11397,
        "sim_time_s": 666.0,
        "tier": "track-zone",
        "prearm_status": "",
        "focus_role": "none"
      }
    },
    {
      "type": "Feature",
      "geometry": {
        "type": "Point",
        "coordinates": [
          500135.32271294814,
          6966432.838243809
        ]
      },
      "properties": {
        "junction_id": 1043762,
        "veh_id": 11421,
        "sim_time_s": 666.0,
        "tier": "track-zone",
        "prearm_status": "",
        "focus_role": "none"
      }
    },
    {
      "type": "Feature",
      "geometry": {
        "type": "Point",
        "coordinates": [
          500725.0087485758,
          6964405.66022169
        ]
      },
      "properties": {
        "junction_id": 39606,
        "veh_id": 11388,
        "sim_time_s": 675.5,
        "tier": "track-zone",
        "prearm_status": "",
        "focus_role": "none"
      }
    },
    {
      "type": "Feature",
      "geometry": {
        "type": "Point",
        "coordinates": [
          0.0,
          0.0
        ]
      },
      "properties": {
        "junction_id": 1043762,
        "veh_id": 11421,
        "sim_time_s": 679.5,
        "tier": "harmony-no-ge-local",
        "prearm_status": "skip",
        "focus_role": "none"
      }
    },
    {
      "type": "Feature",
      "geometry": {
        "type": "Point",
        "coordinates": [
          0.0,
          0.0
        ]
      },
      "properties": {
        "junction_id": 39572,
        "veh_id": 11397,
        "sim_time_s": 713.2,
        "tier": "harmony-ge-local",
        "prearm_status": "action",
        "focus_role": "none"
      }
    },
    {
      "type": "Feature",
      "geometry": {
        "type": "Point",
        "coordinates": [
          500013.0387414997,
          6966667.038881861
        ]
      },
      "properties": {
        "junction_id": 39569,
        "veh_id": 11397,
        "sim_time_s": 714.6,
        "tier": "track-zone",
        "prearm_status": "",
        "focus_role": "none"
      }
    },
    {
      "type": "Feature",
      "geometry": {
        "type": "Point",
        "coordinates": [
          500353.2474540964,
          6966099.793027399
        ]
      },
      "properties": {
        "junction_id": 39578,
        "veh_id": 11421,
        "sim_time_s": 716.0,
        "tier": "track-section",
        "prearm_status": "",
        "focus_role": "none"
      }
    },
    {
      "type": "Feature",
      "geometry": {
        "type": "Point",
        "coordinates": [
          0.0,
          0.0
        ]
      },
      "properties": {
        "junction_id": 36385,
        "veh_id": 11431,
        "sim_time_s": 718.6,
        "tier": "harmony-no-ge-local",
        "prearm_status": "skip",
        "focus_role": "none"
      }
    },
    {
      "type": "Feature",
      "geometry": {
        "type": "Point",
        "coordinates": [
          500924.5189433935,
          6965248.436222348
        ]
      },
      "properties": {
        "junction_id": 39593,
        "veh_id": 11384,
        "sim_time_s": 720.0,
        "tier": "track-zone",
        "prearm_status": "",
        "focus_role": "none"
      }
    },
    {
      "type": "Feature",
      "geometry": {
        "type": "Point",
        "coordinates": [
          500851.121649168,
          6965221.122708668
        ]
      },
      "properties": {
        "junction_id": 36385,
        "veh_id": 11384,
        "sim_time_s": 725.4,
        "tier": "track-zone",
        "prearm_status": "",
        "focus_role": "none"
      }
    },
    {
      "type": "Feature",
      "geometry": {
        "type": "Point",
        "coordinates": [
          500532.1328557982,
          6965933.632678197
        ]
      },
      "properties": {
        "junction_id": 39576,
        "veh_id": 11413,
        "sim_time_s": 726.8,
        "tier": "track-zone",
        "prearm_status": "",
        "focus_role": "none"
      }
    },
    {
      "type": "Feature",
      "geometry": {
        "type": "Point",
        "coordinates": [
          500831.3866596536,
          6965211.861886266
        ]
      },
      "properties": {
        "junction_id": 10157950,
        "veh_id": 11384,
        "sim_time_s": 728.1,
        "tier": "track-zone",
        "prearm_status": "",
        "focus_role": "none"
      }
    },
    {
      "type": "Feature",
      "geometry": {
        "type": "Point",
        "coordinates": [
          0.0,
          0.0
        ]
      },
      "properties": {
        "junction_id": 39590,
        "veh_id": 11388,
        "sim_time_s": 728.1,
        "tier": "harmony-no-ge-local",
        "prearm_status": "skip",
        "focus_role": "none"
      }
    },
    {
      "type": "Feature",
      "geometry": {
        "type": "Point",
        "coordinates": [
          500683.3865087464,
          6965102.332932188
        ]
      },
      "properties": {
        "junction_id": 10157950,
        "veh_id": 11431,
        "sim_time_s": 729.5,
        "tier": "track-zone",
        "prearm_status": "",
        "focus_role": "none"
      }
    },
    {
      "type": "Feature",
      "geometry": {
        "type": "Point",
        "coordinates": [
          0.0,
          0.0
        ]
      },
      "properties": {
        "junction_id": 39593,
        "veh_id": 11431,
        "sim_time_s": 733.5,
        "tier": "harmony-no-ge-local",
        "prearm_status": "skip",
        "focus_role": "none"
      }
    },
    {
      "type": "Feature",
      "geometry": {
        "type": "Point",
        "coordinates": [
          500664.249388832,
          6965175.566622724
        ]
      },
      "properties": {
        "junction_id": 1119660,
        "veh_id": 11431,
        "sim_time_s": 734.9,
        "tier": "track-zone",
        "prearm_status": "",
        "focus_role": "none"
      }
    },
    {
      "type": "Feature",
      "geometry": {
        "type": "Point",
        "coordinates": [
          500393.434641795,
          6966043.526697925
        ]
      },
      "properties": {
        "junction_id": 1043762,
        "veh_id": 11409,
        "sim_time_s": 736.2,
        "tier": "track-zone",
        "prearm_status": "",
        "focus_role": "none"
      }
    },
    {
      "type": "Feature",
      "geometry": {
        "type": "Point",
        "coordinates": [
          0.0,
          0.0
        ]
      },
      "properties": {
        "junction_id": 39578,
        "veh_id": 11421,
        "sim_time_s": 736.2,
        "tier": "harmony-no-ge-local",
        "prearm_status": "skip",
        "focus_role": "none"
      }
    },
    {
      "type": "Feature",
      "geometry": {
        "type": "Point",
        "coordinates": [
          500533.92472265795,
          6965928.755358649
        ]
      },
      "properties": {
        "junction_id": 39576,
        "veh_id": 11421,
        "sim_time_s": 738.9,
        "tier": "track-zone",
        "prearm_status": "",
        "focus_role": "none"
      }
    },
    {
      "type": "Feature",
      "geometry": {
        "type": "Point",
        "coordinates": [
          500639.2991341943,
          6965233.467892917
        ]
      },
      "properties": {
        "junction_id": 39587,
        "veh_id": 11431,
        "sim_time_s": 738.9,
        "tier": "track-zone",
        "prearm_status": "",
        "focus_role": "none"
      }
    },
    {
      "type": "Feature",
      "geometry": {
        "type": "Point",
        "coordinates": [
          0.0,
          0.0
        ]
      },
      "properties": {
        "junction_id": 39606,
        "veh_id": 11388,
        "sim_time_s": 743.0,
        "tier": "harmony-no-ge-local",
        "prearm_status": "skip",
        "focus_role": "none"
      }
    },
    {
      "type": "Feature",
      "geometry": {
        "type": "Point",
        "coordinates": [
          500036.37325970054,
          6966611.787534156
        ]
      },
      "properties": {
        "junction_id": 39568,
        "veh_id": 11397,
        "sim_time_s": 744.3,
        "tier": "track-zone",
        "prearm_status": "",
        "focus_role": "none"
      }
    },
    {
      "type": "Feature",
      "geometry": {
        "type": "Point",
        "coordinates": [
          0.0,
          0.0
        ]
      },
      "properties": {
        "junction_id": 39576,
        "veh_id": 11413,
        "sim_time_s": 761.9,
        "tier": "harmony-no-ge-local",
        "prearm_status": "skip",
        "focus_role": "none"
      }
    },
    {
      "type": "Feature",
      "geometry": {
        "type": "Point",
        "coordinates": [
          0.0,
          0.0
        ]
      },
      "properties": {
        "junction_id": 39569,
        "veh_id": 11397,
        "sim_time_s": 764.5,
        "tier": "harmony-no-ge-local",
        "prearm_status": "skip",
        "focus_role": "none"
      }
    },
    {
      "type": "Feature",
      "geometry": {
        "type": "Point",
        "coordinates": [
          0.0,
          0.0
        ]
      },
      "properties": {
        "junction_id": 1043762,
        "veh_id": 11409,
        "sim_time_s": 772.6,
        "tier": "harmony-ge-local",
        "prearm_status": "action",
        "focus_role": "none"
      }
    },
    {
      "type": "Feature",
      "geometry": {
        "type": "Point",
        "coordinates": [
          0.0,
          0.0
        ]
      },
      "properties": {
        "junction_id": 39587,
        "veh_id": 11431,
        "sim_time_s": 774.0,
        "tier": "harmony-no-ge-local",
        "prearm_status": "skip",
        "focus_role": "none"
      }
    },
    {
      "type": "Feature",
      "geometry": {
        "type": "Point",
        "coordinates": [
          500228.05194619845,
          6966235.070595338
        ]
      },
      "properties": {
        "junction_id": 39569,
        "veh_id": 11409,
        "sim_time_s": 775.4,
        "tier": "track-zone",
        "prearm_status": "",
        "focus_role": "none"
      }
    },
    {
      "type": "Feature",
      "geometry": {
        "type": "Point",
        "coordinates": [
          500228.05194619845,
          6966235.070595338
        ]
      },
      "properties": {
        "junction_id": 39569,
        "veh_id": 11409,
        "sim_time_s": 775.8,
        "tier": "coord-prearm-harmony/SHOCKWAVE",
        "prearm_status": "fired",
        "focus_role": "none"
      }
    },
    {
      "type": "Feature",
      "geometry": {
        "type": "Point",
        "coordinates": [
          0.0,
          0.0
        ]
      },
      "properties": {
        "junction_id": 39569,
        "veh_id": 11409,
        "sim_time_s": 776.2,
        "tier": "harmony-no-ge-local",
        "prearm_status": "skip",
        "focus_role": "none"
      }
    },
    {
      "type": "Feature",
      "geometry": {
        "type": "Point",
        "coordinates": [
          500512.75711727684,
          6965698.599668116
        ]
      },
      "properties": {
        "junction_id": 39587,
        "veh_id": 11413,
        "sim_time_s": 776.7,
        "tier": "track-zone",
        "prearm_status": "",
        "focus_role": "none"
      }
    },
    {
      "type": "Feature",
      "geometry": {
        "type": "Point",
        "coordinates": [
          500571.2015794255,
          6965463.455410157
        ]
      },
      "properties": {
        "junction_id": 39576,
        "veh_id": 11431,
        "sim_time_s": 778.0,
        "tier": "track-zone",
        "prearm_status": "",
        "focus_role": "none"
      }
    },
    {
      "type": "Feature",
      "geometry": {
        "type": "Point",
        "coordinates": [
          500521.1483707101,
          6965640.64201523
        ]
      },
      "properties": {
        "junction_id": 1119660,
        "veh_id": 11413,
        "sim_time_s": 782.1,
        "tier": "track-zone",
        "prearm_status": "",
        "focus_role": "none"
      }
    },
    {
      "type": "Feature",
      "geometry": {
        "type": "Point",
        "coordinates": [
          0.0,
          0.0
        ]
      },
      "properties": {
        "junction_id": 39576,
        "veh_id": 11421,
        "sim_time_s": 784.8,
        "tier": "harmony-ge-local",
        "prearm_status": "action",
        "focus_role": "none"
      }
    },
    {
      "type": "Feature",
      "geometry": {
        "type": "Point",
        "coordinates": [
          500512.39934053685,
          6965706.754933641
        ]
      },
      "properties": {
        "junction_id": 39587,
        "veh_id": 11421,
        "sim_time_s": 786.1,
        "tier": "track-zone",
        "prearm_status": "",
        "focus_role": "none"
      }
    },
    {
      "type": "Feature",
      "geometry": {
        "type": "Point",
        "coordinates": [
          500552.67798391916,
          6965568.627405506
        ]
      },
      "properties": {
        "junction_id": 10157950,
        "veh_id": 11413,
        "sim_time_s": 788.9,
        "tier": "track-zone",
        "prearm_status": "",
        "focus_role": "none"
      }
    },
    {
      "type": "Feature",
      "geometry": {
        "type": "Point",
        "coordinates": [
          500520.91439172474,
          6965641.283512819
        ]
      },
      "properties": {
        "junction_id": 1119660,
        "veh_id": 11421,
        "sim_time_s": 792.9,
        "tier": "track-zone",
        "prearm_status": "",
        "focus_role": "none"
      }
    },
    {
      "type": "Feature",
      "geometry": {
        "type": "Point",
        "coordinates": [
          0.0,
          0.0
        ]
      },
      "properties": {
        "junction_id": 39587,
        "veh_id": 11413,
        "sim_time_s": 794.2,
        "tier": "harmony-ins-local",
        "prearm_status": "action",
        "focus_role": "none"
      }
    },
    {
      "type": "Feature",
      "geometry": {
        "type": "Point",
        "coordinates": [
          500555.7304030317,
          6965561.975875227
        ]
      },
      "properties": {
        "junction_id": 10157950,
        "veh_id": 11421,
        "sim_time_s": 799.6,
        "tier": "track-zone",
        "prearm_status": "",
        "focus_role": "none"
      }
    },
    {
      "type": "Feature",
      "geometry": {
        "type": "Point",
        "coordinates": [
          500132.97484320996,
          6966436.176385938
        ]
      },
      "properties": {
        "junction_id": 1043762,
        "veh_id": 11397,
        "sim_time_s": 821.2,
        "tier": "track-zone",
        "prearm_status": "",
        "focus_role": "none"
      }
    },
    {
      "type": "Feature",
      "geometry": {
        "type": "Point",
        "coordinates": [
          500611.08391116967,
          6965401.665604027
        ]
      },
      "properties": {
        "junction_id": 39593,
        "veh_id": 11413,
        "sim_time_s": 822.6,
        "tier": "track-zone",
        "prearm_status": "",
        "focus_role": "none"
      }
    },
    {
      "type": "Feature",
      "geometry": {
        "type": "Point",
        "coordinates": [
          500112.3792371482,
          6966426.338663975
        ]
      },
      "properties": {
        "junction_id": 39572,
        "veh_id": 11409,
        "sim_time_s": 830.7,
        "tier": "track-zone",
        "prearm_status": "",
        "focus_role": "none"
      }
    },
    {
      "type": "Feature",
      "geometry": {
        "type": "Point",
        "coordinates": [
          500724.83300354367,
          6965176.274770917
        ]
      },
      "properties": {
        "junction_id": 39593,
        "veh_id": 11384,
        "sim_time_s": 840.1,
        "tier": "IC-detect",
        "prearm_status": "",
        "focus_role": "none"
      }
    },
    {
      "type": "Feature",
      "geometry": {
        "type": "Point",
        "coordinates": [
          500611.57827877055,
          6965399.655814013
        ]
      },
      "properties": {
        "junction_id": 39593,
        "veh_id": 11421,
        "sim_time_s": 841.5,
        "tier": "track-zone",
        "prearm_status": "",
        "focus_role": "none"
      }
    },
    {
      "type": "Feature",
      "geometry": {
        "type": "Point",
        "coordinates": [
          0.0,
          0.0
        ]
      },
      "properties": {
        "junction_id": 39576,
        "veh_id": 11431,
        "sim_time_s": 845.1,
        "tier": "harmony-no-ge-local",
        "prearm_status": "skip",
        "focus_role": "none"
      }
    },
    {
      "type": "Feature",
      "geometry": {
        "type": "Point",
        "coordinates": [
          500724.5627846916,
          6965176.207298414
        ]
      },
      "properties": {
        "junction_id": 36385,
        "veh_id": 11384,
        "sim_time_s": 846.9,
        "tier": "track-zone",
        "prearm_status": "",
        "focus_role": "none"
      }
    },
    {
      "type": "Feature",
      "geometry": {
        "type": "Point",
        "coordinates": [
          0.0,
          0.0
        ]
      },
      "properties": {
        "junction_id": 39593,
        "veh_id": 11384,
        "sim_time_s": 846.9,
        "tier": "harmony-no-ge-local",
        "prearm_status": "skip",
        "focus_role": "none"
      }
    },
    {
      "type": "Feature",
      "geometry": {
        "type": "Point",
        "coordinates": [
          500105.3249690746,
          6966447.427635935
        ]
      },
      "properties": {
        "junction_id": 39569,
        "veh_id": 11409,
        "sim_time_s": 847.4,
        "tier": "coord-prearm-missed/SHOCKWAVE",
        "prearm_status": "missed",
        "focus_role": "none"
      }
    },
    {
      "type": "Feature",
      "geometry": {
        "type": "Point",
        "coordinates": [
          500491.9920378492,
          6965695.246816256
        ]
      },
      "properties": {
        "junction_id": 39578,
        "veh_id": 11431,
        "sim_time_s": 848.2,
        "tier": "track-zone",
        "prearm_status": "",
        "focus_role": "none"
      }
    },
    {
      "type": "Feature",
      "geometry": {
        "type": "Point",
        "coordinates": [
          500724.5627846916,
          6965176.207298414
        ]
      },
      "properties": {
        "junction_id": 10157950,
        "veh_id": 11384,
        "sim_time_s": 849.6,
        "tier": "track-zone",
        "prearm_status": "",
        "focus_role": "none"
      }
    },
    {
      "type": "Feature",
      "geometry": {
        "type": "Point",
        "coordinates": [
          500643.9142278553,
          6965259.299342662
        ]
      },
      "properties": {
        "junction_id": 36385,
        "veh_id": 11413,
        "sim_time_s": 855.0,
        "tier": "track-zone",
        "prearm_status": "",
        "focus_role": "none"
      }
    },
    {
      "type": "Feature",
      "geometry": {
        "type": "Point",
        "coordinates": [
          500644.85261718836,
          6965257.007490371
        ]
      },
      "properties": {
        "junction_id": 36385,
        "veh_id": 11421,
        "sim_time_s": 859.0,
        "tier": "track-zone",
        "prearm_status": "",
        "focus_role": "none"
      }
    },
    {
      "type": "Feature",
      "geometry": {
        "type": "Point",
        "coordinates": [
          500032.5155263269,
          6966464.955605053
        ]
      },
      "properties": {
        "junction_id": 39568,
        "veh_id": 11409,
        "sim_time_s": 863.1,
        "tier": "track-zone",
        "prearm_status": "",
        "focus_role": "none"
      }
    },
    {
      "type": "Feature",
      "geometry": {
        "type": "Point",
        "coordinates": [
          0.0,
          0.0
        ]
      },
      "properties": {
        "junction_id": 39593,
        "veh_id": 11421,
        "sim_time_s": 867.1,
        "tier": "harmony-no-ge-local",
        "prearm_status": "skip",
        "focus_role": "none"
      }
    },
    {
      "type": "Feature",
      "geometry": {
        "type": "Point",
        "coordinates": [
          0.0,
          0.0
        ]
      },
      "properties": {
        "junction_id": 1043762,
        "veh_id": 11397,
        "sim_time_s": 868.5,
        "tier": "harmony-no-ge-local",
        "prearm_status": "skip",
        "focus_role": "none"
      }
    },
    {
      "type": "Feature",
      "geometry": {
        "type": "Point",
        "coordinates": [
          0.0,
          0.0
        ]
      },
      "properties": {
        "junction_id": 39578,
        "veh_id": 11431,
        "sim_time_s": 890.1,
        "tier": "harmony-no-ge-local",
        "prearm_status": "skip",
        "focus_role": "none"
      }
    },
    {
      "type": "Feature",
      "geometry": {
        "type": "Point",
        "coordinates": [
          500946.97228876385,
          6964034.668682542
        ]
      },
      "properties": {
        "junction_id": 39606,
        "veh_id": 11432,
        "sim_time_s": 900.0,
        "tier": "IC-detect",
        "prearm_status": "",
        "focus_role": "none"
      }
    },
    {
      "type": "Feature",
      "geometry": {
        "type": "Point",
        "coordinates": [
          500395.6915730456,
          6966041.756222985
        ]
      },
      "properties": {
        "junction_id": 1043762,
        "veh_id": 11431,
        "sim_time_s": 900.9,
        "tier": "track-zone",
        "prearm_status": "",
        "focus_role": "none"
      }
    },
    {
      "type": "Feature",
      "geometry": {
        "type": "Point",
        "coordinates": [
          500353.50657183793,
          6966099.610563891
        ]
      },
      "properties": {
        "junction_id": 39578,
        "veh_id": 11397,
        "sim_time_s": 905.0,
        "tier": "track-section",
        "prearm_status": "",
        "focus_role": "none"
      }
    },
    {
      "type": "Feature",
      "geometry": {
        "type": "Point",
        "coordinates": [
          500887.1324688646,
          6964120.711613731
        ]
      },
      "properties": {
        "junction_id": 39590,
        "veh_id": 11432,
        "sim_time_s": 906.3,
        "tier": "track-zone",
        "prearm_status": "",
        "focus_role": "none"
      }
    },
    {
      "type": "Feature",
      "geometry": {
        "type": "Point",
        "coordinates": [
          0.0,
          0.0
        ]
      },
      "properties": {
        "junction_id": 39606,
        "veh_id": 11432,
        "sim_time_s": 910.4,
        "tier": "harmony-no-ge-local",
        "prearm_status": "skip",
        "focus_role": "none"
      }
    },
    {
      "type": "Feature",
      "geometry": {
        "type": "Point",
        "coordinates": [
          499512.5247422402,
          6966653.6640370665
        ]
      },
      "properties": {
        "junction_id": 39572,
        "veh_id": 11396,
        "sim_time_s": 912.6,
        "tier": "IC-detect",
        "prearm_status": "",
        "focus_role": "none"
      }
    },
    {
      "type": "Feature",
      "geometry": {
        "type": "Point",
        "coordinates": [
          499519.0977965855,
          6966649.026387225
        ]
      },
      "properties": {
        "junction_id": 39572,
        "veh_id": 11389,
        "sim_time_s": 913.0,
        "tier": "IC-detect",
        "prearm_status": "",
        "focus_role": "none"
      }
    },
    {
      "type": "Feature",
      "geometry": {
        "type": "Point",
        "coordinates": [
          0.0,
          0.0
        ]
      },
      "properties": {
        "junction_id": 1043762,
        "veh_id": 11431,
        "sim_time_s": 914.4,
        "tier": "harmony-ins-local",
        "prearm_status": "action",
        "focus_role": "none"
      }
    },
    {
      "type": "Feature",
      "geometry": {
        "type": "Point",
        "coordinates": [
          500238.5268272905,
          6966217.266764799
        ]
      },
      "properties": {
        "junction_id": 39569,
        "veh_id": 11431,
        "sim_time_s": 917.5,
        "tier": "coord-prearm-harmony/SHOCKWAVE",
        "prearm_status": "fired",
        "focus_role": "none"
      }
    },
    {
      "type": "Feature",
      "geometry": {
        "type": "Point",
        "coordinates": [
          0.0,
          0.0
        ]
      },
      "properties": {
        "junction_id": 39569,
        "veh_id": 11431,
        "sim_time_s": 918.0,
        "tier": "harmony-no-ge-local",
        "prearm_status": "skip",
        "focus_role": "none"
      }
    },
    {
      "type": "Feature",
      "geometry": {
        "type": "Point",
        "coordinates": [
          500087.97191681445,
          6967506.11806405
        ]
      },
      "properties": {
        "junction_id": 38339,
        "veh_id": 11422,
        "sim_time_s": 922.5,
        "tier": "IC-detect",
        "prearm_status": "",
        "focus_role": "none"
      }
    },
    {
      "type": "Feature",
      "geometry": {
        "type": "Point",
        "coordinates": [
          500725.95869445615,
          6964994.965239159
        ]
      },
      "properties": {
        "junction_id": 36393,
        "veh_id": 11413,
        "sim_time_s": 927.9,
        "tier": "track-zone",
        "prearm_status": "",
        "focus_role": "none"
      }
    },
    {
      "type": "Feature",
      "geometry": {
        "type": "Point",
        "coordinates": [
          499762.0049212616,
          6966604.443243869
        ]
      },
      "properties": {
        "junction_id": 39568,
        "veh_id": 11396,
        "sim_time_s": 929.2,
        "tier": "track-zone",
        "prearm_status": "",
        "focus_role": "none"
      }
    },
    {
      "type": "Feature",
      "geometry": {
        "type": "Point",
        "coordinates": [
          499768.77496100706,
          6966597.852264274
        ]
      },
      "properties": {
        "junction_id": 39568,
        "veh_id": 11389,
        "sim_time_s": 930.6,
        "tier": "track-zone",
        "prearm_status": "",
        "focus_role": "none"
      }
    },
    {
      "type": "Feature",
      "geometry": {
        "type": "Point",
        "coordinates": [
          0.0,
          0.0
        ]
      },
      "properties": {
        "junction_id": 39590,
        "veh_id": 11432,
        "sim_time_s": 934.6,
        "tier": "harmony-ins-local",
        "prearm_status": "action",
        "focus_role": "none"
      }
    },
    {
      "type": "Feature",
      "geometry": {
        "type": "Point",
        "coordinates": [
          500763.89483004727,
          6964284.296368158
        ]
      },
      "properties": {
        "junction_id": 36393,
        "veh_id": 11432,
        "sim_time_s": 937.8,
        "tier": "coord-prearm-harmony/SHOCKWAVE",
        "prearm_status": "fired",
        "focus_role": "none"
      }
    },
    {
      "type": "Feature",
      "geometry": {
        "type": "Point",
        "coordinates": [
          0.0,
          0.0
        ]
      },
      "properties": {
        "junction_id": 36393,
        "veh_id": 11432,
        "sim_time_s": 938.2,
        "tier": "harmony-no-ge-local",
        "prearm_status": "skip",
        "focus_role": "none"
      }
    },
    {
      "type": "Feature",
      "geometry": {
        "type": "Point",
        "coordinates": [
          499885.9652625818,
          6966541.948778425
        ]
      },
      "properties": {
        "junction_id": 39569,
        "veh_id": 11389,
        "sim_time_s": 940.0,
        "tier": "track-zone",
        "prearm_status": "",
        "focus_role": "none"
      }
    },
    {
      "type": "Feature",
      "geometry": {
        "type": "Point",
        "coordinates": [
          499885.03186120803,
          6966545.711989846
        ]
      },
      "properties": {
        "junction_id": 39569,
        "veh_id": 11396,
        "sim_time_s": 940.0,
        "tier": "track-zone",
        "prearm_status": "",
        "focus_role": "none"
      }
    },
    {
      "type": "Feature",
      "geometry": {
        "type": "Point",
        "coordinates": [
          0.0,
          0.0
        ]
      },
      "properties": {
        "junction_id": 39578,
        "veh_id": 11397,
        "sim_time_s": 940.0,
        "tier": "harmony-no-ge-local",
        "prearm_status": "skip",
        "focus_role": "none"
      }
    },
    {
      "type": "Feature",
      "geometry": {
        "type": "Point",
        "coordinates": [
          500530.7682703127,
          6965937.116213492
        ]
      },
      "properties": {
        "junction_id": 39576,
        "veh_id": 11397,
        "sim_time_s": 942.8,
        "tier": "track-zone",
        "prearm_status": "",
        "focus_role": "none"
      }
    },
    {
      "type": "Feature",
      "geometry": {
        "type": "Point",
        "coordinates": [
          500721.8576973532,
          6964952.856520753
        ]
      },
      "properties": {
        "junction_id": 39593,
        "veh_id": 11413,
        "sim_time_s": 944.1,
        "tier": "track-zone",
        "prearm_status": "",
        "focus_role": "none"
      }
    },
    {
      "type": "Feature",
      "geometry": {
        "type": "Point",
        "coordinates": [
          0.0,
          0.0
        ]
      },
      "properties": {
        "junction_id": 36385,
        "veh_id": 11421,
        "sim_time_s": 945.5,
        "tier": "harmony-ins-local",
        "prearm_status": "action",
        "focus_role": "none"
      }
    },
    {
      "type": "Feature",
      "geometry": {
        "type": "Point",
        "coordinates": [
          499790.32351936103,
          6966580.5489547765
        ]
      },
      "properties": {
        "junction_id": 39572,
        "veh_id": 11409,
        "sim_time_s": 950.9,
        "tier": "IC-detect",
        "prearm_status": "",
        "focus_role": "none"
      }
    },
    {
      "type": "Feature",
      "geometry": {
        "type": "Point",
        "coordinates": [
          500729.0419199414,
          6965001.439423838
        ]
      },
      "properties": {
        "junction_id": 36393,
        "veh_id": 11421,
        "sim_time_s": 954.9,
        "tier": "track-zone",
        "prearm_status": "",
        "focus_role": "none"
      }
    },
    {
      "type": "Feature",
      "geometry": {
        "type": "Point",
        "coordinates": [
          0.0,
          0.0
        ]
      },
      "properties": {
        "junction_id": 39576,
        "veh_id": 11397,
        "sim_time_s": 963.0,
        "tier": "harmony-no-ge-local",
        "prearm_status": "skip",
        "focus_role": "none"
      }
    },
    {
      "type": "Feature",
      "geometry": {
        "type": "Point",
        "coordinates": [
          500716.16554786655,
          6965084.079067436
        ]
      },
      "properties": {
        "junction_id": 36385,
        "veh_id": 11384,
        "sim_time_s": 967.0,
        "tier": "IC-detect-far",
        "prearm_status": "",
        "focus_role": "none"
      }
    },
    {
      "type": "Feature",
      "geometry": {
        "type": "Point",
        "coordinates": [
          499517.17489504704,
          6966652.564041892
        ]
      },
      "properties": {
        "junction_id": 39572,
        "veh_id": 11414,
        "sim_time_s": 972.9,
        "tier": "IC-detect",
        "prearm_status": "",
        "focus_role": "none"
      }
    },
    {
      "type": "Feature",
      "geometry": {
        "type": "Point",
        "coordinates": [
          500698.8439968469,
          6964806.114954312
        ]
      },
      "properties": {
        "junction_id": 36385,
        "veh_id": 11413,
        "sim_time_s": 976.5,
        "tier": "track-zone",
        "prearm_status": "",
        "focus_role": "none"
      }
    },
    {
      "type": "Feature",
      "geometry": {
        "type": "Point",
        "coordinates": [
          500118.2788447978,
          6966431.788589775
        ]
      },
      "properties": {
        "junction_id": 39572,
        "veh_id": 11431,
        "sim_time_s": 981.9,
        "tier": "track-zone",
        "prearm_status": "",
        "focus_role": "none"
      }
    },
    {
      "type": "Feature",
      "geometry": {
        "type": "Point",
        "coordinates": [
          0.0,
          0.0
        ]
      },
      "properties": {
        "junction_id": 36393,
        "veh_id": 11421,
        "sim_time_s": 987.3,
        "tier": "harmony-no-ge-local",
        "prearm_status": "skip",
        "focus_role": "none"
      }
    },
    {
      "type": "Feature",
      "geometry": {
        "type": "Point",
        "coordinates": [
          499962.4044603733,
          6967097.988377765
        ]
      },
      "properties": {
        "junction_id": 11118289,
        "veh_id": 11422,
        "sim_time_s": 988.6,
        "tier": "track-zone",
        "prearm_status": "",
        "focus_role": "none"
      }
    },
    {
      "type": "Feature",
      "geometry": {
        "type": "Point",
        "coordinates": [
          500080.6964801104,
          6966480.47639043
        ]
      },
      "properties": {
        "junction_id": 39568,
        "veh_id": 11431,
        "sim_time_s": 988.6,
        "tier": "track-zone",
        "prearm_status": "",
        "focus_role": "none"
      }
    },
    {
      "type": "Feature",
      "geometry": {
        "type": "Point",
        "coordinates": [
          500105.3249690746,
          6966447.427635935
        ]
      },
      "properties": {
        "junction_id": 39569,
        "veh_id": 11431,
        "sim_time_s": 989.1,
        "tier": "coord-prearm-missed/SHOCKWAVE",
        "prearm_status": "missed",
        "focus_role": "none"
      }
    },
    {
      "type": "Feature",
      "geometry": {
        "type": "Point",
        "coordinates": [
          0.0,
          0.0
        ]
      },
      "properties": {
        "junction_id": 38339,
        "veh_id": 11422,
        "sim_time_s": 992.7,
        "tier": "harmony-no-ge-local",
        "prearm_status": "skip",
        "focus_role": "none"
      }
    },
    {
      "type": "Feature",
      "geometry": {
        "type": "Point",
        "coordinates": [
          500512.5500058333,
          6965703.572333347
        ]
      },
      "properties": {
        "junction_id": 39587,
        "veh_id": 11397,
        "sim_time_s": 1002.1,
        "tier": "track-zone",
        "prearm_status": "",
        "focus_role": "none"
      }
    },
    {
      "type": "Feature",
      "geometry": {
        "type": "Point",
        "coordinates": [
          500520.97379409743,
          6965641.23714315
        ]
      },
      "properties": {
        "junction_id": 1119660,
        "veh_id": 11397,
        "sim_time_s": 1008.9,
        "tier": "track-zone",
        "prearm_status": "",
        "focus_role": "none"
      }
    },
    {
      "type": "Feature",
      "geometry": {
        "type": "Point",
        "coordinates": [
          500553.0993865087,
          6965567.783856654
        ]
      },
      "properties": {
        "junction_id": 10157950,
        "veh_id": 11397,
        "sim_time_s": 1015.6,
        "tier": "track-zone",
        "prearm_status": "",
        "focus_role": "none"
      }
    },
    {
      "type": "Feature",
      "geometry": {
        "type": "Point",
        "coordinates": [
          0.0,
          0.0
        ]
      },
      "properties": {
        "junction_id": 39587,
        "veh_id": 11397,
        "sim_time_s": 1021.0,
        "tier": "harmony-no-ge-local",
        "prearm_status": "skip",
        "focus_role": "none"
      }
    },
    {
      "type": "Feature",
      "geometry": {
        "type": "Point",
        "coordinates": [
          500686.1773040339,
          6964558.919706915
        ]
      },
      "properties": {
        "junction_id": 39590,
        "veh_id": 11421,
        "sim_time_s": 1022.4,
        "tier": "track-zone",
        "prearm_status": "",
        "focus_role": "none"
      }
    },
    {
      "type": "Feature",
      "geometry": {
        "type": "Point",
        "coordinates": [
          500683.2717212715,
          6964556.926163287
        ]
      },
      "properties": {
        "junction_id": 39590,
        "veh_id": 11413,
        "sim_time_s": 1023.8,
        "tier": "track-zone",
        "prearm_status": "",
        "focus_role": "none"
      }
    },
    {
      "type": "Feature",
      "geometry": {
        "type": "Point",
        "coordinates": [
          500684.09878133226,
          6964756.319799705
        ]
      },
      "properties": {
        "junction_id": 36393,
        "veh_id": 11432,
        "sim_time_s": 1025.5,
        "tier": "coord-prearm-missed/SHOCKWAVE",
        "prearm_status": "missed",
        "focus_role": "none"
      }
    },
    {
      "type": "Feature",
      "geometry": {
        "type": "Point",
        "coordinates": [
          0.0,
          0.0
        ]
      },
      "properties": {
        "junction_id": 39572,
        "veh_id": 11431,
        "sim_time_s": 1027.3,
        "tier": "harmony-no-ge-local",
        "prearm_status": "skip",
        "focus_role": "none"
      }
    },
    {
      "type": "Feature",
      "geometry": {
        "type": "Point",
        "coordinates": [
          499758.52675051964,
          6966606.118652619
        ]
      },
      "properties": {
        "junction_id": 39568,
        "veh_id": 11414,
        "sim_time_s": 1027.8,
        "tier": "track-zone",
        "prearm_status": "",
        "focus_role": "none"
      }
    },
    {
      "type": "Feature",
      "geometry": {
        "type": "Point",
        "coordinates": [
          499514.2320769479,
          6966650.177374803
        ]
      },
      "properties": {
        "junction_id": 39572,
        "veh_id": 11390,
        "sim_time_s": 1032.8,
        "tier": "IC-detect",
        "prearm_status": "",
        "focus_role": "none"
      }
    },
    {
      "type": "Feature",
      "geometry": {
        "type": "Point",
        "coordinates": [
          500018.20829798665,
          6966618.634959584
        ]
      },
      "properties": {
        "junction_id": 11118289,
        "veh_id": 11431,
        "sim_time_s": 1038.6,
        "tier": "track-zone",
        "prearm_status": "",
        "focus_role": "none"
      }
    },
    {
      "type": "Feature",
      "geometry": {
        "type": "Point",
        "coordinates": [
          0.0,
          0.0
        ]
      },
      "properties": {
        "junction_id": 39569,
        "veh_id": 11396,
        "sim_time_s": 1044.0,
        "tier": "harmony-no-ge-local",
        "prearm_status": "skip",
        "focus_role": "none"
      }
    },
    {
      "type": "Feature",
      "geometry": {
        "type": "Point",
        "coordinates": [
          500608.69642783335,
          6965410.511533318
        ]
      },
      "properties": {
        "junction_id": 39593,
        "veh_id": 11397,
        "sim_time_s": 1046.7,
        "tier": "track-zone",
        "prearm_status": "",
        "focus_role": "none"
      }
    },
    {
      "type": "Feature",
      "geometry": {
        "type": "Point",
        "coordinates": [
          500124.0529139484,
          6966438.189192254
        ]
      },
      "properties": {
        "junction_id": 1043762,
        "veh_id": 11389,
        "sim_time_s": 1048.0,
        "tier": "track-zone",
        "prearm_status": "",
        "focus_role": "none"
      }
    },
    {
      "type": "Feature",
      "geometry": {
        "type": "Point",
        "coordinates": [
          500123.68245436007,
          6966443.685296574
        ]
      },
      "properties": {
        "junction_id": 1043762,
        "veh_id": 11396,
        "sim_time_s": 1048.0,
        "tier": "track-zone",
        "prearm_status": "",
        "focus_role": "none"
      }
    },
    {
      "type": "Feature",
      "geometry": {
        "type": "Point",
        "coordinates": [
          500686.1280934837,
          6964532.9045437295
        ]
      },
      "properties": {
        "junction_id": 36393,
        "veh_id": 11413,
        "sim_time_s": 1048.0,
        "tier": "IC-detect-far",
        "prearm_status": "",
        "focus_role": "none"
      }
    },
    {
      "type": "Feature",
      "geometry": {
        "type": "Point",
        "coordinates": [
          499766.40222846885,
          6966598.995191735
        ]
      },
      "properties": {
        "junction_id": 39568,
        "veh_id": 11390,
        "sim_time_s": 1054.8,
        "tier": "track-zone",
        "prearm_status": "",
        "focus_role": "none"
      }
    },
    {
      "type": "Feature",
      "geometry": {
        "type": "Point",
        "coordinates": [
          499963.68173966074,
          6966796.891078054
        ]
      },
      "properties": {
        "junction_id": 38339,
        "veh_id": 11431,
        "sim_time_s": 1056.2,
        "tier": "track-zone",
        "prearm_status": "",
        "focus_role": "none"
      }
    },
    {
      "type": "Feature",
      "geometry": {
        "type": "Point",
        "coordinates": [
          0.0,
          0.0
        ]
      },
      "properties": {
        "junction_id": 36385,
        "veh_id": 11384,
        "sim_time_s": 1056.2,
        "tier": "harmony-no-ge-local",
        "prearm_status": "skip",
        "focus_role": "none"
      }
    },
    {
      "type": "Feature",
      "geometry": {
        "type": "Point",
        "coordinates": [
          500652.37762589083,
          6965247.263366826
        ]
      },
      "properties": {
        "junction_id": 36385,
        "veh_id": 11397,
        "sim_time_s": 1057.5,
        "tier": "track-zone",
        "prearm_status": "",
        "focus_role": "none"
      }
    },
    {
      "type": "Feature",
      "geometry": {
        "type": "Point",
        "coordinates": [
          499959.4434508048,
          6966941.723733932
        ]
      },
      "properties": {
        "junction_id": 39568,
        "veh_id": 11422,
        "sim_time_s": 1060.2,
        "tier": "track-zone",
        "prearm_status": "",
        "focus_role": "none"
      }
    },
    {
      "type": "Feature",
      "geometry": {
        "type": "Point",
        "coordinates": [
          500728.94553435314,
          6964992.355660614
        ]
      },
      "properties": {
        "junction_id": 36393,
        "veh_id": 11384,
        "sim_time_s": 1061.5,
        "tier": "track-zone",
        "prearm_status": "",
        "focus_role": "none"
      }
    },
    {
      "type": "Feature",
      "geometry": {
        "type": "Point",
        "coordinates": [
          500234.99275083456,
          6966258.538829779
        ]
      },
      "properties": {
        "junction_id": 39569,
        "veh_id": 11389,
        "sim_time_s": 1061.5,
        "tier": "track-zone",
        "prearm_status": "",
        "focus_role": "none"
      }
    },
    {
      "type": "Feature",
      "geometry": {
        "type": "Point",
        "coordinates": [
          0.0,
          0.0
        ]
      },
      "properties": {
        "junction_id": 39593,
        "veh_id": 11397,
        "sim_time_s": 1061.5,
        "tier": "harmony-ins-local",
        "prearm_status": "action",
        "focus_role": "none"
      }
    },
    {
      "type": "Feature",
      "geometry": {
        "type": "Point",
        "coordinates": [
          0.0,
          0.0
        ]
      },
      "properties": {
        "junction_id": 1043762,
        "veh_id": 11396,
        "sim_time_s": 1061.5,
        "tier": "harmony-no-ge-local",
        "prearm_status": "skip",
        "focus_role": "none"
      }
    },
    {
      "type": "Feature",
      "geometry": {
        "type": "Point",
        "coordinates": [
          499877.5300575435,
          6966545.918174927
        ]
      },
      "properties": {
        "junction_id": 39569,
        "veh_id": 11390,
        "sim_time_s": 1062.9,
        "tier": "track-zone",
        "prearm_status": "",
        "focus_role": "none"
      }
    },
    {
      "type": "Feature",
      "geometry": {
        "type": "Point",
        "coordinates": [
          499962.7884244767,
          6966897.422856997
        ]
      },
      "properties": {
        "junction_id": 39572,
        "veh_id": 11422,
        "sim_time_s": 1062.9,
        "tier": "track-zone",
        "prearm_status": "",
        "focus_role": "none"
      }
    },
    {
      "type": "Feature",
      "geometry": {
        "type": "Point",
        "coordinates": [
          499888.48814010236,
          6966544.07242577
        ]
      },
      "properties": {
        "junction_id": 39569,
        "veh_id": 11414,
        "sim_time_s": 1069.7,
        "tier": "track-zone",
        "prearm_status": "",
        "focus_role": "none"
      }
    },
    {
      "type": "Feature",
      "geometry": {
        "type": "Point",
        "coordinates": [
          0.0,
          0.0
        ]
      },
      "properties": {
        "junction_id": 38339,
        "veh_id": 11431,
        "sim_time_s": 1069.7,
        "tier": "harmony-no-ge-local",
        "prearm_status": "skip",
        "focus_role": "none"
      }
    },
    {
      "type": "Feature",
      "geometry": {
        "type": "Point",
        "coordinates": [
          500679.5762041724,
          6964775.294225462
        ]
      },
      "properties": {
        "junction_id": 36385,
        "veh_id": 11432,
        "sim_time_s": 1072.3,
        "tier": "track-zone",
        "prearm_status": "",
        "focus_role": "none"
      }
    },
    {
      "type": "Feature",
      "geometry": {
        "type": "Point",
        "coordinates": [
          500361.0046027461,
          6966088.753966116
        ]
      },
      "properties": {
        "junction_id": 39578,
        "veh_id": 11389,
        "sim_time_s": 1075.0,
        "tier": "track-section",
        "prearm_status": "",
        "focus_role": "none"
      }
    },
    {
      "type": "Feature",
      "geometry": {
        "type": "Point",
        "coordinates": [
          500364.42287418304,
          6966089.500225859
        ]
      },
      "properties": {
        "junction_id": 39578,
        "veh_id": 11396,
        "sim_time_s": 1075.0,
        "tier": "track-section",
        "prearm_status": "",
        "focus_role": "none"
      }
    },
    {
      "type": "Feature",
      "geometry": {
        "type": "Point",
        "coordinates": [
          500702.2673771073,
          6964935.49485791
        ]
      },
      "properties": {
        "junction_id": 39593,
        "veh_id": 11432,
        "sim_time_s": 1087.2,
        "tier": "track-zone",
        "prearm_status": "",
        "focus_role": "none"
      }
    },
    {
      "type": "Feature",
      "geometry": {
        "type": "Point",
        "coordinates": [
          0.0,
          0.0
        ]
      },
      "properties": {
        "junction_id": 39578,
        "veh_id": 11396,
        "sim_time_s": 1087.2,
        "tier": "harmony-no-ge-local",
        "prearm_status": "skip",
        "focus_role": "none"
      }
    },
    {
      "type": "Feature",
      "geometry": {
        "type": "Point",
        "coordinates": [
          500530.78487198777,
          6965928.967908042
        ]
      },
      "properties": {
        "junction_id": 39576,
        "veh_id": 11389,
        "sim_time_s": 1089.9,
        "tier": "track-zone",
        "prearm_status": "",
        "focus_role": "none"
      }
    },
    {
      "type": "Feature",
      "geometry": {
        "type": "Point",
        "coordinates": [
          500533.16582250025,
          6965930.798066159
        ]
      },
      "properties": {
        "junction_id": 39576,
        "veh_id": 11396,
        "sim_time_s": 1089.9,
        "tier": "track-zone",
        "prearm_status": "",
        "focus_role": "none"
      }
    },
    {
      "type": "Feature",
      "geometry": {
        "type": "Point",
        "coordinates": [
          500733.41971955984,
          6964401.070859069
        ]
      },
      "properties": {
        "junction_id": 39606,
        "veh_id": 11421,
        "sim_time_s": 1091.2,
        "tier": "track-zone",
        "prearm_status": "",
        "focus_role": "none"
      }
    },
    {
      "type": "Feature",
      "geometry": {
        "type": "Point",
        "coordinates": [
          0.0,
          0.0
        ]
      },
      "properties": {
        "junction_id": 39569,
        "veh_id": 11390,
        "sim_time_s": 1092.6,
        "tier": "harmony-ins-local",
        "prearm_status": "action",
        "focus_role": "none"
      }
    },
    {
      "type": "Feature",
      "geometry": {
        "type": "Point",
        "coordinates": [
          500733.03950867173,
          6964402.042101341
        ]
      },
      "properties": {
        "junction_id": 39606,
        "veh_id": 11413,
        "sim_time_s": 1095.3,
        "tier": "track-zone",
        "prearm_status": "",
        "focus_role": "none"
      }
    },
    {
      "type": "Feature",
      "geometry": {
        "type": "Point",
        "coordinates": [
          0.0,
          0.0
        ]
      },
      "properties": {
        "junction_id": 36393,
        "veh_id": 11384,
        "sim_time_s": 1104.8,
        "tier": "harmony-no-ge-local",
        "prearm_status": "skip",
        "focus_role": "none"
      }
    },
    {
      "type": "Feature",
      "geometry": {
        "type": "Point",
        "coordinates": [
          500130.1018319127,
          6966429.951030065
        ]
      },
      "properties": {
        "junction_id": 1043762,
        "veh_id": 11390,
        "sim_time_s": 1106.1,
        "tier": "track-zone",
        "prearm_status": "",
        "focus_role": "none"
      }
    },
    {
      "type": "Feature",
      "geometry": {
        "type": "Point",
        "coordinates": [
          0.0,
          0.0
        ]
      },
      "properties": {
        "junction_id": 39576,
        "veh_id": 11396,
        "sim_time_s": 1108.8,
        "tier": "harmony-no-ge-local",
        "prearm_status": "skip",
        "focus_role": "none"
      }
    },
    {
      "type": "Feature",
      "geometry": {
        "type": "Point",
        "coordinates": [
          500509.5392803675,
          6965706.050819736
        ]
      },
      "properties": {
        "junction_id": 39587,
        "veh_id": 11389,
        "sim_time_s": 1110.2,
        "tier": "track-zone",
        "prearm_status": "",
        "focus_role": "none"
      }
    },
    {
      "type": "Feature",
      "geometry": {
        "type": "Point",
        "coordinates": [
          499979.33349895244,
          6966738.738839789
        ]
      },
      "properties": {
        "junction_id": 11118289,
        "veh_id": 11422,
        "sim_time_s": 1110.2,
        "tier": "track-zone",
        "prearm_status": "",
        "focus_role": "none"
      }
    },
    {
      "type": "Feature",
      "geometry": {
        "type": "Point",
        "coordinates": [
          500512.91160189454,
          6965695.5143678505
        ]
      },
      "properties": {
        "junction_id": 39587,
        "veh_id": 11396,
        "sim_time_s": 1111.5,
        "tier": "track-zone",
        "prearm_status": "",
        "focus_role": "none"
      }
    },
    {
      "type": "Feature",
      "geometry": {
        "type": "Point",
        "coordinates": [
          500518.4103221846,
          6965649.033801765
        ]
      },
      "properties": {
        "junction_id": 1119660,
        "veh_id": 11396,
        "sim_time_s": 1115.5,
        "tier": "track-zone",
        "prearm_status": "",
        "focus_role": "none"
      }
    },
    {
      "type": "Feature",
      "geometry": {
        "type": "Point",
        "coordinates": [
          500517.7105289538,
          6965641.734498102
        ]
      },
      "properties": {
        "junction_id": 1119660,
        "veh_id": 11389,
        "sim_time_s": 1116.9,
        "tier": "track-zone",
        "prearm_status": "",
        "focus_role": "none"
      }
    },
    {
      "type": "Feature",
      "geometry": {
        "type": "Point",
        "coordinates": [
          500728.96012704755,
          6964993.29251682
        ]
      },
      "properties": {
        "junction_id": 36393,
        "veh_id": 11397,
        "sim_time_s": 1116.9,
        "tier": "track-zone",
        "prearm_status": "",
        "focus_role": "none"
      }
    },
    {
      "type": "Feature",
      "geometry": {
        "type": "Point",
        "coordinates": [
          0.0,
          0.0
        ]
      },
      "properties": {
        "junction_id": 1043762,
        "veh_id": 11390,
        "sim_time_s": 1122.3,
        "tier": "harmony-no-ge-local",
        "prearm_status": "skip",
        "focus_role": "none"
      }
    },
    {
      "type": "Feature",
      "geometry": {
        "type": "Point",
        "coordinates": [
          0.0,
          0.0
        ]
      },
      "properties": {
        "junction_id": 39572,
        "veh_id": 11422,
        "sim_time_s": 1122.3,
        "tier": "harmony-no-ge-local",
        "prearm_status": "skip",
        "focus_role": "none"
      }
    },
    {
      "type": "Feature",
      "geometry": {
        "type": "Point",
        "coordinates": [
          500548.7031149878,
          6965570.345055907
        ]
      },
      "properties": {
        "junction_id": 10157950,
        "veh_id": 11389,
        "sim_time_s": 1123.7,
        "tier": "track-zone",
        "prearm_status": "",
        "focus_role": "none"
      }
    },
    {
      "type": "Feature",
      "geometry": {
        "type": "Point",
        "coordinates": [
          500553.45483871264,
          6965566.872215665
        ]
      },
      "properties": {
        "junction_id": 10157950,
        "veh_id": 11396,
        "sim_time_s": 1123.7,
        "tier": "track-zone",
        "prearm_status": "",
        "focus_role": "none"
      }
    },
    {
      "type": "Feature",
      "geometry": {
        "type": "Point",
        "coordinates": [
          500129.8752796224,
          6966440.42524206
        ]
      },
      "properties": {
        "junction_id": 1043762,
        "veh_id": 11414,
        "sim_time_s": 1123.7,
        "tier": "track-zone",
        "prearm_status": "",
        "focus_role": "none"
      }
    },
    {
      "type": "Feature",
      "geometry": {
        "type": "Point",
        "coordinates": [
          500013.6263605816,
          6966665.341574262
        ]
      },
      "properties": {
        "junction_id": 39569,
        "veh_id": 11422,
        "sim_time_s": 1123.7,
        "tier": "track-zone",
        "prearm_status": "",
        "focus_role": "none"
      }
    },
    {
      "type": "Feature",
      "geometry": {
        "type": "Point",
        "coordinates": [
          500690.1347179498,
          6964546.837238309
        ]
      },
      "properties": {
        "junction_id": 39590,
        "veh_id": 11384,
        "sim_time_s": 1127.7,
        "tier": "track-zone",
        "prearm_status": "",
        "focus_role": "none"
      }
    },
    {
      "type": "Feature",
      "geometry": {
        "type": "Point",
        "coordinates": [
          0.0,
          0.0
        ]
      },
      "properties": {
        "junction_id": 36385,
        "veh_id": 11432,
        "sim_time_s": 1133.1,
        "tier": "harmony-ins-local",
        "prearm_status": "action",
        "focus_role": "none"
      }
    },
    {
      "type": "Feature",
      "geometry": {
        "type": "Point",
        "coordinates": [
          500753.31901714124,
          6964359.2881845655
        ]
      },
      "properties": {
        "junction_id": 39590,
        "veh_id": 11421,
        "sim_time_s": 1142.5,
        "tier": "IC-detect",
        "prearm_status": "",
        "focus_role": "none"
      }
    },
    {
      "type": "Feature",
      "geometry": {
        "type": "Point",
        "coordinates": [
          500748.30653848685,
          6964371.815302997
        ]
      },
      "properties": {
        "junction_id": 39590,
        "veh_id": 11413,
        "sim_time_s": 1143.9,
        "tier": "IC-detect-far",
        "prearm_status": "",
        "focus_role": "none"
      }
    },
    {
      "type": "Feature",
      "geometry": {
        "type": "Point",
        "coordinates": [
          0.0,
          0.0
        ]
      },
      "properties": {
        "junction_id": 36393,
        "veh_id": 11397,
        "sim_time_s": 1146.6,
        "tier": "harmony-no-ge-local",
        "prearm_status": "skip",
        "focus_role": "none"
      }
    },
    {
      "type": "Feature",
      "geometry": {
        "type": "Point",
        "coordinates": [
          500348.86786103505,
          6966095.7380116265
        ]
      },
      "properties": {
        "junction_id": 39578,
        "veh_id": 11390,
        "sim_time_s": 1149.3,
        "tier": "track-section",
        "prearm_status": "",
        "focus_role": "none"
      }
    },
    {
      "type": "Feature",
      "geometry": {
        "type": "Point",
        "coordinates": [
          500682.9943120354,
          6965103.4952050485
        ]
      },
      "properties": {
        "junction_id": 10157950,
        "veh_id": 11432,
        "sim_time_s": 1152.0,
        "tier": "track-zone",
        "prearm_status": "",
        "focus_role": "none"
      }
    },
    {
      "type": "Feature",
      "geometry": {
        "type": "Point",
        "coordinates": [
          0.0,
          0.0
        ]
      },
      "properties": {
        "junction_id": 39593,
        "veh_id": 11432,
        "sim_time_s": 1154.7,
        "tier": "harmony-ins-local",
        "prearm_status": "action",
        "focus_role": "none"
      }
    },
    {
      "type": "Feature",
      "geometry": {
        "type": "Point",
        "coordinates": [
          500659.1834558381,
          6965188.194324685
        ]
      },
      "properties": {
        "junction_id": 1119660,
        "veh_id": 11432,
        "sim_time_s": 1157.4,
        "tier": "track-zone",
        "prearm_status": "",
        "focus_role": "none"
      }
    },
    {
      "type": "Feature",
      "geometry": {
        "type": "Point",
        "coordinates": [
          500635.4997650174,
          6965241.589944059
        ]
      },
      "properties": {
        "junction_id": 39587,
        "veh_id": 11432,
        "sim_time_s": 1161.5,
        "tier": "track-zone",
        "prearm_status": "",
        "focus_role": "none"
      }
    },
    {
      "type": "Feature",
      "geometry": {
        "type": "Point",
        "coordinates": [
          0.0,
          0.0
        ]
      },
      "properties": {
        "junction_id": 39578,
        "veh_id": 11390,
        "sim_time_s": 1165.5,
        "tier": "harmony-no-ge-local",
        "prearm_status": "skip",
        "focus_role": "none"
      }
    },
    {
      "type": "Feature",
      "geometry": {
        "type": "Point",
        "coordinates": [
          0.0,
          0.0
        ]
      },
      "properties": {
        "junction_id": 39587,
        "veh_id": 11396,
        "sim_time_s": 1166.8,
        "tier": "harmony-no-ge-local",
        "prearm_status": "skip",
        "focus_role": "none"
      }
    },
    {
      "type": "Feature",
      "geometry": {
        "type": "Point",
        "coordinates": [
          0.0,
          0.0
        ]
      },
      "properties": {
        "junction_id": 1043762,
        "veh_id": 11414,
        "sim_time_s": 1168.2,
        "tier": "harmony-no-ge-local",
        "prearm_status": "skip",
        "focus_role": "none"
      }
    },
    {
      "type": "Feature",
      "geometry": {
        "type": "Point",
        "coordinates": [
          0.0,
          0.0
        ]
      },
      "properties": {
        "junction_id": 39590,
        "veh_id": 11421,
        "sim_time_s": 1172.2,
        "tier": "harmony-no-ge-local",
        "prearm_status": "skip",
        "focus_role": "none"
      }
    },
    {
      "type": "Feature",
      "geometry": {
        "type": "Point",
        "coordinates": [
          500608.298053683,
          6965411.636620756
        ]
      },
      "properties": {
        "junction_id": 39593,
        "veh_id": 11396,
        "sim_time_s": 1173.6,
        "tier": "track-zone",
        "prearm_status": "",
        "focus_role": "none"
      }
    },
    {
      "type": "Feature",
      "geometry": {
        "type": "Point",
        "coordinates": [
          500608.22722994216,
          6965401.169830682
        ]
      },
      "properties": {
        "junction_id": 39593,
        "veh_id": 11389,
        "sim_time_s": 1175.0,
        "tier": "track-zone",
        "prearm_status": "",
        "focus_role": "none"
      }
    },
    {
      "type": "Feature",
      "geometry": {
        "type": "Point",
        "coordinates": [
          0.0,
          0.0
        ]
      },
      "properties": {
        "junction_id": 39587,
        "veh_id": 11432,
        "sim_time_s": 1175.0,
        "tier": "harmony-no-ge-local",
        "prearm_status": "skip",
        "focus_role": "none"
      }
    },
    {
      "type": "Feature",
      "geometry": {
        "type": "Point",
        "coordinates": [
          500572.3331204296,
          6965469.473754492
        ]
      },
      "properties": {
        "junction_id": 39576,
        "veh_id": 11432,
        "sim_time_s": 1176.3,
        "tier": "track-zone",
        "prearm_status": "",
        "focus_role": "none"
      }
    },
    {
      "type": "Feature",
      "geometry": {
        "type": "Point",
        "coordinates": [
          500526.988125524,
          6965930.38040754
        ]
      },
      "properties": {
        "junction_id": 39576,
        "veh_id": 11390,
        "sim_time_s": 1179.0,
        "tier": "track-zone",
        "prearm_status": "",
        "focus_role": "none"
      }
    },
    {
      "type": "Feature",
      "geometry": {
        "type": "Point",
        "coordinates": [
          0.0,
          0.0
        ]
      },
      "properties": {
        "junction_id": 39569,
        "veh_id": 11422,
        "sim_time_s": 1180.3,
        "tier": "harmony-ins-local",
        "prearm_status": "action",
        "focus_role": "none"
      }
    },
    {
      "type": "Feature",
      "geometry": {
        "type": "Point",
        "coordinates": [
          500130.9917767625,
          6966433.621695063
        ]
      },
      "properties": {
        "junction_id": 1043762,
        "veh_id": 11422,
        "sim_time_s": 1184.4,
        "tier": "track-zone",
        "prearm_status": "",
        "focus_role": "none"
      }
    },
    {
      "type": "Feature",
      "geometry": {
        "type": "Point",
        "coordinates": [
          0.0,
          0.0
        ]
      },
      "properties": {
        "junction_id": 39590,
        "veh_id": 11413,
        "sim_time_s": 1184.4,
        "tier": "harmony-no-ge-local",
        "prearm_status": "skip",
        "focus_role": "none"
      }
    },
    {
      "type": "Feature",
      "geometry": {
        "type": "Point",
        "coordinates": [
          500649.5800176248,
          6965253.506870899
        ]
      },
      "properties": {
        "junction_id": 36385,
        "veh_id": 11396,
        "sim_time_s": 1185.8,
        "tier": "track-zone",
        "prearm_status": "",
        "focus_role": "none"
      }
    },
    {
      "type": "Feature",
      "geometry": {
        "type": "Point",
        "coordinates": [
          500650.6861586678,
          6965243.9003479285
        ]
      },
      "properties": {
        "junction_id": 36385,
        "veh_id": 11389,
        "sim_time_s": 1187.1,
        "tier": "track-zone",
        "prearm_status": "",
        "focus_role": "none"
      }
    },
    {
      "type": "Feature",
      "geometry": {
        "type": "Point",
        "coordinates": [
          0.0,
          0.0
        ]
      },
      "properties": {
        "junction_id": 39606,
        "veh_id": 11421,
        "sim_time_s": 1188.5,
        "tier": "harmony-no-ge-local",
        "prearm_status": "skip",
        "focus_role": "none"
      }
    },
    {
      "type": "Feature",
      "geometry": {
        "type": "Point",
        "coordinates": [
          0.0,
          0.0
        ]
      },
      "properties": {
        "junction_id": 39576,
        "veh_id": 11432,
        "sim_time_s": 1192.5,
        "tier": "harmony-no-ge-local",
        "prearm_status": "skip",
        "focus_role": "none"
      }
    },
    {
      "type": "Feature",
      "geometry": {
        "type": "Point",
        "coordinates": [
          500491.96030506125,
          6965692.527364097
        ]
      },
      "properties": {
        "junction_id": 39578,
        "veh_id": 11432,
        "sim_time_s": 1195.2,
        "tier": "track-zone",
        "prearm_status": "",
        "focus_role": "none"
      }
    },
    {
      "type": "Feature",
      "geometry": {
        "type": "Point",
        "coordinates": [
          0.0,
          0.0
        ]
      },
      "properties": {
        "junction_id": 1043762,
        "veh_id": 11422,
        "sim_time_s": 1196.5,
        "tier": "harmony-no-ge-local",
        "prearm_status": "skip",
        "focus_role": "none"
      }
    },
    {
      "type": "Feature",
      "geometry": {
        "type": "Point",
        "coordinates": [
          500506.71044710005,
          6965700.082110495
        ]
      },
      "properties": {
        "junction_id": 39587,
        "veh_id": 11390,
        "sim_time_s": 1197.9,
        "tier": "track-zone",
        "prearm_status": "",
        "focus_role": "none"
      }
    },
    {
      "type": "Feature",
      "geometry": {
        "type": "Point",
        "coordinates": [
          500730.6932495437,
          6964408.0713698035
        ]
      },
      "properties": {
        "junction_id": 39606,
        "veh_id": 11384,
        "sim_time_s": 1199.2,
        "tier": "track-zone",
        "prearm_status": "",
        "focus_role": "none"
      }
    },
    {
      "type": "Feature",
      "geometry": {
        "type": "Point",
        "coordinates": [
          500131.8920641471,
          6965614.8309371555
        ]
      },
      "properties": {
        "junction_id": 39576,
        "veh_id": 11403,
        "sim_time_s": 1200.2,
        "tier": "IC-detect",
        "prearm_status": "",
        "focus_role": "none"
      }
    },
    {
      "type": "Feature",
      "geometry": {
        "type": "Point",
        "coordinates": [
          500512.43040242966,
          6965648.365282056
        ]
      },
      "properties": {
        "junction_id": 1119660,
        "veh_id": 11390,
        "sim_time_s": 1202.0,
        "tier": "track-zone",
        "prearm_status": "",
        "focus_role": "none"
      }
    },
    {
      "type": "Feature",
      "geometry": {
        "type": "Point",
        "coordinates": [
          0.0,
          0.0
        ]
      },
      "properties": {
        "junction_id": 39590,
        "veh_id": 11384,
        "sim_time_s": 1206.0,
        "tier": "harmony-no-ge-local",
        "prearm_status": "skip",
        "focus_role": "none"
      }
    },
    {
      "type": "Feature",
      "geometry": {
        "type": "Point",
        "coordinates": [
          500360.4186841336,
          6966093.272659461
        ]
      },
      "properties": {
        "junction_id": 39578,
        "veh_id": 11414,
        "sim_time_s": 1207.3,
        "tier": "track-section",
        "prearm_status": "",
        "focus_role": "none"
      }
    },
    {
      "type": "Feature",
      "geometry": {
        "type": "Point",
        "coordinates": [
          500547.6025962508,
          6965565.399545315
        ]
      },
      "properties": {
        "junction_id": 10157950,
        "veh_id": 11390,
        "sim_time_s": 1208.7,
        "tier": "track-zone",
        "prearm_status": "",
        "focus_role": "none"
      }
    },
    {
      "type": "Feature",
      "geometry": {
        "type": "Point",
        "coordinates": [
          500352.15679954534,
          6966096.628103015
        ]
      },
      "properties": {
        "junction_id": 39578,
        "veh_id": 11422,
        "sim_time_s": 1210.0,
        "tier": "track-section",
        "prearm_status": "",
        "focus_role": "none"
      }
    },
    {
      "type": "Feature",
      "geometry": {
        "type": "Point",
        "coordinates": [
          500910.9024443811,
          6964141.425803353
        ]
      },
      "properties": {
        "junction_id": 39606,
        "veh_id": 11413,
        "sim_time_s": 1215.5,
        "tier": "IC-detect-far",
        "prearm_status": "",
        "focus_role": "none"
      }
    },
    {
      "type": "Feature",
      "geometry": {
        "type": "Point",
        "coordinates": [
          500689.18086908886,
          6964559.781583168
        ]
      },
      "properties": {
        "junction_id": 39590,
        "veh_id": 11397,
        "sim_time_s": 1223.5,
        "tier": "track-zone",
        "prearm_status": "",
        "focus_role": "none"
      }
    },
    {
      "type": "Feature",
      "geometry": {
        "type": "Point",
        "coordinates": [
          0.0,
          0.0
        ]
      },
      "properties": {
        "junction_id": 39578,
        "veh_id": 11422,
        "sim_time_s": 1223.5,
        "tier": "harmony-no-ge-local",
        "prearm_status": "skip",
        "focus_role": "none"
      }
    },
    {
      "type": "Feature",
      "geometry": {
        "type": "Point",
        "coordinates": [
          500526.0849820198,
          6965939.965065323
        ]
      },
      "properties": {
        "junction_id": 39576,
        "veh_id": 11422,
        "sim_time_s": 1224.9,
        "tier": "track-zone",
        "prearm_status": "",
        "focus_role": "none"
      }
    },
    {
      "type": "Feature",
      "geometry": {
        "type": "Point",
        "coordinates": [
          0.0,
          0.0
        ]
      },
      "properties": {
        "junction_id": 39578,
        "veh_id": 11432,
        "sim_time_s": 1234.3,
        "tier": "harmony-no-ge-local",
        "prearm_status": "skip",
        "focus_role": "none"
      }
    },
    {
      "type": "Feature",
      "geometry": {
        "type": "Point",
        "coordinates": [
          500530.6525374512,
          6965937.416907231
        ]
      },
      "properties": {
        "junction_id": 39576,
        "veh_id": 11414,
        "sim_time_s": 1243.8,
        "tier": "track-zone",
        "prearm_status": "",
        "focus_role": "none"
      }
    },
    {
      "type": "Feature",
      "geometry": {
        "type": "Point",
        "coordinates": [
          0.0,
          0.0
        ]
      },
      "properties": {
        "junction_id": 39576,
        "veh_id": 11422,
        "sim_time_s": 1245.2,
        "tier": "harmony-ins-local",
        "prearm_status": "action",
        "focus_role": "none"
      }
    },
    {
      "type": "Feature",
      "geometry": {
        "type": "Point",
        "coordinates": [
          500395.9806630396,
          6966045.348271234
        ]
      },
      "properties": {
        "junction_id": 1043762,
        "veh_id": 11432,
        "sim_time_s": 1246.5,
        "tier": "track-zone",
        "prearm_status": "",
        "focus_role": "none"
      }
    },
    {
      "type": "Feature",
      "geometry": {
        "type": "Point",
        "coordinates": [
          0.0,
          0.0
        ]
      },
      "properties": {
        "junction_id": 39606,
        "veh_id": 11384,
        "sim_time_s": 1247.8,
        "tier": "harmony-ins-local",
        "prearm_status": "action",
        "focus_role": "none"
      }
    },
    {
      "type": "Feature",
      "geometry": {
        "type": "Point",
        "coordinates": [
          0.0,
          0.0
        ]
      },
      "properties": {
        "junction_id": 36385,
        "veh_id": 11389,
        "sim_time_s": 1250.5,
        "tier": "harmony-no-ge-local",
        "prearm_status": "skip",
        "focus_role": "none"
      }
    },
    {
      "type": "Feature",
      "geometry": {
        "type": "Point",
        "coordinates": [
          500730.98876131483,
          6964407.325783888
        ]
      },
      "properties": {
        "junction_id": 39606,
        "veh_id": 11397,
        "sim_time_s": 1254.6,
        "tier": "track-zone",
        "prearm_status": "",
        "focus_role": "none"
      }
    },
    {
      "type": "Feature",
      "geometry": {
        "type": "Point",
        "coordinates": [
          0.0,
          0.0
        ]
      },
      "properties": {
        "junction_id": 36385,
        "veh_id": 11396,
        "sim_time_s": 1254.6,
        "tier": "harmony-no-ge-local",
        "prearm_status": "skip",
        "focus_role": "none"
      }
    },
    {
      "type": "Feature",
      "geometry": {
        "type": "Point",
        "coordinates": [
          500726.01433597266,
          6964991.5231895335
        ]
      },
      "properties": {
        "junction_id": 36393,
        "veh_id": 11389,
        "sim_time_s": 1256.0,
        "tier": "track-zone",
        "prearm_status": "",
        "focus_role": "none"
      }
    },
    {
      "type": "Feature",
      "geometry": {
        "type": "Point",
        "coordinates": [
          0.0,
          0.0
        ]
      },
      "properties": {
        "junction_id": 39587,
        "veh_id": 11390,
        "sim_time_s": 1256.0,
        "tier": "harmony-no-ge-local",
        "prearm_status": "skip",
        "focus_role": "none"
      }
    },
    {
      "type": "Feature",
      "geometry": {
        "type": "Point",
        "coordinates": [
          500946.97228876385,
          6964034.668682542
        ]
      },
      "properties": {
        "junction_id": 39606,
        "veh_id": 11386,
        "sim_time_s": 1260.0,
        "tier": "track-section",
        "prearm_status": "",
        "focus_role": "none"
      }
    },
    {
      "type": "Feature",
      "geometry": {
        "type": "Point",
        "coordinates": [
          500728.94741790905,
          6964996.4536729595
        ]
      },
      "properties": {
        "junction_id": 36393,
        "veh_id": 11396,
        "sim_time_s": 1260.0,
        "tier": "track-zone",
        "prearm_status": "",
        "focus_role": "none"
      }
    },
    {
      "type": "Feature",
      "geometry": {
        "type": "Point",
        "coordinates": [
          0.0,
          0.0
        ]
      },
      "properties": {
        "junction_id": 1043762,
        "veh_id": 11432,
        "sim_time_s": 1260.0,
        "tier": "harmony-no-ge-local",
        "prearm_status": "skip",
        "focus_role": "none"
      }
    },
    {
      "type": "Feature",
      "geometry": {
        "type": "Point",
        "coordinates": [
          500456.17184762674,
          6965696.466155421
        ]
      },
      "properties": {
        "junction_id": 39578,
        "veh_id": 11403,
        "sim_time_s": 1261.3,
        "tier": "track-zone",
        "prearm_status": "",
        "focus_role": "none"
      }
    },
    {
      "type": "Feature",
      "geometry": {
        "type": "Point",
        "coordinates": [
          500229.4112753115,
          6966238.685292919
        ]
      },
      "properties": {
        "junction_id": 39569,
        "veh_id": 11432,
        "sim_time_s": 1262.7,
        "tier": "track-zone",
        "prearm_status": "",
        "focus_role": "none"
      }
    },
    {
      "type": "Feature",
      "geometry": {
        "type": "Point",
        "coordinates": [
          500606.9405421231,
          6965405.310483275
        ]
      },
      "properties": {
        "junction_id": 39593,
        "veh_id": 11390,
        "sim_time_s": 1265.4,
        "tier": "track-zone",
        "prearm_status": "",
        "focus_role": "none"
      }
    },
    {
      "type": "Feature",
      "geometry": {
        "type": "Point",
        "coordinates": [
          500882.2469921606,
          6964126.204717517
        ]
      },
      "properties": {
        "junction_id": 39590,
        "veh_id": 11386,
        "sim_time_s": 1266.8,
        "tier": "track-zone",
        "prearm_status": "",
        "focus_role": "none"
      }
    },
    {
      "type": "Feature",
      "geometry": {
        "type": "Point",
        "coordinates": [
          500646.7424421312,
          6965252.356269417
        ]
      },
      "properties": {
        "junction_id": 36385,
        "veh_id": 11390,
        "sim_time_s": 1277.5,
        "tier": "track-zone",
        "prearm_status": "",
        "focus_role": "none"
      }
    },
    {
      "type": "Feature",
      "geometry": {
        "type": "Point",
        "coordinates": [
          0.0,
          0.0
        ]
      },
      "properties": {
        "junction_id": 39569,
        "veh_id": 11432,
        "sim_time_s": 1277.5,
        "tier": "harmony-no-ge-local",
        "prearm_status": "skip",
        "focus_role": "none"
      }
    },
    {
      "type": "Feature",
      "geometry": {
        "type": "Point",
        "coordinates": [
          500118.9484924565,
          6966430.860437454
        ]
      },
      "properties": {
        "junction_id": 39572,
        "veh_id": 11432,
        "sim_time_s": 1280.2,
        "tier": "track-zone",
        "prearm_status": "",
        "focus_role": "none"
      }
    },
    {
      "type": "Feature",
      "geometry": {
        "type": "Point",
        "coordinates": [
          0.0,
          0.0
        ]
      },
      "properties": {
        "junction_id": 36393,
        "veh_id": 11396,
        "sim_time_s": 1280.2,
        "tier": "harmony-no-ge-local",
        "prearm_status": "skip",
        "focus_role": "none"
      }
    },
    {
      "type": "Feature",
      "geometry": {
        "type": "Point",
        "coordinates": [
          500512.25103082,
          6965710.267886019
        ]
      },
      "properties": {
        "junction_id": 39587,
        "veh_id": 11422,
        "sim_time_s": 1289.7,
        "tier": "track-zone",
        "prearm_status": "",
        "focus_role": "none"
      }
    },
    {
      "type": "Feature",
      "geometry": {
        "type": "Point",
        "coordinates": [
          0.0,
          0.0
        ]
      },
      "properties": {
        "junction_id": 39593,
        "veh_id": 11390,
        "sim_time_s": 1289.7,
        "tier": "harmony-no-ge-local",
        "prearm_status": "skip",
        "focus_role": "none"
      }
    },
    {
      "type": "Feature",
      "geometry": {
        "type": "Point",
        "coordinates": [
          500512.4100783355,
          6965708.3034073645
        ]
      },
      "properties": {
        "junction_id": 39587,
        "veh_id": 11414,
        "sim_time_s": 1295.1,
        "tier": "track-zone",
        "prearm_status": "",
        "focus_role": "none"
      }
    },
    {
      "type": "Feature",
      "geometry": {
        "type": "Point",
        "coordinates": [
          500519.6221210519,
          6965644.892833791
        ]
      },
      "properties": {
        "junction_id": 1119660,
        "veh_id": 11422,
        "sim_time_s": 1296.5,
        "tier": "track-zone",
        "prearm_status": "",
        "focus_role": "none"
      }
    },
    {
      "type": "Feature",
      "geometry": {
        "type": "Point",
        "coordinates": [
          500686.570080639,
          6964553.899675005
        ]
      },
      "properties": {
        "junction_id": 39590,
        "veh_id": 11389,
        "sim_time_s": 1299.2,
        "tier": "track-zone",
        "prearm_status": "",
        "focus_role": "none"
      }
    },
    {
      "type": "Feature",
      "geometry": {
        "type": "Point",
        "coordinates": [
          500689.3242235691,
          6964555.766930993
        ]
      },
      "properties": {
        "junction_id": 39590,
        "veh_id": 11396,
        "sim_time_s": 1300.5,
        "tier": "track-zone",
        "prearm_status": "",
        "focus_role": "none"
      }
    },
    {
      "type": "Feature",
      "geometry": {
        "type": "Point",
        "coordinates": [
          500518.20356758713,
          6965649.999686523
        ]
      },
      "properties": {
        "junction_id": 1119660,
        "veh_id": 11414,
        "sim_time_s": 1301.8,
        "tier": "track-zone",
        "prearm_status": "",
        "focus_role": "none"
      }
    },
    {
      "type": "Feature",
      "geometry": {
        "type": "Point",
        "coordinates": [
          500552.60387449624,
          6965568.596352391
        ]
      },
      "properties": {
        "junction_id": 10157950,
        "veh_id": 11422,
        "sim_time_s": 1304.5,
        "tier": "track-zone",
        "prearm_status": "",
        "focus_role": "none"
      }
    },
    {
      "type": "Feature",
      "geometry": {
        "type": "Point",
        "coordinates": [
          500551.32731543883,
          6965571.653403361
        ]
      },
      "properties": {
        "junction_id": 10157950,
        "veh_id": 11414,
        "sim_time_s": 1315.3,
        "tier": "track-zone",
        "prearm_status": "",
        "focus_role": "none"
      }
    },
    {
      "type": "Feature",
      "geometry": {
        "type": "Point",
        "coordinates": [
          0.0,
          0.0
        ]
      },
      "properties": {
        "junction_id": 39590,
        "veh_id": 11397,
        "sim_time_s": 1315.3,
        "tier": "harmony-no-ge-local",
        "prearm_status": "skip",
        "focus_role": "none"
      }
    },
    {
      "type": "Feature",
      "geometry": {
        "type": "Point",
        "coordinates": [
          0.0,
          0.0
        ]
      },
      "properties": {
        "junction_id": 39576,
        "veh_id": 11403,
        "sim_time_s": 1315.3,
        "tier": "harmony-no-ge-local",
        "prearm_status": "skip",
        "focus_role": "none"
      }
    },
    {
      "type": "Feature",
      "geometry": {
        "type": "Point",
        "coordinates": [
          0.0,
          0.0
        ]
      },
      "properties": {
        "junction_id": 39606,
        "veh_id": 11397,
        "sim_time_s": 1331.5,
        "tier": "harmony-no-ge-local",
        "prearm_status": "skip",
        "focus_role": "none"
      }
    },
    {
      "type": "Feature",
      "geometry": {
        "type": "Point",
        "coordinates": [
          500678.06667987513,
          6964508.577631481
        ]
      },
      "properties": {
        "junction_id": 36393,
        "veh_id": 11386,
        "sim_time_s": 1334.2,
        "tier": "track-zone",
        "prearm_status": "",
        "focus_role": "none"
      }
    },
    {
      "type": "Feature",
      "geometry": {
        "type": "Point",
        "coordinates": [
          500496.4536563365,
          6965703.100322764
        ]
      },
      "properties": {
        "junction_id": 39587,
        "veh_id": 11403,
        "sim_time_s": 1349.1,
        "tier": "track-zone",
        "prearm_status": "",
        "focus_role": "none"
      }
    },
    {
      "type": "Feature",
      "geometry": {
        "type": "Point",
        "coordinates": [
          500946.97228876385,
          6964034.668682542
        ]
      },
      "properties": {
        "junction_id": 39606,
        "veh_id": 11433,
        "sim_time_s": 1350.0,
        "tier": "IC-detect",
        "prearm_status": "",
        "focus_role": "none"
      }
    },
    {
      "type": "Feature",
      "geometry": {
        "type": "Point",
        "coordinates": [
          500519.9017509634,
          6965644.0264203595
        ]
      },
      "properties": {
        "junction_id": 1119660,
        "veh_id": 11403,
        "sim_time_s": 1355.8,
        "tier": "track-zone",
        "prearm_status": "",
        "focus_role": "none"
      }
    },
    {
      "type": "Feature",
      "geometry": {
        "type": "Point",
        "coordinates": [
          500079.36457035504,
          6966482.884194724
        ]
      },
      "properties": {
        "junction_id": 39568,
        "veh_id": 11432,
        "sim_time_s": 1355.8,
        "tier": "track-zone",
        "prearm_status": "",
        "focus_role": "none"
      }
    },
    {
      "type": "Feature",
      "geometry": {
        "type": "Point",
        "coordinates": [
          500892.1167463792,
          6964115.107420867
        ]
      },
      "properties": {
        "junction_id": 39590,
        "veh_id": 11433,
        "sim_time_s": 1355.8,
        "tier": "track-zone",
        "prearm_status": "",
        "focus_role": "none"
      }
    },
    {
      "type": "Feature",
      "geometry": {
        "type": "Point",
        "coordinates": [
          0.0,
          0.0
        ]
      },
      "properties": {
        "junction_id": 39606,
        "veh_id": 11433,
        "sim_time_s": 1359.9,
        "tier": "harmony-no-ge-local",
        "prearm_status": "skip",
        "focus_role": "none"
      }
    },
    {
      "type": "Feature",
      "geometry": {
        "type": "Point",
        "coordinates": [
          500558.47980652866,
          6965556.130357702
        ]
      },
      "properties": {
        "junction_id": 39576,
        "veh_id": 11414,
        "sim_time_s": 1365.3,
        "tier": "track-zone",
        "prearm_status": "",
        "focus_role": "none"
      }
    },
    {
      "type": "Feature",
      "geometry": {
        "type": "Point",
        "coordinates": [
          0.0,
          0.0
        ]
      },
      "properties": {
        "junction_id": 39587,
        "veh_id": 11422,
        "sim_time_s": 1365.3,
        "tier": "harmony-no-ge-local",
        "prearm_status": "skip",
        "focus_role": "none"
      }
    },
    {
      "type": "Feature",
      "geometry": {
        "type": "Point",
        "coordinates": [
          500730.73162234743,
          6964407.817126687
        ]
      },
      "properties": {
        "junction_id": 39606,
        "veh_id": 11396,
        "sim_time_s": 1368.0,
        "tier": "track-zone",
        "prearm_status": "",
        "focus_role": "none"
      }
    },
    {
      "type": "Feature",
      "geometry": {
        "type": "Point",
        "coordinates": [
          500726.6170178113,
          6964410.178887965
        ]
      },
      "properties": {
        "junction_id": 39606,
        "veh_id": 11389,
        "sim_time_s": 1369.3,
        "tier": "track-zone",
        "prearm_status": "",
        "focus_role": "none"
      }
    },
    {
      "type": "Feature",
      "geometry": {
        "type": "Point",
        "coordinates": [
          500087.5621151167,
          6967505.674223648
        ]
      },
      "properties": {
        "junction_id": 38339,
        "veh_id": 11423,
        "sim_time_s": 1370.2,
        "tier": "IC-detect",
        "prearm_status": "",
        "focus_role": "none"
      }
    },
    {
      "type": "Feature",
      "geometry": {
        "type": "Point",
        "coordinates": [
          0.0,
          0.0
        ]
      },
      "properties": {
        "junction_id": 39587,
        "veh_id": 11414,
        "sim_time_s": 1372.0,
        "tier": "harmony-no-ge-local",
        "prearm_status": "skip",
        "focus_role": "none"
      }
    },
    {
      "type": "Feature",
      "geometry": {
        "type": "Point",
        "coordinates": [
          500609.1371434109,
          6965408.615844709
        ]
      },
      "properties": {
        "junction_id": 39593,
        "veh_id": 11422,
        "sim_time_s": 1373.4,
        "tier": "track-zone",
        "prearm_status": "",
        "focus_role": "none"
      }
    },
    {
      "type": "Feature",
      "geometry": {
        "type": "Point",
        "coordinates": [
          0.0,
          0.0
        ]
      },
      "properties": {
        "junction_id": 39572,
        "veh_id": 11432,
        "sim_time_s": 1378.8,
        "tier": "harmony-ins-local",
        "prearm_status": "action",
        "focus_role": "none"
      }
    },
    {
      "type": "Feature",
      "geometry": {
        "type": "Point",
        "coordinates": [
          500555.71928986796,
          6965561.835987261
        ]
      },
      "properties": {
        "junction_id": 10157950,
        "veh_id": 11403,
        "sim_time_s": 1382.8,
        "tier": "track-zone",
        "prearm_status": "",
        "focus_role": "none"
      }
    },
    {
      "type": "Feature",
      "geometry": {
        "type": "Point",
        "coordinates": [
          0.0,
          0.0
        ]
      },
      "properties": {
        "junction_id": 39590,
        "veh_id": 11433,
        "sim_time_s": 1384.2,
        "tier": "harmony-ins-local",
        "prearm_status": "action",
        "focus_role": "none"
      }
    },
    {
      "type": "Feature",
      "geometry": {
        "type": "Point",
        "coordinates": [
          500647.6719601036,
          6965257.849627447
        ]
      },
      "properties": {
        "junction_id": 36385,
        "veh_id": 11422,
        "sim_time_s": 1386.9,
        "tier": "track-zone",
        "prearm_status": "",
        "focus_role": "none"
      }
    },
    {
      "type": "Feature",
      "geometry": {
        "type": "Point",
        "coordinates": [
          500764.21843131364,
          6964283.7315787105
        ]
      },
      "properties": {
        "junction_id": 36393,
        "veh_id": 11433,
        "sim_time_s": 1387.3,
        "tier": "coord-prearm-harmony/SHOCKWAVE",
        "prearm_status": "fired",
        "focus_role": "none"
      }
    },
    {
      "type": "Feature",
      "geometry": {
        "type": "Point",
        "coordinates": [
          0.0,
          0.0
        ]
      },
      "properties": {
        "junction_id": 36393,
        "veh_id": 11433,
        "sim_time_s": 1387.8,
        "tier": "harmony-no-ge-local",
        "prearm_status": "skip",
        "focus_role": "none"
      }
    },
    {
      "type": "Feature",
      "geometry": {
        "type": "Point",
        "coordinates": [
          0.0,
          0.0
        ]
      },
      "properties": {
        "junction_id": 36393,
        "veh_id": 11386,
        "sim_time_s": 1392.3,
        "tier": "harmony-no-ge-local",
        "prearm_status": "skip",
        "focus_role": "none"
      }
    },
    {
      "type": "Feature",
      "geometry": {
        "type": "Point",
        "coordinates": [
          500716.0516989623,
          6965084.043922395
        ]
      },
      "properties": {
        "junction_id": 36385,
        "veh_id": 11390,
        "sim_time_s": 1397.7,
        "tier": "IC-detect-far",
        "prearm_status": "",
        "focus_role": "none"
      }
    },
    {
      "type": "Feature",
      "geometry": {
        "type": "Point",
        "coordinates": [
          500682.86772736657,
          6964783.972332028
        ]
      },
      "properties": {
        "junction_id": 36385,
        "veh_id": 11386,
        "sim_time_s": 1399.0,
        "tier": "track-zone",
        "prearm_status": "",
        "focus_role": "none"
      }
    },
    {
      "type": "Feature",
      "geometry": {
        "type": "Point",
        "coordinates": [
          500018.1299950597,
          6966619.944438068
        ]
      },
      "properties": {
        "junction_id": 11118289,
        "veh_id": 11432,
        "sim_time_s": 1399.0,
        "tier": "track-zone",
        "prearm_status": "",
        "focus_role": "none"
      }
    },
    {
      "type": "Feature",
      "geometry": {
        "type": "Point",
        "coordinates": [
          0.0,
          0.0
        ]
      },
      "properties": {
        "junction_id": 39587,
        "veh_id": 11403,
        "sim_time_s": 1403.1,
        "tier": "harmony-ins-local",
        "prearm_status": "action",
        "focus_role": "none"
      }
    },
    {
      "type": "Feature",
      "geometry": {
        "type": "Point",
        "coordinates": [
          0.0,
          0.0
        ]
      },
      "properties": {
        "junction_id": 39606,
        "veh_id": 11389,
        "sim_time_s": 1404.5,
        "tier": "harmony-ins-local",
        "prearm_status": "action",
        "focus_role": "none"
      }
    },
    {
      "type": "Feature",
      "geometry": {
        "type": "Point",
        "coordinates": [
          500611.68582187244,
          6965399.4369181385
        ]
      },
      "properties": {
        "junction_id": 39593,
        "veh_id": 11414,
        "sim_time_s": 1405.8,
        "tier": "track-zone",
        "prearm_status": "",
        "focus_role": "none"
      }
    },
    {
      "type": "Feature",
      "geometry": {
        "type": "Point",
        "coordinates": [
          0.0,
          0.0
        ]
      },
      "properties": {
        "junction_id": 36385,
        "veh_id": 11390,
        "sim_time_s": 1411.2,
        "tier": "harmony-no-ge-local",
        "prearm_status": "skip",
        "focus_role": "none"
      }
    },
    {
      "type": "Feature",
      "geometry": {
        "type": "Point",
        "coordinates": [
          500704.0552771193,
          6964928.590205931
        ]
      },
      "properties": {
        "junction_id": 39593,
        "veh_id": 11386,
        "sim_time_s": 1413.9,
        "tier": "track-zone",
        "prearm_status": "",
        "focus_role": "none"
      }
    },
    {
      "type": "Feature",
      "geometry": {
        "type": "Point",
        "coordinates": [
          500728.96172365994,
          6965001.650222795
        ]
      },
      "properties": {
        "junction_id": 36393,
        "veh_id": 11390,
        "sim_time_s": 1415.2,
        "tier": "track-zone",
        "prearm_status": "",
        "focus_role": "none"
      }
    },
    {
      "type": "Feature",
      "geometry": {
        "type": "Point",
        "coordinates": [
          500659.4643287125,
          6965231.638906194
        ]
      },
      "properties": {
        "junction_id": 1119660,
        "veh_id": 11422,
        "sim_time_s": 1418.0,
        "tier": "track-zone",
        "prearm_status": "",
        "focus_role": "none"
      }
    },
    {
      "type": "Feature",
      "geometry": {
        "type": "Point",
        "coordinates": [
          500641.72365660424,
          6965265.126819165
        ]
      },
      "properties": {
        "junction_id": 1119660,
        "veh_id": 11414,
        "sim_time_s": 1423.3,
        "tier": "track-zone",
        "prearm_status": "",
        "focus_role": "none"
      }
    },
    {
      "type": "Feature",
      "geometry": {
        "type": "Point",
        "coordinates": [
          0.0,
          0.0
        ]
      },
      "properties": {
        "junction_id": 39593,
        "veh_id": 11422,
        "sim_time_s": 1423.3,
        "tier": "harmony-no-ge-local",
        "prearm_status": "skip",
        "focus_role": "none"
      }
    },
    {
      "type": "Feature",
      "geometry": {
        "type": "Point",
        "coordinates": [
          500677.343126153,
          6965195.690978119
        ]
      },
      "properties": {
        "junction_id": 10157950,
        "veh_id": 11422,
        "sim_time_s": 1426.0,
        "tier": "track-zone",
        "prearm_status": "",
        "focus_role": "none"
      }
    },
    {
      "type": "Feature",
      "geometry": {
        "type": "Point",
        "coordinates": [
          500644.9340462823,
          6965257.128388649
        ]
      },
      "properties": {
        "junction_id": 36385,
        "veh_id": 11414,
        "sim_time_s": 1430.1,
        "tier": "track-zone",
        "prearm_status": "",
        "focus_role": "none"
      }
    },
    {
      "type": "Feature",
      "geometry": {
        "type": "Point",
        "coordinates": [
          499964.57150159945,
          6967096.201613492
        ]
      },
      "properties": {
        "junction_id": 11118289,
        "veh_id": 11423,
        "sim_time_s": 1434.2,
        "tier": "track-zone",
        "prearm_status": "",
        "focus_role": "none"
      }
    },
    {
      "type": "Feature",
      "geometry": {
        "type": "Point",
        "coordinates": [
          0.0,
          0.0
        ]
      },
      "properties": {
        "junction_id": 36385,
        "veh_id": 11386,
        "sim_time_s": 1434.2,
        "tier": "harmony-no-ge-local",
        "prearm_status": "skip",
        "focus_role": "none"
      }
    },
    {
      "type": "Feature",
      "geometry": {
        "type": "Point",
        "coordinates": [
          500669.5208110384,
          6965204.917226389
        ]
      },
      "properties": {
        "junction_id": 10157950,
        "veh_id": 11414,
        "sim_time_s": 1436.8,
        "tier": "track-zone",
        "prearm_status": "",
        "focus_role": "none"
      }
    },
    {
      "type": "Feature",
      "geometry": {
        "type": "Point",
        "coordinates": [
          0.0,
          0.0
        ]
      },
      "properties": {
        "junction_id": 38339,
        "veh_id": 11423,
        "sim_time_s": 1438.2,
        "tier": "harmony-ins-local",
        "prearm_status": "action",
        "focus_role": "none"
      }
    },
    {
      "type": "Feature",
      "geometry": {
        "type": "Point",
        "coordinates": [
          0.0,
          0.0
        ]
      },
      "properties": {
        "junction_id": 39593,
        "veh_id": 11414,
        "sim_time_s": 1439.5,
        "tier": "harmony-no-ge-local",
        "prearm_status": "skip",
        "focus_role": "none"
      }
    },
    {
      "type": "Feature",
      "geometry": {
        "type": "Point",
        "coordinates": [
          499961.790300656,
          6966949.653409241
        ]
      },
      "properties": {
        "junction_id": 39568,
        "veh_id": 11423,
        "sim_time_s": 1447.7,
        "tier": "track-zone",
        "prearm_status": "",
        "focus_role": "none"
      }
    },
    {
      "type": "Feature",
      "geometry": {
        "type": "Point",
        "coordinates": [
          500680.0759035102,
          6964787.558752932
        ]
      },
      "properties": {
        "junction_id": 36385,
        "veh_id": 11433,
        "sim_time_s": 1447.7,
        "tier": "track-zone",
        "prearm_status": "",
        "focus_role": "none"
      }
    },
    {
      "type": "Feature",
      "geometry": {
        "type": "Point",
        "coordinates": [
          499963.68509059807,
          6966793.573814666
        ]
      },
      "properties": {
        "junction_id": 38339,
        "veh_id": 11432,
        "sim_time_s": 1449.0,
        "tier": "track-zone",
        "prearm_status": "",
        "focus_role": "none"
      }
    },
    {
      "type": "Feature",
      "geometry": {
        "type": "Point",
        "coordinates": [
          499966.77339586616,
          6966883.7438960895
        ]
      },
      "properties": {
        "junction_id": 39572,
        "veh_id": 11423,
        "sim_time_s": 1451.7,
        "tier": "track-zone",
        "prearm_status": "",
        "focus_role": "none"
      }
    },
    {
      "type": "Feature",
      "geometry": {
        "type": "Point",
        "coordinates": [
          500687.48130457324,
          6964542.831618285
        ]
      },
      "properties": {
        "junction_id": 39590,
        "veh_id": 11390,
        "sim_time_s": 1457.1,
        "tier": "track-zone",
        "prearm_status": "",
        "focus_role": "none"
      }
    },
    {
      "type": "Feature",
      "geometry": {
        "type": "Point",
        "coordinates": [
          500701.9922982082,
          6964933.769471667
        ]
      },
      "properties": {
        "junction_id": 39593,
        "veh_id": 11433,
        "sim_time_s": 1461.2,
        "tier": "track-zone",
        "prearm_status": "",
        "focus_role": "none"
      }
    },
    {
      "type": "Feature",
      "geometry": {
        "type": "Point",
        "coordinates": [
          500684.09878133226,
          6964756.319799705
        ]
      },
      "properties": {
        "junction_id": 36393,
        "veh_id": 11433,
        "sim_time_s": 1475.1,
        "tier": "coord-prearm-missed/SHOCKWAVE",
        "prearm_status": "missed",
        "focus_role": "none"
      }
    },
    {
      "type": "Feature",
      "geometry": {
        "type": "Point",
        "coordinates": [
          500599.4933818353,
          6965438.852975687
        ]
      },
      "properties": {
        "junction_id": 1119660,
        "veh_id": 11403,
        "sim_time_s": 1477.3,
        "tier": "track-zone",
        "prearm_status": "",
        "focus_role": "none"
      }
    },
    {
      "type": "Feature",
      "geometry": {
        "type": "Point",
        "coordinates": [
          0.0,
          0.0
        ]
      },
      "properties": {
        "junction_id": 36385,
        "veh_id": 11433,
        "sim_time_s": 1496.2,
        "tier": "harmony-ins-local",
        "prearm_status": "action",
        "focus_role": "none"
      }
    },
    {
      "type": "Feature",
      "geometry": {
        "type": "Point",
        "coordinates": [
          500608.34440198744,
          6965411.305940837
        ]
      },
      "properties": {
        "junction_id": 39593,
        "veh_id": 11403,
        "sim_time_s": 1497.6,
        "tier": "track-zone",
        "prearm_status": "",
        "focus_role": "none"
      }
    },
    {
      "type": "Feature",
      "geometry": {
        "type": "Point",
        "coordinates": [
          0.0,
          0.0
        ]
      },
      "properties": {
        "junction_id": 38339,
        "veh_id": 11432,
        "sim_time_s": 1498.5,
        "tier": "harmony-no-ge-local",
        "prearm_status": "skip",
        "focus_role": "none"
      }
    },
    {
      "type": "Feature",
      "geometry": {
        "type": "Point",
        "coordinates": [
          500728.8287187968,
          6964991.77888205
        ]
      },
      "properties": {
        "junction_id": 36393,
        "veh_id": 11422,
        "sim_time_s": 1501.7,
        "tier": "track-zone",
        "prearm_status": "",
        "focus_role": "none"
      }
    },
    {
      "type": "Feature",
      "geometry": {
        "type": "Point",
        "coordinates": [
          500629.2440821738,
          6965324.004116316
        ]
      },
      "properties": {
        "junction_id": 10157950,
        "veh_id": 11403,
        "sim_time_s": 1504.3,
        "tier": "track-zone",
        "prearm_status": "",
        "focus_role": "none"
      }
    },
    {
      "type": "Feature",
      "geometry": {
        "type": "Point",
        "coordinates": [
          500684.91361452127,
          6965096.157623135
        ]
      },
      "properties": {
        "junction_id": 10157950,
        "veh_id": 11433,
        "sim_time_s": 1504.3,
        "tier": "track-zone",
        "prearm_status": "",
        "focus_role": "none"
      }
    },
    {
      "type": "Feature",
      "geometry": {
        "type": "Point",
        "coordinates": [
          500716.3365923385,
          6964911.384554453
        ]
      },
      "properties": {
        "junction_id": 36385,
        "veh_id": 11422,
        "sim_time_s": 1507.0,
        "tier": "IC-detect",
        "prearm_status": "",
        "focus_role": "none"
      }
    },
    {
      "type": "Feature",
      "geometry": {
        "type": "Point",
        "coordinates": [
          500729.00831101503,
          6964990.95587038
        ]
      },
      "properties": {
        "junction_id": 36393,
        "veh_id": 11414,
        "sim_time_s": 1508.4,
        "tier": "track-zone",
        "prearm_status": "",
        "focus_role": "none"
      }
    },
    {
      "type": "Feature",
      "geometry": {
        "type": "Point",
        "coordinates": [
          500646.91161491605,
          6965259.6803148715
        ]
      },
      "properties": {
        "junction_id": 36385,
        "veh_id": 11403,
        "sim_time_s": 1511.1,
        "tier": "track-zone",
        "prearm_status": "",
        "focus_role": "none"
      }
    },
    {
      "type": "Feature",
      "geometry": {
        "type": "Point",
        "coordinates": [
          500728.7157805598,
          6964404.3153283205
        ]
      },
      "properties": {
        "junction_id": 39606,
        "veh_id": 11390,
        "sim_time_s": 1519.2,
        "tier": "track-zone",
        "prearm_status": "",
        "focus_role": "none"
      }
    },
    {
      "type": "Feature",
      "geometry": {
        "type": "Point",
        "coordinates": [
          499940.39273094456,
          6967007.597530492
        ]
      },
      "properties": {
        "junction_id": 11118289,
        "veh_id": 11432,
        "sim_time_s": 1520.5,
        "tier": "track-zone",
        "prearm_status": "",
        "focus_role": "none"
      }
    },
    {
      "type": "Feature",
      "geometry": {
        "type": "Point",
        "coordinates": [
          0.0,
          0.0
        ]
      },
      "properties": {
        "junction_id": 39593,
        "veh_id": 11433,
        "sim_time_s": 1520.5,
        "tier": "harmony-no-ge-local",
        "prearm_status": "skip",
        "focus_role": "none"
      }
    },
    {
      "type": "Feature",
      "geometry": {
        "type": "Point",
        "coordinates": [
          0.0,
          0.0
        ]
      },
      "properties": {
        "junction_id": 39590,
        "veh_id": 11390,
        "sim_time_s": 1526.0,
        "tier": "harmony-no-ge-local",
        "prearm_status": "skip",
        "focus_role": "none"
      }
    },
    {
      "type": "Feature",
      "geometry": {
        "type": "Point",
        "coordinates": [
          500663.6049599493,
          6965177.311971988
        ]
      },
      "properties": {
        "junction_id": 1119660,
        "veh_id": 11433,
        "sim_time_s": 1530.0,
        "tier": "track-zone",
        "prearm_status": "",
        "focus_role": "none"
      }
    },
    {
      "type": "Feature",
      "geometry": {
        "type": "Point",
        "coordinates": [
          500639.2250534037,
          6965233.480361703
        ]
      },
      "properties": {
        "junction_id": 39587,
        "veh_id": 11433,
        "sim_time_s": 1534.0,
        "tier": "track-zone",
        "prearm_status": "",
        "focus_role": "none"
      }
    },
    {
      "type": "Feature",
      "geometry": {
        "type": "Point",
        "coordinates": [
          0.0,
          0.0
        ]
      },
      "properties": {
        "junction_id": 39572,
        "veh_id": 11423,
        "sim_time_s": 1534.0,
        "tier": "harmony-no-ge-local",
        "prearm_status": "skip",
        "focus_role": "none"
      }
    },
    {
      "type": "Feature",
      "geometry": {
        "type": "Point",
        "coordinates": [
          500716.15866868343,
          6964989.376845782
        ]
      },
      "properties": {
        "junction_id": 39593,
        "veh_id": 11386,
        "sim_time_s": 1535.4,
        "tier": "track-zone",
        "prearm_status": "",
        "focus_role": "none"
      }
    },
    {
      "type": "Feature",
      "geometry": {
        "type": "Point",
        "coordinates": [
          500008.81163878203,
          6966677.413238949
        ]
      },
      "properties": {
        "junction_id": 39569,
        "veh_id": 11423,
        "sim_time_s": 1535.4,
        "tier": "track-zone",
        "prearm_status": "",
        "focus_role": "none"
      }
    },
    {
      "type": "Feature",
      "geometry": {
        "type": "Point",
        "coordinates": [
          0.0,
          0.0
        ]
      },
      "properties": {
        "junction_id": 39606,
        "veh_id": 11390,
        "sim_time_s": 1542.2,
        "tier": "harmony-ins-local",
        "prearm_status": "action",
        "focus_role": "none"
      }
    },
    {
      "type": "Feature",
      "geometry": {
        "type": "Point",
        "coordinates": [
          500193.33672775206,
          6965100.856263181
        ]
      },
      "properties": {
        "junction_id": 39593,
        "veh_id": 11407,
        "sim_time_s": 1542.2,
        "tier": "IC-detect",
        "prearm_status": "",
        "focus_role": "none"
      }
    },
    {
      "type": "Feature",
      "geometry": {
        "type": "Point",
        "coordinates": [
          500293.9505976339,
          6965084.860886406
        ]
      },
      "properties": {
        "junction_id": 36385,
        "veh_id": 11407,
        "sim_time_s": 1549.8,
        "tier": "IC-detect",
        "prearm_status": "",
        "focus_role": "none"
      }
    },
    {
      "type": "Feature",
      "geometry": {
        "type": "Point",
        "coordinates": [
          0.0,
          0.0
        ]
      },
      "properties": {
        "junction_id": 39587,
        "veh_id": 11433,
        "sim_time_s": 1550.2,
        "tier": "harmony-no-ge-local",
        "prearm_status": "skip",
        "focus_role": "none"
      }
    },
    {
      "type": "Feature",
      "geometry": {
        "type": "Point",
        "coordinates": [
          500701.9673101968,
          6964840.824023385
        ]
      },
      "properties": {
        "junction_id": 36385,
        "veh_id": 11414,
        "sim_time_s": 1551.6,
        "tier": "track-zone",
        "prearm_status": "",
        "focus_role": "none"
      }
    },
    {
      "type": "Feature",
      "geometry": {
        "type": "Point",
        "coordinates": [
          500716.15866868343,
          6964989.376845782
        ]
      },
      "properties": {
        "junction_id": 36385,
        "veh_id": 11386,
        "sim_time_s": 1554.3,
        "tier": "IC-detect",
        "prearm_status": "",
        "focus_role": "none"
      }
    },
    {
      "type": "Feature",
      "geometry": {
        "type": "Point",
        "coordinates": [
          0.0,
          0.0
        ]
      },
      "properties": {
        "junction_id": 36393,
        "veh_id": 11422,
        "sim_time_s": 1555.7,
        "tier": "harmony-no-ge-local",
        "prearm_status": "skip",
        "focus_role": "none"
      }
    },
    {
      "type": "Feature",
      "geometry": {
        "type": "Point",
        "coordinates": [
          500036.3272080696,
          6966611.765280976
        ]
      },
      "properties": {
        "junction_id": 39568,
        "veh_id": 11423,
        "sim_time_s": 1569.2,
        "tier": "track-zone",
        "prearm_status": "",
        "focus_role": "none"
      }
    },
    {
      "type": "Feature",
      "geometry": {
        "type": "Point",
        "coordinates": [
          500576.1357100139,
          6965457.713345112
        ]
      },
      "properties": {
        "junction_id": 39576,
        "veh_id": 11433,
        "sim_time_s": 1569.2,
        "tier": "track-zone",
        "prearm_status": "",
        "focus_role": "none"
      }
    },
    {
      "type": "Feature",
      "geometry": {
        "type": "Point",
        "coordinates": [
          500715.95759764634,
          6965002.420712748
        ]
      },
      "properties": {
        "junction_id": 36393,
        "veh_id": 11386,
        "sim_time_s": 1577.2,
        "tier": "track-zone",
        "prearm_status": "",
        "focus_role": "none"
      }
    },
    {
      "type": "Feature",
      "geometry": {
        "type": "Point",
        "coordinates": [
          500684.2528688249,
          6964544.592058585
        ]
      },
      "properties": {
        "junction_id": 39590,
        "veh_id": 11422,
        "sim_time_s": 1577.2,
        "tier": "track-zone",
        "prearm_status": "",
        "focus_role": "none"
      }
    },
    {
      "type": "Feature",
      "geometry": {
        "type": "Point",
        "coordinates": [
          0.0,
          0.0
        ]
      },
      "properties": {
        "junction_id": 39576,
        "veh_id": 11433,
        "sim_time_s": 1588.0,
        "tier": "harmony-no-ge-local",
        "prearm_status": "skip",
        "focus_role": "none"
      }
    },
    {
      "type": "Feature",
      "geometry": {
        "type": "Point",
        "coordinates": [
          0.0,
          0.0
        ]
      },
      "properties": {
        "junction_id": 39569,
        "veh_id": 11423,
        "sim_time_s": 1600.2,
        "tier": "harmony-ins-local",
        "prearm_status": "action",
        "focus_role": "none"
      }
    },
    {
      "type": "Feature",
      "geometry": {
        "type": "Point",
        "coordinates": [
          500128.4220086745,
          6966437.246723678
        ]
      },
      "properties": {
        "junction_id": 1043762,
        "veh_id": 11423,
        "sim_time_s": 1604.2,
        "tier": "track-zone",
        "prearm_status": "",
        "focus_role": "none"
      }
    },
    {
      "type": "Feature",
      "geometry": {
        "type": "Point",
        "coordinates": [
          500492.28057563654,
          6965686.315275451
        ]
      },
      "properties": {
        "junction_id": 39578,
        "veh_id": 11433,
        "sim_time_s": 1605.6,
        "tier": "track-zone",
        "prearm_status": "",
        "focus_role": "none"
      }
    },
    {
      "type": "Feature",
      "geometry": {
        "type": "Point",
        "coordinates": [
          500729.5295741378,
          6964410.664442324
        ]
      },
      "properties": {
        "junction_id": 39606,
        "veh_id": 11422,
        "sim_time_s": 1607.0,
        "tier": "track-zone",
        "prearm_status": "",
        "focus_role": "none"
      }
    },
    {
      "type": "Feature",
      "geometry": {
        "type": "Point",
        "coordinates": [
          500689.68342464743,
          6964552.633992722
        ]
      },
      "properties": {
        "junction_id": 39590,
        "veh_id": 11414,
        "sim_time_s": 1615.0,
        "tier": "track-zone",
        "prearm_status": "",
        "focus_role": "none"
      }
    },
    {
      "type": "Feature",
      "geometry": {
        "type": "Point",
        "coordinates": [
          500716.0596688661,
          6965084.054712339
        ]
      },
      "properties": {
        "junction_id": 39593,
        "veh_id": 11403,
        "sim_time_s": 1619.1,
        "tier": "track-zone",
        "prearm_status": "",
        "focus_role": "none"
      }
    },
    {
      "type": "Feature",
      "geometry": {
        "type": "Point",
        "coordinates": [
          0.0,
          0.0
        ]
      },
      "properties": {
        "junction_id": 36385,
        "veh_id": 11407,
        "sim_time_s": 1624.5,
        "tier": "harmony-no-ge-local",
        "prearm_status": "skip",
        "focus_role": "none"
      }
    },
    {
      "type": "Feature",
      "geometry": {
        "type": "Point",
        "coordinates": [
          500728.55361505353,
          6965008.312547411
        ]
      },
      "properties": {
        "junction_id": 36385,
        "veh_id": 11403,
        "sim_time_s": 1631.2,
        "tier": "IC-detect",
        "prearm_status": "",
        "focus_role": "none"
      }
    },
    {
      "type": "Feature",
      "geometry": {
        "type": "Point",
        "coordinates": [
          0.0,
          0.0
        ]
      },
      "properties": {
        "junction_id": 36385,
        "veh_id": 11403,
        "sim_time_s": 1631.2,
        "tier": "harmony-no-ge-local",
        "prearm_status": "skip",
        "focus_role": "none"
      }
    },
    {
      "type": "Feature",
      "geometry": {
        "type": "Point",
        "coordinates": [
          500729.84301048197,
          6964410.460352354
        ]
      },
      "properties": {
        "junction_id": 39606,
        "veh_id": 11414,
        "sim_time_s": 1634.0,
        "tier": "track-zone",
        "prearm_status": "",
        "focus_role": "none"
      }
    },
    {
      "type": "Feature",
      "geometry": {
        "type": "Point",
        "coordinates": [
          500712.2118549578,
          6964893.544312584
        ]
      },
      "properties": {
        "junction_id": 36393,
        "veh_id": 11403,
        "sim_time_s": 1643.4,
        "tier": "IC-detect",
        "prearm_status": "",
        "focus_role": "none"
      }
    },
    {
      "type": "Feature",
      "geometry": {
        "type": "Point",
        "coordinates": [
          0.0,
          0.0
        ]
      },
      "properties": {
        "junction_id": 39590,
        "veh_id": 11422,
        "sim_time_s": 1644.8,
        "tier": "harmony-no-ge-local",
        "prearm_status": "skip",
        "focus_role": "none"
      }
    },
    {
      "type": "Feature",
      "geometry": {
        "type": "Point",
        "coordinates": [
          0.0,
          0.0
        ]
      },
      "properties": {
        "junction_id": 39578,
        "veh_id": 11433,
        "sim_time_s": 1647.5,
        "tier": "harmony-no-ge-local",
        "prearm_status": "skip",
        "focus_role": "none"
      }
    },
    {
      "type": "Feature",
      "geometry": {
        "type": "Point",
        "coordinates": [
          0.0,
          0.0
        ]
      },
      "properties": {
        "junction_id": 1043762,
        "veh_id": 11423,
        "sim_time_s": 1652.8,
        "tier": "harmony-no-ge-local",
        "prearm_status": "skip",
        "focus_role": "none"
      }
    },
    {
      "type": "Feature",
      "geometry": {
        "type": "Point",
        "coordinates": [
          500402.71719440044,
          6966035.622354924
        ]
      },
      "properties": {
        "junction_id": 1043762,
        "veh_id": 11433,
        "sim_time_s": 1658.2,
        "tier": "track-zone",
        "prearm_status": "",
        "focus_role": "none"
      }
    },
    {
      "type": "Feature",
      "geometry": {
        "type": "Point",
        "coordinates": [
          0.0,
          0.0
        ]
      },
      "properties": {
        "junction_id": 39606,
        "veh_id": 11422,
        "sim_time_s": 1662.3,
        "tier": "harmony-no-ge-local",
        "prearm_status": "skip",
        "focus_role": "none"
      }
    },
    {
      "type": "Feature",
      "geometry": {
        "type": "Point",
        "coordinates": [
          500359.9961497739,
          6966093.618732267
        ]
      },
      "properties": {
        "junction_id": 39578,
        "veh_id": 11423,
        "sim_time_s": 1669.0,
        "tier": "track-section",
        "prearm_status": "",
        "focus_role": "none"
      }
    },
    {
      "type": "Feature",
      "geometry": {
        "type": "Point",
        "coordinates": [
          0.0,
          0.0
        ]
      },
      "properties": {
        "junction_id": 1043762,
        "veh_id": 11433,
        "sim_time_s": 1671.8,
        "tier": "harmony-no-ge-local",
        "prearm_status": "skip",
        "focus_role": "none"
      }
    },
    {
      "type": "Feature",
      "geometry": {
        "type": "Point",
        "coordinates": [
          0.0,
          0.0
        ]
      },
      "properties": {
        "junction_id": 39590,
        "veh_id": 11414,
        "sim_time_s": 1674.5,
        "tier": "harmony-ge-local",
        "prearm_status": "action",
        "focus_role": "none"
      }
    },
    {
      "type": "Feature",
      "geometry": {
        "type": "Point",
        "coordinates": [
          500224.5660941889,
          6966246.689096114
        ]
      },
      "properties": {
        "junction_id": 39569,
        "veh_id": 11433,
        "sim_time_s": 1675.8,
        "tier": "track-zone",
        "prearm_status": "",
        "focus_role": "none"
      }
    },
    {
      "type": "Feature",
      "geometry": {
        "type": "Point",
        "coordinates": [
          500726.0135247562,
          6965001.7890476985
        ]
      },
      "properties": {
        "junction_id": 36393,
        "veh_id": 11407,
        "sim_time_s": 1678.5,
        "tier": "track-zone",
        "prearm_status": "",
        "focus_role": "none"
      }
    },
    {
      "type": "Feature",
      "geometry": {
        "type": "Point",
        "coordinates": [
          500922.0155415484,
          6965247.527854867
        ]
      },
      "properties": {
        "junction_id": 39593,
        "veh_id": 11418,
        "sim_time_s": 1680.3,
        "tier": "IC-detect",
        "prearm_status": "",
        "focus_role": "none"
      }
    },
    {
      "type": "Feature",
      "geometry": {
        "type": "Point",
        "coordinates": [
          0.0,
          0.0
        ]
      },
      "properties": {
        "junction_id": 39578,
        "veh_id": 11423,
        "sim_time_s": 1683.9,
        "tier": "harmony-ins-local",
        "prearm_status": "action",
        "focus_role": "none"
      }
    },
    {
      "type": "Feature",
      "geometry": {
        "type": "Point",
        "coordinates": [
          500844.7805496688,
          6965218.563812498
        ]
      },
      "properties": {
        "junction_id": 36385,
        "veh_id": 11418,
        "sim_time_s": 1685.2,
        "tier": "track-zone",
        "prearm_status": "",
        "focus_role": "none"
      }
    },
    {
      "type": "Feature",
      "geometry": {
        "type": "Point",
        "coordinates": [
          500825.3014556775,
          6965208.72380162
        ]
      },
      "properties": {
        "junction_id": 10157950,
        "veh_id": 11418,
        "sim_time_s": 1686.6,
        "tier": "track-zone",
        "prearm_status": "",
        "focus_role": "none"
      }
    },
    {
      "type": "Feature",
      "geometry": {
        "type": "Point",
        "coordinates": [
          500531.8201247225,
          6965934.461100584
        ]
      },
      "properties": {
        "junction_id": 39576,
        "veh_id": 11423,
        "sim_time_s": 1686.6,
        "tier": "track-zone",
        "prearm_status": "",
        "focus_role": "none"
      }
    },
    {
      "type": "Feature",
      "geometry": {
        "type": "Point",
        "coordinates": [
          0.0,
          0.0
        ]
      },
      "properties": {
        "junction_id": 39606,
        "veh_id": 11414,
        "sim_time_s": 1688.0,
        "tier": "harmony-ins-local",
        "prearm_status": "action",
        "focus_role": "none"
      }
    },
    {
      "type": "Feature",
      "geometry": {
        "type": "Point",
        "coordinates": [
          0.0,
          0.0
        ]
      },
      "properties": {
        "junction_id": 39569,
        "veh_id": 11433,
        "sim_time_s": 1688.0,
        "tier": "harmony-ins-local",
        "prearm_status": "action",
        "focus_role": "none"
      }
    },
    {
      "type": "Feature",
      "geometry": {
        "type": "Point",
        "coordinates": [
          500113.81811794406,
          6966436.520885813
        ]
      },
      "properties": {
        "junction_id": 39572,
        "veh_id": 11433,
        "sim_time_s": 1689.3,
        "tier": "track-zone",
        "prearm_status": "",
        "focus_role": "none"
      }
    },
    {
      "type": "Feature",
      "geometry": {
        "type": "Point",
        "coordinates": [
          500102.5961104166,
          6966448.2311836
        ]
      },
      "properties": {
        "junction_id": 39572,
        "veh_id": 11433,
        "sim_time_s": 1691.1,
        "tier": "coord-prearm-harmony/SHOCKWAVE",
        "prearm_status": "fired",
        "focus_role": "none"
      }
    },
    {
      "type": "Feature",
      "geometry": {
        "type": "Point",
        "coordinates": [
          0.0,
          0.0
        ]
      },
      "properties": {
        "junction_id": 39572,
        "veh_id": 11433,
        "sim_time_s": 1691.5,
        "tier": "harmony-ge-local",
        "prearm_status": "action",
        "focus_role": "none"
      }
    },
    {
      "type": "Feature",
      "geometry": {
        "type": "Point",
        "coordinates": [
          500012.255683675,
          6966653.44887729
        ]
      },
      "properties": {
        "junction_id": 39572,
        "veh_id": 11433,
        "sim_time_s": 1691.5,
        "tier": "coord-prearm-success/SHOCKWAVE",
        "prearm_status": "success",
        "focus_role": "none"
      }
    },
    {
      "type": "Feature",
      "geometry": {
        "type": "Point",
        "coordinates": [
          499516.6649367667,
          6966649.601881014
        ]
      },
      "properties": {
        "junction_id": 39572,
        "veh_id": 11391,
        "sim_time_s": 1692.9,
        "tier": "IC-detect",
        "prearm_status": "",
        "focus_role": "none"
      }
    },
    {
      "type": "Feature",
      "geometry": {
        "type": "Point",
        "coordinates": [
          500080.48015552753,
          6966480.762753042
        ]
      },
      "properties": {
        "junction_id": 39568,
        "veh_id": 11433,
        "sim_time_s": 1693.3,
        "tier": "track-zone",
        "prearm_status": "",
        "focus_role": "none"
      }
    },
    {
      "type": "Feature",
      "geometry": {
        "type": "Point",
        "coordinates": [
          499764.9245922887,
          6966599.706957997
        ]
      },
      "properties": {
        "junction_id": 39568,
        "veh_id": 11391,
        "sim_time_s": 1708.2,
        "tier": "track-zone",
        "prearm_status": "",
        "focus_role": "none"
      }
    },
    {
      "type": "Feature",
      "geometry": {
        "type": "Point",
        "coordinates": [
          0.0,
          0.0
        ]
      },
      "properties": {
        "junction_id": 36393,
        "veh_id": 11403,
        "sim_time_s": 1710.9,
        "tier": "harmony-no-ge-local",
        "prearm_status": "skip",
        "focus_role": "none"
      }
    },
    {
      "type": "Feature",
      "geometry": {
        "type": "Point",
        "coordinates": [
          499891.9577119668,
          6966539.106124507
        ]
      },
      "properties": {
        "junction_id": 39569,
        "veh_id": 11391,
        "sim_time_s": 1717.7,
        "tier": "track-zone",
        "prearm_status": "",
        "focus_role": "none"
      }
    },
    {
      "type": "Feature",
      "geometry": {
        "type": "Point",
        "coordinates": [
          0.0,
          0.0
        ]
      },
      "properties": {
        "junction_id": 36393,
        "veh_id": 11407,
        "sim_time_s": 1727.1,
        "tier": "harmony-no-ge-local",
        "prearm_status": "skip",
        "focus_role": "none"
      }
    },
    {
      "type": "Feature",
      "geometry": {
        "type": "Point",
        "coordinates": [
          0.0,
          0.0
        ]
      },
      "properties": {
        "junction_id": 39576,
        "veh_id": 11423,
        "sim_time_s": 1733.8,
        "tier": "harmony-no-ge-local",
        "prearm_status": "skip",
        "focus_role": "none"
      }
    },
    {
      "type": "Feature",
      "geometry": {
        "type": "Point",
        "coordinates": [
          500017.9620318847,
          6966619.121268421
        ]
      },
      "properties": {
        "junction_id": 11118289,
        "veh_id": 11433,
        "sim_time_s": 1737.9,
        "tier": "track-zone",
        "prearm_status": "",
        "focus_role": "none"
      }
    },
    {
      "type": "Feature",
      "geometry": {
        "type": "Point",
        "coordinates": [
          500123.53797715827,
          6966438.876175743
        ]
      },
      "properties": {
        "junction_id": 1043762,
        "veh_id": 11391,
        "sim_time_s": 1743.3,
        "tier": "track-zone",
        "prearm_status": "",
        "focus_role": "none"
      }
    },
    {
      "type": "Feature",
      "geometry": {
        "type": "Point",
        "coordinates": [
          500512.5556387662,
          6965702.909668156
        ]
      },
      "properties": {
        "junction_id": 39587,
        "veh_id": 11423,
        "sim_time_s": 1750.0,
        "tier": "track-zone",
        "prearm_status": "",
        "focus_role": "none"
      }
    },
    {
      "type": "Feature",
      "geometry": {
        "type": "Point",
        "coordinates": [
          0.0,
          0.0
        ]
      },
      "properties": {
        "junction_id": 39572,
        "veh_id": 11433,
        "sim_time_s": 1751.8,
        "tier": "harmony-ins-local",
        "prearm_status": "action",
        "focus_role": "none"
      }
    },
    {
      "type": "Feature",
      "geometry": {
        "type": "Point",
        "coordinates": [
          500689.8865779767,
          6964548.213180648
        ]
      },
      "properties": {
        "junction_id": 39590,
        "veh_id": 11403,
        "sim_time_s": 1755.5,
        "tier": "track-zone",
        "prearm_status": "",
        "focus_role": "none"
      }
    },
    {
      "type": "Feature",
      "geometry": {
        "type": "Point",
        "coordinates": [
          0.0,
          0.0
        ]
      },
      "properties": {
        "junction_id": 1043762,
        "veh_id": 11391,
        "sim_time_s": 1769.0,
        "tier": "harmony-no-ge-local",
        "prearm_status": "skip",
        "focus_role": "none"
      }
    },
    {
      "type": "Feature",
      "geometry": {
        "type": "Point",
        "coordinates": [
          499961.1083959827,
          6966776.837781709
        ]
      },
      "properties": {
        "junction_id": 38339,
        "veh_id": 11433,
        "sim_time_s": 1773.0,
        "tier": "track-zone",
        "prearm_status": "",
        "focus_role": "none"
      }
    },
    {
      "type": "Feature",
      "geometry": {
        "type": "Point",
        "coordinates": [
          500518.33490878274,
          6965649.431254445
        ]
      },
      "properties": {
        "junction_id": 1119660,
        "veh_id": 11423,
        "sim_time_s": 1781.1,
        "tier": "track-zone",
        "prearm_status": "",
        "focus_role": "none"
      }
    },
    {
      "type": "Feature",
      "geometry": {
        "type": "Point",
        "coordinates": [
          500684.05806765956,
          6964546.79569305
        ]
      },
      "properties": {
        "junction_id": 39590,
        "veh_id": 11407,
        "sim_time_s": 1782.5,
        "tier": "track-zone",
        "prearm_status": "",
        "focus_role": "none"
      }
    },
    {
      "type": "Feature",
      "geometry": {
        "type": "Point",
        "coordinates": [
          0.0,
          0.0
        ]
      },
      "properties": {
        "junction_id": 39593,
        "veh_id": 11418,
        "sim_time_s": 1783.8,
        "tier": "harmony-no-ge-local",
        "prearm_status": "skip",
        "focus_role": "none"
      }
    },
    {
      "type": "Feature",
      "geometry": {
        "type": "Point",
        "coordinates": [
          500350.86078703956,
          6966098.0304922545
        ]
      },
      "properties": {
        "junction_id": 39578,
        "veh_id": 11391,
        "sim_time_s": 1786.5,
        "tier": "track-section",
        "prearm_status": "",
        "focus_role": "none"
      }
    },
    {
      "type": "Feature",
      "geometry": {
        "type": "Point",
        "coordinates": [
          500946.97228876385,
          6964034.668682542
        ]
      },
      "properties": {
        "junction_id": 39606,
        "veh_id": 11434,
        "sim_time_s": 1800.0,
        "tier": "track-section",
        "prearm_status": "",
        "focus_role": "none"
      }
    },
    {
      "type": "Feature",
      "geometry": {
        "type": "Point",
        "coordinates": [
          500551.0536099689,
          6965572.1732053105
        ]
      },
      "properties": {
        "junction_id": 10157950,
        "veh_id": 11423,
        "sim_time_s": 1801.3,
        "tier": "track-zone",
        "prearm_status": "",
        "focus_role": "none"
      }
    },
    {
      "type": "Feature",
      "geometry": {
        "type": "Point",
        "coordinates": [
          500085.5295036957,
          6967503.47278067
        ]
      },
      "properties": {
        "junction_id": 38339,
        "veh_id": 11424,
        "sim_time_s": 1805.4,
        "tier": "IC-detect",
        "prearm_status": "",
        "focus_role": "none"
      }
    },
    {
      "type": "Feature",
      "geometry": {
        "type": "Point",
        "coordinates": [
          500719.95018899976,
          6965174.743200698
        ]
      },
      "properties": {
        "junction_id": 36385,
        "veh_id": 11418,
        "sim_time_s": 1806.8,
        "tier": "track-zone",
        "prearm_status": "",
        "focus_role": "none"
      }
    },
    {
      "type": "Feature",
      "geometry": {
        "type": "Point",
        "coordinates": [
          500886.11132720864,
          6964121.859759027
        ]
      },
      "properties": {
        "junction_id": 39590,
        "veh_id": 11434,
        "sim_time_s": 1806.8,
        "tier": "track-zone",
        "prearm_status": "",
        "focus_role": "none"
      }
    },
    {
      "type": "Feature",
      "geometry": {
        "type": "Point",
        "coordinates": [
          500719.95018899976,
          6965174.743200698
        ]
      },
      "properties": {
        "junction_id": 10157950,
        "veh_id": 11418,
        "sim_time_s": 1808.1,
        "tier": "track-zone",
        "prearm_status": "",
        "focus_role": "none"
      }
    },
    {
      "type": "Feature",
      "geometry": {
        "type": "Point",
        "coordinates": [
          500729.39808865136,
          6964411.061777313
        ]
      },
      "properties": {
        "junction_id": 39606,
        "veh_id": 11403,
        "sim_time_s": 1809.5,
        "tier": "track-zone",
        "prearm_status": "",
        "focus_role": "none"
      }
    },
    {
      "type": "Feature",
      "geometry": {
        "type": "Point",
        "coordinates": [
          500722.8735630675,
          6964402.38507523
        ]
      },
      "properties": {
        "junction_id": 39606,
        "veh_id": 11407,
        "sim_time_s": 1810.8,
        "tier": "track-zone",
        "prearm_status": "",
        "focus_role": "none"
      }
    },
    {
      "type": "Feature",
      "geometry": {
        "type": "Point",
        "coordinates": [
          0.0,
          0.0
        ]
      },
      "properties": {
        "junction_id": 39606,
        "veh_id": 11434,
        "sim_time_s": 1810.8,
        "tier": "harmony-no-ge-local",
        "prearm_status": "skip",
        "focus_role": "none"
      }
    },
    {
      "type": "Feature",
      "geometry": {
        "type": "Point",
        "coordinates": [
          0.0,
          0.0
        ]
      },
      "properties": {
        "junction_id": 39590,
        "veh_id": 11434,
        "sim_time_s": 1820.2,
        "tier": "harmony-no-ge-local",
        "prearm_status": "skip",
        "focus_role": "none"
      }
    },
    {
      "type": "Feature",
      "geometry": {
        "type": "Point",
        "coordinates": [
          0.0,
          0.0
        ]
      },
      "properties": {
        "junction_id": 39578,
        "veh_id": 11391,
        "sim_time_s": 1832.4,
        "tier": "harmony-no-ge-local",
        "prearm_status": "skip",
        "focus_role": "none"
      }
    },
    {
      "type": "Feature",
      "geometry": {
        "type": "Point",
        "coordinates": [
          500527.49392450025,
          6965937.251932532
        ]
      },
      "properties": {
        "junction_id": 39576,
        "veh_id": 11391,
        "sim_time_s": 1833.8,
        "tier": "track-zone",
        "prearm_status": "",
        "focus_role": "none"
      }
    },
    {
      "type": "Feature",
      "geometry": {
        "type": "Point",
        "coordinates": [
          0.0,
          0.0
        ]
      },
      "properties": {
        "junction_id": 39587,
        "veh_id": 11423,
        "sim_time_s": 1848.6,
        "tier": "harmony-ge-local",
        "prearm_status": "action",
        "focus_role": "none"
      }
    },
    {
      "type": "Feature",
      "geometry": {
        "type": "Point",
        "coordinates": [
          0.0,
          0.0
        ]
      },
      "properties": {
        "junction_id": 39576,
        "veh_id": 11391,
        "sim_time_s": 1854.0,
        "tier": "harmony-no-ge-local",
        "prearm_status": "skip",
        "focus_role": "none"
      }
    },
    {
      "type": "Feature",
      "geometry": {
        "type": "Point",
        "coordinates": [
          500607.73985021474,
          6965413.589367908
        ]
      },
      "properties": {
        "junction_id": 39593,
        "veh_id": 11423,
        "sim_time_s": 1856.7,
        "tier": "track-zone",
        "prearm_status": "",
        "focus_role": "none"
      }
    },
    {
      "type": "Feature",
      "geometry": {
        "type": "Point",
        "coordinates": [
          500944.51358507737,
          6964038.69291645
        ]
      },
      "properties": {
        "junction_id": 39606,
        "veh_id": 11410,
        "sim_time_s": 1860.3,
        "tier": "IC-detect",
        "prearm_status": "",
        "focus_role": "none"
      }
    },
    {
      "type": "Feature",
      "geometry": {
        "type": "Point",
        "coordinates": [
          500673.7581267798,
          6964518.1037246445
        ]
      },
      "properties": {
        "junction_id": 36393,
        "veh_id": 11434,
        "sim_time_s": 1862.1,
        "tier": "track-zone",
        "prearm_status": "",
        "focus_role": "none"
      }
    },
    {
      "type": "Feature",
      "geometry": {
        "type": "Point",
        "coordinates": [
          0.0,
          0.0
        ]
      },
      "properties": {
        "junction_id": 39590,
        "veh_id": 11407,
        "sim_time_s": 1864.8,
        "tier": "harmony-ins-local",
        "prearm_status": "action",
        "focus_role": "none"
      }
    },
    {
      "type": "Feature",
      "geometry": {
        "type": "Point",
        "coordinates": [
          499963.4971969095,
          6967110.7182124825
        ]
      },
      "properties": {
        "junction_id": 11118289,
        "veh_id": 11424,
        "sim_time_s": 1867.5,
        "tier": "track-zone",
        "prearm_status": "",
        "focus_role": "none"
      }
    },
    {
      "type": "Feature",
      "geometry": {
        "type": "Point",
        "coordinates": [
          500650.12540302874,
          6965252.336313908
        ]
      },
      "properties": {
        "junction_id": 36385,
        "veh_id": 11423,
        "sim_time_s": 1868.8,
        "tier": "track-zone",
        "prearm_status": "",
        "focus_role": "none"
      }
    },
    {
      "type": "Feature",
      "geometry": {
        "type": "Point",
        "coordinates": [
          500509.5563779198,
          6965704.572762333
        ]
      },
      "properties": {
        "junction_id": 39587,
        "veh_id": 11391,
        "sim_time_s": 1871.5,
        "tier": "track-zone",
        "prearm_status": "",
        "focus_role": "none"
      }
    },
    {
      "type": "Feature",
      "geometry": {
        "type": "Point",
        "coordinates": [
          0.0,
          0.0
        ]
      },
      "properties": {
        "junction_id": 39606,
        "veh_id": 11403,
        "sim_time_s": 1874.2,
        "tier": "harmony-no-ge-local",
        "prearm_status": "skip",
        "focus_role": "none"
      }
    },
    {
      "type": "Feature",
      "geometry": {
        "type": "Point",
        "coordinates": [
          0.0,
          0.0
        ]
      },
      "properties": {
        "junction_id": 36393,
        "veh_id": 11434,
        "sim_time_s": 1875.6,
        "tier": "harmony-no-ge-local",
        "prearm_status": "skip",
        "focus_role": "none"
      }
    },
    {
      "type": "Feature",
      "geometry": {
        "type": "Point",
        "coordinates": [
          0.0,
          0.0
        ]
      },
      "properties": {
        "junction_id": 39593,
        "veh_id": 11423,
        "sim_time_s": 1875.6,
        "tier": "harmony-ins-local",
        "prearm_status": "action",
        "focus_role": "none"
      }
    },
    {
      "type": "Feature",
      "geometry": {
        "type": "Point",
        "coordinates": [
          500841.7877089523,
          6964203.427388725
        ]
      },
      "properties": {
        "junction_id": 39590,
        "veh_id": 11403,
        "sim_time_s": 1877.0,
        "tier": "track-zone",
        "prearm_status": "",
        "focus_role": "none"
      }
    },
    {
      "type": "Feature",
      "geometry": {
        "type": "Point",
        "coordinates": [
          500515.81051279773,
          6965647.600228701
        ]
      },
      "properties": {
        "junction_id": 1119660,
        "veh_id": 11391,
        "sim_time_s": 1878.3,
        "tier": "track-zone",
        "prearm_status": "",
        "focus_role": "none"
      }
    },
    {
      "type": "Feature",
      "geometry": {
        "type": "Point",
        "coordinates": [
          500680.1006587279,
          6964787.211569523
        ]
      },
      "properties": {
        "junction_id": 36385,
        "veh_id": 11434,
        "sim_time_s": 1881.0,
        "tier": "track-zone",
        "prearm_status": "",
        "focus_role": "none"
      }
    },
    {
      "type": "Feature",
      "geometry": {
        "type": "Point",
        "coordinates": [
          500680.1369387688,
          6965190.671167223
        ]
      },
      "properties": {
        "junction_id": 1119660,
        "veh_id": 11423,
        "sim_time_s": 1902.6,
        "tier": "track-zone",
        "prearm_status": "",
        "focus_role": "none"
      }
    },
    {
      "type": "Feature",
      "geometry": {
        "type": "Point",
        "coordinates": [
          500884.4952616959,
          6964123.678462389
        ]
      },
      "properties": {
        "junction_id": 39590,
        "veh_id": 11410,
        "sim_time_s": 1904.0,
        "tier": "track-zone",
        "prearm_status": "",
        "focus_role": "none"
      }
    },
    {
      "type": "Feature",
      "geometry": {
        "type": "Point",
        "coordinates": [
          500701.1473636264,
          6965167.931274699
        ]
      },
      "properties": {
        "junction_id": 39593,
        "veh_id": 11418,
        "sim_time_s": 1904.0,
        "tier": "IC-detect",
        "prearm_status": "",
        "focus_role": "none"
      }
    },
    {
      "type": "Feature",
      "geometry": {
        "type": "Point",
        "coordinates": [
          0.0,
          0.0
        ]
      },
      "properties": {
        "junction_id": 39606,
        "veh_id": 11410,
        "sim_time_s": 1908.0,
        "tier": "harmony-no-ge-local",
        "prearm_status": "skip",
        "focus_role": "none"
      }
    },
    {
      "type": "Feature",
      "geometry": {
        "type": "Point",
        "coordinates": [
          500702.2633394169,
          6964935.0926251225
        ]
      },
      "properties": {
        "junction_id": 39593,
        "veh_id": 11434,
        "sim_time_s": 1913.4,
        "tier": "track-zone",
        "prearm_status": "",
        "focus_role": "none"
      }
    },
    {
      "type": "Feature",
      "geometry": {
        "type": "Point",
        "coordinates": [
          500680.4625505325,
          6965190.064216384
        ]
      },
      "properties": {
        "junction_id": 10157950,
        "veh_id": 11423,
        "sim_time_s": 1922.8,
        "tier": "track-zone",
        "prearm_status": "",
        "focus_role": "none"
      }
    },
    {
      "type": "Feature",
      "geometry": {
        "type": "Point",
        "coordinates": [
          499957.3202655275,
          6967067.96793443
        ]
      },
      "properties": {
        "junction_id": 38339,
        "veh_id": 11424,
        "sim_time_s": 1925.5,
        "tier": "IC-detect",
        "prearm_status": "",
        "focus_role": "none"
      }
    },
    {
      "type": "Feature",
      "geometry": {
        "type": "Point",
        "coordinates": [
          500701.1473636264,
          6965167.931274699
        ]
      },
      "properties": {
        "junction_id": 36385,
        "veh_id": 11418,
        "sim_time_s": 1928.2,
        "tier": "track-zone",
        "prearm_status": "",
        "focus_role": "none"
      }
    },
    {
      "type": "Feature",
      "geometry": {
        "type": "Point",
        "coordinates": [
          500701.1473636264,
          6965167.931274699
        ]
      },
      "properties": {
        "junction_id": 10157950,
        "veh_id": 11418,
        "sim_time_s": 1929.6,
        "tier": "track-zone",
        "prearm_status": "",
        "focus_role": "none"
      }
    },
    {
      "type": "Feature",
      "geometry": {
        "type": "Point",
        "coordinates": [
          500703.2088826201,
          6964207.315597169
        ]
      },
      "properties": {
        "junction_id": 39606,
        "veh_id": 11407,
        "sim_time_s": 1932.3,
        "tier": "track-zone",
        "prearm_status": "",
        "focus_role": "none"
      }
    },
    {
      "type": "Feature",
      "geometry": {
        "type": "Point",
        "coordinates": [
          500546.6730130821,
          6965567.504198657
        ]
      },
      "properties": {
        "junction_id": 10157950,
        "veh_id": 11391,
        "sim_time_s": 1941.8,
        "tier": "track-zone",
        "prearm_status": "",
        "focus_role": "none"
      }
    },
    {
      "type": "Feature",
      "geometry": {
        "type": "Point",
        "coordinates": [
          0.0,
          0.0
        ]
      },
      "properties": {
        "junction_id": 36385,
        "veh_id": 11434,
        "sim_time_s": 1943.1,
        "tier": "harmony-no-ge-local",
        "prearm_status": "skip",
        "focus_role": "none"
      }
    },
    {
      "type": "Feature",
      "geometry": {
        "type": "Point",
        "coordinates": [
          500683.1778340807,
          6965103.045914493
        ]
      },
      "properties": {
        "junction_id": 10157950,
        "veh_id": 11434,
        "sim_time_s": 1951.2,
        "tier": "track-zone",
        "prearm_status": "",
        "focus_role": "none"
      }
    },
    {
      "type": "Feature",
      "geometry": {
        "type": "Point",
        "coordinates": [
          0.0,
          0.0
        ]
      },
      "properties": {
        "junction_id": 39587,
        "veh_id": 11391,
        "sim_time_s": 1951.2,
        "tier": "harmony-no-ge-local",
        "prearm_status": "skip",
        "focus_role": "none"
      }
    },
    {
      "type": "Feature",
      "geometry": {
        "type": "Point",
        "coordinates": [
          0.0,
          0.0
        ]
      },
      "properties": {
        "junction_id": 38339,
        "veh_id": 11424,
        "sim_time_s": 1951.2,
        "tier": "harmony-no-ge-local",
        "prearm_status": "skip",
        "focus_role": "none"
      }
    },
    {
      "type": "Feature",
      "geometry": {
        "type": "Point",
        "coordinates": [
          0.0,
          0.0
        ]
      },
      "properties": {
        "junction_id": 39593,
        "veh_id": 11434,
        "sim_time_s": 1953.9,
        "tier": "harmony-ge-local",
        "prearm_status": "action",
        "focus_role": "none"
      }
    },
    {
      "type": "Feature",
      "geometry": {
        "type": "Point",
        "coordinates": [
          500659.3955505581,
          6965187.845419751
        ]
      },
      "properties": {
        "junction_id": 1119660,
        "veh_id": 11434,
        "sim_time_s": 1956.6,
        "tier": "track-zone",
        "prearm_status": "",
        "focus_role": "none"
      }
    },
    {
      "type": "Feature",
      "geometry": {
        "type": "Point",
        "coordinates": [
          500641.3021986214,
          6965229.013511064
        ]
      },
      "properties": {
        "junction_id": 39587,
        "veh_id": 11434,
        "sim_time_s": 1959.3,
        "tier": "track-zone",
        "prearm_status": "",
        "focus_role": "none"
      }
    },
    {
      "type": "Feature",
      "geometry": {
        "type": "Point",
        "coordinates": [
          499959.41805027035,
          6966944.3823232055
        ]
      },
      "properties": {
        "junction_id": 39568,
        "veh_id": 11424,
        "sim_time_s": 1962.0,
        "tier": "track-zone",
        "prearm_status": "",
        "focus_role": "none"
      }
    },
    {
      "type": "Feature",
      "geometry": {
        "type": "Point",
        "coordinates": [
          499963.47424976906,
          6966890.706730939
        ]
      },
      "properties": {
        "junction_id": 39572,
        "veh_id": 11424,
        "sim_time_s": 1966.0,
        "tier": "track-zone",
        "prearm_status": "",
        "focus_role": "none"
      }
    },
    {
      "type": "Feature",
      "geometry": {
        "type": "Point",
        "coordinates": [
          0.0,
          0.0
        ]
      },
      "properties": {
        "junction_id": 39590,
        "veh_id": 11410,
        "sim_time_s": 1966.0,
        "tier": "harmony-no-ge-local",
        "prearm_status": "skip",
        "focus_role": "none"
      }
    },
    {
      "type": "Feature",
      "geometry": {
        "type": "Point",
        "coordinates": [
          0.0,
          0.0
        ]
      },
      "properties": {
        "junction_id": 39587,
        "veh_id": 11434,
        "sim_time_s": 1972.8,
        "tier": "harmony-no-ge-local",
        "prearm_status": "skip",
        "focus_role": "none"
      }
    },
    {
      "type": "Feature",
      "geometry": {
        "type": "Point",
        "coordinates": [
          500573.6653282869,
          6965455.723190076
        ]
      },
      "properties": {
        "junction_id": 39576,
        "veh_id": 11434,
        "sim_time_s": 1976.8,
        "tier": "track-zone",
        "prearm_status": "",
        "focus_role": "none"
      }
    },
    {
      "type": "Feature",
      "geometry": {
        "type": "Point",
        "coordinates": [
          499966.60620399914,
          6966825.535657694
        ]
      },
      "properties": {
        "junction_id": 11118289,
        "veh_id": 11424,
        "sim_time_s": 1989.0,
        "tier": "track-zone",
        "prearm_status": "",
        "focus_role": "none"
      }
    },
    {
      "type": "Feature",
      "geometry": {
        "type": "Point",
        "coordinates": [
          500716.14720212505,
          6965084.069093084
        ]
      },
      "properties": {
        "junction_id": 36385,
        "veh_id": 11423,
        "sim_time_s": 1989.0,
        "tier": "IC-detect-far",
        "prearm_status": "",
        "focus_role": "none"
      }
    },
    {
      "type": "Feature",
      "geometry": {
        "type": "Point",
        "coordinates": [
          500580.8206736425,
          6965477.225488701
        ]
      },
      "properties": {
        "junction_id": 1119660,
        "veh_id": 11391,
        "sim_time_s": 1999.8,
        "tier": "track-zone",
        "prearm_status": "",
        "focus_role": "none"
      }
    },
    {
      "type": "Feature",
      "geometry": {
        "type": "Point",
        "coordinates": [
          500673.66144059505,
          6964518.092455387
        ]
      },
      "properties": {
        "junction_id": 36393,
        "veh_id": 11410,
        "sim_time_s": 2004.8,
        "tier": "IC-detect",
        "prearm_status": "",
        "focus_role": "none"
      }
    },
    {
      "type": "Feature",
      "geometry": {
        "type": "Point",
        "coordinates": [
          0.0,
          0.0
        ]
      },
      "properties": {
        "junction_id": 36385,
        "veh_id": 11423,
        "sim_time_s": 2006.5,
        "tier": "harmony-ins-local",
        "prearm_status": "action",
        "focus_role": "none"
      }
    },
    {
      "type": "Feature",
      "geometry": {
        "type": "Point",
        "coordinates": [
          500719.40125645814,
          6965055.869351245
        ]
      },
      "properties": {
        "junction_id": 36393,
        "veh_id": 11423,
        "sim_time_s": 2011.5,
        "tier": "coord-prearm-harmony/SHOCKWAVE",
        "prearm_status": "fired",
        "focus_role": "none"
      }
    },
    {
      "type": "Feature",
      "geometry": {
        "type": "Point",
        "coordinates": [
          0.0,
          0.0
        ]
      },
      "properties": {
        "junction_id": 36393,
        "veh_id": 11423,
        "sim_time_s": 2012.0,
        "tier": "harmony-no-ge-local",
        "prearm_status": "skip",
        "focus_role": "none"
      }
    },
    {
      "type": "Feature",
      "geometry": {
        "type": "Point",
        "coordinates": [
          500729.0836151005,
          6965001.104514896
        ]
      },
      "properties": {
        "junction_id": 36393,
        "veh_id": 11418,
        "sim_time_s": 2014.7,
        "tier": "track-zone",
        "prearm_status": "",
        "focus_role": "none"
      }
    },
    {
      "type": "Feature",
      "geometry": {
        "type": "Point",
        "coordinates": [
          500603.8427786185,
          6965405.873931396
        ]
      },
      "properties": {
        "junction_id": 39593,
        "veh_id": 11391,
        "sim_time_s": 2020.0,
        "tier": "track-zone",
        "prearm_status": "",
        "focus_role": "none"
      }
    },
    {
      "type": "Feature",
      "geometry": {
        "type": "Point",
        "coordinates": [
          0.0,
          0.0
        ]
      },
      "properties": {
        "junction_id": 39572,
        "veh_id": 11424,
        "sim_time_s": 2028.2,
        "tier": "harmony-no-ge-local",
        "prearm_status": "skip",
        "focus_role": "none"
      }
    },
    {
      "type": "Feature",
      "geometry": {
        "type": "Point",
        "coordinates": [
          500643.9288190295,
          6965259.466242162
        ]
      },
      "properties": {
        "junction_id": 36385,
        "veh_id": 11391,
        "sim_time_s": 2029.5,
        "tier": "track-zone",
        "prearm_status": "",
        "focus_role": "none"
      }
    },
    {
      "type": "Feature",
      "geometry": {
        "type": "Point",
        "coordinates": [
          500013.27408716414,
          6966666.5188569715
        ]
      },
      "properties": {
        "junction_id": 39569,
        "veh_id": 11424,
        "sim_time_s": 2029.5,
        "tier": "track-zone",
        "prearm_status": "",
        "focus_role": "none"
      }
    },
    {
      "type": "Feature",
      "geometry": {
        "type": "Point",
        "coordinates": [
          0.0,
          0.0
        ]
      },
      "properties": {
        "junction_id": 39593,
        "veh_id": 11391,
        "sim_time_s": 2033.5,
        "tier": "harmony-no-ge-local",
        "prearm_status": "skip",
        "focus_role": "none"
      }
    },
    {
      "type": "Feature",
      "geometry": {
        "type": "Point",
        "coordinates": [
          0.0,
          0.0
        ]
      },
      "properties": {
        "junction_id": 39576,
        "veh_id": 11434,
        "sim_time_s": 2034.9,
        "tier": "harmony-no-ge-local",
        "prearm_status": "skip",
        "focus_role": "none"
      }
    },
    {
      "type": "Feature",
      "geometry": {
        "type": "Point",
        "coordinates": [
          500491.9661384226,
          6965695.347684677
        ]
      },
      "properties": {
        "junction_id": 39578,
        "veh_id": 11434,
        "sim_time_s": 2037.6,
        "tier": "track-zone",
        "prearm_status": "",
        "focus_role": "none"
      }
    },
    {
      "type": "Feature",
      "geometry": {
        "type": "Point",
        "coordinates": [
          500723.0733856889,
          6964943.359733589
        ]
      },
      "properties": {
        "junction_id": 39593,
        "veh_id": 11418,
        "sim_time_s": 2045.7,
        "tier": "track-zone",
        "prearm_status": "",
        "focus_role": "none"
      }
    },
    {
      "type": "Feature",
      "geometry": {
        "type": "Point",
        "coordinates": [
          499456.69302451186,
          6967099.051579941
        ]
      },
      "properties": {
        "junction_id": 38339,
        "veh_id": 11398,
        "sim_time_s": 2046.2,
        "tier": "IC-detect",
        "prearm_status": "",
        "focus_role": "none"
      }
    },
    {
      "type": "Feature",
      "geometry": {
        "type": "Point",
        "coordinates": [
          500719.99102774047,
          6964927.833042791
        ]
      },
      "properties": {
        "junction_id": 36385,
        "veh_id": 11418,
        "sim_time_s": 2048.4,
        "tier": "IC-detect",
        "prearm_status": "",
        "focus_role": "none"
      }
    },
    {
      "type": "Feature",
      "geometry": {
        "type": "Point",
        "coordinates": [
          0.0,
          0.0
        ]
      },
      "properties": {
        "junction_id": 36393,
        "veh_id": 11410,
        "sim_time_s": 2051.1,
        "tier": "harmony-no-ge-local",
        "prearm_status": "skip",
        "focus_role": "none"
      }
    },
    {
      "type": "Feature",
      "geometry": {
        "type": "Point",
        "coordinates": [
          500680.00523340167,
          6964787.262647086
        ]
      },
      "properties": {
        "junction_id": 36385,
        "veh_id": 11410,
        "sim_time_s": 2056.5,
        "tier": "track-zone",
        "prearm_status": "",
        "focus_role": "none"
      }
    },
    {
      "type": "Feature",
      "geometry": {
        "type": "Point",
        "coordinates": [
          0.0,
          0.0
        ]
      },
      "properties": {
        "junction_id": 36393,
        "veh_id": 11418,
        "sim_time_s": 2065.9,
        "tier": "harmony-no-ge-local",
        "prearm_status": "skip",
        "focus_role": "none"
      }
    },
    {
      "type": "Feature",
      "geometry": {
        "type": "Point",
        "coordinates": [
          0.0,
          0.0
        ]
      },
      "properties": {
        "junction_id": 39578,
        "veh_id": 11434,
        "sim_time_s": 2078.1,
        "tier": "harmony-no-ge-local",
        "prearm_status": "skip",
        "focus_role": "none"
      }
    },
    {
      "type": "Feature",
      "geometry": {
        "type": "Point",
        "coordinates": [
          500085.42600394256,
          6966497.576279945
        ]
      },
      "properties": {
        "junction_id": 39568,
        "veh_id": 11424,
        "sim_time_s": 2083.5,
        "tier": "track-zone",
        "prearm_status": "",
        "focus_role": "none"
      }
    },
    {
      "type": "Feature",
      "geometry": {
        "type": "Point",
        "coordinates": [
          500702.1347801481,
          6964934.92321832
        ]
      },
      "properties": {
        "junction_id": 39593,
        "veh_id": 11410,
        "sim_time_s": 2088.9,
        "tier": "track-zone",
        "prearm_status": "",
        "focus_role": "none"
      }
    },
    {
      "type": "Feature",
      "geometry": {
        "type": "Point",
        "coordinates": [
          500397.09104931564,
          6966040.518871045
        ]
      },
      "properties": {
        "junction_id": 1043762,
        "veh_id": 11434,
        "sim_time_s": 2090.2,
        "tier": "track-zone",
        "prearm_status": "",
        "focus_role": "none"
      }
    },
    {
      "type": "Feature",
      "geometry": {
        "type": "Point",
        "coordinates": [
          500684.09878133226,
          6964756.319799705
        ]
      },
      "properties": {
        "junction_id": 36393,
        "veh_id": 11423,
        "sim_time_s": 2098.8,
        "tier": "coord-prearm-missed/SHOCKWAVE",
        "prearm_status": "missed",
        "focus_role": "none"
      }
    },
    {
      "type": "Feature",
      "geometry": {
        "type": "Point",
        "coordinates": [
          500728.9588354374,
          6964994.659947252
        ]
      },
      "properties": {
        "junction_id": 39593,
        "veh_id": 11423,
        "sim_time_s": 2099.7,
        "tier": "track-zone",
        "prearm_status": "",
        "focus_role": "none"
      }
    },
    {
      "type": "Feature",
      "geometry": {
        "type": "Point",
        "coordinates": [
          0.0,
          0.0
        ]
      },
      "properties": {
        "junction_id": 1043762,
        "veh_id": 11434,
        "sim_time_s": 2103.8,
        "tier": "harmony-no-ge-local",
        "prearm_status": "skip",
        "focus_role": "none"
      }
    },
    {
      "type": "Feature",
      "geometry": {
        "type": "Point",
        "coordinates": [
          499809.08781332505,
          6967046.843201577
        ]
      },
      "properties": {
        "junction_id": 11118289,
        "veh_id": 11398,
        "sim_time_s": 2105.1,
        "tier": "track-zone",
        "prearm_status": "",
        "focus_role": "none"
      }
    },
    {
      "type": "Feature",
      "geometry": {
        "type": "Point",
        "coordinates": [
          500227.0661509637,
          6966242.659701987
        ]
      },
      "properties": {
        "junction_id": 39569,
        "veh_id": 11434,
        "sim_time_s": 2107.8,
        "tier": "track-zone",
        "prearm_status": "",
        "focus_role": "none"
      }
    },
    {
      "type": "Feature",
      "geometry": {
        "type": "Point",
        "coordinates": [
          500729.13373426115,
          6965002.041966044
        ]
      },
      "properties": {
        "junction_id": 36393,
        "veh_id": 11391,
        "sim_time_s": 2118.6,
        "tier": "track-zone",
        "prearm_status": "",
        "focus_role": "none"
      }
    },
    {
      "type": "Feature",
      "geometry": {
        "type": "Point",
        "coordinates": [
          500689.18082813674,
          6964560.021323925
        ]
      },
      "properties": {
        "junction_id": 39590,
        "veh_id": 11418,
        "sim_time_s": 2118.6,
        "tier": "track-zone",
        "prearm_status": "",
        "focus_role": "none"
      }
    },
    {
      "type": "Feature",
      "geometry": {
        "type": "Point",
        "coordinates": [
          0.0,
          0.0
        ]
      },
      "properties": {
        "junction_id": 36385,
        "veh_id": 11410,
        "sim_time_s": 2118.6,
        "tier": "harmony-no-ge-local",
        "prearm_status": "skip",
        "focus_role": "none"
      }
    },
    {
      "type": "Feature",
      "geometry": {
        "type": "Point",
        "coordinates": [
          500134.26720057375,
          6966429.090444377
        ]
      },
      "properties": {
        "junction_id": 1043762,
        "veh_id": 11424,
        "sim_time_s": 2121.3,
        "tier": "track-zone",
        "prearm_status": "",
        "focus_role": "none"
      }
    },
    {
      "type": "Feature",
      "geometry": {
        "type": "Point",
        "coordinates": [
          500684.4563125686,
          6965091.081952322
        ]
      },
      "properties": {
        "junction_id": 10157950,
        "veh_id": 11410,
        "sim_time_s": 2126.7,
        "tier": "track-zone",
        "prearm_status": "",
        "focus_role": "none"
      }
    },
    {
      "type": "Feature",
      "geometry": {
        "type": "Point",
        "coordinates": [
          0.0,
          0.0
        ]
      },
      "properties": {
        "junction_id": 39569,
        "veh_id": 11434,
        "sim_time_s": 2129.4,
        "tier": "harmony-ins-local",
        "prearm_status": "action",
        "focus_role": "none"
      }
    },
    {
      "type": "Feature",
      "geometry": {
        "type": "Point",
        "coordinates": [
          500120.4983923528,
          6966429.123834331
        ]
      },
      "properties": {
        "junction_id": 39572,
        "veh_id": 11434,
        "sim_time_s": 2130.8,
        "tier": "track-zone",
        "prearm_status": "",
        "focus_role": "none"
      }
    },
    {
      "type": "Feature",
      "geometry": {
        "type": "Point",
        "coordinates": [
          500113.69018372486,
          6966436.7068073135
        ]
      },
      "properties": {
        "junction_id": 39572,
        "veh_id": 11434,
        "sim_time_s": 2132.6,
        "tier": "coord-prearm-harmony/SHOCKWAVE",
        "prearm_status": "fired",
        "focus_role": "none"
      }
    },
    {
      "type": "Feature",
      "geometry": {
        "type": "Point",
        "coordinates": [
          0.0,
          0.0
        ]
      },
      "properties": {
        "junction_id": 39572,
        "veh_id": 11434,
        "sim_time_s": 2133.0,
        "tier": "harmony-no-ge-local",
        "prearm_status": "skip",
        "focus_role": "none"
      }
    },
    {
      "type": "Feature",
      "geometry": {
        "type": "Point",
        "coordinates": [
          0.0,
          0.0
        ]
      },
      "properties": {
        "junction_id": 1043762,
        "veh_id": 11424,
        "sim_time_s": 2134.8,
        "tier": "harmony-no-ge-local",
        "prearm_status": "skip",
        "focus_role": "none"
      }
    },
    {
      "type": "Feature",
      "geometry": {
        "type": "Point",
        "coordinates": [
          0.0,
          0.0
        ]
      },
      "properties": {
        "junction_id": 39593,
        "veh_id": 11410,
        "sim_time_s": 2148.3,
        "tier": "harmony-no-ge-local",
        "prearm_status": "skip",
        "focus_role": "none"
      }
    },
    {
      "type": "Feature",
      "geometry": {
        "type": "Point",
        "coordinates": [
          500664.80380931473,
          6965173.298464883
        ]
      },
      "properties": {
        "junction_id": 1119660,
        "veh_id": 11410,
        "sim_time_s": 2149.7,
        "tier": "track-zone",
        "prearm_status": "",
        "focus_role": "none"
      }
    },
    {
      "type": "Feature",
      "geometry": {
        "type": "Point",
        "coordinates": [
          500360.2929912901,
          6966089.329352488
        ]
      },
      "properties": {
        "junction_id": 39578,
        "veh_id": 11424,
        "sim_time_s": 2149.7,
        "tier": "track-section",
        "prearm_status": "",
        "focus_role": "none"
      }
    },
    {
      "type": "Feature",
      "geometry": {
        "type": "Point",
        "coordinates": [
          500698.46670915204,
          6964792.916948217
        ]
      },
      "properties": {
        "junction_id": 36385,
        "veh_id": 11391,
        "sim_time_s": 2151.0,
        "tier": "track-zone",
        "prearm_status": "",
        "focus_role": "none"
      }
    },
    {
      "type": "Feature",
      "geometry": {
        "type": "Point",
        "coordinates": [
          500639.0804769282,
          6965233.656340479
        ]
      },
      "properties": {
        "junction_id": 39587,
        "veh_id": 11410,
        "sim_time_s": 2153.7,
        "tier": "track-zone",
        "prearm_status": "",
        "focus_role": "none"
      }
    },
    {
      "type": "Feature",
      "geometry": {
        "type": "Point",
        "coordinates": [
          0.0,
          0.0
        ]
      },
      "properties": {
        "junction_id": 38339,
        "veh_id": 11398,
        "sim_time_s": 2156.4,
        "tier": "harmony-no-ge-local",
        "prearm_status": "skip",
        "focus_role": "none"
      }
    },
    {
      "type": "Feature",
      "geometry": {
        "type": "Point",
        "coordinates": [
          499960.99785401835,
          6966956.998519626
        ]
      },
      "properties": {
        "junction_id": 39568,
        "veh_id": 11398,
        "sim_time_s": 2165.8,
        "tier": "track-zone",
        "prearm_status": "",
        "focus_role": "none"
      }
    },
    {
      "type": "Feature",
      "geometry": {
        "type": "Point",
        "coordinates": [
          0.0,
          0.0
        ]
      },
      "properties": {
        "junction_id": 39578,
        "veh_id": 11424,
        "sim_time_s": 2171.2,
        "tier": "harmony-no-ge-local",
        "prearm_status": "skip",
        "focus_role": "none"
      }
    },
    {
      "type": "Feature",
      "geometry": {
        "type": "Point",
        "coordinates": [
          499968.8256706865,
          6966899.377204692
        ]
      },
      "properties": {
        "junction_id": 39572,
        "veh_id": 11398,
        "sim_time_s": 2172.6,
        "tier": "track-zone",
        "prearm_status": "",
        "focus_role": "none"
      }
    },
    {
      "type": "Feature",
      "geometry": {
        "type": "Point",
        "coordinates": [
          500686.3342819225,
          6964556.128575493
        ]
      },
      "properties": {
        "junction_id": 39590,
        "veh_id": 11423,
        "sim_time_s": 2173.9,
        "tier": "track-zone",
        "prearm_status": "",
        "focus_role": "none"
      }
    },
    {
      "type": "Feature",
      "geometry": {
        "type": "Point",
        "coordinates": [
          500527.938274286,
          6965936.150100101
        ]
      },
      "properties": {
        "junction_id": 39576,
        "veh_id": 11424,
        "sim_time_s": 2173.9,
        "tier": "track-zone",
        "prearm_status": "",
        "focus_role": "none"
      }
    },
    {
      "type": "Feature",
      "geometry": {
        "type": "Point",
        "coordinates": [
          500079.5088626711,
          6966482.746078836
        ]
      },
      "properties": {
        "junction_id": 39568,
        "veh_id": 11434,
        "sim_time_s": 2195.6,
        "tier": "track-zone",
        "prearm_status": "",
        "focus_role": "none"
      }
    },
    {
      "type": "Feature",
      "geometry": {
        "type": "Point",
        "coordinates": [
          0.0,
          0.0
        ]
      },
      "properties": {
        "junction_id": 39587,
        "veh_id": 11410,
        "sim_time_s": 2202.3,
        "tier": "harmony-no-ge-local",
        "prearm_status": "skip",
        "focus_role": "none"
      }
    },
    {
      "type": "Feature",
      "geometry": {
        "type": "Point",
        "coordinates": [
          500571.3614163821,
          6965462.55816275
        ]
      },
      "properties": {
        "junction_id": 39576,
        "veh_id": 11410,
        "sim_time_s": 2206.3,
        "tier": "track-zone",
        "prearm_status": "",
        "focus_role": "none"
      }
    },
    {
      "type": "Feature",
      "geometry": {
        "type": "Point",
        "coordinates": [
          500689.2585854999,
          6964559.0260782065
        ]
      },
      "properties": {
        "junction_id": 39590,
        "veh_id": 11391,
        "sim_time_s": 2209.1,
        "tier": "track-zone",
        "prearm_status": "",
        "focus_role": "none"
      }
    },
    {
      "type": "Feature",
      "geometry": {
        "type": "Point",
        "coordinates": [
          500729.54476606316,
          6964411.015068582
        ]
      },
      "properties": {
        "junction_id": 39606,
        "veh_id": 11418,
        "sim_time_s": 2211.8,
        "tier": "track-zone",
        "prearm_status": "",
        "focus_role": "none"
      }
    },
    {
      "type": "Feature",
      "geometry": {
        "type": "Point",
        "coordinates": [
          500012.255683675,
          6966653.44887729
        ]
      },
      "properties": {
        "junction_id": 39572,
        "veh_id": 11434,
        "sim_time_s": 2212.2,
        "tier": "coord-prearm-missed/SHOCKWAVE",
        "prearm_status": "missed",
        "focus_role": "none"
      }
    },
    {
      "type": "Feature",
      "geometry": {
        "type": "Point",
        "coordinates": [
          500946.50642625254,
          6964035.431173656
        ]
      },
      "properties": {
        "junction_id": 39606,
        "veh_id": 11400,
        "sim_time_s": 2220.3,
        "tier": "IC-detect",
        "prearm_status": "",
        "focus_role": "none"
      }
    },
    {
      "type": "Feature",
      "geometry": {
        "type": "Point",
        "coordinates": [
          499986.31645439373,
          6966730.721507083
        ]
      },
      "properties": {
        "junction_id": 11118289,
        "veh_id": 11398,
        "sim_time_s": 2226.6,
        "tier": "track-zone",
        "prearm_status": "",
        "focus_role": "none"
      }
    },
    {
      "type": "Feature",
      "geometry": {
        "type": "Point",
        "coordinates": [
          500018.09172141936,
          6966618.869410132
        ]
      },
      "properties": {
        "junction_id": 11118289,
        "veh_id": 11434,
        "sim_time_s": 2236.1,
        "tier": "track-zone",
        "prearm_status": "",
        "focus_role": "none"
      }
    },
    {
      "type": "Feature",
      "geometry": {
        "type": "Point",
        "coordinates": [
          500731.4626855026,
          6964406.152738531
        ]
      },
      "properties": {
        "junction_id": 39590,
        "veh_id": 11418,
        "sim_time_s": 2238.8,
        "tier": "IC-detect-far",
        "prearm_status": "",
        "focus_role": "none"
      }
    },
    {
      "type": "Feature",
      "geometry": {
        "type": "Point",
        "coordinates": [
          500694.9532073018,
          6964521.015370564
        ]
      },
      "properties": {
        "junction_id": 36393,
        "veh_id": 11391,
        "sim_time_s": 2238.8,
        "tier": "IC-detect-far",
        "prearm_status": "",
        "focus_role": "none"
      }
    },
    {
      "type": "Feature",
      "geometry": {
        "type": "Point",
        "coordinates": [
          500949.53229003365,
          6964036.232777647
        ]
      },
      "properties": {
        "junction_id": 39606,
        "veh_id": 11435,
        "sim_time_s": 2250.0,
        "tier": "IC-detect",
        "prearm_status": "",
        "focus_role": "none"
      }
    },
    {
      "type": "Feature",
      "geometry": {
        "type": "Point",
        "coordinates": [
          500889.90680420306,
          6964122.106417627
        ]
      },
      "properties": {
        "junction_id": 39590,
        "veh_id": 11435,
        "sim_time_s": 2256.3,
        "tier": "track-zone",
        "prearm_status": "",
        "focus_role": "none"
      }
    },
    {
      "type": "Feature",
      "geometry": {
        "type": "Point",
        "coordinates": [
          499961.0696453936,
          6966778.004928065
        ]
      },
      "properties": {
        "junction_id": 38339,
        "veh_id": 11434,
        "sim_time_s": 2259.0,
        "tier": "track-zone",
        "prearm_status": "",
        "focus_role": "none"
      }
    },
    {
      "type": "Feature",
      "geometry": {
        "type": "Point",
        "coordinates": [
          0.0,
          0.0
        ]
      },
      "properties": {
        "junction_id": 39576,
        "veh_id": 11424,
        "sim_time_s": 2260.3,
        "tier": "harmony-no-ge-local",
        "prearm_status": "skip",
        "focus_role": "none"
      }
    },
    {
      "type": "Feature",
      "geometry": {
        "type": "Point",
        "coordinates": [
          0.0,
          0.0
        ]
      },
      "properties": {
        "junction_id": 39606,
        "veh_id": 11435,
        "sim_time_s": 2261.7,
        "tier": "harmony-ins-local",
        "prearm_status": "action",
        "focus_role": "none"
      }
    },
    {
      "type": "Feature",
      "geometry": {
        "type": "Point",
        "coordinates": [
          0.0,
          0.0
        ]
      },
      "properties": {
        "junction_id": 39572,
        "veh_id": 11398,
        "sim_time_s": 2261.7,
        "tier": "harmony-no-ge-local",
        "prearm_status": "skip",
        "focus_role": "none"
      }
    },
    {
      "type": "Feature",
      "geometry": {
        "type": "Point",
        "coordinates": [
          500012.02663710446,
          6966669.384204096
        ]
      },
      "properties": {
        "junction_id": 39569,
        "veh_id": 11398,
        "sim_time_s": 2263.1,
        "tier": "track-zone",
        "prearm_status": "",
        "focus_role": "none"
      }
    },
    {
      "type": "Feature",
      "geometry": {
        "type": "Point",
        "coordinates": [
          500492.0681070592,
          6965688.865638501
        ]
      },
      "properties": {
        "junction_id": 39578,
        "veh_id": 11410,
        "sim_time_s": 2263.1,
        "tier": "track-zone",
        "prearm_status": "",
        "focus_role": "none"
      }
    },
    {
      "type": "Feature",
      "geometry": {
        "type": "Point",
        "coordinates": [
          500512.4938483357,
          6965705.7101321975
        ]
      },
      "properties": {
        "junction_id": 39587,
        "veh_id": 11424,
        "sim_time_s": 2263.1,
        "tier": "track-zone",
        "prearm_status": "",
        "focus_role": "none"
      }
    },
    {
      "type": "Feature",
      "geometry": {
        "type": "Point",
        "coordinates": [
          500885.18996517616,
          6964122.813926973
        ]
      },
      "properties": {
        "junction_id": 39590,
        "veh_id": 11400,
        "sim_time_s": 2264.4,
        "tier": "track-zone",
        "prearm_status": "",
        "focus_role": "none"
      }
    },
    {
      "type": "Feature",
      "geometry": {
        "type": "Point",
        "coordinates": [
          500518.2512382186,
          6965649.875026181
        ]
      },
      "properties": {
        "junction_id": 1119660,
        "veh_id": 11424,
        "sim_time_s": 2271.2,
        "tier": "track-zone",
        "prearm_status": "",
        "focus_role": "none"
      }
    },
    {
      "type": "Feature",
      "geometry": {
        "type": "Point",
        "coordinates": [
          0.0,
          0.0
        ]
      },
      "properties": {
        "junction_id": 38339,
        "veh_id": 11434,
        "sim_time_s": 2275.2,
        "tier": "harmony-ins-local",
        "prearm_status": "action",
        "focus_role": "none"
      }
    },
    {
      "type": "Feature",
      "geometry": {
        "type": "Point",
        "coordinates": [
          0.0,
          0.0
        ]
      },
      "properties": {
        "junction_id": 39590,
        "veh_id": 11418,
        "sim_time_s": 2276.6,
        "tier": "harmony-no-ge-local",
        "prearm_status": "skip",
        "focus_role": "none"
      }
    },
    {
      "type": "Feature",
      "geometry": {
        "type": "Point",
        "coordinates": [
          500087.25921997585,
          6967505.346169611
        ]
      },
      "properties": {
        "junction_id": 38339,
        "veh_id": 11425,
        "sim_time_s": 2277.9,
        "tier": "IC-detect",
        "prearm_status": "",
        "focus_role": "none"
      }
    },
    {
      "type": "Feature",
      "geometry": {
        "type": "Point",
        "coordinates": [
          500036.3173785984,
          6966611.7615597835
        ]
      },
      "properties": {
        "junction_id": 39568,
        "veh_id": 11398,
        "sim_time_s": 2287.3,
        "tier": "track-zone",
        "prearm_status": "",
        "focus_role": "none"
      }
    },
    {
      "type": "Feature",
      "geometry": {
        "type": "Point",
        "coordinates": [
          500731.71467250463,
          6964405.430164144
        ]
      },
      "properties": {
        "junction_id": 39606,
        "veh_id": 11423,
        "sim_time_s": 2292.8,
        "tier": "track-zone",
        "prearm_status": "",
        "focus_role": "none"
      }
    },
    {
      "type": "Feature",
      "geometry": {
        "type": "Point",
        "coordinates": [
          0.0,
          0.0
        ]
      },
      "properties": {
        "junction_id": 39590,
        "veh_id": 11435,
        "sim_time_s": 2292.8,
        "tier": "harmony-no-ge-local",
        "prearm_status": "skip",
        "focus_role": "none"
      }
    },
    {
      "type": "Feature",
      "geometry": {
        "type": "Point",
        "coordinates": [
          499514.2320769479,
          6966650.177374803
        ]
      },
      "properties": {
        "junction_id": 39572,
        "veh_id": 11392,
        "sim_time_s": 2292.8,
        "tier": "IC-detect",
        "prearm_status": "",
        "focus_role": "none"
      }
    },
    {
      "type": "Feature",
      "geometry": {
        "type": "Point",
        "coordinates": [
          500735.6044903759,
          6964395.581307131
        ]
      },
      "properties": {
        "junction_id": 39590,
        "veh_id": 11423,
        "sim_time_s": 2294.1,
        "tier": "IC-detect",
        "prearm_status": "",
        "focus_role": "none"
      }
    },
    {
      "type": "Feature",
      "geometry": {
        "type": "Point",
        "coordinates": [
          0.0,
          0.0
        ]
      },
      "properties": {
        "junction_id": 39578,
        "veh_id": 11410,
        "sim_time_s": 2304.9,
        "tier": "harmony-no-ge-local",
        "prearm_status": "skip",
        "focus_role": "none"
      }
    },
    {
      "type": "Feature",
      "geometry": {
        "type": "Point",
        "coordinates": [
          499774.2824615899,
          6966595.199342565
        ]
      },
      "properties": {
        "junction_id": 39568,
        "veh_id": 11392,
        "sim_time_s": 2308.9,
        "tier": "track-zone",
        "prearm_status": "",
        "focus_role": "none"
      }
    },
    {
      "type": "Feature",
      "geometry": {
        "type": "Point",
        "coordinates": [
          500730.4689488222,
          6964408.768155302
        ]
      },
      "properties": {
        "junction_id": 39606,
        "veh_id": 11391,
        "sim_time_s": 2315.7,
        "tier": "track-zone",
        "prearm_status": "",
        "focus_role": "none"
      }
    },
    {
      "type": "Feature",
      "geometry": {
        "type": "Point",
        "coordinates": [
          499880.83350100904,
          6966544.379014572
        ]
      },
      "properties": {
        "junction_id": 39569,
        "veh_id": 11392,
        "sim_time_s": 2317.1,
        "tier": "track-zone",
        "prearm_status": "",
        "focus_role": "none"
      }
    },
    {
      "type": "Feature",
      "geometry": {
        "type": "Point",
        "coordinates": [
          500551.3155527533,
          6965571.705978958
        ]
      },
      "properties": {
        "junction_id": 10157950,
        "veh_id": 11424,
        "sim_time_s": 2321.1,
        "tier": "track-zone",
        "prearm_status": "",
        "focus_role": "none"
      }
    },
    {
      "type": "Feature",
      "geometry": {
        "type": "Point",
        "coordinates": [
          500755.4181406761,
          6964346.491492107
        ]
      },
      "properties": {
        "junction_id": 39590,
        "veh_id": 11391,
        "sim_time_s": 2329.2,
        "tier": "IC-detect",
        "prearm_status": "",
        "focus_role": "none"
      }
    },
    {
      "type": "Feature",
      "geometry": {
        "type": "Point",
        "coordinates": [
          500673.7138554523,
          6964518.484701247
        ]
      },
      "properties": {
        "junction_id": 36393,
        "veh_id": 11435,
        "sim_time_s": 2335.5,
        "tier": "IC-detect",
        "prearm_status": "",
        "focus_role": "none"
      }
    },
    {
      "type": "Feature",
      "geometry": {
        "type": "Point",
        "coordinates": [
          499966.0860370938,
          6967106.407729223
        ]
      },
      "properties": {
        "junction_id": 11118289,
        "veh_id": 11425,
        "sim_time_s": 2337.3,
        "tier": "track-zone",
        "prearm_status": "",
        "focus_role": "none"
      }
    },
    {
      "type": "Feature",
      "geometry": {
        "type": "Point",
        "coordinates": [
          0.0,
          0.0
        ]
      },
      "properties": {
        "junction_id": 39569,
        "veh_id": 11398,
        "sim_time_s": 2345.4,
        "tier": "harmony-ins-local",
        "prearm_status": "action",
        "focus_role": "none"
      }
    },
    {
      "type": "Feature",
      "geometry": {
        "type": "Point",
        "coordinates": [
          500674.0514898702,
          6964514.852944609
        ]
      },
      "properties": {
        "junction_id": 36393,
        "veh_id": 11400,
        "sim_time_s": 2346.8,
        "tier": "track-zone",
        "prearm_status": "",
        "focus_role": "none"
      }
    },
    {
      "type": "Feature",
      "geometry": {
        "type": "Point",
        "coordinates": [
          500131.2534646724,
          6966438.424710581
        ]
      },
      "properties": {
        "junction_id": 1043762,
        "veh_id": 11398,
        "sim_time_s": 2348.1,
        "tier": "track-zone",
        "prearm_status": "",
        "focus_role": "none"
      }
    },
    {
      "type": "Feature",
      "geometry": {
        "type": "Point",
        "coordinates": [
          0.0,
          0.0
        ]
      },
      "properties": {
        "junction_id": 36393,
        "veh_id": 11435,
        "sim_time_s": 2349.4,
        "tier": "harmony-no-ge-local",
        "prearm_status": "skip",
        "focus_role": "none"
      }
    },
    {
      "type": "Feature",
      "geometry": {
        "type": "Point",
        "coordinates": [
          500393.76800136693,
          6966043.253656539
        ]
      },
      "properties": {
        "junction_id": 1043762,
        "veh_id": 11410,
        "sim_time_s": 2352.2,
        "tier": "track-zone",
        "prearm_status": "",
        "focus_role": "none"
      }
    },
    {
      "type": "Feature",
      "geometry": {
        "type": "Point",
        "coordinates": [
          500679.73894658784,
          6964777.6055982
        ]
      },
      "properties": {
        "junction_id": 36385,
        "veh_id": 11435,
        "sim_time_s": 2353.5,
        "tier": "track-zone",
        "prearm_status": "",
        "focus_role": "none"
      }
    },
    {
      "type": "Feature",
      "geometry": {
        "type": "Point",
        "coordinates": [
          500125.34001018765,
          6966436.472061371
        ]
      },
      "properties": {
        "junction_id": 1043762,
        "veh_id": 11392,
        "sim_time_s": 2369.7,
        "tier": "track-zone",
        "prearm_status": "",
        "focus_role": "none"
      }
    },
    {
      "type": "Feature",
      "geometry": {
        "type": "Point",
        "coordinates": [
          500701.03651090385,
          6964928.059847874
        ]
      },
      "properties": {
        "junction_id": 39593,
        "veh_id": 11435,
        "sim_time_s": 2369.7,
        "tier": "track-zone",
        "prearm_status": "",
        "focus_role": "none"
      }
    },
    {
      "type": "Feature",
      "geometry": {
        "type": "Point",
        "coordinates": [
          0.0,
          0.0
        ]
      },
      "properties": {
        "junction_id": 39590,
        "veh_id": 11423,
        "sim_time_s": 2375.1,
        "tier": "harmony-no-ge-local",
        "prearm_status": "skip",
        "focus_role": "none"
      }
    },
    {
      "type": "Feature",
      "geometry": {
        "type": "Point",
        "coordinates": [
          500572.95482468297,
          6965516.851616261
        ]
      },
      "properties": {
        "junction_id": 39587,
        "veh_id": 11424,
        "sim_time_s": 2383.2,
        "tier": "IC-detect",
        "prearm_status": "",
        "focus_role": "none"
      }
    },
    {
      "type": "Feature",
      "geometry": {
        "type": "Point",
        "coordinates": [
          0.0,
          0.0
        ]
      },
      "properties": {
        "junction_id": 36393,
        "veh_id": 11400,
        "sim_time_s": 2385.9,
        "tier": "harmony-ins-local",
        "prearm_status": "action",
        "focus_role": "none"
      }
    },
    {
      "type": "Feature",
      "geometry": {
        "type": "Point",
        "coordinates": [
          0.0,
          0.0
        ]
      },
      "properties": {
        "junction_id": 1043762,
        "veh_id": 11410,
        "sim_time_s": 2388.6,
        "tier": "harmony-no-ge-local",
        "prearm_status": "skip",
        "focus_role": "none"
      }
    },
    {
      "type": "Feature",
      "geometry": {
        "type": "Point",
        "coordinates": [
          500678.4615795828,
          6964734.274814556
        ]
      },
      "properties": {
        "junction_id": 36385,
        "veh_id": 11400,
        "sim_time_s": 2389.1,
        "tier": "coord-prearm-harmony/SHOCKWAVE",
        "prearm_status": "fired",
        "focus_role": "none"
      }
    },
    {
      "type": "Feature",
      "geometry": {
        "type": "Point",
        "coordinates": [
          0.0,
          0.0
        ]
      },
      "properties": {
        "junction_id": 36385,
        "veh_id": 11400,
        "sim_time_s": 2389.5,
        "tier": "harmony-no-ge-local",
        "prearm_status": "skip",
        "focus_role": "none"
      }
    },
    {
      "type": "Feature",
      "geometry": {
        "type": "Point",
        "coordinates": [
          0.0,
          0.0
        ]
      },
      "properties": {
        "junction_id": 39587,
        "veh_id": 11424,
        "sim_time_s": 2389.9,
        "tier": "harmony-no-ge-local",
        "prearm_status": "skip",
        "focus_role": "none"
      }
    },
    {
      "type": "Feature",
      "geometry": {
        "type": "Point",
        "coordinates": [
          0.0,
          0.0
        ]
      },
      "properties": {
        "junction_id": 38339,
        "veh_id": 11425,
        "sim_time_s": 2391.3,
        "tier": "harmony-no-ge-local",
        "prearm_status": "skip",
        "focus_role": "none"
      }
    },
    {
      "type": "Feature",
      "geometry": {
        "type": "Point",
        "coordinates": [
          500224.27639861486,
          6966241.28681593
        ]
      },
      "properties": {
        "junction_id": 39569,
        "veh_id": 11410,
        "sim_time_s": 2392.7,
        "tier": "track-zone",
        "prearm_status": "",
        "focus_role": "none"
      }
    },
    {
      "type": "Feature",
      "geometry": {
        "type": "Point",
        "coordinates": [
          500587.0602273018,
          6965477.501163558
        ]
      },
      "properties": {
        "junction_id": 1119660,
        "veh_id": 11424,
        "sim_time_s": 2392.7,
        "tier": "track-zone",
        "prearm_status": "",
        "focus_role": "none"
      }
    },
    {
      "type": "Feature",
      "geometry": {
        "type": "Point",
        "coordinates": [
          500607.6245442741,
          6965414.104308535
        ]
      },
      "properties": {
        "junction_id": 39593,
        "veh_id": 11424,
        "sim_time_s": 2398.1,
        "tier": "track-zone",
        "prearm_status": "",
        "focus_role": "none"
      }
    },
    {
      "type": "Feature",
      "geometry": {
        "type": "Point",
        "coordinates": [
          500134.35896903847,
          6965615.236375507
        ]
      },
      "properties": {
        "junction_id": 39576,
        "veh_id": 11404,
        "sim_time_s": 2400.3,
        "tier": "IC-detect",
        "prearm_status": "",
        "focus_role": "none"
      }
    },
    {
      "type": "Feature",
      "geometry": {
        "type": "Point",
        "coordinates": [
          499961.8101107523,
          6966947.931590286
        ]
      },
      "properties": {
        "junction_id": 39568,
        "veh_id": 11425,
        "sim_time_s": 2400.8,
        "tier": "track-zone",
        "prearm_status": "",
        "focus_role": "none"
      }
    },
    {
      "type": "Feature",
      "geometry": {
        "type": "Point",
        "coordinates": [
          0.0,
          0.0
        ]
      },
      "properties": {
        "junction_id": 1043762,
        "veh_id": 11398,
        "sim_time_s": 2402.1,
        "tier": "harmony-no-ge-local",
        "prearm_status": "skip",
        "focus_role": "none"
      }
    },
    {
      "type": "Feature",
      "geometry": {
        "type": "Point",
        "coordinates": [
          499966.4833437509,
          6966886.555701155
        ]
      },
      "properties": {
        "junction_id": 39572,
        "veh_id": 11425,
        "sim_time_s": 2404.8,
        "tier": "track-zone",
        "prearm_status": "",
        "focus_role": "none"
      }
    },
    {
      "type": "Feature",
      "geometry": {
        "type": "Point",
        "coordinates": [
          500652.8804384308,
          6965246.1957987035
        ]
      },
      "properties": {
        "junction_id": 36385,
        "veh_id": 11424,
        "sim_time_s": 2410.2,
        "tier": "track-zone",
        "prearm_status": "",
        "focus_role": "none"
      }
    },
    {
      "type": "Feature",
      "geometry": {
        "type": "Point",
        "coordinates": [
          500351.48624201375,
          6966094.727383128
        ]
      },
      "properties": {
        "junction_id": 39578,
        "veh_id": 11392,
        "sim_time_s": 2412.9,
        "tier": "track-section",
        "prearm_status": "",
        "focus_role": "none"
      }
    },
    {
      "type": "Feature",
      "geometry": {
        "type": "Point",
        "coordinates": [
          500822.0483605141,
          6964225.899924939
        ]
      },
      "properties": {
        "junction_id": 39606,
        "veh_id": 11423,
        "sim_time_s": 2412.9,
        "tier": "IC-detect",
        "prearm_status": "",
        "focus_role": "none"
      }
    },
    {
      "type": "Feature",
      "geometry": {
        "type": "Point",
        "coordinates": [
          0.0,
          0.0
        ]
      },
      "properties": {
        "junction_id": 36385,
        "veh_id": 11435,
        "sim_time_s": 2412.9,
        "tier": "harmony-no-ge-local",
        "prearm_status": "skip",
        "focus_role": "none"
      }
    },
    {
      "type": "Feature",
      "geometry": {
        "type": "Point",
        "coordinates": [
          0.0,
          0.0
        ]
      },
      "properties": {
        "junction_id": 39593,
        "veh_id": 11424,
        "sim_time_s": 2414.2,
        "tier": "harmony-no-ge-local",
        "prearm_status": "skip",
        "focus_role": "none"
      }
    },
    {
      "type": "Feature",
      "geometry": {
        "type": "Point",
        "coordinates": [
          0.0,
          0.0
        ]
      },
      "properties": {
        "junction_id": 39606,
        "veh_id": 11423,
        "sim_time_s": 2415.6,
        "tier": "harmony-no-ge-local",
        "prearm_status": "skip",
        "focus_role": "none"
      }
    },
    {
      "type": "Feature",
      "geometry": {
        "type": "Point",
        "coordinates": [
          500688.03306727204,
          6965097.617654049
        ]
      },
      "properties": {
        "junction_id": 10157950,
        "veh_id": 11435,
        "sim_time_s": 2422.3,
        "tier": "track-zone",
        "prearm_status": "",
        "focus_role": "none"
      }
    },
    {
      "type": "Feature",
      "geometry": {
        "type": "Point",
        "coordinates": [
          0.0,
          0.0
        ]
      },
      "properties": {
        "junction_id": 39593,
        "veh_id": 11435,
        "sim_time_s": 2426.4,
        "tier": "harmony-no-ge-local",
        "prearm_status": "skip",
        "focus_role": "none"
      }
    },
    {
      "type": "Feature",
      "geometry": {
        "type": "Point",
        "coordinates": [
          500666.3684097104,
          6965179.545794374
        ]
      },
      "properties": {
        "junction_id": 1119660,
        "veh_id": 11435,
        "sim_time_s": 2427.8,
        "tier": "track-zone",
        "prearm_status": "",
        "focus_role": "none"
      }
    },
    {
      "type": "Feature",
      "geometry": {
        "type": "Point",
        "coordinates": [
          0.0,
          0.0
        ]
      },
      "properties": {
        "junction_id": 39578,
        "veh_id": 11392,
        "sim_time_s": 2427.8,
        "tier": "harmony-no-ge-local",
        "prearm_status": "skip",
        "focus_role": "none"
      }
    },
    {
      "type": "Feature",
      "geometry": {
        "type": "Point",
        "coordinates": [
          500528.39796070295,
          6965935.230005244
        ]
      },
      "properties": {
        "junction_id": 39576,
        "veh_id": 11392,
        "sim_time_s": 2429.1,
        "tier": "track-zone",
        "prearm_status": "",
        "focus_role": "none"
      }
    },
    {
      "type": "Feature",
      "geometry": {
        "type": "Point",
        "coordinates": [
          500639.37606829836,
          6965241.313102645
        ]
      },
      "properties": {
        "junction_id": 39587,
        "veh_id": 11435,
        "sim_time_s": 2431.8,
        "tier": "track-zone",
        "prearm_status": "",
        "focus_role": "none"
      }
    },
    {
      "type": "Feature",
      "geometry": {
        "type": "Point",
        "coordinates": [
          0.0,
          0.0
        ]
      },
      "properties": {
        "junction_id": 39572,
        "veh_id": 11425,
        "sim_time_s": 2433.2,
        "tier": "harmony-no-ge-local",
        "prearm_status": "skip",
        "focus_role": "none"
      }
    },
    {
      "type": "Feature",
      "geometry": {
        "type": "Point",
        "coordinates": [
          500360.4125231389,
          6966093.172374294
        ]
      },
      "properties": {
        "junction_id": 39578,
        "veh_id": 11398,
        "sim_time_s": 2434.5,
        "tier": "track-section",
        "prearm_status": "",
        "focus_role": "none"
      }
    },
    {
      "type": "Feature",
      "geometry": {
        "type": "Point",
        "coordinates": [
          500700.9563637303,
          6964928.53352033
        ]
      },
      "properties": {
        "junction_id": 39593,
        "veh_id": 11400,
        "sim_time_s": 2443.9,
        "tier": "track-zone",
        "prearm_status": "",
        "focus_role": "none"
      }
    },
    {
      "type": "Feature",
      "geometry": {
        "type": "Point",
        "coordinates": [
          0.0,
          0.0
        ]
      },
      "properties": {
        "junction_id": 39569,
        "veh_id": 11410,
        "sim_time_s": 2443.9,
        "tier": "harmony-ins-local",
        "prearm_status": "action",
        "focus_role": "none"
      }
    },
    {
      "type": "Feature",
      "geometry": {
        "type": "Point",
        "coordinates": [
          500101.53758336377,
          6966434.6065215245
        ]
      },
      "properties": {
        "junction_id": 39572,
        "veh_id": 11410,
        "sim_time_s": 2446.7,
        "tier": "track-zone",
        "prearm_status": "",
        "focus_role": "none"
      }
    },
    {
      "type": "Feature",
      "geometry": {
        "type": "Point",
        "coordinates": [
          500030.4829000522,
          6966465.919810515
        ]
      },
      "properties": {
        "junction_id": 39568,
        "veh_id": 11410,
        "sim_time_s": 2454.8,
        "tier": "track-zone",
        "prearm_status": "",
        "focus_role": "none"
      }
    },
    {
      "type": "Feature",
      "geometry": {
        "type": "Point",
        "coordinates": [
          500004.3093595437,
          6966688.181644359
        ]
      },
      "properties": {
        "junction_id": 11118289,
        "veh_id": 11425,
        "sim_time_s": 2458.8,
        "tier": "track-zone",
        "prearm_status": "",
        "focus_role": "none"
      }
    },
    {
      "type": "Feature",
      "geometry": {
        "type": "Point",
        "coordinates": [
          500715.9750991549,
          6965021.284129771
        ]
      },
      "properties": {
        "junction_id": 36385,
        "veh_id": 11400,
        "sim_time_s": 2461.1,
        "tier": "coord-prearm-missed/SHOCKWAVE",
        "prearm_status": "missed",
        "focus_role": "none"
      }
    },
    {
      "type": "Feature",
      "geometry": {
        "type": "Point",
        "coordinates": [
          500454.28438312217,
          6965696.137979535
        ]
      },
      "properties": {
        "junction_id": 39578,
        "veh_id": 11404,
        "sim_time_s": 2462.8,
        "tier": "track-zone",
        "prearm_status": "",
        "focus_role": "none"
      }
    },
    {
      "type": "Feature",
      "geometry": {
        "type": "Point",
        "coordinates": [
          0.0,
          0.0
        ]
      },
      "properties": {
        "junction_id": 39576,
        "veh_id": 11404,
        "sim_time_s": 2464.2,
        "tier": "harmony-no-ge-local",
        "prearm_status": "skip",
        "focus_role": "none"
      }
    },
    {
      "type": "Feature",
      "geometry": {
        "type": "Point",
        "coordinates": [
          0.0,
          0.0
        ]
      },
      "properties": {
        "junction_id": 39578,
        "veh_id": 11398,
        "sim_time_s": 2468.2,
        "tier": "harmony-ins-local",
        "prearm_status": "action",
        "focus_role": "none"
      }
    },
    {
      "type": "Feature",
      "geometry": {
        "type": "Point",
        "coordinates": [
          500011.95179232385,
          6966669.162663995
        ]
      },
      "properties": {
        "junction_id": 39569,
        "veh_id": 11425,
        "sim_time_s": 2469.6,
        "tier": "track-zone",
        "prearm_status": "",
        "focus_role": "none"
      }
    },
    {
      "type": "Feature",
      "geometry": {
        "type": "Point",
        "coordinates": [
          500535.27728998626,
          6965924.720157523
        ]
      },
      "properties": {
        "junction_id": 39576,
        "veh_id": 11398,
        "sim_time_s": 2470.9,
        "tier": "track-zone",
        "prearm_status": "",
        "focus_role": "none"
      }
    },
    {
      "type": "Feature",
      "geometry": {
        "type": "Point",
        "coordinates": [
          500509.4791681785,
          6965708.848623746
        ]
      },
      "properties": {
        "junction_id": 39587,
        "veh_id": 11392,
        "sim_time_s": 2496.6,
        "tier": "track-zone",
        "prearm_status": "",
        "focus_role": "none"
      }
    },
    {
      "type": "Feature",
      "geometry": {
        "type": "Point",
        "coordinates": [
          0.0,
          0.0
        ]
      },
      "properties": {
        "junction_id": 39587,
        "veh_id": 11435,
        "sim_time_s": 2507.4,
        "tier": "harmony-no-ge-local",
        "prearm_status": "skip",
        "focus_role": "none"
      }
    },
    {
      "type": "Feature",
      "geometry": {
        "type": "Point",
        "coordinates": [
          500579.1788681871,
          6965458.201720195
        ]
      },
      "properties": {
        "junction_id": 39576,
        "veh_id": 11435,
        "sim_time_s": 2508.8,
        "tier": "track-zone",
        "prearm_status": "",
        "focus_role": "none"
      }
    },
    {
      "type": "Feature",
      "geometry": {
        "type": "Point",
        "coordinates": [
          0.0,
          0.0
        ]
      },
      "properties": {
        "junction_id": 39569,
        "veh_id": 11425,
        "sim_time_s": 2522.2,
        "tier": "harmony-ins-local",
        "prearm_status": "action",
        "focus_role": "none"
      }
    },
    {
      "type": "Feature",
      "geometry": {
        "type": "Point",
        "coordinates": [
          500134.828463687,
          6966433.436116025
        ]
      },
      "properties": {
        "junction_id": 1043762,
        "veh_id": 11425,
        "sim_time_s": 2524.9,
        "tier": "track-zone",
        "prearm_status": "",
        "focus_role": "none"
      }
    },
    {
      "type": "Feature",
      "geometry": {
        "type": "Point",
        "coordinates": [
          500718.1961539851,
          6965061.717146079
        ]
      },
      "properties": {
        "junction_id": 36385,
        "veh_id": 11424,
        "sim_time_s": 2530.3,
        "tier": "IC-detect",
        "prearm_status": "",
        "focus_role": "none"
      }
    },
    {
      "type": "Feature",
      "geometry": {
        "type": "Point",
        "coordinates": [
          500515.59208009846,
          6965648.524547058
        ]
      },
      "properties": {
        "junction_id": 1119660,
        "veh_id": 11392,
        "sim_time_s": 2531.7,
        "tier": "track-zone",
        "prearm_status": "",
        "focus_role": "none"
      }
    },
    {
      "type": "Feature",
      "geometry": {
        "type": "Point",
        "coordinates": [
          0.0,
          0.0
        ]
      },
      "properties": {
        "junction_id": 39576,
        "veh_id": 11435,
        "sim_time_s": 2533.1,
        "tier": "harmony-ge-local",
        "prearm_status": "action",
        "focus_role": "none"
      }
    },
    {
      "type": "Feature",
      "geometry": {
        "type": "Point",
        "coordinates": [
          499516.36614574556,
          6966652.755351805
        ]
      },
      "properties": {
        "junction_id": 39572,
        "veh_id": 11415,
        "sim_time_s": 2533.9,
        "tier": "IC-detect",
        "prearm_status": "",
        "focus_role": "none"
      }
    },
    {
      "type": "Feature",
      "geometry": {
        "type": "Point",
        "coordinates": [
          500492.3552730601,
          6965685.947716126
        ]
      },
      "properties": {
        "junction_id": 39578,
        "veh_id": 11435,
        "sim_time_s": 2535.8,
        "tier": "track-zone",
        "prearm_status": "",
        "focus_role": "none"
      }
    },
    {
      "type": "Feature",
      "geometry": {
        "type": "Point",
        "coordinates": [
          0.0,
          0.0
        ]
      },
      "properties": {
        "junction_id": 1043762,
        "veh_id": 11425,
        "sim_time_s": 2537.1,
        "tier": "harmony-no-ge-local",
        "prearm_status": "skip",
        "focus_role": "none"
      }
    },
    {
      "type": "Feature",
      "geometry": {
        "type": "Point",
        "coordinates": [
          0.0,
          0.0
        ]
      },
      "properties": {
        "junction_id": 36385,
        "veh_id": 11424,
        "sim_time_s": 2539.8,
        "tier": "harmony-no-ge-local",
        "prearm_status": "skip",
        "focus_role": "none"
      }
    },
    {
      "type": "Feature",
      "geometry": {
        "type": "Point",
        "coordinates": [
          500682.9865641546,
          6965094.348855212
        ]
      },
      "properties": {
        "junction_id": 10157950,
        "veh_id": 11400,
        "sim_time_s": 2545.2,
        "tier": "track-zone",
        "prearm_status": "",
        "focus_role": "none"
      }
    },
    {
      "type": "Feature",
      "geometry": {
        "type": "Point",
        "coordinates": [
          500497.03298118844,
          6965702.579766126
        ]
      },
      "properties": {
        "junction_id": 39587,
        "veh_id": 11404,
        "sim_time_s": 2549.2,
        "tier": "track-zone",
        "prearm_status": "",
        "focus_role": "none"
      }
    },
    {
      "type": "Feature",
      "geometry": {
        "type": "Point",
        "coordinates": [
          500729.052940611,
          6964998.216705913
        ]
      },
      "properties": {
        "junction_id": 36393,
        "veh_id": 11424,
        "sim_time_s": 2549.2,
        "tier": "track-zone",
        "prearm_status": "",
        "focus_role": "none"
      }
    },
    {
      "type": "Feature",
      "geometry": {
        "type": "Point",
        "coordinates": [
          500544.1641518878,
          6965580.227511821
        ]
      },
      "properties": {
        "junction_id": 39576,
        "veh_id": 11392,
        "sim_time_s": 2549.2,
        "tier": "IC-detect",
        "prearm_status": "",
        "focus_role": "none"
      }
    },
    {
      "type": "Feature",
      "geometry": {
        "type": "Point",
        "coordinates": [
          500363.6548487462,
          6966090.130065773
        ]
      },
      "properties": {
        "junction_id": 39578,
        "veh_id": 11425,
        "sim_time_s": 2550.6,
        "tier": "track-section",
        "prearm_status": "",
        "focus_role": "none"
      }
    },
    {
      "type": "Feature",
      "geometry": {
        "type": "Point",
        "coordinates": [
          500549.0916850893,
          6965569.5332904775
        ]
      },
      "properties": {
        "junction_id": 10157950,
        "veh_id": 11392,
        "sim_time_s": 2553.3,
        "tier": "track-zone",
        "prearm_status": "",
        "focus_role": "none"
      }
    },
    {
      "type": "Feature",
      "geometry": {
        "type": "Point",
        "coordinates": [
          500519.39458360337,
          6965645.664094756
        ]
      },
      "properties": {
        "junction_id": 1119660,
        "veh_id": 11404,
        "sim_time_s": 2558.7,
        "tier": "track-zone",
        "prearm_status": "",
        "focus_role": "none"
      }
    },
    {
      "type": "Feature",
      "geometry": {
        "type": "Point",
        "coordinates": [
          500679.17876888544,
          6965111.386116687
        ]
      },
      "properties": {
        "junction_id": 39593,
        "veh_id": 11400,
        "sim_time_s": 2564.1,
        "tier": "IC-detect",
        "prearm_status": "",
        "focus_role": "none"
      }
    },
    {
      "type": "Feature",
      "geometry": {
        "type": "Point",
        "coordinates": [
          499559.5852552517,
          6966633.019301511
        ]
      },
      "properties": {
        "junction_id": 39572,
        "veh_id": 11410,
        "sim_time_s": 2566.8,
        "tier": "IC-detect-far",
        "prearm_status": "",
        "focus_role": "none"
      }
    },
    {
      "type": "Feature",
      "geometry": {
        "type": "Point",
        "coordinates": [
          0.0,
          0.0
        ]
      },
      "properties": {
        "junction_id": 39593,
        "veh_id": 11400,
        "sim_time_s": 2568.2,
        "tier": "harmony-no-ge-local",
        "prearm_status": "skip",
        "focus_role": "none"
      }
    },
    {
      "type": "Feature",
      "geometry": {
        "type": "Point",
        "coordinates": [
          500661.73542549595,
          6965181.578126299
        ]
      },
      "properties": {
        "junction_id": 1119660,
        "veh_id": 11400,
        "sim_time_s": 2570.8,
        "tier": "track-zone",
        "prearm_status": "",
        "focus_role": "none"
      }
    },
    {
      "type": "Feature",
      "geometry": {
        "type": "Point",
        "coordinates": [
          500635.27360951575,
          6965241.800430299
        ]
      },
      "properties": {
        "junction_id": 39587,
        "veh_id": 11400,
        "sim_time_s": 2576.2,
        "tier": "track-zone",
        "prearm_status": "",
        "focus_role": "none"
      }
    },
    {
      "type": "Feature",
      "geometry": {
        "type": "Point",
        "coordinates": [
          0.0,
          0.0
        ]
      },
      "properties": {
        "junction_id": 39578,
        "veh_id": 11435,
        "sim_time_s": 2577.6,
        "tier": "harmony-no-ge-local",
        "prearm_status": "skip",
        "focus_role": "none"
      }
    },
    {
      "type": "Feature",
      "geometry": {
        "type": "Point",
        "coordinates": [
          500527.8952519756,
          6965935.929190961
        ]
      },
      "properties": {
        "junction_id": 39576,
        "veh_id": 11425,
        "sim_time_s": 2580.3,
        "tier": "track-zone",
        "prearm_status": "",
        "focus_role": "none"
      }
    },
    {
      "type": "Feature",
      "geometry": {
        "type": "Point",
        "coordinates": [
          500534.2330797386,
          6965609.275353644
        ]
      },
      "properties": {
        "junction_id": 39576,
        "veh_id": 11404,
        "sim_time_s": 2584.3,
        "tier": "IC-detect-far",
        "prearm_status": "",
        "focus_role": "none"
      }
    },
    {
      "type": "Feature",
      "geometry": {
        "type": "Point",
        "coordinates": [
          500405.9076968214,
          6966036.894614185
        ]
      },
      "properties": {
        "junction_id": 1043762,
        "veh_id": 11435,
        "sim_time_s": 2588.4,
        "tier": "track-zone",
        "prearm_status": "",
        "focus_role": "none"
      }
    },
    {
      "type": "Feature",
      "geometry": {
        "type": "Point",
        "coordinates": [
          499758.2434417203,
          6966606.255120343
        ]
      },
      "properties": {
        "junction_id": 39568,
        "veh_id": 11415,
        "sim_time_s": 2591.1,
        "tier": "track-zone",
        "prearm_status": "",
        "focus_role": "none"
      }
    },
    {
      "type": "Feature",
      "geometry": {
        "type": "Point",
        "coordinates": [
          500512.1903360365,
          6965716.786235577
        ]
      },
      "properties": {
        "junction_id": 39576,
        "veh_id": 11398,
        "sim_time_s": 2591.1,
        "tier": "IC-detect",
        "prearm_status": "",
        "focus_role": "none"
      }
    },
    {
      "type": "Feature",
      "geometry": {
        "type": "Point",
        "coordinates": [
          0.0,
          0.0
        ]
      },
      "properties": {
        "junction_id": 39576,
        "veh_id": 11398,
        "sim_time_s": 2593.3,
        "tier": "harmony-no-ge-local",
        "prearm_status": "skip",
        "focus_role": "none"
      }
    },
    {
      "type": "Feature",
      "geometry": {
        "type": "Point",
        "coordinates": [
          500512.34430835635,
          6965707.768589546
        ]
      },
      "properties": {
        "junction_id": 39587,
        "veh_id": 11398,
        "sim_time_s": 2593.8,
        "tier": "track-zone",
        "prearm_status": "",
        "focus_role": "none"
      }
    },
    {
      "type": "Feature",
      "geometry": {
        "type": "Point",
        "coordinates": [
          0.0,
          0.0
        ]
      },
      "properties": {
        "junction_id": 1043762,
        "veh_id": 11435,
        "sim_time_s": 2608.7,
        "tier": "harmony-no-ge-local",
        "prearm_status": "skip",
        "focus_role": "none"
      }
    },
    {
      "type": "Feature",
      "geometry": {
        "type": "Point",
        "coordinates": [
          500232.26628653874,
          6966239.906911458
        ]
      },
      "properties": {
        "junction_id": 39569,
        "veh_id": 11435,
        "sim_time_s": 2611.3,
        "tier": "track-zone",
        "prearm_status": "",
        "focus_role": "none"
      }
    },
    {
      "type": "Feature",
      "geometry": {
        "type": "Point",
        "coordinates": [
          500552.85126193997,
          6965561.373883862
        ]
      },
      "properties": {
        "junction_id": 39587,
        "veh_id": 11392,
        "sim_time_s": 2616.8,
        "tier": "IC-detect-far",
        "prearm_status": "",
        "focus_role": "none"
      }
    },
    {
      "type": "Feature",
      "geometry": {
        "type": "Point",
        "coordinates": [
          0.0,
          0.0
        ]
      },
      "properties": {
        "junction_id": 39587,
        "veh_id": 11400,
        "sim_time_s": 2626.2,
        "tier": "harmony-no-ge-local",
        "prearm_status": "skip",
        "focus_role": "none"
      }
    },
    {
      "type": "Feature",
      "geometry": {
        "type": "Point",
        "coordinates": [
          500569.81290251843,
          6965467.09456718
        ]
      },
      "properties": {
        "junction_id": 39576,
        "veh_id": 11400,
        "sim_time_s": 2628.9,
        "tier": "track-zone",
        "prearm_status": "",
        "focus_role": "none"
      }
    },
    {
      "type": "Feature",
      "geometry": {
        "type": "Point",
        "coordinates": [
          499882.3182882793,
          6966546.9967740895
        ]
      },
      "properties": {
        "junction_id": 39569,
        "veh_id": 11415,
        "sim_time_s": 2631.6,
        "tier": "track-zone",
        "prearm_status": "",
        "focus_role": "none"
      }
    },
    {
      "type": "Feature",
      "geometry": {
        "type": "Point",
        "coordinates": [
          0.0,
          0.0
        ]
      },
      "properties": {
        "junction_id": 36393,
        "veh_id": 11424,
        "sim_time_s": 2632.9,
        "tier": "harmony-no-ge-local",
        "prearm_status": "skip",
        "focus_role": "none"
      }
    },
    {
      "type": "Feature",
      "geometry": {
        "type": "Point",
        "coordinates": [
          500922.1688693233,
          6965247.583490348
        ]
      },
      "properties": {
        "junction_id": 39593,
        "veh_id": 11385,
        "sim_time_s": 2640.2,
        "tier": "IC-detect",
        "prearm_status": "",
        "focus_role": "none"
      }
    },
    {
      "type": "Feature",
      "geometry": {
        "type": "Point",
        "coordinates": [
          0.0,
          0.0
        ]
      },
      "properties": {
        "junction_id": 39587,
        "veh_id": 11392,
        "sim_time_s": 2642.4,
        "tier": "harmony-ins-local",
        "prearm_status": "action",
        "focus_role": "none"
      }
    },
    {
      "type": "Feature",
      "geometry": {
        "type": "Point",
        "coordinates": [
          0.0,
          0.0
        ]
      },
      "properties": {
        "junction_id": 39569,
        "veh_id": 11435,
        "sim_time_s": 2643.8,
        "tier": "harmony-ins-local",
        "prearm_status": "action",
        "focus_role": "none"
      }
    },
    {
      "type": "Feature",
      "geometry": {
        "type": "Point",
        "coordinates": [
          500858.93648465816,
          6965224.286353428
        ]
      },
      "properties": {
        "junction_id": 36385,
        "veh_id": 11385,
        "sim_time_s": 2645.1,
        "tier": "track-zone",
        "prearm_status": "",
        "focus_role": "none"
      }
    },
    {
      "type": "Feature",
      "geometry": {
        "type": "Point",
        "coordinates": [
          500113.1284086808,
          6966439.368440818
        ]
      },
      "properties": {
        "junction_id": 39572,
        "veh_id": 11435,
        "sim_time_s": 2645.1,
        "tier": "track-zone",
        "prearm_status": "",
        "focus_role": "none"
      }
    },
    {
      "type": "Feature",
      "geometry": {
        "type": "Point",
        "coordinates": [
          500113.1284086808,
          6966439.368440818
        ]
      },
      "properties": {
        "junction_id": 39572,
        "veh_id": 11435,
        "sim_time_s": 2646.0,
        "tier": "coord-prearm-harmony/SHOCKWAVE",
        "prearm_status": "fired",
        "focus_role": "none"
      }
    },
    {
      "type": "Feature",
      "geometry": {
        "type": "Point",
        "coordinates": [
          0.0,
          0.0
        ]
      },
      "properties": {
        "junction_id": 39572,
        "veh_id": 11435,
        "sim_time_s": 2646.4,
        "tier": "harmony-no-ge-local",
        "prearm_status": "skip",
        "focus_role": "none"
      }
    },
    {
      "type": "Feature",
      "geometry": {
        "type": "Point",
        "coordinates": [
          500828.7794664215,
          6965210.4923888855
        ]
      },
      "properties": {
        "junction_id": 10157950,
        "veh_id": 11385,
        "sim_time_s": 2649.2,
        "tier": "track-zone",
        "prearm_status": "",
        "focus_role": "none"
      }
    },
    {
      "type": "Feature",
      "geometry": {
        "type": "Point",
        "coordinates": [
          500551.7790765249,
          6965570.434137589
        ]
      },
      "properties": {
        "junction_id": 10157950,
        "veh_id": 11404,
        "sim_time_s": 2649.2,
        "tier": "track-zone",
        "prearm_status": "",
        "focus_role": "none"
      }
    },
    {
      "type": "Feature",
      "geometry": {
        "type": "Point",
        "coordinates": [
          500077.79571942147,
          6966486.114439063
        ]
      },
      "properties": {
        "junction_id": 39568,
        "veh_id": 11435,
        "sim_time_s": 2649.2,
        "tier": "track-zone",
        "prearm_status": "",
        "focus_role": "none"
      }
    },
    {
      "type": "Feature",
      "geometry": {
        "type": "Point",
        "coordinates": [
          500586.5248316543,
          6965469.750250263
        ]
      },
      "properties": {
        "junction_id": 1119660,
        "veh_id": 11392,
        "sim_time_s": 2653.2,
        "tier": "track-zone",
        "prearm_status": "",
        "focus_role": "none"
      }
    },
    {
      "type": "Feature",
      "geometry": {
        "type": "Point",
        "coordinates": [
          500481.06769407087,
          6965687.880200539
        ]
      },
      "properties": {
        "junction_id": 39578,
        "veh_id": 11400,
        "sim_time_s": 2655.9,
        "tier": "track-zone",
        "prearm_status": "",
        "focus_role": "none"
      }
    },
    {
      "type": "Feature",
      "geometry": {
        "type": "Point",
        "coordinates": [
          500518.6381866096,
          6965648.208211051
        ]
      },
      "properties": {
        "junction_id": 1119660,
        "veh_id": 11398,
        "sim_time_s": 2657.2,
        "tier": "track-zone",
        "prearm_status": "",
        "focus_role": "none"
      }
    },
    {
      "type": "Feature",
      "geometry": {
        "type": "Point",
        "coordinates": [
          500607.14156210603,
          6965405.37951027
        ]
      },
      "properties": {
        "junction_id": 39593,
        "veh_id": 11392,
        "sim_time_s": 2658.6,
        "tier": "track-zone",
        "prearm_status": "",
        "focus_role": "none"
      }
    },
    {
      "type": "Feature",
      "geometry": {
        "type": "Point",
        "coordinates": [
          500643.50940236915,
          6965252.813807369
        ]
      },
      "properties": {
        "junction_id": 36385,
        "veh_id": 11392,
        "sim_time_s": 2669.4,
        "tier": "track-zone",
        "prearm_status": "",
        "focus_role": "none"
      }
    },
    {
      "type": "Feature",
      "geometry": {
        "type": "Point",
        "coordinates": [
          500582.9560395067,
          6965488.639313358
        ]
      },
      "properties": {
        "junction_id": 39587,
        "veh_id": 11404,
        "sim_time_s": 2669.4,
        "tier": "IC-detect",
        "prearm_status": "",
        "focus_role": "none"
      }
    },
    {
      "type": "Feature",
      "geometry": {
        "type": "Point",
        "coordinates": [
          500511.4890983735,
          6965759.080923036
        ]
      },
      "properties": {
        "junction_id": 39578,
        "veh_id": 11425,
        "sim_time_s": 2672.1,
        "tier": "track-zone",
        "prearm_status": "",
        "focus_role": "none"
      }
    },
    {
      "type": "Feature",
      "geometry": {
        "type": "Point",
        "coordinates": [
          0.0,
          0.0
        ]
      },
      "properties": {
        "junction_id": 39593,
        "veh_id": 11392,
        "sim_time_s": 2673.4,
        "tier": "harmony-no-ge-local",
        "prearm_status": "skip",
        "focus_role": "none"
      }
    },
    {
      "type": "Feature",
      "geometry": {
        "type": "Point",
        "coordinates": [
          500676.3402278521,
          6965191.642203483
        ]
      },
      "properties": {
        "junction_id": 10157950,
        "veh_id": 11392,
        "sim_time_s": 2674.8,
        "tier": "track-zone",
        "prearm_status": "",
        "focus_role": "none"
      }
    },
    {
      "type": "Feature",
      "geometry": {
        "type": "Point",
        "coordinates": [
          500552.1471212587,
          6965569.687759156
        ]
      },
      "properties": {
        "junction_id": 10157950,
        "veh_id": 11398,
        "sim_time_s": 2677.5,
        "tier": "track-zone",
        "prearm_status": "",
        "focus_role": "none"
      }
    },
    {
      "type": "Feature",
      "geometry": {
        "type": "Point",
        "coordinates": [
          500582.9722254958,
          6965488.594187803
        ]
      },
      "properties": {
        "junction_id": 1119660,
        "veh_id": 11404,
        "sim_time_s": 2680.2,
        "tier": "track-zone",
        "prearm_status": "",
        "focus_role": "none"
      }
    },
    {
      "type": "Feature",
      "geometry": {
        "type": "Point",
        "coordinates": [
          0.0,
          0.0
        ]
      },
      "properties": {
        "junction_id": 39576,
        "veh_id": 11425,
        "sim_time_s": 2691.0,
        "tier": "harmony-no-ge-local",
        "prearm_status": "skip",
        "focus_role": "none"
      }
    },
    {
      "type": "Feature",
      "geometry": {
        "type": "Point",
        "coordinates": [
          500018.2252830135,
          6966619.825308458
        ]
      },
      "properties": {
        "junction_id": 11118289,
        "veh_id": 11435,
        "sim_time_s": 2696.4,
        "tier": "track-zone",
        "prearm_status": "",
        "focus_role": "none"
      }
    },
    {
      "type": "Feature",
      "geometry": {
        "type": "Point",
        "coordinates": [
          500949.53229003365,
          6964036.232777647
        ]
      },
      "properties": {
        "junction_id": 39606,
        "veh_id": 11436,
        "sim_time_s": 2700.0,
        "tier": "IC-detect",
        "prearm_status": "",
        "focus_role": "none"
      }
    },
    {
      "type": "Feature",
      "geometry": {
        "type": "Point",
        "coordinates": [
          0.0,
          0.0
        ]
      },
      "properties": {
        "junction_id": 39587,
        "veh_id": 11404,
        "sim_time_s": 2702.7,
        "tier": "harmony-ins-local",
        "prearm_status": "action",
        "focus_role": "none"
      }
    },
    {
      "type": "Feature",
      "geometry": {
        "type": "Point",
        "coordinates": [
          500892.0279266159,
          6964115.028426022
        ]
      },
      "properties": {
        "junction_id": 39590,
        "veh_id": 11436,
        "sim_time_s": 2705.8,
        "tier": "track-zone",
        "prearm_status": "",
        "focus_role": "none"
      }
    },
    {
      "type": "Feature",
      "geometry": {
        "type": "Point",
        "coordinates": [
          500085.841844579,
          6967503.811065026
        ]
      },
      "properties": {
        "junction_id": 38339,
        "veh_id": 11426,
        "sim_time_s": 2705.8,
        "tier": "IC-detect",
        "prearm_status": "",
        "focus_role": "none"
      }
    },
    {
      "type": "Feature",
      "geometry": {
        "type": "Point",
        "coordinates": [
          499960.77629143634,
          6966792.837609433
        ]
      },
      "properties": {
        "junction_id": 38339,
        "veh_id": 11435,
        "sim_time_s": 2709.9,
        "tier": "track-zone",
        "prearm_status": "",
        "focus_role": "none"
      }
    },
    {
      "type": "Feature",
      "geometry": {
        "type": "Point",
        "coordinates": [
          0.0,
          0.0
        ]
      },
      "properties": {
        "junction_id": 39606,
        "veh_id": 11436,
        "sim_time_s": 2709.9,
        "tier": "harmony-no-ge-local",
        "prearm_status": "skip",
        "focus_role": "none"
      }
    },
    {
      "type": "Feature",
      "geometry": {
        "type": "Point",
        "coordinates": [
          500012.255683675,
          6966653.44887729
        ]
      },
      "properties": {
        "junction_id": 39572,
        "veh_id": 11435,
        "sim_time_s": 2712.2,
        "tier": "coord-prearm-missed/SHOCKWAVE",
        "prearm_status": "missed",
        "focus_role": "none"
      }
    },
    {
      "type": "Feature",
      "geometry": {
        "type": "Point",
        "coordinates": [
          500557.01166213356,
          6965559.130250009
        ]
      },
      "properties": {
        "junction_id": 39576,
        "veh_id": 11398,
        "sim_time_s": 2713.9,
        "tier": "track-zone",
        "prearm_status": "",
        "focus_role": "none"
      }
    },
    {
      "type": "Feature",
      "geometry": {
        "type": "Point",
        "coordinates": [
          500557.01166213356,
          6965559.130250009
        ]
      },
      "properties": {
        "junction_id": 39587,
        "veh_id": 11398,
        "sim_time_s": 2713.9,
        "tier": "IC-detect-far",
        "prearm_status": "",
        "focus_role": "none"
      }
    },
    {
      "type": "Feature",
      "geometry": {
        "type": "Point",
        "coordinates": [
          0.0,
          0.0
        ]
      },
      "properties": {
        "junction_id": 39590,
        "veh_id": 11436,
        "sim_time_s": 2722.1,
        "tier": "harmony-ins-local",
        "prearm_status": "action",
        "focus_role": "none"
      }
    },
    {
      "type": "Feature",
      "geometry": {
        "type": "Point",
        "coordinates": [
          500752.34098870895,
          6964304.67968782
        ]
      },
      "properties": {
        "junction_id": 36393,
        "veh_id": 11436,
        "sim_time_s": 2725.2,
        "tier": "coord-prearm-harmony/SHOCKWAVE",
        "prearm_status": "fired",
        "focus_role": "none"
      }
    },
    {
      "type": "Feature",
      "geometry": {
        "type": "Point",
        "coordinates": [
          0.0,
          0.0
        ]
      },
      "properties": {
        "junction_id": 36393,
        "veh_id": 11436,
        "sim_time_s": 2725.7,
        "tier": "harmony-no-ge-local",
        "prearm_status": "skip",
        "focus_role": "none"
      }
    },
    {
      "type": "Feature",
      "geometry": {
        "type": "Point",
        "coordinates": [
          500607.5359379823,
          6965414.014760264
        ]
      },
      "properties": {
        "junction_id": 39593,
        "veh_id": 11404,
        "sim_time_s": 2738.2,
        "tier": "track-zone",
        "prearm_status": "",
        "focus_role": "none"
      }
    },
    {
      "type": "Feature",
      "geometry": {
        "type": "Point",
        "coordinates": [
          500064.0271745003,
          6966461.566168187
        ]
      },
      "properties": {
        "junction_id": 39572,
        "veh_id": 11415,
        "sim_time_s": 2745.0,
        "tier": "track-zone",
        "prearm_status": "",
        "focus_role": "none"
      }
    },
    {
      "type": "Feature",
      "geometry": {
        "type": "Point",
        "coordinates": [
          500650.679867013,
          6965250.875956993
        ]
      },
      "properties": {
        "junction_id": 36385,
        "veh_id": 11404,
        "sim_time_s": 2749.1,
        "tier": "track-zone",
        "prearm_status": "",
        "focus_role": "none"
      }
    },
    {
      "type": "Feature",
      "geometry": {
        "type": "Point",
        "coordinates": [
          500064.0271745003,
          6966461.566168187
        ]
      },
      "properties": {
        "junction_id": 39569,
        "veh_id": 11415,
        "sim_time_s": 2751.8,
        "tier": "IC-detect",
        "prearm_status": "",
        "focus_role": "none"
      }
    },
    {
      "type": "Feature",
      "geometry": {
        "type": "Point",
        "coordinates": [
          500689.39594932034,
          6964555.903489436
        ]
      },
      "properties": {
        "junction_id": 39590,
        "veh_id": 11424,
        "sim_time_s": 2753.1,
        "tier": "track-zone",
        "prearm_status": "",
        "focus_role": "none"
      }
    },
    {
      "type": "Feature",
      "geometry": {
        "type": "Point",
        "coordinates": [
          500689.39594932034,
          6964555.903489436
        ]
      },
      "properties": {
        "junction_id": 36393,
        "veh_id": 11424,
        "sim_time_s": 2753.1,
        "tier": "IC-detect",
        "prearm_status": "",
        "focus_role": "none"
      }
    },
    {
      "type": "Feature",
      "geometry": {
        "type": "Point",
        "coordinates": [
          0.0,
          0.0
        ]
      },
      "properties": {
        "junction_id": 39593,
        "veh_id": 11404,
        "sim_time_s": 2753.1,
        "tier": "harmony-ins-local",
        "prearm_status": "action",
        "focus_role": "none"
      }
    },
    {
      "type": "Feature",
      "geometry": {
        "type": "Point",
        "coordinates": [
          0.0,
          0.0
        ]
      },
      "properties": {
        "junction_id": 36385,
        "veh_id": 11392,
        "sim_time_s": 2759.8,
        "tier": "harmony-ins-local",
        "prearm_status": "action",
        "focus_role": "none"
      }
    },
    {
      "type": "Feature",
      "geometry": {
        "type": "Point",
        "coordinates": [
          500705.3753573173,
          6965169.463000893
        ]
      },
      "properties": {
        "junction_id": 39593,
        "veh_id": 11385,
        "sim_time_s": 2760.3,
        "tier": "IC-detect",
        "prearm_status": "",
        "focus_role": "none"
      }
    },
    {
      "type": "Feature",
      "geometry": {
        "type": "Point",
        "coordinates": [
          500726.1051727131,
          6964996.1077617435
        ]
      },
      "properties": {
        "junction_id": 36393,
        "veh_id": 11392,
        "sim_time_s": 2763.9,
        "tier": "track-zone",
        "prearm_status": "",
        "focus_role": "none"
      }
    },
    {
      "type": "Feature",
      "geometry": {
        "type": "Point",
        "coordinates": [
          500701.2300015059,
          6965167.961212918
        ]
      },
      "properties": {
        "junction_id": 36385,
        "veh_id": 11385,
        "sim_time_s": 2766.6,
        "tier": "track-zone",
        "prearm_status": "",
        "focus_role": "none"
      }
    },
    {
      "type": "Feature",
      "geometry": {
        "type": "Point",
        "coordinates": [
          499963.6085735737,
          6967111.90190993
        ]
      },
      "properties": {
        "junction_id": 11118289,
        "veh_id": 11426,
        "sim_time_s": 2769.3,
        "tier": "track-zone",
        "prearm_status": "",
        "focus_role": "none"
      }
    },
    {
      "type": "Feature",
      "geometry": {
        "type": "Point",
        "coordinates": [
          500701.15256164485,
          6965167.933157847
        ]
      },
      "properties": {
        "junction_id": 10157950,
        "veh_id": 11385,
        "sim_time_s": 2770.7,
        "tier": "track-zone",
        "prearm_status": "",
        "focus_role": "none"
      }
    },
    {
      "type": "Feature",
      "geometry": {
        "type": "Point",
        "coordinates": [
          500675.4057602442,
          6965199.487100219
        ]
      },
      "properties": {
        "junction_id": 10157950,
        "veh_id": 11404,
        "sim_time_s": 2770.7,
        "tier": "track-zone",
        "prearm_status": "",
        "focus_role": "none"
      }
    },
    {
      "type": "Feature",
      "geometry": {
        "type": "Point",
        "coordinates": [
          0.0,
          0.0
        ]
      },
      "properties": {
        "junction_id": 38339,
        "veh_id": 11435,
        "sim_time_s": 2770.7,
        "tier": "harmony-no-ge-local",
        "prearm_status": "skip",
        "focus_role": "none"
      }
    },
    {
      "type": "Feature",
      "geometry": {
        "type": "Point",
        "coordinates": [
          500567.41835562815,
          6965532.022368118
        ]
      },
      "properties": {
        "junction_id": 1119660,
        "veh_id": 11398,
        "sim_time_s": 2778.8,
        "tier": "track-zone",
        "prearm_status": "",
        "focus_role": "none"
      }
    },
    {
      "type": "Feature",
      "geometry": {
        "type": "Point",
        "coordinates": [
          499961.08457123546,
          6966956.5693809055
        ]
      },
      "properties": {
        "junction_id": 39568,
        "veh_id": 11426,
        "sim_time_s": 2785.5,
        "tier": "track-zone",
        "prearm_status": "",
        "focus_role": "none"
      }
    },
    {
      "type": "Feature",
      "geometry": {
        "type": "Point",
        "coordinates": [
          500512.4255454869,
          6965704.084080337
        ]
      },
      "properties": {
        "junction_id": 39587,
        "veh_id": 11425,
        "sim_time_s": 2789.6,
        "tier": "track-zone",
        "prearm_status": "",
        "focus_role": "none"
      }
    },
    {
      "type": "Feature",
      "geometry": {
        "type": "Point",
        "coordinates": [
          499966.47649981116,
          6966889.880037553
        ]
      },
      "properties": {
        "junction_id": 39572,
        "veh_id": 11426,
        "sim_time_s": 2789.6,
        "tier": "track-zone",
        "prearm_status": "",
        "focus_role": "none"
      }
    },
    {
      "type": "Feature",
      "geometry": {
        "type": "Point",
        "coordinates": [
          0.0,
          0.0
        ]
      },
      "properties": {
        "junction_id": 39569,
        "veh_id": 11415,
        "sim_time_s": 2789.6,
        "tier": "harmony-no-ge-local",
        "prearm_status": "skip",
        "focus_role": "none"
      }
    },
    {
      "type": "Feature",
      "geometry": {
        "type": "Point",
        "coordinates": [
          500129.98240076285,
          6966440.282330432
        ]
      },
      "properties": {
        "junction_id": 1043762,
        "veh_id": 11415,
        "sim_time_s": 2794.9,
        "tier": "track-zone",
        "prearm_status": "",
        "focus_role": "none"
      }
    },
    {
      "type": "Feature",
      "geometry": {
        "type": "Point",
        "coordinates": [
          500567.41835562815,
          6965532.022368118
        ]
      },
      "properties": {
        "junction_id": 10157950,
        "veh_id": 11398,
        "sim_time_s": 2799.0,
        "tier": "track-zone",
        "prearm_status": "",
        "focus_role": "none"
      }
    },
    {
      "type": "Feature",
      "geometry": {
        "type": "Point",
        "coordinates": [
          500729.5552227751,
          6964411.019406404
        ]
      },
      "properties": {
        "junction_id": 39606,
        "veh_id": 11424,
        "sim_time_s": 2799.0,
        "tier": "track-zone",
        "prearm_status": "",
        "focus_role": "none"
      }
    },
    {
      "type": "Feature",
      "geometry": {
        "type": "Point",
        "coordinates": [
          500682.80540406296,
          6964785.132575148
        ]
      },
      "properties": {
        "junction_id": 36385,
        "veh_id": 11436,
        "sim_time_s": 2804.4,
        "tier": "track-zone",
        "prearm_status": "",
        "focus_role": "none"
      }
    },
    {
      "type": "Feature",
      "geometry": {
        "type": "Point",
        "coordinates": [
          0.0,
          0.0
        ]
      },
      "properties": {
        "junction_id": 39572,
        "veh_id": 11426,
        "sim_time_s": 2807.1,
        "tier": "harmony-no-ge-local",
        "prearm_status": "skip",
        "focus_role": "none"
      }
    },
    {
      "type": "Feature",
      "geometry": {
        "type": "Point",
        "coordinates": [
          500010.49510652834,
          6966673.305015424
        ]
      },
      "properties": {
        "junction_id": 39569,
        "veh_id": 11426,
        "sim_time_s": 2808.4,
        "tier": "track-zone",
        "prearm_status": "",
        "focus_role": "none"
      }
    },
    {
      "type": "Feature",
      "geometry": {
        "type": "Point",
        "coordinates": [
          500514.7671905185,
          6965671.913681421
        ]
      },
      "properties": {
        "junction_id": 39576,
        "veh_id": 11425,
        "sim_time_s": 2811.2,
        "tier": "IC-detect",
        "prearm_status": "",
        "focus_role": "none"
      }
    },
    {
      "type": "Feature",
      "geometry": {
        "type": "Point",
        "coordinates": [
          500684.09878133226,
          6964756.319799705
        ]
      },
      "properties": {
        "junction_id": 36393,
        "veh_id": 11436,
        "sim_time_s": 2812.9,
        "tier": "coord-prearm-missed/SHOCKWAVE",
        "prearm_status": "missed",
        "focus_role": "none"
      }
    },
    {
      "type": "Feature",
      "geometry": {
        "type": "Point",
        "coordinates": [
          0.0,
          0.0
        ]
      },
      "properties": {
        "junction_id": 39593,
        "veh_id": 11385,
        "sim_time_s": 2813.4,
        "tier": "harmony-no-ge-local",
        "prearm_status": "skip",
        "focus_role": "none"
      }
    },
    {
      "type": "Feature",
      "geometry": {
        "type": "Point",
        "coordinates": [
          0.0,
          0.0
        ]
      },
      "properties": {
        "junction_id": 39587,
        "veh_id": 11398,
        "sim_time_s": 2817.9,
        "tier": "harmony-no-ge-local",
        "prearm_status": "skip",
        "focus_role": "none"
      }
    },
    {
      "type": "Feature",
      "geometry": {
        "type": "Point",
        "coordinates": [
          500701.5976518417,
          6964932.558174764
        ]
      },
      "properties": {
        "junction_id": 39593,
        "veh_id": 11436,
        "sim_time_s": 2821.9,
        "tier": "track-zone",
        "prearm_status": "",
        "focus_role": "none"
      }
    },
    {
      "type": "Feature",
      "geometry": {
        "type": "Point",
        "coordinates": [
          0.0,
          0.0
        ]
      },
      "properties": {
        "junction_id": 36393,
        "veh_id": 11392,
        "sim_time_s": 2831.4,
        "tier": "harmony-no-ge-local",
        "prearm_status": "skip",
        "focus_role": "none"
      }
    },
    {
      "type": "Feature",
      "geometry": {
        "type": "Point",
        "coordinates": [
          0.0,
          0.0
        ]
      },
      "properties": {
        "junction_id": 36385,
        "veh_id": 11404,
        "sim_time_s": 2835.4,
        "tier": "harmony-no-ge-local",
        "prearm_status": "skip",
        "focus_role": "none"
      }
    },
    {
      "type": "Feature",
      "geometry": {
        "type": "Point",
        "coordinates": [
          0.0,
          0.0
        ]
      },
      "properties": {
        "junction_id": 1043762,
        "veh_id": 11415,
        "sim_time_s": 2839.5,
        "tier": "harmony-no-ge-local",
        "prearm_status": "skip",
        "focus_role": "none"
      }
    },
    {
      "type": "Feature",
      "geometry": {
        "type": "Point",
        "coordinates": [
          500610.7749611444,
          6965402.735247338
        ]
      },
      "properties": {
        "junction_id": 39593,
        "veh_id": 11398,
        "sim_time_s": 2848.9,
        "tier": "track-zone",
        "prearm_status": "",
        "focus_role": "none"
      }
    },
    {
      "type": "Feature",
      "geometry": {
        "type": "Point",
        "coordinates": [
          500519.00583179697,
          6965646.824913245
        ]
      },
      "properties": {
        "junction_id": 1119660,
        "veh_id": 11425,
        "sim_time_s": 2854.3,
        "tier": "track-zone",
        "prearm_status": "",
        "focus_role": "none"
      }
    },
    {
      "type": "Feature",
      "geometry": {
        "type": "Point",
        "coordinates": [
          0.0,
          0.0
        ]
      },
      "properties": {
        "junction_id": 39590,
        "veh_id": 11424,
        "sim_time_s": 2855.7,
        "tier": "harmony-ge-local",
        "prearm_status": "action",
        "focus_role": "none"
      }
    },
    {
      "type": "Feature",
      "geometry": {
        "type": "Point",
        "coordinates": [
          500647.7888524531,
          6965257.677527843
        ]
      },
      "properties": {
        "junction_id": 36385,
        "veh_id": 11398,
        "sim_time_s": 2858.4,
        "tier": "track-zone",
        "prearm_status": "",
        "focus_role": "none"
      }
    },
    {
      "type": "Feature",
      "geometry": {
        "type": "Point",
        "coordinates": [
          0.0,
          0.0
        ]
      },
      "properties": {
        "junction_id": 39593,
        "veh_id": 11398,
        "sim_time_s": 2862.4,
        "tier": "harmony-ins-local",
        "prearm_status": "action",
        "focus_role": "none"
      }
    },
    {
      "type": "Feature",
      "geometry": {
        "type": "Point",
        "coordinates": [
          0.0,
          0.0
        ]
      },
      "properties": {
        "junction_id": 39569,
        "veh_id": 11426,
        "sim_time_s": 2863.8,
        "tier": "harmony-ins-local",
        "prearm_status": "action",
        "focus_role": "none"
      }
    },
    {
      "type": "Feature",
      "geometry": {
        "type": "Point",
        "coordinates": [
          0.0,
          0.0
        ]
      },
      "properties": {
        "junction_id": 36385,
        "veh_id": 11436,
        "sim_time_s": 2865.2,
        "tier": "harmony-no-ge-local",
        "prearm_status": "skip",
        "focus_role": "none"
      }
    },
    {
      "type": "Feature",
      "geometry": {
        "type": "Point",
        "coordinates": [
          500126.919722987,
          6966439.315352273
        ]
      },
      "properties": {
        "junction_id": 1043762,
        "veh_id": 11426,
        "sim_time_s": 2866.5,
        "tier": "track-zone",
        "prearm_status": "",
        "focus_role": "none"
      }
    },
    {
      "type": "Feature",
      "geometry": {
        "type": "Point",
        "coordinates": [
          500710.9300957642,
          6964887.8953188155
        ]
      },
      "properties": {
        "junction_id": 36393,
        "veh_id": 11404,
        "sim_time_s": 2869.2,
        "tier": "IC-detect",
        "prearm_status": "",
        "focus_role": "none"
      }
    },
    {
      "type": "Feature",
      "geometry": {
        "type": "Point",
        "coordinates": [
          0.0,
          0.0
        ]
      },
      "properties": {
        "junction_id": 39606,
        "veh_id": 11424,
        "sim_time_s": 2871.9,
        "tier": "harmony-no-ge-local",
        "prearm_status": "skip",
        "focus_role": "none"
      }
    },
    {
      "type": "Feature",
      "geometry": {
        "type": "Point",
        "coordinates": [
          500685.4315355606,
          6965093.42981591
        ]
      },
      "properties": {
        "junction_id": 10157950,
        "veh_id": 11436,
        "sim_time_s": 2873.2,
        "tier": "track-zone",
        "prearm_status": "",
        "focus_role": "none"
      }
    },
    {
      "type": "Feature",
      "geometry": {
        "type": "Point",
        "coordinates": [
          500359.47997658176,
          6966094.135209236
        ]
      },
      "properties": {
        "junction_id": 39578,
        "veh_id": 11415,
        "sim_time_s": 2878.7,
        "tier": "track-section",
        "prearm_status": "",
        "focus_role": "none"
      }
    },
    {
      "type": "Feature",
      "geometry": {
        "type": "Point",
        "coordinates": [
          500657.67266645463,
          6965191.520236987
        ]
      },
      "properties": {
        "junction_id": 1119660,
        "veh_id": 11436,
        "sim_time_s": 2880.0,
        "tier": "track-zone",
        "prearm_status": "",
        "focus_role": "none"
      }
    },
    {
      "type": "Feature",
      "geometry": {
        "type": "Point",
        "coordinates": [
          0.0,
          0.0
        ]
      },
      "properties": {
        "junction_id": 1043762,
        "veh_id": 11426,
        "sim_time_s": 2880.0,
        "tier": "harmony-no-ge-local",
        "prearm_status": "skip",
        "focus_role": "none"
      }
    },
    {
      "type": "Feature",
      "geometry": {
        "type": "Point",
        "coordinates": [
          500640.77448652254,
          6965229.647659082
        ]
      },
      "properties": {
        "junction_id": 39587,
        "veh_id": 11436,
        "sim_time_s": 2882.7,
        "tier": "track-zone",
        "prearm_status": "",
        "focus_role": "none"
      }
    },
    {
      "type": "Feature",
      "geometry": {
        "type": "Point",
        "coordinates": [
          0.0,
          0.0
        ]
      },
      "properties": {
        "junction_id": 36393,
        "veh_id": 11404,
        "sim_time_s": 2882.7,
        "tier": "harmony-ins-local",
        "prearm_status": "action",
        "focus_role": "none"
      }
    },
    {
      "type": "Feature",
      "geometry": {
        "type": "Point",
        "coordinates": [
          500698.16322262696,
          6964787.844198169
        ]
      },
      "properties": {
        "junction_id": 39590,
        "veh_id": 11404,
        "sim_time_s": 2885.8,
        "tier": "coord-prearm-harmony/SHOCKWAVE",
        "prearm_status": "fired",
        "focus_role": "none"
      }
    },
    {
      "type": "Feature",
      "geometry": {
        "type": "Point",
        "coordinates": [
          500716.09102222964,
          6965084.249368113
        ]
      },
      "properties": {
        "junction_id": 36385,
        "veh_id": 11385,
        "sim_time_s": 2886.8,
        "tier": "IC-detect-far",
        "prearm_status": "",
        "focus_role": "none"
      }
    },
    {
      "type": "Feature",
      "geometry": {
        "type": "Point",
        "coordinates": [
          0.0,
          0.0
        ]
      },
      "properties": {
        "junction_id": 36385,
        "veh_id": 11398,
        "sim_time_s": 2888.1,
        "tier": "harmony-no-ge-local",
        "prearm_status": "skip",
        "focus_role": "none"
      }
    },
    {
      "type": "Feature",
      "geometry": {
        "type": "Point",
        "coordinates": [
          500729.01755692746,
          6965001.7260820335
        ]
      },
      "properties": {
        "junction_id": 36393,
        "veh_id": 11398,
        "sim_time_s": 2892.2,
        "tier": "track-zone",
        "prearm_status": "",
        "focus_role": "none"
      }
    },
    {
      "type": "Feature",
      "geometry": {
        "type": "Point",
        "coordinates": [
          500686.62093554874,
          6964553.430616617
        ]
      },
      "properties": {
        "junction_id": 39590,
        "veh_id": 11392,
        "sim_time_s": 2893.5,
        "tier": "track-zone",
        "prearm_status": "",
        "focus_role": "none"
      }
    },
    {
      "type": "Feature",
      "geometry": {
        "type": "Point",
        "coordinates": [
          499517.8636733574,
          6966652.401111157
        ]
      },
      "properties": {
        "junction_id": 39572,
        "veh_id": 11393,
        "sim_time_s": 2893.5,
        "tier": "IC-detect",
        "prearm_status": "",
        "focus_role": "none"
      }
    },
    {
      "type": "Feature",
      "geometry": {
        "type": "Point",
        "coordinates": [
          500356.6057971646,
          6966096.734611569
        ]
      },
      "properties": {
        "junction_id": 39578,
        "veh_id": 11426,
        "sim_time_s": 2901.6,
        "tier": "track-section",
        "prearm_status": "",
        "focus_role": "none"
      }
    },
    {
      "type": "Feature",
      "geometry": {
        "type": "Point",
        "coordinates": [
          499761.00270385103,
          6966604.926004476
        ]
      },
      "properties": {
        "junction_id": 39568,
        "veh_id": 11393,
        "sim_time_s": 2909.7,
        "tier": "track-zone",
        "prearm_status": "",
        "focus_role": "none"
      }
    },
    {
      "type": "Feature",
      "geometry": {
        "type": "Point",
        "coordinates": [
          500543.16154990974,
          6965589.103304758
        ]
      },
      "properties": {
        "junction_id": 39587,
        "veh_id": 11425,
        "sim_time_s": 2909.7,
        "tier": "IC-detect-far",
        "prearm_status": "",
        "focus_role": "none"
      }
    },
    {
      "type": "Feature",
      "geometry": {
        "type": "Point",
        "coordinates": [
          0.0,
          0.0
        ]
      },
      "properties": {
        "junction_id": 39590,
        "veh_id": 11404,
        "sim_time_s": 2916.0,
        "tier": "harmony-ins-local",
        "prearm_status": "action",
        "focus_role": "none"
      }
    },
    {
      "type": "Feature",
      "geometry": {
        "type": "Point",
        "coordinates": [
          500756.59727603965,
          6964319.360583135
        ]
      },
      "properties": {
        "junction_id": 39590,
        "veh_id": 11404,
        "sim_time_s": 2916.0,
        "tier": "coord-prearm-success/SHOCKWAVE",
        "prearm_status": "success",
        "focus_role": "none"
      }
    },
    {
      "type": "Feature",
      "geometry": {
        "type": "Point",
        "coordinates": [
          500727.24093772983,
          6964408.638520616
        ]
      },
      "properties": {
        "junction_id": 39606,
        "veh_id": 11392,
        "sim_time_s": 2919.2,
        "tier": "track-zone",
        "prearm_status": "",
        "focus_role": "none"
      }
    },
    {
      "type": "Feature",
      "geometry": {
        "type": "Point",
        "coordinates": [
          499891.83761224453,
          6966542.483527891
        ]
      },
      "properties": {
        "junction_id": 39569,
        "veh_id": 11393,
        "sim_time_s": 2919.2,
        "tier": "track-zone",
        "prearm_status": "",
        "focus_role": "none"
      }
    },
    {
      "type": "Feature",
      "geometry": {
        "type": "Point",
        "coordinates": [
          0.0,
          0.0
        ]
      },
      "properties": {
        "junction_id": 36385,
        "veh_id": 11385,
        "sim_time_s": 2931.3,
        "tier": "harmony-no-ge-local",
        "prearm_status": "skip",
        "focus_role": "none"
      }
    },
    {
      "type": "Feature",
      "geometry": {
        "type": "Point",
        "coordinates": [
          500543.16154990974,
          6965589.103304758
        ]
      },
      "properties": {
        "junction_id": 39576,
        "veh_id": 11425,
        "sim_time_s": 2931.3,
        "tier": "IC-detect",
        "prearm_status": "",
        "focus_role": "none"
      }
    },
    {
      "type": "Feature",
      "geometry": {
        "type": "Point",
        "coordinates": [
          0.0,
          0.0
        ]
      },
      "properties": {
        "junction_id": 39587,
        "veh_id": 11436,
        "sim_time_s": 2948.8,
        "tier": "harmony-no-ge-local",
        "prearm_status": "skip",
        "focus_role": "none"
      }
    },
    {
      "type": "Feature",
      "geometry": {
        "type": "Point",
        "coordinates": [
          500572.11866671056,
          6965459.812110688
        ]
      },
      "properties": {
        "junction_id": 39576,
        "veh_id": 11436,
        "sim_time_s": 2951.6,
        "tier": "track-zone",
        "prearm_status": "",
        "focus_role": "none"
      }
    },
    {
      "type": "Feature",
      "geometry": {
        "type": "Point",
        "coordinates": [
          499517.1733110374,
          6966652.550263302
        ]
      },
      "properties": {
        "junction_id": 39572,
        "veh_id": 11416,
        "sim_time_s": 2952.9,
        "tier": "IC-detect",
        "prearm_status": "",
        "focus_role": "none"
      }
    },
    {
      "type": "Feature",
      "geometry": {
        "type": "Point",
        "coordinates": [
          500551.51093867206,
          6965570.982633042
        ]
      },
      "properties": {
        "junction_id": 10157950,
        "veh_id": 11425,
        "sim_time_s": 2963.7,
        "tier": "track-zone",
        "prearm_status": "",
        "focus_role": "none"
      }
    },
    {
      "type": "Feature",
      "geometry": {
        "type": "Point",
        "coordinates": [
          500531.2204014611,
          6965936.04782208
        ]
      },
      "properties": {
        "junction_id": 39576,
        "veh_id": 11415,
        "sim_time_s": 2965.1,
        "tier": "track-zone",
        "prearm_status": "",
        "focus_role": "none"
      }
    },
    {
      "type": "Feature",
      "geometry": {
        "type": "Point",
        "coordinates": [
          0.0,
          0.0
        ]
      },
      "properties": {
        "junction_id": 39578,
        "veh_id": 11415,
        "sim_time_s": 2967.8,
        "tier": "harmony-no-ge-local",
        "prearm_status": "skip",
        "focus_role": "none"
      }
    },
    {
      "type": "Feature",
      "geometry": {
        "type": "Point",
        "coordinates": [
          500576.73465287185,
          6965505.942708895
        ]
      },
      "properties": {
        "junction_id": 1119660,
        "veh_id": 11425,
        "sim_time_s": 2975.8,
        "tier": "track-zone",
        "prearm_status": "",
        "focus_role": "none"
      }
    },
    {
      "type": "Feature",
      "geometry": {
        "type": "Point",
        "coordinates": [
          0.0,
          0.0
        ]
      },
      "properties": {
        "junction_id": 39587,
        "veh_id": 11425,
        "sim_time_s": 2975.8,
        "tier": "harmony-no-ge-local",
        "prearm_status": "skip",
        "focus_role": "none"
      }
    },
    {
      "type": "Feature",
      "geometry": {
        "type": "Point",
        "coordinates": [
          0.0,
          0.0
        ]
      },
      "properties": {
        "junction_id": 36393,
        "veh_id": 11398,
        "sim_time_s": 2977.2,
        "tier": "harmony-no-ge-local",
        "prearm_status": "skip",
        "focus_role": "none"
      }
    },
    {
      "type": "Feature",
      "geometry": {
        "type": "Point",
        "coordinates": [
          0.0,
          0.0
        ]
      },
      "properties": {
        "junction_id": 39606,
        "veh_id": 11392,
        "sim_time_s": 2978.6,
        "tier": "harmony-no-ge-local",
        "prearm_status": "skip",
        "focus_role": "none"
      }
    },
    {
      "type": "Feature",
      "geometry": {
        "type": "Point",
        "coordinates": [
          500730.83706903283,
          6964407.475804997
        ]
      },
      "properties": {
        "junction_id": 39606,
        "veh_id": 11404,
        "sim_time_s": 2990.7,
        "tier": "track-zone",
        "prearm_status": "",
        "focus_role": "none"
      }
    },
    {
      "type": "Feature",
      "geometry": {
        "type": "Point",
        "coordinates": [
          0.0,
          0.0
        ]
      },
      "properties": {
        "junction_id": 39569,
        "veh_id": 11393,
        "sim_time_s": 2990.7,
        "tier": "harmony-no-ge-local",
        "prearm_status": "skip",
        "focus_role": "none"
      }
    },
    {
      "type": "Feature",
      "geometry": {
        "type": "Point",
        "coordinates": [
          500135.11927451415,
          6966433.384437194
        ]
      },
      "properties": {
        "junction_id": 1043762,
        "veh_id": 11393,
        "sim_time_s": 2996.1,
        "tier": "track-zone",
        "prearm_status": "",
        "focus_role": "none"
      }
    },
    {
      "type": "Feature",
      "geometry": {
        "type": "Point",
        "coordinates": [
          0.0,
          0.0
        ]
      },
      "properties": {
        "junction_id": 39576,
        "veh_id": 11436,
        "sim_time_s": 2997.4,
        "tier": "harmony-no-ge-local",
        "prearm_status": "skip",
        "focus_role": "none"
      }
    },
    {
      "type": "Feature",
      "geometry": {
        "type": "Point",
        "coordinates": [
          500491.9320395985,
          6965689.190348892
        ]
      },
      "properties": {
        "junction_id": 39578,
        "veh_id": 11436,
        "sim_time_s": 3001.5,
        "tier": "track-zone",
        "prearm_status": "",
        "focus_role": "none"
      }
    },
    {
      "type": "Feature",
      "geometry": {
        "type": "Point",
        "coordinates": [
          500722.9896091714,
          6965038.525329993
        ]
      },
      "properties": {
        "junction_id": 39593,
        "veh_id": 11385,
        "sim_time_s": 3005.6,
        "tier": "track-zone",
        "prearm_status": "",
        "focus_role": "none"
      }
    },
    {
      "type": "Feature",
      "geometry": {
        "type": "Point",
        "coordinates": [
          499759.2516318788,
          6966605.754194918
        ]
      },
      "properties": {
        "junction_id": 39568,
        "veh_id": 11416,
        "sim_time_s": 3008.2,
        "tier": "track-zone",
        "prearm_status": "",
        "focus_role": "none"
      }
    },
    {
      "type": "Feature",
      "geometry": {
        "type": "Point",
        "coordinates": [
          0.0,
          0.0
        ]
      },
      "properties": {
        "junction_id": 1043762,
        "veh_id": 11393,
        "sim_time_s": 3010.9,
        "tier": "harmony-no-ge-local",
        "prearm_status": "skip",
        "focus_role": "none"
      }
    },
    {
      "type": "Feature",
      "geometry": {
        "type": "Point",
        "coordinates": [
          500729.044218531,
          6965001.301337217
        ]
      },
      "properties": {
        "junction_id": 36393,
        "veh_id": 11385,
        "sim_time_s": 3012.3,
        "tier": "track-zone",
        "prearm_status": "",
        "focus_role": "none"
      }
    },
    {
      "type": "Feature",
      "geometry": {
        "type": "Point",
        "coordinates": [
          500491.79182049114,
          6965982.907855728
        ]
      },
      "properties": {
        "junction_id": 39578,
        "veh_id": 11426,
        "sim_time_s": 3021.8,
        "tier": "IC-detect-far",
        "prearm_status": "",
        "focus_role": "none"
      }
    },
    {
      "type": "Feature",
      "geometry": {
        "type": "Point",
        "coordinates": [
          500689.5611672794,
          6964552.328106687
        ]
      },
      "properties": {
        "junction_id": 39590,
        "veh_id": 11398,
        "sim_time_s": 3025.8,
        "tier": "track-zone",
        "prearm_status": "",
        "focus_role": "none"
      }
    },
    {
      "type": "Feature",
      "geometry": {
        "type": "Point",
        "coordinates": [
          0.0,
          0.0
        ]
      },
      "properties": {
        "junction_id": 36393,
        "veh_id": 11385,
        "sim_time_s": 3029.8,
        "tier": "harmony-no-ge-local",
        "prearm_status": "skip",
        "focus_role": "none"
      }
    },
    {
      "type": "Feature",
      "geometry": {
        "type": "Point",
        "coordinates": [
          0.0,
          0.0
        ]
      },
      "properties": {
        "junction_id": 39606,
        "veh_id": 11404,
        "sim_time_s": 3031.2,
        "tier": "harmony-ge-local",
        "prearm_status": "action",
        "focus_role": "none"
      }
    },
    {
      "type": "Feature",
      "geometry": {
        "type": "Point",
        "coordinates": [
          500729.21659622266,
          6964411.655905873
        ]
      },
      "properties": {
        "junction_id": 39606,
        "veh_id": 11398,
        "sim_time_s": 3040.7,
        "tier": "track-zone",
        "prearm_status": "",
        "focus_role": "none"
      }
    },
    {
      "type": "Feature",
      "geometry": {
        "type": "Point",
        "coordinates": [
          0.0,
          0.0
        ]
      },
      "properties": {
        "junction_id": 39578,
        "veh_id": 11436,
        "sim_time_s": 3043.3,
        "tier": "harmony-ge-local",
        "prearm_status": "action",
        "focus_role": "none"
      }
    },
    {
      "type": "Feature",
      "geometry": {
        "type": "Point",
        "coordinates": [
          500690.94101057184,
          6964540.422106864
        ]
      },
      "properties": {
        "junction_id": 39590,
        "veh_id": 11385,
        "sim_time_s": 3050.1,
        "tier": "track-zone",
        "prearm_status": "",
        "focus_role": "none"
      }
    },
    {
      "type": "Feature",
      "geometry": {
        "type": "Point",
        "coordinates": [
          500391.20531031874,
          6966049.261463348
        ]
      },
      "properties": {
        "junction_id": 1043762,
        "veh_id": 11436,
        "sim_time_s": 3055.5,
        "tier": "track-zone",
        "prearm_status": "",
        "focus_role": "none"
      }
    },
    {
      "type": "Feature",
      "geometry": {
        "type": "Point",
        "coordinates": [
          500910.85857250274,
          6964141.390584283
        ]
      },
      "properties": {
        "junction_id": 39590,
        "veh_id": 11404,
        "sim_time_s": 3059.6,
        "tier": "track-zone",
        "prearm_status": "",
        "focus_role": "none"
      }
    },
    {
      "type": "Feature",
      "geometry": {
        "type": "Point",
        "coordinates": [
          500356.19822033227,
          6966097.259690805
        ]
      },
      "properties": {
        "junction_id": 39578,
        "veh_id": 11393,
        "sim_time_s": 3060.9,
        "tier": "track-section",
        "prearm_status": "",
        "focus_role": "none"
      }
    },
    {
      "type": "Feature",
      "geometry": {
        "type": "Point",
        "coordinates": [
          500729.61833601445,
          6964402.268455884
        ]
      },
      "properties": {
        "junction_id": 39606,
        "veh_id": 11385,
        "sim_time_s": 3062.2,
        "tier": "track-zone",
        "prearm_status": "",
        "focus_role": "none"
      }
    },
    {
      "type": "Feature",
      "geometry": {
        "type": "Point",
        "coordinates": [
          500611.25818173337,
          6965400.668912372
        ]
      },
      "properties": {
        "junction_id": 39593,
        "veh_id": 11425,
        "sim_time_s": 3067.7,
        "tier": "track-zone",
        "prearm_status": "",
        "focus_role": "none"
      }
    },
    {
      "type": "Feature",
      "geometry": {
        "type": "Point",
        "coordinates": [
          0.0,
          0.0
        ]
      },
      "properties": {
        "junction_id": 1043762,
        "veh_id": 11436,
        "sim_time_s": 3069.0,
        "tier": "harmony-no-ge-local",
        "prearm_status": "skip",
        "focus_role": "none"
      }
    },
    {
      "type": "Feature",
      "geometry": {
        "type": "Point",
        "coordinates": [
          500531.50192464836,
          6965935.266758986
        ]
      },
      "properties": {
        "junction_id": 39576,
        "veh_id": 11426,
        "sim_time_s": 3070.3,
        "tier": "track-zone",
        "prearm_status": "",
        "focus_role": "none"
      }
    },
    {
      "type": "Feature",
      "geometry": {
        "type": "Point",
        "coordinates": [
          500231.3417116971,
          6966240.9910274185
        ]
      },
      "properties": {
        "junction_id": 39569,
        "veh_id": 11436,
        "sim_time_s": 3071.7,
        "tier": "track-zone",
        "prearm_status": "",
        "focus_role": "none"
      }
    },
    {
      "type": "Feature",
      "geometry": {
        "type": "Point",
        "coordinates": [
          499787.33559799776,
          6966592.2263591485
        ]
      },
      "properties": {
        "junction_id": 39572,
        "veh_id": 11416,
        "sim_time_s": 3073.1,
        "tier": "IC-detect",
        "prearm_status": "",
        "focus_role": "none"
      }
    },
    {
      "type": "Feature",
      "geometry": {
        "type": "Point",
        "coordinates": [
          500650.8720012634,
          6965250.394849839
        ]
      },
      "properties": {
        "junction_id": 36385,
        "veh_id": 11425,
        "sim_time_s": 3079.8,
        "tier": "track-zone",
        "prearm_status": "",
        "focus_role": "none"
      }
    },
    {
      "type": "Feature",
      "geometry": {
        "type": "Point",
        "coordinates": [
          500668.04287676996,
          6965214.11099579
        ]
      },
      "properties": {
        "junction_id": 10157950,
        "veh_id": 11425,
        "sim_time_s": 3085.2,
        "tier": "track-zone",
        "prearm_status": "",
        "focus_role": "none"
      }
    },
    {
      "type": "Feature",
      "geometry": {
        "type": "Point",
        "coordinates": [
          500512.6431385398,
          6965789.760208143
        ]
      },
      "properties": {
        "junction_id": 39576,
        "veh_id": 11415,
        "sim_time_s": 3085.2,
        "tier": "IC-detect-far",
        "prearm_status": "",
        "focus_role": "none"
      }
    },
    {
      "type": "Feature",
      "geometry": {
        "type": "Point",
        "coordinates": [
          499883.5232521163,
          6966546.412388386
        ]
      },
      "properties": {
        "junction_id": 39569,
        "veh_id": 11416,
        "sim_time_s": 3086.6,
        "tier": "track-zone",
        "prearm_status": "",
        "focus_role": "none"
      }
    },
    {
      "type": "Feature",
      "geometry": {
        "type": "Point",
        "coordinates": [
          0.0,
          0.0
        ]
      },
      "properties": {
        "junction_id": 39593,
        "veh_id": 11425,
        "sim_time_s": 3086.6,
        "tier": "harmony-no-ge-local",
        "prearm_status": "skip",
        "focus_role": "none"
      }
    },
    {
      "type": "Feature",
      "geometry": {
        "type": "Point",
        "coordinates": [
          0.0,
          0.0
        ]
      },
      "properties": {
        "junction_id": 39569,
        "veh_id": 11436,
        "sim_time_s": 3089.2,
        "tier": "harmony-no-ge-local",
        "prearm_status": "skip",
        "focus_role": "none"
      }
    },
    {
      "type": "Feature",
      "geometry": {
        "type": "Point",
        "coordinates": [
          0.0,
          0.0
        ]
      },
      "properties": {
        "junction_id": 39590,
        "veh_id": 11398,
        "sim_time_s": 3093.3,
        "tier": "harmony-no-ge-local",
        "prearm_status": "skip",
        "focus_role": "none"
      }
    },
    {
      "type": "Feature",
      "geometry": {
        "type": "Point",
        "coordinates": [
          500672.8756361795,
          6965204.50332698
        ]
      },
      "properties": {
        "junction_id": 1119660,
        "veh_id": 11425,
        "sim_time_s": 3097.3,
        "tier": "track-zone",
        "prearm_status": "",
        "focus_role": "none"
      }
    },
    {
      "type": "Feature",
      "geometry": {
        "type": "Point",
        "coordinates": [
          0.0,
          0.0
        ]
      },
      "properties": {
        "junction_id": 39606,
        "veh_id": 11398,
        "sim_time_s": 3112.2,
        "tier": "harmony-no-ge-local",
        "prearm_status": "skip",
        "focus_role": "none"
      }
    },
    {
      "type": "Feature",
      "geometry": {
        "type": "Point",
        "coordinates": [
          500511.4318233602,
          6965777.902068262
        ]
      },
      "properties": {
        "junction_id": 39578,
        "veh_id": 11415,
        "sim_time_s": 3121.7,
        "tier": "track-zone",
        "prearm_status": "",
        "focus_role": "none"
      }
    },
    {
      "type": "Feature",
      "geometry": {
        "type": "Point",
        "coordinates": [
          500043.5118625165,
          6966470.284123463
        ]
      },
      "properties": {
        "junction_id": 39568,
        "veh_id": 11416,
        "sim_time_s": 3129.8,
        "tier": "track-zone",
        "prearm_status": "",
        "focus_role": "none"
      }
    },
    {
      "type": "Feature",
      "geometry": {
        "type": "Point",
        "coordinates": [
          0.0,
          0.0
        ]
      },
      "properties": {
        "junction_id": 39576,
        "veh_id": 11415,
        "sim_time_s": 3133.8,
        "tier": "harmony-no-ge-local",
        "prearm_status": "skip",
        "focus_role": "none"
      }
    },
    {
      "type": "Feature",
      "geometry": {
        "type": "Point",
        "coordinates": [
          500531.4786210397,
          6965858.989713189
        ]
      },
      "properties": {
        "junction_id": 39578,
        "veh_id": 11426,
        "sim_time_s": 3141.9,
        "tier": "IC-detect",
        "prearm_status": "",
        "focus_role": "none"
      }
    },
    {
      "type": "Feature",
      "geometry": {
        "type": "Point",
        "coordinates": [
          500121.73730604834,
          6966431.971487971
        ]
      },
      "properties": {
        "junction_id": 39572,
        "veh_id": 11436,
        "sim_time_s": 3144.6,
        "tier": "track-zone",
        "prearm_status": "",
        "focus_role": "none"
      }
    },
    {
      "type": "Feature",
      "geometry": {
        "type": "Point",
        "coordinates": [
          500946.97228876385,
          6964034.668682542
        ]
      },
      "properties": {
        "junction_id": 39606,
        "veh_id": 11437,
        "sim_time_s": 3150.0,
        "tier": "track-section",
        "prearm_status": "",
        "focus_role": "none"
      }
    },
    {
      "type": "Feature",
      "geometry": {
        "type": "Point",
        "coordinates": [
          500079.5849232499,
          6966482.12004681
        ]
      },
      "properties": {
        "junction_id": 39568,
        "veh_id": 11436,
        "sim_time_s": 3152.7,
        "tier": "track-zone",
        "prearm_status": "",
        "focus_role": "none"
      }
    },
    {
      "type": "Feature",
      "geometry": {
        "type": "Point",
        "coordinates": [
          500882.2469921606,
          6964126.204717517
        ]
      },
      "properties": {
        "junction_id": 39590,
        "veh_id": 11437,
        "sim_time_s": 3156.8,
        "tier": "track-zone",
        "prearm_status": "",
        "focus_role": "none"
      }
    },
    {
      "type": "Feature",
      "geometry": {
        "type": "Point",
        "coordinates": [
          500084.5156972597,
          6967502.374766049
        ]
      },
      "properties": {
        "junction_id": 38339,
        "veh_id": 11427,
        "sim_time_s": 3157.7,
        "tier": "IC-detect",
        "prearm_status": "",
        "focus_role": "none"
      }
    },
    {
      "type": "Feature",
      "geometry": {
        "type": "Point",
        "coordinates": [
          0.0,
          0.0
        ]
      },
      "properties": {
        "junction_id": 39606,
        "veh_id": 11437,
        "sim_time_s": 3162.2,
        "tier": "harmony-no-ge-local",
        "prearm_status": "skip",
        "focus_role": "none"
      }
    },
    {
      "type": "Feature",
      "geometry": {
        "type": "Point",
        "coordinates": [
          0.0,
          0.0
        ]
      },
      "properties": {
        "junction_id": 39578,
        "veh_id": 11393,
        "sim_time_s": 3174.3,
        "tier": "harmony-ge-local",
        "prearm_status": "action",
        "focus_role": "none"
      }
    },
    {
      "type": "Feature",
      "geometry": {
        "type": "Point",
        "coordinates": [
          0.0,
          0.0
        ]
      },
      "properties": {
        "junction_id": 39572,
        "veh_id": 11436,
        "sim_time_s": 3175.7,
        "tier": "harmony-no-ge-local",
        "prearm_status": "skip",
        "focus_role": "none"
      }
    },
    {
      "type": "Feature",
      "geometry": {
        "type": "Point",
        "coordinates": [
          500950.7888787157,
          6964039.930207144
        ]
      },
      "properties": {
        "junction_id": 39606,
        "veh_id": 11387,
        "sim_time_s": 3180.2,
        "tier": "IC-detect",
        "prearm_status": "",
        "focus_role": "none"
      }
    },
    {
      "type": "Feature",
      "geometry": {
        "type": "Point",
        "coordinates": [
          0.0,
          0.0
        ]
      },
      "properties": {
        "junction_id": 36385,
        "veh_id": 11425,
        "sim_time_s": 3183.8,
        "tier": "harmony-no-ge-local",
        "prearm_status": "skip",
        "focus_role": "none"
      }
    },
    {
      "type": "Feature",
      "geometry": {
        "type": "Point",
        "coordinates": [
          500886.5349152634,
          6964122.951219253
        ]
      },
      "properties": {
        "junction_id": 39590,
        "veh_id": 11387,
        "sim_time_s": 3186.4,
        "tier": "track-zone",
        "prearm_status": "",
        "focus_role": "none"
      }
    },
    {
      "type": "Feature",
      "geometry": {
        "type": "Point",
        "coordinates": [
          500728.9450330138,
          6964999.410262745
        ]
      },
      "properties": {
        "junction_id": 36393,
        "veh_id": 11425,
        "sim_time_s": 3187.8,
        "tier": "track-zone",
        "prearm_status": "",
        "focus_role": "none"
      }
    },
    {
      "type": "Feature",
      "geometry": {
        "type": "Point",
        "coordinates": [
          0.0,
          0.0
        ]
      },
      "properties": {
        "junction_id": 39606,
        "veh_id": 11387,
        "sim_time_s": 3190.5,
        "tier": "harmony-no-ge-local",
        "prearm_status": "skip",
        "focus_role": "none"
      }
    },
    {
      "type": "Feature",
      "geometry": {
        "type": "Point",
        "coordinates": [
          500514.35747070966,
          6965803.115178034
        ]
      },
      "properties": {
        "junction_id": 39576,
        "veh_id": 11426,
        "sim_time_s": 3190.5,
        "tier": "IC-detect-far",
        "prearm_status": "",
        "focus_role": "none"
      }
    },
    {
      "type": "Feature",
      "geometry": {
        "type": "Point",
        "coordinates": [
          500017.7119252909,
          6966618.372415994
        ]
      },
      "properties": {
        "junction_id": 11118289,
        "veh_id": 11436,
        "sim_time_s": 3195.9,
        "tier": "track-zone",
        "prearm_status": "",
        "focus_role": "none"
      }
    },
    {
      "type": "Feature",
      "geometry": {
        "type": "Point",
        "coordinates": [
          500059.93489869306,
          6966463.195295016
        ]
      },
      "properties": {
        "junction_id": 39569,
        "veh_id": 11416,
        "sim_time_s": 3206.7,
        "tier": "IC-detect",
        "prearm_status": "",
        "focus_role": "none"
      }
    },
    {
      "type": "Feature",
      "geometry": {
        "type": "Point",
        "coordinates": [
          0.0,
          0.0
        ]
      },
      "properties": {
        "junction_id": 36393,
        "veh_id": 11425,
        "sim_time_s": 3212.1,
        "tier": "harmony-ins-local",
        "prearm_status": "action",
        "focus_role": "none"
      }
    },
    {
      "type": "Feature",
      "geometry": {
        "type": "Point",
        "coordinates": [
          500512.4007341683,
          6965708.7117532315
        ]
      },
      "properties": {
        "junction_id": 39587,
        "veh_id": 11415,
        "sim_time_s": 3213.4,
        "tier": "track-zone",
        "prearm_status": "",
        "focus_role": "none"
      }
    },
    {
      "type": "Feature",
      "geometry": {
        "type": "Point",
        "coordinates": [
          499966.4845709029,
          6967108.390466249
        ]
      },
      "properties": {
        "junction_id": 11118289,
        "veh_id": 11427,
        "sim_time_s": 3218.8,
        "tier": "track-zone",
        "prearm_status": "",
        "focus_role": "none"
      }
    },
    {
      "type": "Feature",
      "geometry": {
        "type": "Point",
        "coordinates": [
          500531.95294668444,
          6965934.427200257
        ]
      },
      "properties": {
        "junction_id": 39576,
        "veh_id": 11393,
        "sim_time_s": 3220.2,
        "tier": "track-zone",
        "prearm_status": "",
        "focus_role": "none"
      }
    },
    {
      "type": "Feature",
      "geometry": {
        "type": "Point",
        "coordinates": [
          0.0,
          0.0
        ]
      },
      "properties": {
        "junction_id": 39569,
        "veh_id": 11416,
        "sim_time_s": 3221.6,
        "tier": "harmony-no-ge-local",
        "prearm_status": "skip",
        "focus_role": "none"
      }
    },
    {
      "type": "Feature",
      "geometry": {
        "type": "Point",
        "coordinates": [
          500518.6393072462,
          6965648.486280323
        ]
      },
      "properties": {
        "junction_id": 1119660,
        "veh_id": 11415,
        "sim_time_s": 3224.2,
        "tier": "track-zone",
        "prearm_status": "",
        "focus_role": "none"
      }
    },
    {
      "type": "Feature",
      "geometry": {
        "type": "Point",
        "coordinates": [
          0.0,
          0.0
        ]
      },
      "properties": {
        "junction_id": 38339,
        "veh_id": 11427,
        "sim_time_s": 3224.2,
        "tier": "harmony-ins-local",
        "prearm_status": "action",
        "focus_role": "none"
      }
    },
    {
      "type": "Feature",
      "geometry": {
        "type": "Point",
        "coordinates": [
          500135.47959734994,
          6966432.666614489
        ]
      },
      "properties": {
        "junction_id": 1043762,
        "veh_id": 11416,
        "sim_time_s": 3226.9,
        "tier": "track-zone",
        "prearm_status": "",
        "focus_role": "none"
      }
    },
    {
      "type": "Feature",
      "geometry": {
        "type": "Point",
        "coordinates": [
          499961.699164463,
          6966783.262521083
        ]
      },
      "properties": {
        "junction_id": 38339,
        "veh_id": 11436,
        "sim_time_s": 3233.7,
        "tier": "track-zone",
        "prearm_status": "",
        "focus_role": "none"
      }
    },
    {
      "type": "Feature",
      "geometry": {
        "type": "Point",
        "coordinates": [
          0.0,
          0.0
        ]
      },
      "properties": {
        "junction_id": 39590,
        "veh_id": 11437,
        "sim_time_s": 3236.4,
        "tier": "harmony-no-ge-local",
        "prearm_status": "skip",
        "focus_role": "none"
      }
    },
    {
      "type": "Feature",
      "geometry": {
        "type": "Point",
        "coordinates": [
          500539.000509203,
          6965598.607833676
        ]
      },
      "properties": {
        "junction_id": 39576,
        "veh_id": 11415,
        "sim_time_s": 3253.9,
        "tier": "IC-detect-far",
        "prearm_status": "",
        "focus_role": "none"
      }
    },
    {
      "type": "Feature",
      "geometry": {
        "type": "Point",
        "coordinates": [
          500673.2456939812,
          6964521.743921778
        ]
      },
      "properties": {
        "junction_id": 36393,
        "veh_id": 11387,
        "sim_time_s": 3263.4,
        "tier": "track-zone",
        "prearm_status": "",
        "focus_role": "none"
      }
    },
    {
      "type": "Feature",
      "geometry": {
        "type": "Point",
        "coordinates": [
          500511.9316625403,
          6965736.243112595
        ]
      },
      "properties": {
        "junction_id": 39578,
        "veh_id": 11426,
        "sim_time_s": 3266.1,
        "tier": "track-zone",
        "prearm_status": "",
        "focus_role": "none"
      }
    },
    {
      "type": "Feature",
      "geometry": {
        "type": "Point",
        "coordinates": [
          500672.8674030069,
          6964524.449540307
        ]
      },
      "properties": {
        "junction_id": 36393,
        "veh_id": 11437,
        "sim_time_s": 3278.2,
        "tier": "IC-detect",
        "prearm_status": "",
        "focus_role": "none"
      }
    },
    {
      "type": "Feature",
      "geometry": {
        "type": "Point",
        "coordinates": [
          0.0,
          0.0
        ]
      },
      "properties": {
        "junction_id": 1043762,
        "veh_id": 11416,
        "sim_time_s": 3280.9,
        "tier": "harmony-no-ge-local",
        "prearm_status": "skip",
        "focus_role": "none"
      }
    },
    {
      "type": "Feature",
      "geometry": {
        "type": "Point",
        "coordinates": [
          500690.95004373754,
          6964539.875446045
        ]
      },
      "properties": {
        "junction_id": 39590,
        "veh_id": 11425,
        "sim_time_s": 3282.3,
        "tier": "track-zone",
        "prearm_status": "",
        "focus_role": "none"
      }
    },
    {
      "type": "Feature",
      "geometry": {
        "type": "Point",
        "coordinates": [
          0.0,
          0.0
        ]
      },
      "properties": {
        "junction_id": 38339,
        "veh_id": 11436,
        "sim_time_s": 3284.6,
        "tier": "harmony-no-ge-local",
        "prearm_status": "skip",
        "focus_role": "none"
      }
    },
    {
      "type": "Feature",
      "geometry": {
        "type": "Point",
        "coordinates": [
          500679.7996567217,
          6964780.318789159
        ]
      },
      "properties": {
        "junction_id": 36385,
        "veh_id": 11387,
        "sim_time_s": 3289.1,
        "tier": "track-zone",
        "prearm_status": "",
        "focus_role": "none"
      }
    },
    {
      "type": "Feature",
      "geometry": {
        "type": "Point",
        "coordinates": [
          500729.1346312198,
          6964411.748452079
        ]
      },
      "properties": {
        "junction_id": 39606,
        "veh_id": 11425,
        "sim_time_s": 3293.1,
        "tier": "track-zone",
        "prearm_status": "",
        "focus_role": "none"
      }
    },
    {
      "type": "Feature",
      "geometry": {
        "type": "Point",
        "coordinates": [
          0.0,
          0.0
        ]
      },
      "properties": {
        "junction_id": 36393,
        "veh_id": 11437,
        "sim_time_s": 3294.4,
        "tier": "harmony-no-ge-local",
        "prearm_status": "skip",
        "focus_role": "none"
      }
    },
    {
      "type": "Feature",
      "geometry": {
        "type": "Point",
        "coordinates": [
          500520.4603776469,
          6965825.398095353
        ]
      },
      "properties": {
        "junction_id": 39578,
        "veh_id": 11393,
        "sim_time_s": 3294.4,
        "tier": "IC-detect-far",
        "prearm_status": "",
        "focus_role": "none"
      }
    },
    {
      "type": "Feature",
      "geometry": {
        "type": "Point",
        "coordinates": [
          500679.74171445187,
          6964779.823906064
        ]
      },
      "properties": {
        "junction_id": 36385,
        "veh_id": 11437,
        "sim_time_s": 3299.8,
        "tier": "track-zone",
        "prearm_status": "",
        "focus_role": "none"
      }
    },
    {
      "type": "Feature",
      "geometry": {
        "type": "Point",
        "coordinates": [
          500134.35896903847,
          6965615.236375507
        ]
      },
      "properties": {
        "junction_id": 39576,
        "veh_id": 11405,
        "sim_time_s": 3300.3,
        "tier": "IC-detect",
        "prearm_status": "",
        "focus_role": "none"
      }
    },
    {
      "type": "Feature",
      "geometry": {
        "type": "Point",
        "coordinates": [
          499962.1323046179,
          6966945.578831891
        ]
      },
      "properties": {
        "junction_id": 39568,
        "veh_id": 11427,
        "sim_time_s": 3302.6,
        "tier": "track-zone",
        "prearm_status": "",
        "focus_role": "none"
      }
    },
    {
      "type": "Feature",
      "geometry": {
        "type": "Point",
        "coordinates": [
          500701.60476346704,
          6964931.5483694095
        ]
      },
      "properties": {
        "junction_id": 39593,
        "veh_id": 11387,
        "sim_time_s": 3306.6,
        "tier": "track-zone",
        "prearm_status": "",
        "focus_role": "none"
      }
    },
    {
      "type": "Feature",
      "geometry": {
        "type": "Point",
        "coordinates": [
          499965.9857368861,
          6966895.937527106
        ]
      },
      "properties": {
        "junction_id": 39572,
        "veh_id": 11427,
        "sim_time_s": 3306.6,
        "tier": "track-zone",
        "prearm_status": "",
        "focus_role": "none"
      }
    },
    {
      "type": "Feature",
      "geometry": {
        "type": "Point",
        "coordinates": [
          500512.02203126345,
          6965730.498280889
        ]
      },
      "properties": {
        "junction_id": 39576,
        "veh_id": 11426,
        "sim_time_s": 3310.7,
        "tier": "IC-detect",
        "prearm_status": "",
        "focus_role": "none"
      }
    },
    {
      "type": "Feature",
      "geometry": {
        "type": "Point",
        "coordinates": [
          500553.57232505607,
          6965566.781060795
        ]
      },
      "properties": {
        "junction_id": 10157950,
        "veh_id": 11415,
        "sim_time_s": 3314.7,
        "tier": "track-zone",
        "prearm_status": "",
        "focus_role": "none"
      }
    },
    {
      "type": "Feature",
      "geometry": {
        "type": "Point",
        "coordinates": [
          500351.51974791626,
          6966101.4309161
        ]
      },
      "properties": {
        "junction_id": 39578,
        "veh_id": 11416,
        "sim_time_s": 3324.2,
        "tier": "track-section",
        "prearm_status": "",
        "focus_role": "none"
      }
    },
    {
      "type": "Feature",
      "geometry": {
        "type": "Point",
        "coordinates": [
          0.0,
          0.0
        ]
      },
      "properties": {
        "junction_id": 39572,
        "veh_id": 11427,
        "sim_time_s": 3324.2,
        "tier": "harmony-no-ge-local",
        "prearm_status": "skip",
        "focus_role": "none"
      }
    },
    {
      "type": "Feature",
      "geometry": {
        "type": "Point",
        "coordinates": [
          500701.76158198784,
          6964932.666010761
        ]
      },
      "properties": {
        "junction_id": 39593,
        "veh_id": 11437,
        "sim_time_s": 3326.8,
        "tier": "track-zone",
        "prearm_status": "",
        "focus_role": "none"
      }
    },
    {
      "type": "Feature",
      "geometry": {
        "type": "Point",
        "coordinates": [
          500008.70151631907,
          6966677.442649615
        ]
      },
      "properties": {
        "junction_id": 39569,
        "veh_id": 11427,
        "sim_time_s": 3333.6,
        "tier": "track-zone",
        "prearm_status": "",
        "focus_role": "none"
      }
    },
    {
      "type": "Feature",
      "geometry": {
        "type": "Point",
        "coordinates": [
          500576.9923029402,
          6965505.561847598
        ]
      },
      "properties": {
        "junction_id": 39587,
        "veh_id": 11415,
        "sim_time_s": 3333.6,
        "tier": "IC-detect",
        "prearm_status": "",
        "focus_role": "none"
      }
    },
    {
      "type": "Feature",
      "geometry": {
        "type": "Point",
        "coordinates": [
          0.0,
          0.0
        ]
      },
      "properties": {
        "junction_id": 39587,
        "veh_id": 11415,
        "sim_time_s": 3336.3,
        "tier": "harmony-ins-local",
        "prearm_status": "action",
        "focus_role": "none"
      }
    },
    {
      "type": "Feature",
      "geometry": {
        "type": "Point",
        "coordinates": [
          0.0,
          0.0
        ]
      },
      "properties": {
        "junction_id": 39576,
        "veh_id": 11426,
        "sim_time_s": 3337.7,
        "tier": "harmony-no-ge-local",
        "prearm_status": "skip",
        "focus_role": "none"
      }
    },
    {
      "type": "Feature",
      "geometry": {
        "type": "Point",
        "coordinates": [
          500027.6278975017,
          6966632.957641265
        ]
      },
      "properties": {
        "junction_id": 11118289,
        "veh_id": 11427,
        "sim_time_s": 3340.3,
        "tier": "track-zone",
        "prearm_status": "",
        "focus_role": "none"
      }
    },
    {
      "type": "Feature",
      "geometry": {
        "type": "Point",
        "coordinates": [
          500519.91647550126,
          6965823.745852094
        ]
      },
      "properties": {
        "junction_id": 39576,
        "veh_id": 11393,
        "sim_time_s": 3341.7,
        "tier": "track-zone",
        "prearm_status": "",
        "focus_role": "none"
      }
    },
    {
      "type": "Feature",
      "geometry": {
        "type": "Point",
        "coordinates": [
          500512.53874089086,
          6965703.33780182
        ]
      },
      "properties": {
        "junction_id": 39587,
        "veh_id": 11426,
        "sim_time_s": 3341.7,
        "tier": "track-zone",
        "prearm_status": "",
        "focus_role": "none"
      }
    },
    {
      "type": "Feature",
      "geometry": {
        "type": "Point",
        "coordinates": [
          0.0,
          0.0
        ]
      },
      "properties": {
        "junction_id": 39590,
        "veh_id": 11425,
        "sim_time_s": 3343.1,
        "tier": "harmony-no-ge-local",
        "prearm_status": "skip",
        "focus_role": "none"
      }
    },
    {
      "type": "Feature",
      "geometry": {
        "type": "Point",
        "coordinates": [
          500577.01285184873,
          6965505.504558488
        ]
      },
      "properties": {
        "junction_id": 1119660,
        "veh_id": 11415,
        "sim_time_s": 3345.8,
        "tier": "track-zone",
        "prearm_status": "",
        "focus_role": "none"
      }
    },
    {
      "type": "Feature",
      "geometry": {
        "type": "Point",
        "coordinates": [
          500519.08135422773,
          6965646.862156104
        ]
      },
      "properties": {
        "junction_id": 1119660,
        "veh_id": 11426,
        "sim_time_s": 3352.5,
        "tier": "track-zone",
        "prearm_status": "",
        "focus_role": "none"
      }
    },
    {
      "type": "Feature",
      "geometry": {
        "type": "Point",
        "coordinates": [
          0.0,
          0.0
        ]
      },
      "properties": {
        "junction_id": 36385,
        "veh_id": 11387,
        "sim_time_s": 3352.5,
        "tier": "harmony-no-ge-local",
        "prearm_status": "skip",
        "focus_role": "none"
      }
    },
    {
      "type": "Feature",
      "geometry": {
        "type": "Point",
        "coordinates": [
          0.0,
          0.0
        ]
      },
      "properties": {
        "junction_id": 36385,
        "veh_id": 11437,
        "sim_time_s": 3357.9,
        "tier": "harmony-no-ge-local",
        "prearm_status": "skip",
        "focus_role": "none"
      }
    },
    {
      "type": "Feature",
      "geometry": {
        "type": "Point",
        "coordinates": [
          500688.33302829874,
          6965095.967574798
        ]
      },
      "properties": {
        "junction_id": 10157950,
        "veh_id": 11437,
        "sim_time_s": 3364.7,
        "tier": "track-zone",
        "prearm_status": "",
        "focus_role": "none"
      }
    },
    {
      "type": "Feature",
      "geometry": {
        "type": "Point",
        "coordinates": [
          0.0,
          0.0
        ]
      },
      "properties": {
        "junction_id": 39593,
        "veh_id": 11437,
        "sim_time_s": 3370.1,
        "tier": "harmony-no-ge-local",
        "prearm_status": "skip",
        "focus_role": "none"
      }
    },
    {
      "type": "Feature",
      "geometry": {
        "type": "Point",
        "coordinates": [
          500667.6687428539,
          6965184.838857627
        ]
      },
      "properties": {
        "junction_id": 1119660,
        "veh_id": 11437,
        "sim_time_s": 3372.8,
        "tier": "track-zone",
        "prearm_status": "",
        "focus_role": "none"
      }
    },
    {
      "type": "Feature",
      "geometry": {
        "type": "Point",
        "coordinates": [
          500641.5998400819,
          6965244.131804299
        ]
      },
      "properties": {
        "junction_id": 39587,
        "veh_id": 11437,
        "sim_time_s": 3376.8,
        "tier": "track-zone",
        "prearm_status": "",
        "focus_role": "none"
      }
    },
    {
      "type": "Feature",
      "geometry": {
        "type": "Point",
        "coordinates": [
          500715.95531869354,
          6965004.022244026
        ]
      },
      "properties": {
        "junction_id": 36393,
        "veh_id": 11387,
        "sim_time_s": 3384.9,
        "tier": "track-zone",
        "prearm_status": "",
        "focus_role": "none"
      }
    },
    {
      "type": "Feature",
      "geometry": {
        "type": "Point",
        "coordinates": [
          0.0,
          0.0
        ]
      },
      "properties": {
        "junction_id": 39587,
        "veh_id": 11437,
        "sim_time_s": 3397.1,
        "tier": "harmony-no-ge-local",
        "prearm_status": "skip",
        "focus_role": "none"
      }
    },
    {
      "type": "Feature",
      "geometry": {
        "type": "Point",
        "coordinates": [
          500575.65503842384,
          6965468.908433078
        ]
      },
      "properties": {
        "junction_id": 39576,
        "veh_id": 11437,
        "sim_time_s": 3399.8,
        "tier": "track-zone",
        "prearm_status": "",
        "focus_role": "none"
      }
    },
    {
      "type": "Feature",
      "geometry": {
        "type": "Point",
        "coordinates": [
          0.0,
          0.0
        ]
      },
      "properties": {
        "junction_id": 39606,
        "veh_id": 11425,
        "sim_time_s": 3405.2,
        "tier": "harmony-no-ge-local",
        "prearm_status": "skip",
        "focus_role": "none"
      }
    },
    {
      "type": "Feature",
      "geometry": {
        "type": "Point",
        "coordinates": [
          0.0,
          0.0
        ]
      },
      "properties": {
        "junction_id": 39569,
        "veh_id": 11427,
        "sim_time_s": 3407.8,
        "tier": "harmony-no-ge-local",
        "prearm_status": "skip",
        "focus_role": "none"
      }
    },
    {
      "type": "Feature",
      "geometry": {
        "type": "Point",
        "coordinates": [
          500130.713468367,
          6966433.947753273
        ]
      },
      "properties": {
        "junction_id": 1043762,
        "veh_id": 11427,
        "sim_time_s": 3411.9,
        "tier": "track-zone",
        "prearm_status": "",
        "focus_role": "none"
      }
    },
    {
      "type": "Feature",
      "geometry": {
        "type": "Point",
        "coordinates": [
          500609.51519355417,
          6965407.730233584
        ]
      },
      "properties": {
        "junction_id": 39593,
        "veh_id": 11415,
        "sim_time_s": 3413.2,
        "tier": "track-zone",
        "prearm_status": "",
        "focus_role": "none"
      }
    },
    {
      "type": "Feature",
      "geometry": {
        "type": "Point",
        "coordinates": [
          500552.2523050752,
          6965569.572712142
        ]
      },
      "properties": {
        "junction_id": 10157950,
        "veh_id": 11426,
        "sim_time_s": 3417.3,
        "tier": "track-zone",
        "prearm_status": "",
        "focus_role": "none"
      }
    },
    {
      "type": "Feature",
      "geometry": {
        "type": "Point",
        "coordinates": [
          500243.1141732208,
          6965633.007710043
        ]
      },
      "properties": {
        "junction_id": 39576,
        "veh_id": 11405,
        "sim_time_s": 3420.4,
        "tier": "IC-detect-far",
        "prearm_status": "",
        "focus_role": "none"
      }
    },
    {
      "type": "Feature",
      "geometry": {
        "type": "Point",
        "coordinates": [
          500946.0468479706,
          6964036.183379185
        ]
      },
      "properties": {
        "junction_id": 39606,
        "veh_id": 11411,
        "sim_time_s": 3420.9,
        "tier": "IC-detect",
        "prearm_status": "",
        "focus_role": "none"
      }
    },
    {
      "type": "Feature",
      "geometry": {
        "type": "Point",
        "coordinates": [
          500645.4948366835,
          6965255.7229777295
        ]
      },
      "properties": {
        "junction_id": 36385,
        "veh_id": 11415,
        "sim_time_s": 3424.1,
        "tier": "track-zone",
        "prearm_status": "",
        "focus_role": "none"
      }
    },
    {
      "type": "Feature",
      "geometry": {
        "type": "Point",
        "coordinates": [
          500512.01647906774,
          6965737.900296901
        ]
      },
      "properties": {
        "junction_id": 39578,
        "veh_id": 11393,
        "sim_time_s": 3425.4,
        "tier": "track-zone",
        "prearm_status": "",
        "focus_role": "none"
      }
    },
    {
      "type": "Feature",
      "geometry": {
        "type": "Point",
        "coordinates": [
          0.0,
          0.0
        ]
      },
      "properties": {
        "junction_id": 1043762,
        "veh_id": 11427,
        "sim_time_s": 3426.8,
        "tier": "harmony-no-ge-local",
        "prearm_status": "skip",
        "focus_role": "none"
      }
    },
    {
      "type": "Feature",
      "geometry": {
        "type": "Point",
        "coordinates": [
          500715.95531869354,
          6965004.022244026
        ]
      },
      "properties": {
        "junction_id": 39593,
        "veh_id": 11387,
        "sim_time_s": 3428.1,
        "tier": "track-zone",
        "prearm_status": "",
        "focus_role": "none"
      }
    },
    {
      "type": "Feature",
      "geometry": {
        "type": "Point",
        "coordinates": [
          0.0,
          0.0
        ]
      },
      "properties": {
        "junction_id": 39593,
        "veh_id": 11415,
        "sim_time_s": 3428.1,
        "tier": "harmony-no-ge-local",
        "prearm_status": "skip",
        "focus_role": "none"
      }
    },
    {
      "type": "Feature",
      "geometry": {
        "type": "Point",
        "coordinates": [
          500694.49873014033,
          6965146.555394606
        ]
      },
      "properties": {
        "junction_id": 10157950,
        "veh_id": 11415,
        "sim_time_s": 3436.2,
        "tier": "track-zone",
        "prearm_status": "",
        "focus_role": "none"
      }
    },
    {
      "type": "Feature",
      "geometry": {
        "type": "Point",
        "coordinates": [
          0.0,
          0.0
        ]
      },
      "properties": {
        "junction_id": 39576,
        "veh_id": 11393,
        "sim_time_s": 3437.6,
        "tier": "harmony-no-ge-local",
        "prearm_status": "skip",
        "focus_role": "none"
      }
    },
    {
      "type": "Feature",
      "geometry": {
        "type": "Point",
        "coordinates": [
          500512.57235735824,
          6965705.411260053
        ]
      },
      "properties": {
        "junction_id": 39587,
        "veh_id": 11393,
        "sim_time_s": 3440.2,
        "tier": "track-zone",
        "prearm_status": "",
        "focus_role": "none"
      }
    },
    {
      "type": "Feature",
      "geometry": {
        "type": "Point",
        "coordinates": [
          500469.43261200946,
          6966001.411830881
        ]
      },
      "properties": {
        "junction_id": 39578,
        "veh_id": 11416,
        "sim_time_s": 3444.3,
        "tier": "IC-detect-far",
        "prearm_status": "",
        "focus_role": "none"
      }
    },
    {
      "type": "Feature",
      "geometry": {
        "type": "Point",
        "coordinates": [
          500518.34182170295,
          6965649.8095276235
        ]
      },
      "properties": {
        "junction_id": 1119660,
        "veh_id": 11393,
        "sim_time_s": 3453.8,
        "tier": "track-zone",
        "prearm_status": "",
        "focus_role": "none"
      }
    },
    {
      "type": "Feature",
      "geometry": {
        "type": "Point",
        "coordinates": [
          500558.82281865005,
          6965555.3127318155
        ]
      },
      "properties": {
        "junction_id": 39587,
        "veh_id": 11426,
        "sim_time_s": 3461.8,
        "tier": "IC-detect-far",
        "prearm_status": "",
        "focus_role": "none"
      }
    },
    {
      "type": "Feature",
      "geometry": {
        "type": "Point",
        "coordinates": [
          0.0,
          0.0
        ]
      },
      "properties": {
        "junction_id": 39576,
        "veh_id": 11437,
        "sim_time_s": 3463.2,
        "tier": "harmony-no-ge-local",
        "prearm_status": "skip",
        "focus_role": "none"
      }
    },
    {
      "type": "Feature",
      "geometry": {
        "type": "Point",
        "coordinates": [
          500892.86475089594,
          6964114.17079445
        ]
      },
      "properties": {
        "junction_id": 39590,
        "veh_id": 11411,
        "sim_time_s": 3464.6,
        "tier": "track-zone",
        "prearm_status": "",
        "focus_role": "none"
      }
    },
    {
      "type": "Feature",
      "geometry": {
        "type": "Point",
        "coordinates": [
          500492.4227485038,
          6965684.077135679
        ]
      },
      "properties": {
        "junction_id": 39578,
        "veh_id": 11437,
        "sim_time_s": 3464.6,
        "tier": "track-zone",
        "prearm_status": "",
        "focus_role": "none"
      }
    },
    {
      "type": "Feature",
      "geometry": {
        "type": "Point",
        "coordinates": [
          0.0,
          0.0
        ]
      },
      "properties": {
        "junction_id": 39606,
        "veh_id": 11411,
        "sim_time_s": 3469.9,
        "tier": "harmony-ins-local",
        "prearm_status": "action",
        "focus_role": "none"
      }
    },
    {
      "type": "Feature",
      "geometry": {
        "type": "Point",
        "coordinates": [
          500832.7174178103,
          6965061.149614192
        ]
      },
      "properties": {
        "junction_id": 36385,
        "veh_id": 11387,
        "sim_time_s": 3472.7,
        "tier": "IC-detect",
        "prearm_status": "",
        "focus_role": "none"
      }
    },
    {
      "type": "Feature",
      "geometry": {
        "type": "Point",
        "coordinates": [
          500558.82281865005,
          6965555.3127318155
        ]
      },
      "properties": {
        "junction_id": 1119660,
        "veh_id": 11426,
        "sim_time_s": 3474.0,
        "tier": "track-zone",
        "prearm_status": "",
        "focus_role": "none"
      }
    },
    {
      "type": "Feature",
      "geometry": {
        "type": "Point",
        "coordinates": [
          499517.39046187786,
          6966652.513049488
        ]
      },
      "properties": {
        "junction_id": 39572,
        "veh_id": 11394,
        "sim_time_s": 3492.9,
        "tier": "IC-detect",
        "prearm_status": "",
        "focus_role": "none"
      }
    },
    {
      "type": "Feature",
      "geometry": {
        "type": "Point",
        "coordinates": [
          0.0,
          0.0
        ]
      },
      "properties": {
        "junction_id": 39578,
        "veh_id": 11437,
        "sim_time_s": 3503.7,
        "tier": "harmony-no-ge-local",
        "prearm_status": "skip",
        "focus_role": "none"
      }
    },
    {
      "type": "Feature",
      "geometry": {
        "type": "Point",
        "coordinates": [
          499759.41548489005,
          6966605.690555941
        ]
      },
      "properties": {
        "junction_id": 39568,
        "veh_id": 11394,
        "sim_time_s": 3507.8,
        "tier": "track-zone",
        "prearm_status": "",
        "focus_role": "none"
      }
    },
    {
      "type": "Feature",
      "geometry": {
        "type": "Point",
        "coordinates": [
          0.0,
          0.0
        ]
      },
      "properties": {
        "junction_id": 39587,
        "veh_id": 11426,
        "sim_time_s": 3509.1,
        "tier": "harmony-ge-local",
        "prearm_status": "action",
        "focus_role": "none"
      }
    },
    {
      "type": "Feature",
      "geometry": {
        "type": "Point",
        "coordinates": [
          500395.5959412035,
          6966045.66795168
        ]
      },
      "properties": {
        "junction_id": 1043762,
        "veh_id": 11437,
        "sim_time_s": 3515.8,
        "tier": "track-zone",
        "prearm_status": "",
        "focus_role": "none"
      }
    },
    {
      "type": "Feature",
      "geometry": {
        "type": "Point",
        "coordinates": [
          499891.55523283104,
          6966542.617480954
        ]
      },
      "properties": {
        "junction_id": 39569,
        "veh_id": 11394,
        "sim_time_s": 3517.2,
        "tier": "track-zone",
        "prearm_status": "",
        "focus_role": "none"
      }
    },
    {
      "type": "Feature",
      "geometry": {
        "type": "Point",
        "coordinates": [
          500607.3905584191,
          6965404.026821419
        ]
      },
      "properties": {
        "junction_id": 39593,
        "veh_id": 11426,
        "sim_time_s": 3517.2,
        "tier": "track-zone",
        "prearm_status": "",
        "focus_role": "none"
      }
    },
    {
      "type": "Feature",
      "geometry": {
        "type": "Point",
        "coordinates": [
          0.0,
          0.0
        ]
      },
      "properties": {
        "junction_id": 39578,
        "veh_id": 11416,
        "sim_time_s": 3526.7,
        "tier": "harmony-ge-local",
        "prearm_status": "action",
        "focus_role": "none"
      }
    },
    {
      "type": "Feature",
      "geometry": {
        "type": "Point",
        "coordinates": [
          500652.0135136756,
          6965240.702100803
        ]
      },
      "properties": {
        "junction_id": 36385,
        "veh_id": 11426,
        "sim_time_s": 3528.0,
        "tier": "track-zone",
        "prearm_status": "",
        "focus_role": "none"
      }
    },
    {
      "type": "Feature",
      "geometry": {
        "type": "Point",
        "coordinates": [
          0.0,
          0.0
        ]
      },
      "properties": {
        "junction_id": 1043762,
        "veh_id": 11437,
        "sim_time_s": 3529.3,
        "tier": "harmony-no-ge-local",
        "prearm_status": "skip",
        "focus_role": "none"
      }
    },
    {
      "type": "Feature",
      "geometry": {
        "type": "Point",
        "coordinates": [
          0.0,
          0.0
        ]
      },
      "properties": {
        "junction_id": 39593,
        "veh_id": 11426,
        "sim_time_s": 3530.7,
        "tier": "harmony-no-ge-local",
        "prearm_status": "skip",
        "focus_role": "none"
      }
    },
    {
      "type": "Feature",
      "geometry": {
        "type": "Point",
        "coordinates": [
          500530.22762514837,
          6965938.373901102
        ]
      },
      "properties": {
        "junction_id": 39576,
        "veh_id": 11416,
        "sim_time_s": 3532.1,
        "tier": "track-zone",
        "prearm_status": "",
        "focus_role": "none"
      }
    },
    {
      "type": "Feature",
      "geometry": {
        "type": "Point",
        "coordinates": [
          500228.94225846446,
          6966239.437899754
        ]
      },
      "properties": {
        "junction_id": 39569,
        "veh_id": 11437,
        "sim_time_s": 3532.1,
        "tier": "track-zone",
        "prearm_status": "",
        "focus_role": "none"
      }
    },
    {
      "type": "Feature",
      "geometry": {
        "type": "Point",
        "coordinates": [
          0.0,
          0.0
        ]
      },
      "properties": {
        "junction_id": 39590,
        "veh_id": 11411,
        "sim_time_s": 3534.8,
        "tier": "harmony-no-ge-local",
        "prearm_status": "skip",
        "focus_role": "none"
      }
    },
    {
      "type": "Feature",
      "geometry": {
        "type": "Point",
        "coordinates": [
          500347.00413591345,
          6966097.345198265
        ]
      },
      "properties": {
        "junction_id": 39578,
        "veh_id": 11427,
        "sim_time_s": 3536.1,
        "tier": "track-section",
        "prearm_status": "",
        "focus_role": "none"
      }
    },
    {
      "type": "Feature",
      "geometry": {
        "type": "Point",
        "coordinates": [
          500552.61398805206,
          6965569.052689564
        ]
      },
      "properties": {
        "junction_id": 10157950,
        "veh_id": 11393,
        "sim_time_s": 3537.4,
        "tier": "track-zone",
        "prearm_status": "",
        "focus_role": "none"
      }
    },
    {
      "type": "Feature",
      "geometry": {
        "type": "Point",
        "coordinates": [
          500708.9270930537,
          6965104.989396077
        ]
      },
      "properties": {
        "junction_id": 10157950,
        "veh_id": 11426,
        "sim_time_s": 3538.8,
        "tier": "track-zone",
        "prearm_status": "",
        "focus_role": "none"
      }
    },
    {
      "type": "Feature",
      "geometry": {
        "type": "Point",
        "coordinates": [
          500295.04228450975,
          6965645.469265323
        ]
      },
      "properties": {
        "junction_id": 39576,
        "veh_id": 11405,
        "sim_time_s": 3540.6,
        "tier": "IC-detect",
        "prearm_status": "",
        "focus_role": "none"
      }
    },
    {
      "type": "Feature",
      "geometry": {
        "type": "Point",
        "coordinates": [
          500720.8889940631,
          6965049.197988004
        ]
      },
      "properties": {
        "junction_id": 36385,
        "veh_id": 11415,
        "sim_time_s": 3544.2,
        "tier": "IC-detect",
        "prearm_status": "",
        "focus_role": "none"
      }
    },
    {
      "type": "Feature",
      "geometry": {
        "type": "Point",
        "coordinates": [
          500370.2433386461,
          6966075.991402752
        ]
      },
      "properties": {
        "junction_id": 1043762,
        "veh_id": 11427,
        "sim_time_s": 3546.9,
        "tier": "IC-detect",
        "prearm_status": "",
        "focus_role": "none"
      }
    },
    {
      "type": "Feature",
      "geometry": {
        "type": "Point",
        "coordinates": [
          0.0,
          0.0
        ]
      },
      "properties": {
        "junction_id": 36385,
        "veh_id": 11415,
        "sim_time_s": 3550.9,
        "tier": "harmony-no-ge-local",
        "prearm_status": "skip",
        "focus_role": "none"
      }
    },
    {
      "type": "Feature",
      "geometry": {
        "type": "Point",
        "coordinates": [
          0.0,
          0.0
        ]
      },
      "properties": {
        "junction_id": 39569,
        "veh_id": 11437,
        "sim_time_s": 3555.0,
        "tier": "harmony-ins-local",
        "prearm_status": "action",
        "focus_role": "none"
      }
    },
    {
      "type": "Feature",
      "geometry": {
        "type": "Point",
        "coordinates": [
          500116.50911885436,
          6966433.611591177
        ]
      },
      "properties": {
        "junction_id": 39572,
        "veh_id": 11437,
        "sim_time_s": 3556.3,
        "tier": "track-zone",
        "prearm_status": "",
        "focus_role": "none"
      }
    },
    {
      "type": "Feature",
      "geometry": {
        "type": "Point",
        "coordinates": [
          500106.7393775237,
          6966443.73256401
        ]
      },
      "properties": {
        "junction_id": 39572,
        "veh_id": 11437,
        "sim_time_s": 3558.2,
        "tier": "coord-prearm-harmony/SHOCKWAVE",
        "prearm_status": "fired",
        "focus_role": "none"
      }
    },
    {
      "type": "Feature",
      "geometry": {
        "type": "Point",
        "coordinates": [
          0.0,
          0.0
        ]
      },
      "properties": {
        "junction_id": 39572,
        "veh_id": 11437,
        "sim_time_s": 3558.6,
        "tier": "harmony-no-ge-local",
        "prearm_status": "skip",
        "focus_role": "none"
      }
    },
    {
      "type": "Feature",
      "geometry": {
        "type": "Point",
        "coordinates": [
          500564.00719750125,
          6965542.001204584
        ]
      },
      "properties": {
        "junction_id": 39587,
        "veh_id": 11393,
        "sim_time_s": 3560.4,
        "tier": "IC-detect-far",
        "prearm_status": "",
        "focus_role": "none"
      }
    },
    {
      "type": "Feature",
      "geometry": {
        "type": "Point",
        "coordinates": [
          500079.8110755581,
          6966481.991432239
        ]
      },
      "properties": {
        "junction_id": 39568,
        "veh_id": 11437,
        "sim_time_s": 3563.1,
        "tier": "track-zone",
        "prearm_status": "",
        "focus_role": "none"
      }
    },
    {
      "type": "Feature",
      "geometry": {
        "type": "Point",
        "coordinates": [
          500564.1783017017,
          6965541.524176453
        ]
      },
      "properties": {
        "junction_id": 1119660,
        "veh_id": 11393,
        "sim_time_s": 3575.2,
        "tier": "track-zone",
        "prearm_status": "",
        "focus_role": "none"
      }
    },
    {
      "type": "Feature",
      "geometry": {
        "type": "Point",
        "coordinates": [
          500674.34909450513,
          6964512.624132312
        ]
      },
      "properties": {
        "junction_id": 36393,
        "veh_id": 11411,
        "sim_time_s": 3582.0,
        "tier": "track-zone",
        "prearm_status": "",
        "focus_role": "none"
      }
    },
    {
      "type": "Feature",
      "geometry": {
        "type": "Point",
        "coordinates": [
          500564.1783017017,
          6965541.524176453
        ]
      },
      "properties": {
        "junction_id": 39576,
        "veh_id": 11393,
        "sim_time_s": 3584.7,
        "tier": "track-zone",
        "prearm_status": "",
        "focus_role": "none"
      }
    },
    {
      "type": "Feature",
      "geometry": {
        "type": "Point",
        "coordinates": [
          500946.97228876385,
          6964034.668682542
        ]
      },
      "properties": {
        "junction_id": 39606,
        "veh_id": 11438,
        "sim_time_s": 3600.0,
        "tier": "IC-detect",
        "prearm_status": "",
        "focus_role": "none"
      }
    },
    {
      "type": "Feature",
      "geometry": {
        "type": "Point",
        "coordinates": [
          499461.3430569066,
          6967098.372132457
        ]
      },
      "properties": {
        "junction_id": 38339,
        "veh_id": 11399,
        "sim_time_s": 3603.2,
        "tier": "IC-detect",
        "prearm_status": "",
        "focus_role": "none"
      }
    },
    {
      "type": "Feature",
      "geometry": {
        "type": "Point",
        "coordinates": [
          500888.65456533333,
          6964119.000207786
        ]
      },
      "properties": {
        "junction_id": 39590,
        "veh_id": 11438,
        "sim_time_s": 3606.3,
        "tier": "track-zone",
        "prearm_status": "",
        "focus_role": "none"
      }
    },
    {
      "type": "Feature",
      "geometry": {
        "type": "Point",
        "coordinates": [
          500729.1422363812,
          6965001.4539026925
        ]
      },
      "properties": {
        "junction_id": 36393,
        "veh_id": 11415,
        "sim_time_s": 3609.0,
        "tier": "track-zone",
        "prearm_status": "",
        "focus_role": "none"
      }
    },
    {
      "type": "Feature",
      "geometry": {
        "type": "Point",
        "coordinates": [
          500018.315280873,
          6966620.737695182
        ]
      },
      "properties": {
        "junction_id": 11118289,
        "veh_id": 11437,
        "sim_time_s": 3613.1,
        "tier": "track-zone",
        "prearm_status": "",
        "focus_role": "none"
      }
    },
    {
      "type": "Feature",
      "geometry": {
        "type": "Point",
        "coordinates": [
          0.0,
          0.0
        ]
      },
      "properties": {
        "junction_id": 39606,
        "veh_id": 11438,
        "sim_time_s": 3613.1,
        "tier": "harmony-no-ge-local",
        "prearm_status": "skip",
        "focus_role": "none"
      }
    },
    {
      "type": "Feature",
      "geometry": {
        "type": "Point",
        "coordinates": [
          0.0,
          0.0
        ]
      },
      "properties": {
        "junction_id": 39569,
        "veh_id": 11394,
        "sim_time_s": 3615.3,
        "tier": "harmony-ge-local",
        "prearm_status": "action",
        "focus_role": "none"
      }
    },
    {
      "type": "Feature",
      "geometry": {
        "type": "Point",
        "coordinates": [
          500130.58605324605,
          6966439.514706277
        ]
      },
      "properties": {
        "junction_id": 1043762,
        "veh_id": 11394,
        "sim_time_s": 3615.8,
        "tier": "track-zone",
        "prearm_status": "",
        "focus_role": "none"
      }
    },
    {
      "type": "Feature",
      "geometry": {
        "type": "Point",
        "coordinates": [
          0.0,
          0.0
        ]
      },
      "properties": {
        "junction_id": 36385,
        "veh_id": 11426,
        "sim_time_s": 3618.4,
        "tier": "harmony-no-ge-local",
        "prearm_status": "skip",
        "focus_role": "none"
      }
    },
    {
      "type": "Feature",
      "geometry": {
        "type": "Point",
        "coordinates": [
          0.0,
          0.0
        ]
      },
      "properties": {
        "junction_id": 39587,
        "veh_id": 11393,
        "sim_time_s": 3619.8,
        "tier": "harmony-no-ge-local",
        "prearm_status": "skip",
        "focus_role": "none"
      }
    },
    {
      "type": "Feature",
      "geometry": {
        "type": "Point",
        "coordinates": [
          500679.54000200843,
          6964776.8581237905
        ]
      },
      "properties": {
        "junction_id": 36385,
        "veh_id": 11411,
        "sim_time_s": 3623.8,
        "tier": "track-zone",
        "prearm_status": "",
        "focus_role": "none"
      }
    },
    {
      "type": "Feature",
      "geometry": {
        "type": "Point",
        "coordinates": [
          500728.913855408,
          6964991.537066652
        ]
      },
      "properties": {
        "junction_id": 36393,
        "veh_id": 11426,
        "sim_time_s": 3623.8,
        "tier": "track-zone",
        "prearm_status": "",
        "focus_role": "none"
      }
    },
    {
      "type": "Feature",
      "geometry": {
        "type": "Point",
        "coordinates": [
          500083.98075190734,
          6967501.795387385
        ]
      },
      "properties": {
        "junction_id": 38339,
        "veh_id": 11428,
        "sim_time_s": 3627.0,
        "tier": "IC-detect",
        "prearm_status": "",
        "focus_role": "none"
      }
    },
    {
      "type": "Feature",
      "geometry": {
        "type": "Point",
        "coordinates": [
          500611.10127331264,
          6965402.0875623105
        ]
      },
      "properties": {
        "junction_id": 39593,
        "veh_id": 11393,
        "sim_time_s": 3629.2,
        "tier": "track-zone",
        "prearm_status": "",
        "focus_role": "none"
      }
    },
    {
      "type": "Feature",
      "geometry": {
        "type": "Point",
        "coordinates": [
          0.0,
          0.0
        ]
      },
      "properties": {
        "junction_id": 36393,
        "veh_id": 11415,
        "sim_time_s": 3629.2,
        "tier": "harmony-no-ge-local",
        "prearm_status": "skip",
        "focus_role": "none"
      }
    },
    {
      "type": "Feature",
      "geometry": {
        "type": "Point",
        "coordinates": [
          500012.255683675,
          6966653.44887729
        ]
      },
      "properties": {
        "junction_id": 39572,
        "veh_id": 11437,
        "sim_time_s": 3637.8,
        "tier": "coord-prearm-missed/SHOCKWAVE",
        "prearm_status": "missed",
        "focus_role": "none"
      }
    },
    {
      "type": "Feature",
      "geometry": {
        "type": "Point",
        "coordinates": [
          0.0,
          0.0
        ]
      },
      "properties": {
        "junction_id": 39578,
        "veh_id": 11427,
        "sim_time_s": 3638.7,
        "tier": "harmony-ge-local",
        "prearm_status": "action",
        "focus_role": "none"
      }
    },
    {
      "type": "Feature",
      "geometry": {
        "type": "Point",
        "coordinates": [
          500647.96280874935,
          6965257.671326775
        ]
      },
      "properties": {
        "junction_id": 36385,
        "veh_id": 11393,
        "sim_time_s": 3640.1,
        "tier": "track-zone",
        "prearm_status": "",
        "focus_role": "none"
      }
    },
    {
      "type": "Feature",
      "geometry": {
        "type": "Point",
        "coordinates": [
          0.0,
          0.0
        ]
      },
      "properties": {
        "junction_id": 36393,
        "veh_id": 11426,
        "sim_time_s": 3644.1,
        "tier": "harmony-no-ge-local",
        "prearm_status": "skip",
        "focus_role": "none"
      }
    },
    {
      "type": "Feature",
      "geometry": {
        "type": "Point",
        "coordinates": [
          0.0,
          0.0
        ]
      },
      "properties": {
        "junction_id": 39593,
        "veh_id": 11393,
        "sim_time_s": 3644.1,
        "tier": "harmony-no-ge-local",
        "prearm_status": "skip",
        "focus_role": "none"
      }
    },
    {
      "type": "Feature",
      "geometry": {
        "type": "Point",
        "coordinates": [
          0.0,
          0.0
        ]
      },
      "properties": {
        "junction_id": 1043762,
        "veh_id": 11394,
        "sim_time_s": 3645.4,
        "tier": "harmony-no-ge-local",
        "prearm_status": "skip",
        "focus_role": "none"
      }
    },
    {
      "type": "Feature",
      "geometry": {
        "type": "Point",
        "coordinates": [
          500514.8342598303,
          6965805.636327293
        ]
      },
      "properties": {
        "junction_id": 39578,
        "veh_id": 11416,
        "sim_time_s": 3646.8,
        "tier": "IC-detect",
        "prearm_status": "",
        "focus_role": "none"
      }
    },
    {
      "type": "Feature",
      "geometry": {
        "type": "Point",
        "coordinates": [
          500522.8710397357,
          6965939.791002509
        ]
      },
      "properties": {
        "junction_id": 39576,
        "veh_id": 11427,
        "sim_time_s": 3649.5,
        "tier": "track-zone",
        "prearm_status": "",
        "focus_role": "none"
      }
    },
    {
      "type": "Feature",
      "geometry": {
        "type": "Point",
        "coordinates": [
          500514.8342598303,
          6965805.636327293
        ]
      },
      "properties": {
        "junction_id": 39576,
        "veh_id": 11416,
        "sim_time_s": 3652.2,
        "tier": "IC-detect-far",
        "prearm_status": "",
        "focus_role": "none"
      }
    },
    {
      "type": "Feature",
      "geometry": {
        "type": "Point",
        "coordinates": [
          500314.3357692578,
          6965653.129147156
        ]
      },
      "properties": {
        "junction_id": 39576,
        "veh_id": 11405,
        "sim_time_s": 3660.8,
        "tier": "IC-detect-far",
        "prearm_status": "",
        "focus_role": "none"
      }
    },
    {
      "type": "Feature",
      "geometry": {
        "type": "Point",
        "coordinates": [
          499800.4341583538,
          6967048.131133229
        ]
      },
      "properties": {
        "junction_id": 11118289,
        "veh_id": 11399,
        "sim_time_s": 3664.3,
        "tier": "track-zone",
        "prearm_status": "",
        "focus_role": "none"
      }
    },
    {
      "type": "Feature",
      "geometry": {
        "type": "Point",
        "coordinates": [
          500689.2648869338,
          6964559.28585297
        ]
      },
      "properties": {
        "junction_id": 39590,
        "veh_id": 11415,
        "sim_time_s": 3665.7,
        "tier": "track-zone",
        "prearm_status": "",
        "focus_role": "none"
      }
    },
    {
      "type": "Feature",
      "geometry": {
        "type": "Point",
        "coordinates": [
          500702.595089899,
          6964937.924583681
        ]
      },
      "properties": {
        "junction_id": 39593,
        "veh_id": 11411,
        "sim_time_s": 3669.8,
        "tier": "track-zone",
        "prearm_status": "",
        "focus_role": "none"
      }
    },
    {
      "type": "Feature",
      "geometry": {
        "type": "Point",
        "coordinates": [
          0.0,
          0.0
        ]
      },
      "properties": {
        "junction_id": 38339,
        "veh_id": 11399,
        "sim_time_s": 3673.8,
        "tier": "harmony-ins-local",
        "prearm_status": "action",
        "focus_role": "none"
      }
    },
    {
      "type": "Feature",
      "geometry": {
        "type": "Point",
        "coordinates": [
          0.0,
          0.0
        ]
      },
      "properties": {
        "junction_id": 39590,
        "veh_id": 11438,
        "sim_time_s": 3676.5,
        "tier": "harmony-no-ge-local",
        "prearm_status": "skip",
        "focus_role": "none"
      }
    },
    {
      "type": "Feature",
      "geometry": {
        "type": "Point",
        "coordinates": [
          499963.8066153391,
          6966761.225735609
        ]
      },
      "properties": {
        "junction_id": 39568,
        "veh_id": 11437,
        "sim_time_s": 3684.6,
        "tier": "track-zone",
        "prearm_status": "",
        "focus_role": "none"
      }
    },
    {
      "type": "Feature",
      "geometry": {
        "type": "Point",
        "coordinates": [
          0.0,
          0.0
        ]
      },
      "properties": {
        "junction_id": 39576,
        "veh_id": 11416,
        "sim_time_s": 3687.3,
        "tier": "harmony-ge-local",
        "prearm_status": "action",
        "focus_role": "none"
      }
    },
    {
      "type": "Feature",
      "geometry": {
        "type": "Point",
        "coordinates": [
          0.0,
          0.0
        ]
      },
      "properties": {
        "junction_id": 36385,
        "veh_id": 11411,
        "sim_time_s": 3692.7,
        "tier": "harmony-no-ge-local",
        "prearm_status": "skip",
        "focus_role": "none"
      }
    },
    {
      "type": "Feature",
      "geometry": {
        "type": "Point",
        "coordinates": [
          499967.07245644165,
          6967110.90030547
        ]
      },
      "properties": {
        "junction_id": 11118289,
        "veh_id": 11428,
        "sim_time_s": 3695.4,
        "tier": "track-zone",
        "prearm_status": "",
        "focus_role": "none"
      }
    },
    {
      "type": "Feature",
      "geometry": {
        "type": "Point",
        "coordinates": [
          0.0,
          0.0
        ]
      },
      "properties": {
        "junction_id": 39578,
        "veh_id": 11427,
        "sim_time_s": 3699.0,
        "tier": "harmony-no-ge-local",
        "prearm_status": "skip",
        "focus_role": "none"
      }
    },
    {
      "type": "Feature",
      "geometry": {
        "type": "Point",
        "coordinates": [
          500706.8388663461,
          6965003.587601937
        ]
      },
      "properties": {
        "junction_id": 36393,
        "veh_id": 11411,
        "sim_time_s": 3703.5,
        "tier": "track-zone",
        "prearm_status": "",
        "focus_role": "none"
      }
    },
    {
      "type": "Feature",
      "geometry": {
        "type": "Point",
        "coordinates": [
          500734.48138069775,
          6964398.655264779
        ]
      },
      "properties": {
        "junction_id": 39606,
        "veh_id": 11415,
        "sim_time_s": 3710.2,
        "tier": "track-zone",
        "prearm_status": "",
        "focus_role": "none"
      }
    },
    {
      "type": "Feature",
      "geometry": {
        "type": "Point",
        "coordinates": [
          499957.9887028832,
          6966957.793430158
        ]
      },
      "properties": {
        "junction_id": 39568,
        "veh_id": 11428,
        "sim_time_s": 3719.7,
        "tier": "track-zone",
        "prearm_status": "",
        "focus_role": "none"
      }
    },
    {
      "type": "Feature",
      "geometry": {
        "type": "Point",
        "coordinates": [
          500672.9893527134,
          6964524.066118743
        ]
      },
      "properties": {
        "junction_id": 36393,
        "veh_id": 11438,
        "sim_time_s": 3719.7,
        "tier": "track-zone",
        "prearm_status": "",
        "focus_role": "none"
      }
    },
    {
      "type": "Feature",
      "geometry": {
        "type": "Point",
        "coordinates": [
          500690.66768266354,
          6964542.434519856
        ]
      },
      "properties": {
        "junction_id": 39590,
        "veh_id": 11426,
        "sim_time_s": 3722.4,
        "tier": "track-zone",
        "prearm_status": "",
        "focus_role": "none"
      }
    },
    {
      "type": "Feature",
      "geometry": {
        "type": "Point",
        "coordinates": [
          500733.9607776854,
          6964399.744297065
        ]
      },
      "properties": {
        "junction_id": 39606,
        "veh_id": 11426,
        "sim_time_s": 3731.8,
        "tier": "track-zone",
        "prearm_status": "",
        "focus_role": "none"
      }
    },
    {
      "type": "Feature",
      "geometry": {
        "type": "Point",
        "coordinates": [
          0.0,
          0.0
        ]
      },
      "properties": {
        "junction_id": 36393,
        "veh_id": 11438,
        "sim_time_s": 3733.2,
        "tier": "harmony-no-ge-local",
        "prearm_status": "skip",
        "focus_role": "none"
      }
    },
    {
      "type": "Feature",
      "geometry": {
        "type": "Point",
        "coordinates": [
          499963.8066153391,
          6966761.225735609
        ]
      },
      "properties": {
        "junction_id": 11118289,
        "veh_id": 11437,
        "sim_time_s": 3734.6,
        "tier": "track-zone",
        "prearm_status": "",
        "focus_role": "none"
      }
    },
    {
      "type": "Feature",
      "geometry": {
        "type": "Point",
        "coordinates": [
          500679.9228289308,
          6964782.622468764
        ]
      },
      "properties": {
        "junction_id": 36385,
        "veh_id": 11438,
        "sim_time_s": 3738.6,
        "tier": "track-zone",
        "prearm_status": "",
        "focus_role": "none"
      }
    },
    {
      "type": "Feature",
      "geometry": {
        "type": "Point",
        "coordinates": [
          499959.1367593522,
          6966947.008396463
        ]
      },
      "properties": {
        "junction_id": 38339,
        "veh_id": 11428,
        "sim_time_s": 3747.2,
        "tier": "IC-detect",
        "prearm_status": "",
        "focus_role": "none"
      }
    },
    {
      "type": "Feature",
      "geometry": {
        "type": "Point",
        "coordinates": [
          500351.9352681766,
          6966101.100483418
        ]
      },
      "properties": {
        "junction_id": 39578,
        "veh_id": 11394,
        "sim_time_s": 3749.4,
        "tier": "track-section",
        "prearm_status": "",
        "focus_role": "none"
      }
    },
    {
      "type": "Feature",
      "geometry": {
        "type": "Point",
        "coordinates": [
          0.0,
          0.0
        ]
      },
      "properties": {
        "junction_id": 39576,
        "veh_id": 11416,
        "sim_time_s": 3750.8,
        "tier": "harmony-no-ge-local",
        "prearm_status": "skip",
        "focus_role": "none"
      }
    },
    {
      "type": "Feature",
      "geometry": {
        "type": "Point",
        "coordinates": [
          500682.97714149544,
          6965094.346779251
        ]
      },
      "properties": {
        "junction_id": 10157950,
        "veh_id": 11411,
        "sim_time_s": 3757.5,
        "tier": "track-zone",
        "prearm_status": "",
        "focus_role": "none"
      }
    },
    {
      "type": "Feature",
      "geometry": {
        "type": "Point",
        "coordinates": [
          500701.3282400141,
          6964929.77455612
        ]
      },
      "properties": {
        "junction_id": 39593,
        "veh_id": 11438,
        "sim_time_s": 3757.5,
        "tier": "track-zone",
        "prearm_status": "",
        "focus_role": "none"
      }
    },
    {
      "type": "Feature",
      "geometry": {
        "type": "Point",
        "coordinates": [
          500729.0833228791,
          6964995.699007194
        ]
      },
      "properties": {
        "junction_id": 36393,
        "veh_id": 11393,
        "sim_time_s": 3758.8,
        "tier": "track-zone",
        "prearm_status": "",
        "focus_role": "none"
      }
    },
    {
      "type": "Feature",
      "geometry": {
        "type": "Point",
        "coordinates": [
          500728.1492327699,
          6964976.614051982
        ]
      },
      "properties": {
        "junction_id": 36385,
        "veh_id": 11393,
        "sim_time_s": 3760.2,
        "tier": "IC-detect",
        "prearm_status": "",
        "focus_role": "none"
      }
    },
    {
      "type": "Feature",
      "geometry": {
        "type": "Point",
        "coordinates": [
          500390.43885426497,
          6966066.757106276
        ]
      },
      "properties": {
        "junction_id": 1043762,
        "veh_id": 11394,
        "sim_time_s": 3765.6,
        "tier": "IC-detect",
        "prearm_status": "",
        "focus_role": "none"
      }
    },
    {
      "type": "Feature",
      "geometry": {
        "type": "Point",
        "coordinates": [
          500521.51884206454,
          6965829.062948621
        ]
      },
      "properties": {
        "junction_id": 39576,
        "veh_id": 11427,
        "sim_time_s": 3771.0,
        "tier": "track-zone",
        "prearm_status": "",
        "focus_role": "none"
      }
    },
    {
      "type": "Feature",
      "geometry": {
        "type": "Point",
        "coordinates": [
          500512.65616481454,
          6965701.062005401
        ]
      },
      "properties": {
        "junction_id": 39587,
        "veh_id": 11416,
        "sim_time_s": 3772.3,
        "tier": "track-zone",
        "prearm_status": "",
        "focus_role": "none"
      }
    },
    {
      "type": "Feature",
      "geometry": {
        "type": "Point",
        "coordinates": [
          0.0,
          0.0
        ]
      },
      "properties": {
        "junction_id": 36393,
        "veh_id": 11393,
        "sim_time_s": 3777.8,
        "tier": "harmony-no-ge-local",
        "prearm_status": "skip",
        "focus_role": "none"
      }
    },
    {
      "type": "Feature",
      "geometry": {
        "type": "Point",
        "coordinates": [
          500519.0848760193,
          6965646.906179839
        ]
      },
      "properties": {
        "junction_id": 1119660,
        "veh_id": 11416,
        "sim_time_s": 3779.1,
        "tier": "track-zone",
        "prearm_status": "",
        "focus_role": "none"
      }
    },
    {
      "type": "Feature",
      "geometry": {
        "type": "Point",
        "coordinates": [
          0.0,
          0.0
        ]
      },
      "properties": {
        "junction_id": 39593,
        "veh_id": 11411,
        "sim_time_s": 3780.4,
        "tier": "harmony-no-ge-local",
        "prearm_status": "skip",
        "focus_role": "none"
      }
    },
    {
      "type": "Feature",
      "geometry": {
        "type": "Point",
        "coordinates": [
          500357.8917656339,
          6965671.842177241
        ]
      },
      "properties": {
        "junction_id": 39576,
        "veh_id": 11405,
        "sim_time_s": 3780.9,
        "tier": "IC-detect-far",
        "prearm_status": "",
        "focus_role": "none"
      }
    },
    {
      "type": "Feature",
      "geometry": {
        "type": "Point",
        "coordinates": [
          500661.2151801352,
          6965182.82401696
        ]
      },
      "properties": {
        "junction_id": 1119660,
        "veh_id": 11411,
        "sim_time_s": 3783.2,
        "tier": "track-zone",
        "prearm_status": "",
        "focus_role": "none"
      }
    },
    {
      "type": "Feature",
      "geometry": {
        "type": "Point",
        "coordinates": [
          499958.4757059168,
          6966981.366839317
        ]
      },
      "properties": {
        "junction_id": 11118289,
        "veh_id": 11399,
        "sim_time_s": 3785.8,
        "tier": "track-zone",
        "prearm_status": "",
        "focus_role": "none"
      }
    },
    {
      "type": "Feature",
      "geometry": {
        "type": "Point",
        "coordinates": [
          500757.36018302577,
          6964341.926068516
        ]
      },
      "properties": {
        "junction_id": 39590,
        "veh_id": 11415,
        "sim_time_s": 3785.8,
        "tier": "IC-detect",
        "prearm_status": "",
        "focus_role": "none"
      }
    },
    {
      "type": "Feature",
      "geometry": {
        "type": "Point",
        "coordinates": [
          500639.5781688213,
          6965232.318302817
        ]
      },
      "properties": {
        "junction_id": 39587,
        "veh_id": 11411,
        "sim_time_s": 3787.2,
        "tier": "track-zone",
        "prearm_status": "",
        "focus_role": "none"
      }
    },
    {
      "type": "Feature",
      "geometry": {
        "type": "Point",
        "coordinates": [
          499958.4757059168,
          6966981.366839317
        ]
      },
      "properties": {
        "junction_id": 38339,
        "veh_id": 11399,
        "sim_time_s": 3793.9,
        "tier": "IC-detect",
        "prearm_status": "",
        "focus_role": "none"
      }
    },
    {
      "type": "Feature",
      "geometry": {
        "type": "Point",
        "coordinates": [
          0.0,
          0.0
        ]
      },
      "properties": {
        "junction_id": 36385,
        "veh_id": 11438,
        "sim_time_s": 3796.7,
        "tier": "harmony-no-ge-local",
        "prearm_status": "skip",
        "focus_role": "none"
      }
    },
    {
      "type": "Feature",
      "geometry": {
        "type": "Point",
        "coordinates": [
          500686.8334363713,
          6964550.694728817
        ]
      },
      "properties": {
        "junction_id": 39590,
        "veh_id": 11393,
        "sim_time_s": 3799.3,
        "tier": "track-zone",
        "prearm_status": "",
        "focus_role": "none"
      }
    },
    {
      "type": "Feature",
      "geometry": {
        "type": "Point",
        "coordinates": [
          499963.8066153391,
          6966761.225735609
        ]
      },
      "properties": {
        "junction_id": 39572,
        "veh_id": 11437,
        "sim_time_s": 3799.3,
        "tier": "track-zone",
        "prearm_status": "",
        "focus_role": "none"
      }
    },
    {
      "type": "Feature",
      "geometry": {
        "type": "Point",
        "coordinates": [
          500684.72176212363,
          6965097.05013458
        ]
      },
      "properties": {
        "junction_id": 10157950,
        "veh_id": 11438,
        "sim_time_s": 3803.4,
        "tier": "track-zone",
        "prearm_status": "",
        "focus_role": "none"
      }
    },
    {
      "type": "Feature",
      "geometry": {
        "type": "Point",
        "coordinates": [
          499963.8066153391,
          6966761.225735609
        ]
      },
      "properties": {
        "junction_id": 39568,
        "veh_id": 11437,
        "sim_time_s": 3806.1,
        "tier": "track-zone",
        "prearm_status": "",
        "focus_role": "none"
      }
    },
    {
      "type": "Feature",
      "geometry": {
        "type": "Point",
        "coordinates": [
          0.0,
          0.0
        ]
      },
      "properties": {
        "junction_id": 39593,
        "veh_id": 11438,
        "sim_time_s": 3807.4,
        "tier": "harmony-ins-local",
        "prearm_status": "action",
        "focus_role": "none"
      }
    },
    {
      "type": "Feature",
      "geometry": {
        "type": "Point",
        "coordinates": [
          500662.2886828444,
          6965180.699584118
        ]
      },
      "properties": {
        "junction_id": 1119660,
        "veh_id": 11438,
        "sim_time_s": 3808.8,
        "tier": "track-zone",
        "prearm_status": "",
        "focus_role": "none"
      }
    },
    {
      "type": "Feature",
      "geometry": {
        "type": "Point",
        "coordinates": [
          0.0,
          0.0
        ]
      },
      "properties": {
        "junction_id": 39590,
        "veh_id": 11426,
        "sim_time_s": 3808.8,
        "tier": "harmony-no-ge-local",
        "prearm_status": "skip",
        "focus_role": "none"
      }
    },
    {
      "type": "Feature",
      "geometry": {
        "type": "Point",
        "coordinates": [
          0.0,
          0.0
        ]
      },
      "properties": {
        "junction_id": 39606,
        "veh_id": 11415,
        "sim_time_s": 3811.5,
        "tier": "harmony-no-ge-local",
        "prearm_status": "skip",
        "focus_role": "none"
      }
    },
    {
      "type": "Feature",
      "geometry": {
        "type": "Point",
        "coordinates": [
          500635.4332977446,
          6965241.8912472995
        ]
      },
      "properties": {
        "junction_id": 39587,
        "veh_id": 11438,
        "sim_time_s": 3812.8,
        "tier": "track-zone",
        "prearm_status": "",
        "focus_role": "none"
      }
    },
    {
      "type": "Feature",
      "geometry": {
        "type": "Point",
        "coordinates": [
          499959.1367593522,
          6966947.008396463
        ]
      },
      "properties": {
        "junction_id": 11118289,
        "veh_id": 11428,
        "sim_time_s": 3816.9,
        "tier": "track-zone",
        "prearm_status": "",
        "focus_role": "none"
      }
    },
    {
      "type": "Feature",
      "geometry": {
        "type": "Point",
        "coordinates": [
          0.0,
          0.0
        ]
      },
      "properties": {
        "junction_id": 39606,
        "veh_id": 11426,
        "sim_time_s": 3823.7,
        "tier": "harmony-no-ge-local",
        "prearm_status": "skip",
        "focus_role": "none"
      }
    },
    {
      "type": "Feature",
      "geometry": {
        "type": "Point",
        "coordinates": [
          500571.28405759594,
          6965462.465563067
        ]
      },
      "properties": {
        "junction_id": 39576,
        "veh_id": 11411,
        "sim_time_s": 3839.8,
        "tier": "track-zone",
        "prearm_status": "",
        "focus_role": "none"
      }
    },
    {
      "type": "Feature",
      "geometry": {
        "type": "Point",
        "coordinates": [
          0.0,
          0.0
        ]
      },
      "properties": {
        "junction_id": 39587,
        "veh_id": 11438,
        "sim_time_s": 3839.8,
        "tier": "harmony-no-ge-local",
        "prearm_status": "skip",
        "focus_role": "none"
      }
    },
    {
      "type": "Feature",
      "geometry": {
        "type": "Point",
        "coordinates": [
          499959.1367593522,
          6966947.008396463
        ]
      },
      "properties": {
        "junction_id": 39568,
        "veh_id": 11428,
        "sim_time_s": 3841.2,
        "tier": "track-zone",
        "prearm_status": "",
        "focus_role": "none"
      }
    },
    {
      "type": "Feature",
      "geometry": {
        "type": "Point",
        "coordinates": [
          500576.9513027202,
          6965465.09043819
        ]
      },
      "properties": {
        "junction_id": 39576,
        "veh_id": 11438,
        "sim_time_s": 3842.6,
        "tier": "track-zone",
        "prearm_status": "",
        "focus_role": "none"
      }
    },
    {
      "type": "Feature",
      "geometry": {
        "type": "Point",
        "coordinates": [
          500728.5370748716,
          6964405.334363152
        ]
      },
      "properties": {
        "junction_id": 39606,
        "veh_id": 11393,
        "sim_time_s": 3846.6,
        "tier": "track-zone",
        "prearm_status": "",
        "focus_role": "none"
      }
    },
    {
      "type": "Feature",
      "geometry": {
        "type": "Point",
        "coordinates": [
          0.0,
          0.0
        ]
      },
      "properties": {
        "junction_id": 39590,
        "veh_id": 11393,
        "sim_time_s": 3852.0,
        "tier": "harmony-ge-local",
        "prearm_status": "action",
        "focus_role": "none"
      }
    },
    {
      "type": "Feature",
      "geometry": {
        "type": "Point",
        "coordinates": [
          500553.2112220168,
          6965567.531849993
        ]
      },
      "properties": {
        "junction_id": 10157950,
        "veh_id": 11416,
        "sim_time_s": 3854.7,
        "tier": "track-zone",
        "prearm_status": "",
        "focus_role": "none"
      }
    },
    {
      "type": "Feature",
      "geometry": {
        "type": "Point",
        "coordinates": [
          499963.8066153391,
          6966761.225735609
        ]
      },
      "properties": {
        "junction_id": 11118289,
        "veh_id": 11437,
        "sim_time_s": 3856.1,
        "tier": "track-zone",
        "prearm_status": "",
        "focus_role": "none"
      }
    },
    {
      "type": "Feature",
      "geometry": {
        "type": "Point",
        "coordinates": [
          0.0,
          0.0
        ]
      },
      "properties": {
        "junction_id": 39587,
        "veh_id": 11416,
        "sim_time_s": 3864.2,
        "tier": "harmony-no-ge-local",
        "prearm_status": "skip",
        "focus_role": "none"
      }
    },
    {
      "type": "Feature",
      "geometry": {
        "type": "Point",
        "coordinates": [
          499959.1367593522,
          6966947.008396463
        ]
      },
      "properties": {
        "junction_id": 38339,
        "veh_id": 11428,
        "sim_time_s": 3867.3,
        "tier": "IC-detect",
        "prearm_status": "",
        "focus_role": "none"
      }
    },
    {
      "type": "Feature",
      "geometry": {
        "type": "Point",
        "coordinates": [
          500503.08193464257,
          6965973.225575467
        ]
      },
      "properties": {
        "junction_id": 39578,
        "veh_id": 11394,
        "sim_time_s": 3869.6,
        "tier": "IC-detect-far",
        "prearm_status": "",
        "focus_role": "none"
      }
    },
    {
      "type": "Feature",
      "geometry": {
        "type": "Point",
        "coordinates": [
          500491.7300975298,
          6965698.745397937
        ]
      },
      "properties": {
        "junction_id": 39578,
        "veh_id": 11411,
        "sim_time_s": 3885.8,
        "tier": "track-zone",
        "prearm_status": "",
        "focus_role": "none"
      }
    },
    {
      "type": "Feature",
      "geometry": {
        "type": "Point",
        "coordinates": [
          0.0,
          0.0
        ]
      },
      "properties": {
        "junction_id": 39576,
        "veh_id": 11438,
        "sim_time_s": 3887.1,
        "tier": "harmony-no-ge-local",
        "prearm_status": "skip",
        "focus_role": "none"
      }
    },
    {
      "type": "Feature",
      "geometry": {
        "type": "Point",
        "coordinates": [
          500492.0386075312,
          6965692.05071421
        ]
      },
      "properties": {
        "junction_id": 39578,
        "veh_id": 11438,
        "sim_time_s": 3889.8,
        "tier": "track-zone",
        "prearm_status": "",
        "focus_role": "none"
      }
    },
    {
      "type": "Feature",
      "geometry": {
        "type": "Point",
        "coordinates": [
          500512.1073109751,
          6965722.092907938
        ]
      },
      "properties": {
        "junction_id": 39576,
        "veh_id": 11427,
        "sim_time_s": 3891.2,
        "tier": "IC-detect",
        "prearm_status": "",
        "focus_role": "none"
      }
    },
    {
      "type": "Feature",
      "geometry": {
        "type": "Point",
        "coordinates": [
          500579.68717044056,
          6965498.007926259
        ]
      },
      "properties": {
        "junction_id": 39576,
        "veh_id": 11416,
        "sim_time_s": 3896.6,
        "tier": "track-zone",
        "prearm_status": "",
        "focus_role": "none"
      }
    },
    {
      "type": "Feature",
      "geometry": {
        "type": "Point",
        "coordinates": [
          500579.68717044056,
          6965498.007926259
        ]
      },
      "properties": {
        "junction_id": 1119660,
        "veh_id": 11416,
        "sim_time_s": 3900.6,
        "tier": "track-zone",
        "prearm_status": "",
        "focus_role": "none"
      }
    },
    {
      "type": "Feature",
      "geometry": {
        "type": "Point",
        "coordinates": [
          500384.50681060273,
          6965680.4048928395
        ]
      },
      "properties": {
        "junction_id": 39576,
        "veh_id": 11405,
        "sim_time_s": 3901.1,
        "tier": "IC-detect-far",
        "prearm_status": "",
        "focus_role": "none"
      }
    },
    {
      "type": "Feature",
      "geometry": {
        "type": "Point",
        "coordinates": [
          500512.11411097186,
          6965721.660625221
        ]
      },
      "properties": {
        "junction_id": 39578,
        "veh_id": 11427,
        "sim_time_s": 3901.9,
        "tier": "track-zone",
        "prearm_status": "",
        "focus_role": "none"
      }
    },
    {
      "type": "Feature",
      "geometry": {
        "type": "Point",
        "coordinates": [
          0.0,
          0.0
        ]
      },
      "properties": {
        "junction_id": 39578,
        "veh_id": 11394,
        "sim_time_s": 3901.9,
        "tier": "harmony-no-ge-local",
        "prearm_status": "skip",
        "focus_role": "none"
      }
    },
    {
      "type": "Feature",
      "geometry": {
        "type": "Point",
        "coordinates": [
          0.0,
          0.0
        ]
      },
      "properties": {
        "junction_id": 39606,
        "veh_id": 11393,
        "sim_time_s": 3906.0,
        "tier": "harmony-no-ge-local",
        "prearm_status": "skip",
        "focus_role": "none"
      }
    },
    {
      "type": "Feature",
      "geometry": {
        "type": "Point",
        "coordinates": [
          499958.4757059168,
          6966981.366839317
        ]
      },
      "properties": {
        "junction_id": 11118289,
        "veh_id": 11399,
        "sim_time_s": 3907.3,
        "tier": "track-zone",
        "prearm_status": "",
        "focus_role": "none"
      }
    },
    {
      "type": "Feature",
      "geometry": {
        "type": "Point",
        "coordinates": [
          500512.51865470223,
          6965702.679008371
        ]
      },
      "properties": {
        "junction_id": 39587,
        "veh_id": 11427,
        "sim_time_s": 3912.8,
        "tier": "track-zone",
        "prearm_status": "",
        "focus_role": "none"
      }
    },
    {
      "type": "Feature",
      "geometry": {
        "type": "Point",
        "coordinates": [
          499958.4757059168,
          6966981.366839317
        ]
      },
      "properties": {
        "junction_id": 38339,
        "veh_id": 11399,
        "sim_time_s": 3914.1,
        "tier": "IC-detect",
        "prearm_status": "",
        "focus_role": "none"
      }
    },
    {
      "type": "Feature",
      "geometry": {
        "type": "Point",
        "coordinates": [
          499963.8066153391,
          6966761.225735609
        ]
      },
      "properties": {
        "junction_id": 39572,
        "veh_id": 11437,
        "sim_time_s": 3920.8,
        "tier": "track-zone",
        "prearm_status": "",
        "focus_role": "none"
      }
    },
    {
      "type": "Feature",
      "geometry": {
        "type": "Point",
        "coordinates": [
          499963.8066153391,
          6966761.225735609
        ]
      },
      "properties": {
        "junction_id": 39568,
        "veh_id": 11437,
        "sim_time_s": 3927.6,
        "tier": "track-zone",
        "prearm_status": "",
        "focus_role": "none"
      }
    },
    {
      "type": "Feature",
      "geometry": {
        "type": "Point",
        "coordinates": [
          500531.852732219,
          6965934.528968461
        ]
      },
      "properties": {
        "junction_id": 39576,
        "veh_id": 11394,
        "sim_time_s": 3930.3,
        "tier": "track-zone",
        "prearm_status": "",
        "focus_role": "none"
      }
    },
    {
      "type": "Feature",
      "geometry": {
        "type": "Point",
        "coordinates": [
          0.0,
          0.0
        ]
      },
      "properties": {
        "junction_id": 39578,
        "veh_id": 11438,
        "sim_time_s": 3931.7,
        "tier": "harmony-no-ge-local",
        "prearm_status": "skip",
        "focus_role": "none"
      }
    },
    {
      "type": "Feature",
      "geometry": {
        "type": "Point",
        "coordinates": [
          499959.1367593522,
          6966947.008396463
        ]
      },
      "properties": {
        "junction_id": 11118289,
        "veh_id": 11428,
        "sim_time_s": 3938.4,
        "tier": "track-zone",
        "prearm_status": "",
        "focus_role": "none"
      }
    },
    {
      "type": "Feature",
      "geometry": {
        "type": "Point",
        "coordinates": [
          0.0,
          0.0
        ]
      },
      "properties": {
        "junction_id": 39576,
        "veh_id": 11427,
        "sim_time_s": 3938.4,
        "tier": "harmony-ins-local",
        "prearm_status": "action",
        "focus_role": "none"
      }
    },
    {
      "type": "Feature",
      "geometry": {
        "type": "Point",
        "coordinates": [
          500404.585867106,
          6966036.6155769015
        ]
      },
      "properties": {
        "junction_id": 1043762,
        "veh_id": 11438,
        "sim_time_s": 3942.4,
        "tier": "track-zone",
        "prearm_status": "",
        "focus_role": "none"
      }
    },
    {
      "type": "Feature",
      "geometry": {
        "type": "Point",
        "coordinates": [
          0.0,
          0.0
        ]
      },
      "properties": {
        "junction_id": 1043762,
        "veh_id": 11438,
        "sim_time_s": 3955.9,
        "tier": "harmony-ge-local",
        "prearm_status": "action",
        "focus_role": "none"
      }
    },
    {
      "type": "Feature",
      "geometry": {
        "type": "Point",
        "coordinates": [
          500235.9501258263,
          6966227.695071233
        ]
      },
      "properties": {
        "junction_id": 39569,
        "veh_id": 11438,
        "sim_time_s": 3959.1,
        "tier": "coord-prearm-harmony/SHOCKWAVE",
        "prearm_status": "fired",
        "focus_role": "none"
      }
    },
    {
      "type": "Feature",
      "geometry": {
        "type": "Point",
        "coordinates": [
          0.0,
          0.0
        ]
      },
      "properties": {
        "junction_id": 39569,
        "veh_id": 11438,
        "sim_time_s": 3959.6,
        "tier": "harmony-ge-local",
        "prearm_status": "action",
        "focus_role": "none"
      }
    },
    {
      "type": "Feature",
      "geometry": {
        "type": "Point",
        "coordinates": [
          500105.3249690746,
          6966447.427635935
        ]
      },
      "properties": {
        "junction_id": 39569,
        "veh_id": 11438,
        "sim_time_s": 3959.6,
        "tier": "coord-prearm-success/SHOCKWAVE",
        "prearm_status": "success",
        "focus_role": "none"
      }
    },
    {
      "type": "Feature",
      "geometry": {
        "type": "Point",
        "coordinates": [
          499959.1367593522,
          6966947.008396463
        ]
      },
      "properties": {
        "junction_id": 39568,
        "veh_id": 11428,
        "sim_time_s": 3962.7,
        "tier": "track-zone",
        "prearm_status": "",
        "focus_role": "none"
      }
    },
    {
      "type": "Feature",
      "geometry": {
        "type": "Point",
        "coordinates": [
          500203.31860179064,
          6966285.363257733
        ]
      },
      "properties": {
        "junction_id": 39572,
        "veh_id": 11438,
        "sim_time_s": 3963.6,
        "tier": "coord-prearm-harmony/SHOCKWAVE",
        "prearm_status": "fired",
        "focus_role": "none"
      }
    },
    {
      "type": "Feature",
      "geometry": {
        "type": "Point",
        "coordinates": [
          0.0,
          0.0
        ]
      },
      "properties": {
        "junction_id": 39572,
        "veh_id": 11438,
        "sim_time_s": 3964.1,
        "tier": "harmony-no-ge-local",
        "prearm_status": "skip",
        "focus_role": "none"
      }
    },
    {
      "type": "Feature",
      "geometry": {
        "type": "Point",
        "coordinates": [
          500610.3007479573,
          6965404.821544285
        ]
      },
      "properties": {
        "junction_id": 39593,
        "veh_id": 11416,
        "sim_time_s": 3973.5,
        "tier": "track-zone",
        "prearm_status": "",
        "focus_role": "none"
      }
    },
    {
      "type": "Feature",
      "geometry": {
        "type": "Point",
        "coordinates": [
          500401.5842790398,
          6966036.386399553
        ]
      },
      "properties": {
        "junction_id": 1043762,
        "veh_id": 11411,
        "sim_time_s": 3974.8,
        "tier": "track-zone",
        "prearm_status": "",
        "focus_role": "none"
      }
    },
    {
      "type": "Feature",
      "geometry": {
        "type": "Point",
        "coordinates": [
          500619.4139832146,
          6965368.682576255
        ]
      },
      "properties": {
        "junction_id": 10157950,
        "veh_id": 11416,
        "sim_time_s": 3976.2,
        "tier": "track-zone",
        "prearm_status": "",
        "focus_role": "none"
      }
    },
    {
      "type": "Feature",
      "geometry": {
        "type": "Point",
        "coordinates": [
          499963.8066153391,
          6966761.225735609
        ]
      },
      "properties": {
        "junction_id": 11118289,
        "veh_id": 11437,
        "sim_time_s": 3977.6,
        "tier": "track-zone",
        "prearm_status": "",
        "focus_role": "none"
      }
    },
    {
      "type": "Feature",
      "geometry": {
        "type": "Point",
        "coordinates": [
          500518.38451922394,
          6965649.090876476
        ]
      },
      "properties": {
        "junction_id": 1119660,
        "veh_id": 11427,
        "sim_time_s": 3987.0,
        "tier": "track-zone",
        "prearm_status": "",
        "focus_role": "none"
      }
    },
    {
      "type": "Feature",
      "geometry": {
        "type": "Point",
        "coordinates": [
          499959.1367593522,
          6966947.008396463
        ]
      },
      "properties": {
        "junction_id": 38339,
        "veh_id": 11428,
        "sim_time_s": 3987.4,
        "tier": "IC-detect",
        "prearm_status": "",
        "focus_role": "none"
      }
    },
    {
      "type": "Feature",
      "geometry": {
        "type": "Point",
        "coordinates": [
          500648.87965830794,
          6965255.270101713
        ]
      },
      "properties": {
        "junction_id": 36385,
        "veh_id": 11416,
        "sim_time_s": 3988.3,
        "tier": "track-zone",
        "prearm_status": "",
        "focus_role": "none"
      }
    },
    {
      "type": "Feature",
      "geometry": {
        "type": "Point",
        "coordinates": [
          0.0,
          0.0
        ]
      },
      "properties": {
        "junction_id": 39593,
        "veh_id": 11416,
        "sim_time_s": 4001.8,
        "tier": "harmony-no-ge-local",
        "prearm_status": "skip",
        "focus_role": "none"
      }
    },
    {
      "type": "Feature",
      "geometry": {
        "type": "Point",
        "coordinates": [
          500074.28330958606,
          6966494.3499420285
        ]
      },
      "properties": {
        "junction_id": 39568,
        "veh_id": 11438,
        "sim_time_s": 4012.7,
        "tier": "track-zone",
        "prearm_status": "",
        "focus_role": "none"
      }
    },
    {
      "type": "Feature",
      "geometry": {
        "type": "Point",
        "coordinates": [
          500224.18938415067,
          6966241.233795836
        ]
      },
      "properties": {
        "junction_id": 39569,
        "veh_id": 11411,
        "sim_time_s": 4015.3,
        "tier": "track-zone",
        "prearm_status": "",
        "focus_role": "none"
      }
    },
    {
      "type": "Feature",
      "geometry": {
        "type": "Point",
        "coordinates": [
          0.0,
          0.0
        ]
      },
      "properties": {
        "junction_id": 1043762,
        "veh_id": 11411,
        "sim_time_s": 4016.2,
        "tier": "harmony-no-ge-local",
        "prearm_status": "skip",
        "focus_role": "none"
      }
    },
    {
      "type": "Feature",
      "geometry": {
        "type": "Point",
        "coordinates": [
          500400.1206929755,
          6965683.210132373
        ]
      },
      "properties": {
        "junction_id": 39576,
        "veh_id": 11405,
        "sim_time_s": 4021.2,
        "tier": "IC-detect",
        "prearm_status": "",
        "focus_role": "none"
      }
    },
    {
      "type": "Feature",
      "geometry": {
        "type": "Point",
        "coordinates": [
          500534.77551570366,
          6965868.921588535
        ]
      },
      "properties": {
        "junction_id": 39578,
        "veh_id": 11394,
        "sim_time_s": 4022.1,
        "tier": "IC-detect",
        "prearm_status": "",
        "focus_role": "none"
      }
    },
    {
      "type": "Feature",
      "geometry": {
        "type": "Point",
        "coordinates": [
          499958.4757059168,
          6966981.366839317
        ]
      },
      "properties": {
        "junction_id": 11118289,
        "veh_id": 11399,
        "sim_time_s": 4028.8,
        "tier": "track-zone",
        "prearm_status": "",
        "focus_role": "none"
      }
    },
    {
      "type": "Feature",
      "geometry": {
        "type": "Point",
        "coordinates": [
          500012.255683675,
          6966653.44887729
        ]
      },
      "properties": {
        "junction_id": 39572,
        "veh_id": 11438,
        "sim_time_s": 4030.2,
        "tier": "coord-prearm-missed/SHOCKWAVE",
        "prearm_status": "missed",
        "focus_role": "none"
      }
    },
    {
      "type": "Feature",
      "geometry": {
        "type": "Point",
        "coordinates": [
          500539.95734764665,
          6965596.222897619
        ]
      },
      "properties": {
        "junction_id": 39587,
        "veh_id": 11427,
        "sim_time_s": 4034.2,
        "tier": "track-zone",
        "prearm_status": "",
        "focus_role": "none"
      }
    },
    {
      "type": "Feature",
      "geometry": {
        "type": "Point",
        "coordinates": [
          499958.4757059168,
          6966981.366839317
        ]
      },
      "properties": {
        "junction_id": 38339,
        "veh_id": 11399,
        "sim_time_s": 4034.2,
        "tier": "IC-detect",
        "prearm_status": "",
        "focus_role": "none"
      }
    },
    {
      "type": "Feature",
      "geometry": {
        "type": "Point",
        "coordinates": [
          499963.8066153391,
          6966761.225735609
        ]
      },
      "properties": {
        "junction_id": 39572,
        "veh_id": 11437,
        "sim_time_s": 4042.3,
        "tier": "track-zone",
        "prearm_status": "",
        "focus_role": "none"
      }
    },
    {
      "type": "Feature",
      "geometry": {
        "type": "Point",
        "coordinates": [
          499963.8066153391,
          6966761.225735609
        ]
      },
      "properties": {
        "junction_id": 39568,
        "veh_id": 11437,
        "sim_time_s": 4049.1,
        "tier": "track-zone",
        "prearm_status": "",
        "focus_role": "none"
      }
    },
    {
      "type": "Feature",
      "geometry": {
        "type": "Point",
        "coordinates": [
          500946.97228876385,
          6964034.668682542
        ]
      },
      "properties": {
        "junction_id": 39606,
        "veh_id": 11439,
        "sim_time_s": 4050.0,
        "tier": "IC-detect",
        "prearm_status": "",
        "focus_role": "none"
      }
    },
    {
      "type": "Feature",
      "geometry": {
        "type": "Point",
        "coordinates": [
          500517.20578596444,
          6965815.26295485
        ]
      },
      "properties": {
        "junction_id": 39576,
        "veh_id": 11394,
        "sim_time_s": 4050.4,
        "tier": "IC-detect-far",
        "prearm_status": "",
        "focus_role": "none"
      }
    },
    {
      "type": "Feature",
      "geometry": {
        "type": "Point",
        "coordinates": [
          500892.1167463792,
          6964115.107420867
        ]
      },
      "properties": {
        "junction_id": 39590,
        "veh_id": 11439,
        "sim_time_s": 4055.8,
        "tier": "track-zone",
        "prearm_status": "",
        "focus_role": "none"
      }
    },
    {
      "type": "Feature",
      "geometry": {
        "type": "Point",
        "coordinates": [
          500539.9614338853,
          6965596.213540281
        ]
      },
      "properties": {
        "junction_id": 39576,
        "veh_id": 11427,
        "sim_time_s": 4058.6,
        "tier": "IC-detect",
        "prearm_status": "",
        "focus_role": "none"
      }
    },
    {
      "type": "Feature",
      "geometry": {
        "type": "Point",
        "coordinates": [
          499959.1367593522,
          6966947.008396463
        ]
      },
      "properties": {
        "junction_id": 11118289,
        "veh_id": 11428,
        "sim_time_s": 4059.9,
        "tier": "track-zone",
        "prearm_status": "",
        "focus_role": "none"
      }
    },
    {
      "type": "Feature",
      "geometry": {
        "type": "Point",
        "coordinates": [
          0.0,
          0.0
        ]
      },
      "properties": {
        "junction_id": 39606,
        "veh_id": 11439,
        "sim_time_s": 4059.9,
        "tier": "harmony-no-ge-local",
        "prearm_status": "skip",
        "focus_role": "none"
      }
    },
    {
      "type": "Feature",
      "geometry": {
        "type": "Point",
        "coordinates": [
          500450.6295651693,
          6965695.450421398
        ]
      },
      "properties": {
        "junction_id": 39578,
        "veh_id": 11405,
        "sim_time_s": 4065.3,
        "tier": "track-zone",
        "prearm_status": "",
        "focus_role": "none"
      }
    },
    {
      "type": "Feature",
      "geometry": {
        "type": "Point",
        "coordinates": [
          500103.2246277433,
          6966433.294003765
        ]
      },
      "properties": {
        "junction_id": 39572,
        "veh_id": 11411,
        "sim_time_s": 4066.7,
        "tier": "track-zone",
        "prearm_status": "",
        "focus_role": "none"
      }
    },
    {
      "type": "Feature",
      "geometry": {
        "type": "Point",
        "coordinates": [
          500029.80641869444,
          6966466.126149885
        ]
      },
      "properties": {
        "junction_id": 39568,
        "veh_id": 11411,
        "sim_time_s": 4074.8,
        "tier": "track-zone",
        "prearm_status": "",
        "focus_role": "none"
      }
    },
    {
      "type": "Feature",
      "geometry": {
        "type": "Point",
        "coordinates": [
          500048.84881838225,
          6966556.94326284
        ]
      },
      "properties": {
        "junction_id": 39569,
        "veh_id": 11438,
        "sim_time_s": 4079.7,
        "tier": "IC-detect",
        "prearm_status": "",
        "focus_role": "none"
      }
    },
    {
      "type": "Feature",
      "geometry": {
        "type": "Point",
        "coordinates": [
          499959.1367593522,
          6966947.008396463
        ]
      },
      "properties": {
        "junction_id": 39568,
        "veh_id": 11428,
        "sim_time_s": 4084.2,
        "tier": "track-zone",
        "prearm_status": "",
        "focus_role": "none"
      }
    },
    {
      "type": "Feature",
      "geometry": {
        "type": "Point",
        "coordinates": [
          0.0,
          0.0
        ]
      },
      "properties": {
        "junction_id": 36385,
        "veh_id": 11416,
        "sim_time_s": 4084.2,
        "tier": "harmony-no-ge-local",
        "prearm_status": "skip",
        "focus_role": "none"
      }
    },
    {
      "type": "Feature",
      "geometry": {
        "type": "Point",
        "coordinates": [
          500551.943859288,
          6965570.129976558
        ]
      },
      "properties": {
        "junction_id": 10157950,
        "veh_id": 11427,
        "sim_time_s": 4086.9,
        "tier": "track-zone",
        "prearm_status": "",
        "focus_role": "none"
      }
    },
    {
      "type": "Feature",
      "geometry": {
        "type": "Point",
        "coordinates": [
          500728.76029706874,
          6964986.655984782
        ]
      },
      "properties": {
        "junction_id": 36393,
        "veh_id": 11416,
        "sim_time_s": 4088.2,
        "tier": "track-zone",
        "prearm_status": "",
        "focus_role": "none"
      }
    },
    {
      "type": "Feature",
      "geometry": {
        "type": "Point",
        "coordinates": [
          500086.6337452833,
          6967504.668742114
        ]
      },
      "properties": {
        "junction_id": 38339,
        "veh_id": 11429,
        "sim_time_s": 4096.8,
        "tier": "IC-detect",
        "prearm_status": "",
        "focus_role": "none"
      }
    },
    {
      "type": "Feature",
      "geometry": {
        "type": "Point",
        "coordinates": [
          499963.8066153391,
          6966761.225735609
        ]
      },
      "properties": {
        "junction_id": 11118289,
        "veh_id": 11437,
        "sim_time_s": 4099.1,
        "tier": "track-zone",
        "prearm_status": "",
        "focus_role": "none"
      }
    },
    {
      "type": "Feature",
      "geometry": {
        "type": "Point",
        "coordinates": [
          499959.1367593522,
          6966947.008396463
        ]
      },
      "properties": {
        "junction_id": 38339,
        "veh_id": 11428,
        "sim_time_s": 4107.6,
        "tier": "IC-detect",
        "prearm_status": "",
        "focus_role": "none"
      }
    },
    {
      "type": "Feature",
      "geometry": {
        "type": "Point",
        "coordinates": [
          500577.3495181909,
          6965504.336225656
        ]
      },
      "properties": {
        "junction_id": 1119660,
        "veh_id": 11427,
        "sim_time_s": 4108.5,
        "tier": "track-zone",
        "prearm_status": "",
        "focus_role": "none"
      }
    },
    {
      "type": "Feature",
      "geometry": {
        "type": "Point",
        "coordinates": [
          0.0,
          0.0
        ]
      },
      "properties": {
        "junction_id": 39587,
        "veh_id": 11427,
        "sim_time_s": 4113.9,
        "tier": "harmony-ins-local",
        "prearm_status": "action",
        "focus_role": "none"
      }
    },
    {
      "type": "Feature",
      "geometry": {
        "type": "Point",
        "coordinates": [
          0.0,
          0.0
        ]
      },
      "properties": {
        "junction_id": 39590,
        "veh_id": 11439,
        "sim_time_s": 4119.3,
        "tier": "harmony-no-ge-local",
        "prearm_status": "skip",
        "focus_role": "none"
      }
    },
    {
      "type": "Feature",
      "geometry": {
        "type": "Point",
        "coordinates": [
          500048.84881838225,
          6966556.94326284
        ]
      },
      "properties": {
        "junction_id": 39568,
        "veh_id": 11438,
        "sim_time_s": 4134.1,
        "tier": "track-zone",
        "prearm_status": "",
        "focus_role": "none"
      }
    },
    {
      "type": "Feature",
      "geometry": {
        "type": "Point",
        "coordinates": [
          500452.33932925743,
          6965695.769465294
        ]
      },
      "properties": {
        "junction_id": 39576,
        "veh_id": 11405,
        "sim_time_s": 4141.4,
        "tier": "IC-detect",
        "prearm_status": "",
        "focus_role": "none"
      }
    },
    {
      "type": "Feature",
      "geometry": {
        "type": "Point",
        "coordinates": [
          499958.4757059168,
          6966981.366839317
        ]
      },
      "properties": {
        "junction_id": 11118289,
        "veh_id": 11399,
        "sim_time_s": 4150.4,
        "tier": "track-zone",
        "prearm_status": "",
        "focus_role": "none"
      }
    },
    {
      "type": "Feature",
      "geometry": {
        "type": "Point",
        "coordinates": [
          500048.84881838225,
          6966556.94326284
        ]
      },
      "properties": {
        "junction_id": 39572,
        "veh_id": 11438,
        "sim_time_s": 4150.4,
        "tier": "IC-detect",
        "prearm_status": "",
        "focus_role": "none"
      }
    },
    {
      "type": "Feature",
      "geometry": {
        "type": "Point",
        "coordinates": [
          499512.512419305,
          6966653.6669520615
        ]
      },
      "properties": {
        "junction_id": 39572,
        "veh_id": 11417,
        "sim_time_s": 4152.6,
        "tier": "IC-detect",
        "prearm_status": "",
        "focus_role": "none"
      }
    },
    {
      "type": "Feature",
      "geometry": {
        "type": "Point",
        "coordinates": [
          499958.4757059168,
          6966981.366839317
        ]
      },
      "properties": {
        "junction_id": 38339,
        "veh_id": 11399,
        "sim_time_s": 4154.4,
        "tier": "IC-detect",
        "prearm_status": "",
        "focus_role": "none"
      }
    },
    {
      "type": "Feature",
      "geometry": {
        "type": "Point",
        "coordinates": [
          0.0,
          0.0
        ]
      },
      "properties": {
        "junction_id": 39576,
        "veh_id": 11405,
        "sim_time_s": 4155.8,
        "tier": "harmony-no-ge-local",
        "prearm_status": "skip",
        "focus_role": "none"
      }
    },
    {
      "type": "Feature",
      "geometry": {
        "type": "Point",
        "coordinates": [
          0.0,
          0.0
        ]
      },
      "properties": {
        "junction_id": 36393,
        "veh_id": 11416,
        "sim_time_s": 4157.1,
        "tier": "harmony-no-ge-local",
        "prearm_status": "skip",
        "focus_role": "none"
      }
    },
    {
      "type": "Feature",
      "geometry": {
        "type": "Point",
        "coordinates": [
          499963.8066153391,
          6966761.225735609
        ]
      },
      "properties": {
        "junction_id": 39572,
        "veh_id": 11437,
        "sim_time_s": 4163.9,
        "tier": "track-zone",
        "prearm_status": "",
        "focus_role": "none"
      }
    },
    {
      "type": "Feature",
      "geometry": {
        "type": "Point",
        "coordinates": [
          500673.629193532,
          6964518.087936904
        ]
      },
      "properties": {
        "junction_id": 36393,
        "veh_id": 11439,
        "sim_time_s": 4166.1,
        "tier": "IC-detect",
        "prearm_status": "",
        "focus_role": "none"
      }
    },
    {
      "type": "Feature",
      "geometry": {
        "type": "Point",
        "coordinates": [
          500612.13031305984,
          6965397.353597359
        ]
      },
      "properties": {
        "junction_id": 39593,
        "veh_id": 11427,
        "sim_time_s": 4166.6,
        "tier": "track-zone",
        "prearm_status": "",
        "focus_role": "none"
      }
    },
    {
      "type": "Feature",
      "geometry": {
        "type": "Point",
        "coordinates": [
          499963.8066153391,
          6966761.225735609
        ]
      },
      "properties": {
        "junction_id": 39568,
        "veh_id": 11437,
        "sim_time_s": 4170.6,
        "tier": "track-zone",
        "prearm_status": "",
        "focus_role": "none"
      }
    },
    {
      "type": "Feature",
      "geometry": {
        "type": "Point",
        "coordinates": [
          500512.2194711,
          6965721.423623548
        ]
      },
      "properties": {
        "junction_id": 39576,
        "veh_id": 11394,
        "sim_time_s": 4170.6,
        "tier": "IC-detect",
        "prearm_status": "",
        "focus_role": "none"
      }
    },
    {
      "type": "Feature",
      "geometry": {
        "type": "Point",
        "coordinates": [
          500649.7139347283,
          6965253.173436815
        ]
      },
      "properties": {
        "junction_id": 36385,
        "veh_id": 11427,
        "sim_time_s": 4178.7,
        "tier": "track-zone",
        "prearm_status": "",
        "focus_role": "none"
      }
    },
    {
      "type": "Feature",
      "geometry": {
        "type": "Point",
        "coordinates": [
          0.0,
          0.0
        ]
      },
      "properties": {
        "junction_id": 36393,
        "veh_id": 11439,
        "sim_time_s": 4180.1,
        "tier": "harmony-no-ge-local",
        "prearm_status": "skip",
        "focus_role": "none"
      }
    },
    {
      "type": "Feature",
      "geometry": {
        "type": "Point",
        "coordinates": [
          499959.1367593522,
          6966947.008396463
        ]
      },
      "properties": {
        "junction_id": 11118289,
        "veh_id": 11428,
        "sim_time_s": 4181.4,
        "tier": "track-zone",
        "prearm_status": "",
        "focus_role": "none"
      }
    },
    {
      "type": "Feature",
      "geometry": {
        "type": "Point",
        "coordinates": [
          0.0,
          0.0
        ]
      },
      "properties": {
        "junction_id": 39593,
        "veh_id": 11427,
        "sim_time_s": 4182.8,
        "tier": "harmony-no-ge-local",
        "prearm_status": "skip",
        "focus_role": "none"
      }
    },
    {
      "type": "Feature",
      "geometry": {
        "type": "Point",
        "coordinates": [
          500679.563122184,
          6964776.625441968
        ]
      },
      "properties": {
        "junction_id": 36385,
        "veh_id": 11439,
        "sim_time_s": 4184.1,
        "tier": "track-zone",
        "prearm_status": "",
        "focus_role": "none"
      }
    },
    {
      "type": "Feature",
      "geometry": {
        "type": "Point",
        "coordinates": [
          500467.490839511,
          6965698.719262487
        ]
      },
      "properties": {
        "junction_id": 39578,
        "veh_id": 11405,
        "sim_time_s": 4186.8,
        "tier": "track-zone",
        "prearm_status": "",
        "focus_role": "none"
      }
    },
    {
      "type": "Feature",
      "geometry": {
        "type": "Point",
        "coordinates": [
          499559.8490782364,
          6966632.8526745
        ]
      },
      "properties": {
        "junction_id": 39572,
        "veh_id": 11411,
        "sim_time_s": 4186.8,
        "tier": "IC-detect-far",
        "prearm_status": "",
        "focus_role": "none"
      }
    },
    {
      "type": "Feature",
      "geometry": {
        "type": "Point",
        "coordinates": [
          500048.84881838225,
          6966556.94326284
        ]
      },
      "properties": {
        "junction_id": 39569,
        "veh_id": 11438,
        "sim_time_s": 4199.9,
        "tier": "IC-detect",
        "prearm_status": "",
        "focus_role": "none"
      }
    },
    {
      "type": "Feature",
      "geometry": {
        "type": "Point",
        "coordinates": [
          500919.818795253,
          6965246.730758348
        ]
      },
      "properties": {
        "junction_id": 39593,
        "veh_id": 11419,
        "sim_time_s": 4200.3,
        "tier": "track-zone",
        "prearm_status": "",
        "focus_role": "none"
      }
    },
    {
      "type": "Feature",
      "geometry": {
        "type": "Point",
        "coordinates": [
          500512.4248211247,
          6965708.710740089
        ]
      },
      "properties": {
        "junction_id": 39587,
        "veh_id": 11394,
        "sim_time_s": 4204.4,
        "tier": "track-zone",
        "prearm_status": "",
        "focus_role": "none"
      }
    },
    {
      "type": "Feature",
      "geometry": {
        "type": "Point",
        "coordinates": [
          500856.5235567912,
          6965223.302602034
        ]
      },
      "properties": {
        "junction_id": 36385,
        "veh_id": 11419,
        "sim_time_s": 4204.4,
        "tier": "track-zone",
        "prearm_status": "",
        "focus_role": "none"
      }
    },
    {
      "type": "Feature",
      "geometry": {
        "type": "Point",
        "coordinates": [
          499959.1367593522,
          6966947.008396463
        ]
      },
      "properties": {
        "junction_id": 39568,
        "veh_id": 11428,
        "sim_time_s": 4205.7,
        "tier": "track-zone",
        "prearm_status": "",
        "focus_role": "none"
      }
    },
    {
      "type": "Feature",
      "geometry": {
        "type": "Point",
        "coordinates": [
          500818.9820731774,
          6965205.793811465
        ]
      },
      "properties": {
        "junction_id": 10157950,
        "veh_id": 11419,
        "sim_time_s": 4207.1,
        "tier": "track-zone",
        "prearm_status": "",
        "focus_role": "none"
      }
    },
    {
      "type": "Feature",
      "geometry": {
        "type": "Point",
        "coordinates": [
          500689.45101437764,
          6964554.583591092
        ]
      },
      "properties": {
        "junction_id": 39590,
        "veh_id": 11416,
        "sim_time_s": 4208.4,
        "tier": "track-zone",
        "prearm_status": "",
        "focus_role": "none"
      }
    },
    {
      "type": "Feature",
      "geometry": {
        "type": "Point",
        "coordinates": [
          499759.15480099106,
          6966605.816125419
        ]
      },
      "properties": {
        "junction_id": 39568,
        "veh_id": 11417,
        "sim_time_s": 4208.4,
        "tier": "track-zone",
        "prearm_status": "",
        "focus_role": "none"
      }
    },
    {
      "type": "Feature",
      "geometry": {
        "type": "Point",
        "coordinates": [
          500684.6987500225,
          6965182.0694366805
        ]
      },
      "properties": {
        "junction_id": 10157950,
        "veh_id": 11427,
        "sim_time_s": 4208.4,
        "tier": "track-zone",
        "prearm_status": "",
        "focus_role": "none"
      }
    },
    {
      "type": "Feature",
      "geometry": {
        "type": "Point",
        "coordinates": [
          500518.390568878,
          6965649.437146217
        ]
      },
      "properties": {
        "junction_id": 1119660,
        "veh_id": 11394,
        "sim_time_s": 4212.4,
        "tier": "track-zone",
        "prearm_status": "",
        "focus_role": "none"
      }
    },
    {
      "type": "Feature",
      "geometry": {
        "type": "Point",
        "coordinates": [
          500700.8940426785,
          6964928.046353791
        ]
      },
      "properties": {
        "junction_id": 39593,
        "veh_id": 11439,
        "sim_time_s": 4213.8,
        "tier": "track-zone",
        "prearm_status": "",
        "focus_role": "none"
      }
    },
    {
      "type": "Feature",
      "geometry": {
        "type": "Point",
        "coordinates": [
          499960.76802879333,
          6966784.809766017
        ]
      },
      "properties": {
        "junction_id": 38339,
        "veh_id": 11437,
        "sim_time_s": 4216.5,
        "tier": "track-zone",
        "prearm_status": "",
        "focus_role": "none"
      }
    },
    {
      "type": "Feature",
      "geometry": {
        "type": "Point",
        "coordinates": [
          500005.9784325878,
          6967329.930151727
        ]
      },
      "properties": {
        "junction_id": 38339,
        "veh_id": 11429,
        "sim_time_s": 4216.9,
        "tier": "IC-detect-far",
        "prearm_status": "",
        "focus_role": "none"
      }
    },
    {
      "type": "Feature",
      "geometry": {
        "type": "Point",
        "coordinates": [
          499958.9905488004,
          6966837.641275727
        ]
      },
      "properties": {
        "junction_id": 11118289,
        "veh_id": 11437,
        "sim_time_s": 4220.6,
        "tier": "track-zone",
        "prearm_status": "",
        "focus_role": "none"
      }
    },
    {
      "type": "Feature",
      "geometry": {
        "type": "Point",
        "coordinates": [
          499959.1367593522,
          6966947.008396463
        ]
      },
      "properties": {
        "junction_id": 38339,
        "veh_id": 11428,
        "sim_time_s": 4227.8,
        "tier": "IC-detect",
        "prearm_status": "",
        "focus_role": "none"
      }
    },
    {
      "type": "Feature",
      "geometry": {
        "type": "Point",
        "coordinates": [
          500684.704356026,
          6965182.058986909
        ]
      },
      "properties": {
        "junction_id": 1119660,
        "veh_id": 11427,
        "sim_time_s": 4230.0,
        "tier": "track-zone",
        "prearm_status": "",
        "focus_role": "none"
      }
    },
    {
      "type": "Feature",
      "geometry": {
        "type": "Point",
        "coordinates": [
          0.0,
          0.0
        ]
      },
      "properties": {
        "junction_id": 38339,
        "veh_id": 11437,
        "sim_time_s": 4234.1,
        "tier": "harmony-ins-local",
        "prearm_status": "action",
        "focus_role": "none"
      }
    },
    {
      "type": "Feature",
      "geometry": {
        "type": "Point",
        "coordinates": [
          0.0,
          0.0
        ]
      },
      "properties": {
        "junction_id": 36385,
        "veh_id": 11439,
        "sim_time_s": 4243.5,
        "tier": "harmony-no-ge-local",
        "prearm_status": "skip",
        "focus_role": "none"
      }
    },
    {
      "type": "Feature",
      "geometry": {
        "type": "Point",
        "coordinates": [
          499960.93935099983,
          6966958.222947051
        ]
      },
      "properties": {
        "junction_id": 39568,
        "veh_id": 11399,
        "sim_time_s": 4246.2,
        "tier": "track-zone",
        "prearm_status": "",
        "focus_role": "none"
      }
    },
    {
      "type": "Feature",
      "geometry": {
        "type": "Point",
        "coordinates": [
          500489.4202489489,
          6965703.018566078
        ]
      },
      "properties": {
        "junction_id": 39587,
        "veh_id": 11405,
        "sim_time_s": 4246.2,
        "tier": "track-zone",
        "prearm_status": "",
        "focus_role": "none"
      }
    },
    {
      "type": "Feature",
      "geometry": {
        "type": "Point",
        "coordinates": [
          500687.3943949168,
          6965094.972692111
        ]
      },
      "properties": {
        "junction_id": 10157950,
        "veh_id": 11439,
        "sim_time_s": 4250.2,
        "tier": "track-zone",
        "prearm_status": "",
        "focus_role": "none"
      }
    },
    {
      "type": "Feature",
      "geometry": {
        "type": "Point",
        "coordinates": [
          500729.5402212584,
          6964410.988942788
        ]
      },
      "properties": {
        "junction_id": 39606,
        "veh_id": 11416,
        "sim_time_s": 4254.3,
        "tier": "track-zone",
        "prearm_status": "",
        "focus_role": "none"
      }
    },
    {
      "type": "Feature",
      "geometry": {
        "type": "Point",
        "coordinates": [
          0.0,
          0.0
        ]
      },
      "properties": {
        "junction_id": 39593,
        "veh_id": 11439,
        "sim_time_s": 4254.3,
        "tier": "harmony-no-ge-local",
        "prearm_status": "skip",
        "focus_role": "none"
      }
    },
    {
      "type": "Feature",
      "geometry": {
        "type": "Point",
        "coordinates": [
          500043.8277613363,
          6966568.848127165
        ]
      },
      "properties": {
        "junction_id": 39568,
        "veh_id": 11438,
        "sim_time_s": 4255.6,
        "tier": "track-zone",
        "prearm_status": "",
        "focus_role": "none"
      }
    },
    {
      "type": "Feature",
      "geometry": {
        "type": "Point",
        "coordinates": [
          500664.81424026744,
          6965176.8886403935
        ]
      },
      "properties": {
        "junction_id": 1119660,
        "veh_id": 11439,
        "sim_time_s": 4255.6,
        "tier": "track-zone",
        "prearm_status": "",
        "focus_role": "none"
      }
    },
    {
      "type": "Feature",
      "geometry": {
        "type": "Point",
        "coordinates": [
          500637.3125194883,
          6965237.412345111
        ]
      },
      "properties": {
        "junction_id": 39587,
        "veh_id": 11439,
        "sim_time_s": 4259.7,
        "tier": "track-zone",
        "prearm_status": "",
        "focus_role": "none"
      }
    },
    {
      "type": "Feature",
      "geometry": {
        "type": "Point",
        "coordinates": [
          500032.4735627221,
          6966593.414083894
        ]
      },
      "properties": {
        "junction_id": 39572,
        "veh_id": 11438,
        "sim_time_s": 4270.5,
        "tier": "IC-detect-far",
        "prearm_status": "",
        "focus_role": "none"
      }
    },
    {
      "type": "Feature",
      "geometry": {
        "type": "Point",
        "coordinates": [
          499963.63155851624,
          6966930.59034354
        ]
      },
      "properties": {
        "junction_id": 11118289,
        "veh_id": 11399,
        "sim_time_s": 4271.9,
        "tier": "track-zone",
        "prearm_status": "",
        "focus_role": "none"
      }
    },
    {
      "type": "Feature",
      "geometry": {
        "type": "Point",
        "coordinates": [
          499787.34157909616,
          6966592.238765887
        ]
      },
      "properties": {
        "junction_id": 39572,
        "veh_id": 11417,
        "sim_time_s": 4272.8,
        "tier": "IC-detect",
        "prearm_status": "",
        "focus_role": "none"
      }
    },
    {
      "type": "Feature",
      "geometry": {
        "type": "Point",
        "coordinates": [
          0.0,
          0.0
        ]
      },
      "properties": {
        "junction_id": 39590,
        "veh_id": 11416,
        "sim_time_s": 4275.9,
        "tier": "harmony-ge-local",
        "prearm_status": "action",
        "focus_role": "none"
      }
    },
    {
      "type": "Feature",
      "geometry": {
        "type": "Point",
        "coordinates": [
          500513.4202916105,
          6965658.29753001
        ]
      },
      "properties": {
        "junction_id": 39576,
        "veh_id": 11405,
        "sim_time_s": 4275.9,
        "tier": "IC-detect",
        "prearm_status": "",
        "focus_role": "none"
      }
    },
    {
      "type": "Feature",
      "geometry": {
        "type": "Point",
        "coordinates": [
          0.0,
          0.0
        ]
      },
      "properties": {
        "junction_id": 36385,
        "veh_id": 11427,
        "sim_time_s": 4277.2,
        "tier": "harmony-ins-local",
        "prearm_status": "action",
        "focus_role": "none"
      }
    },
    {
      "type": "Feature",
      "geometry": {
        "type": "Point",
        "coordinates": [
          0.0,
          0.0
        ]
      },
      "properties": {
        "junction_id": 39587,
        "veh_id": 11439,
        "sim_time_s": 4278.6,
        "tier": "harmony-no-ge-local",
        "prearm_status": "skip",
        "focus_role": "none"
      }
    },
    {
      "type": "Feature",
      "geometry": {
        "type": "Point",
        "coordinates": [
          500572.3519003772,
          6965469.121884604
        ]
      },
      "properties": {
        "junction_id": 39576,
        "veh_id": 11439,
        "sim_time_s": 4282.6,
        "tier": "track-zone",
        "prearm_status": "",
        "focus_role": "none"
      }
    },
    {
      "type": "Feature",
      "geometry": {
        "type": "Point",
        "coordinates": [
          499883.5291591858,
          6966546.424830542
        ]
      },
      "properties": {
        "junction_id": 39569,
        "veh_id": 11417,
        "sim_time_s": 4286.7,
        "tier": "track-zone",
        "prearm_status": "",
        "focus_role": "none"
      }
    },
    {
      "type": "Feature",
      "geometry": {
        "type": "Point",
        "coordinates": [
          500542.79428471206,
          6965590.230120879
        ]
      },
      "properties": {
        "junction_id": 39576,
        "veh_id": 11394,
        "sim_time_s": 4290.8,
        "tier": "IC-detect",
        "prearm_status": "",
        "focus_role": "none"
      }
    },
    {
      "type": "Feature",
      "geometry": {
        "type": "Point",
        "coordinates": [
          0.0,
          0.0
        ]
      },
      "properties": {
        "junction_id": 39572,
        "veh_id": 11438,
        "sim_time_s": 4290.8,
        "tier": "harmony-ins-local",
        "prearm_status": "action",
        "focus_role": "none"
      }
    },
    {
      "type": "Feature",
      "geometry": {
        "type": "Point",
        "coordinates": [
          499962.78262832505,
          6966901.029249387
        ]
      },
      "properties": {
        "junction_id": 11118289,
        "veh_id": 11428,
        "sim_time_s": 4302.9,
        "tier": "track-zone",
        "prearm_status": "",
        "focus_role": "none"
      }
    },
    {
      "type": "Feature",
      "geometry": {
        "type": "Point",
        "coordinates": [
          0.0,
          0.0
        ]
      },
      "properties": {
        "junction_id": 39576,
        "veh_id": 11439,
        "sim_time_s": 4302.9,
        "tier": "harmony-no-ge-local",
        "prearm_status": "skip",
        "focus_role": "none"
      }
    },
    {
      "type": "Feature",
      "geometry": {
        "type": "Point",
        "coordinates": [
          0.0,
          0.0
        ]
      },
      "properties": {
        "junction_id": 39587,
        "veh_id": 11394,
        "sim_time_s": 4304.2,
        "tier": "harmony-ins-local",
        "prearm_status": "action",
        "focus_role": "none"
      }
    },
    {
      "type": "Feature",
      "geometry": {
        "type": "Point",
        "coordinates": [
          500491.8321532406,
          6965695.615259125
        ]
      },
      "properties": {
        "junction_id": 39578,
        "veh_id": 11439,
        "sim_time_s": 4306.9,
        "tier": "track-zone",
        "prearm_status": "",
        "focus_role": "none"
      }
    },
    {
      "type": "Feature",
      "geometry": {
        "type": "Point",
        "coordinates": [
          500515.7208879322,
          6965647.413401668
        ]
      },
      "properties": {
        "junction_id": 1119660,
        "veh_id": 11405,
        "sim_time_s": 4308.3,
        "tier": "track-zone",
        "prearm_status": "",
        "focus_role": "none"
      }
    },
    {
      "type": "Feature",
      "geometry": {
        "type": "Point",
        "coordinates": [
          500946.97228876385,
          6964034.668682542
        ]
      },
      "properties": {
        "junction_id": 39606,
        "veh_id": 11412,
        "sim_time_s": 4320.0,
        "tier": "IC-detect",
        "prearm_status": "",
        "focus_role": "none"
      }
    },
    {
      "type": "Feature",
      "geometry": {
        "type": "Point",
        "coordinates": [
          500739.76609801507,
          6965180.003501439
        ]
      },
      "properties": {
        "junction_id": 39593,
        "veh_id": 11419,
        "sim_time_s": 4320.4,
        "tier": "IC-detect-far",
        "prearm_status": "",
        "focus_role": "none"
      }
    },
    {
      "type": "Feature",
      "geometry": {
        "type": "Point",
        "coordinates": [
          0.0,
          0.0
        ]
      },
      "properties": {
        "junction_id": 39606,
        "veh_id": 11416,
        "sim_time_s": 4323.1,
        "tier": "harmony-no-ge-local",
        "prearm_status": "skip",
        "focus_role": "none"
      }
    },
    {
      "type": "Feature",
      "geometry": {
        "type": "Point",
        "coordinates": [
          500017.4658936316,
          6966617.992969359
        ]
      },
      "properties": {
        "junction_id": 39569,
        "veh_id": 11438,
        "sim_time_s": 4324.5,
        "tier": "track-zone",
        "prearm_status": "",
        "focus_role": "none"
      }
    },
    {
      "type": "Feature",
      "geometry": {
        "type": "Point",
        "coordinates": [
          500739.6018475426,
          6965179.962488791
        ]
      },
      "properties": {
        "junction_id": 36385,
        "veh_id": 11419,
        "sim_time_s": 4325.9,
        "tier": "track-zone",
        "prearm_status": "",
        "focus_role": "none"
      }
    },
    {
      "type": "Feature",
      "geometry": {
        "type": "Point",
        "coordinates": [
          499962.78262832505,
          6966901.029249387
        ]
      },
      "properties": {
        "junction_id": 39568,
        "veh_id": 11428,
        "sim_time_s": 4327.2,
        "tier": "track-zone",
        "prearm_status": "",
        "focus_role": "none"
      }
    },
    {
      "type": "Feature",
      "geometry": {
        "type": "Point",
        "coordinates": [
          500735.6977093559,
          6965178.987642
        ]
      },
      "properties": {
        "junction_id": 10157950,
        "veh_id": 11419,
        "sim_time_s": 4328.6,
        "tier": "track-zone",
        "prearm_status": "",
        "focus_role": "none"
      }
    },
    {
      "type": "Feature",
      "geometry": {
        "type": "Point",
        "coordinates": [
          500043.51732223894,
          6966470.296769003
        ]
      },
      "properties": {
        "junction_id": 39568,
        "veh_id": 11417,
        "sim_time_s": 4329.9,
        "tier": "track-zone",
        "prearm_status": "",
        "focus_role": "none"
      }
    },
    {
      "type": "Feature",
      "geometry": {
        "type": "Point",
        "coordinates": [
          0.0,
          0.0
        ]
      },
      "properties": {
        "junction_id": 39593,
        "veh_id": 11419,
        "sim_time_s": 4331.2,
        "tier": "harmony-no-ge-local",
        "prearm_status": "skip",
        "focus_role": "none"
      }
    },
    {
      "type": "Feature",
      "geometry": {
        "type": "Point",
        "coordinates": [
          500579.60471850564,
          6965498.349846319
        ]
      },
      "properties": {
        "junction_id": 1119660,
        "veh_id": 11394,
        "sim_time_s": 4333.9,
        "tier": "track-zone",
        "prearm_status": "",
        "focus_role": "none"
      }
    },
    {
      "type": "Feature",
      "geometry": {
        "type": "Point",
        "coordinates": [
          500005.95037559734,
          6967329.787619821
        ]
      },
      "properties": {
        "junction_id": 38339,
        "veh_id": 11429,
        "sim_time_s": 4337.1,
        "tier": "IC-detect-far",
        "prearm_status": "",
        "focus_role": "none"
      }
    },
    {
      "type": "Feature",
      "geometry": {
        "type": "Point",
        "coordinates": [
          500728.91963951057,
          6964995.162702102
        ]
      },
      "properties": {
        "junction_id": 36393,
        "veh_id": 11427,
        "sim_time_s": 4343.4,
        "tier": "track-zone",
        "prearm_status": "",
        "focus_role": "none"
      }
    },
    {
      "type": "Feature",
      "geometry": {
        "type": "Point",
        "coordinates": [
          0.0,
          0.0
        ]
      },
      "properties": {
        "junction_id": 39578,
        "veh_id": 11439,
        "sim_time_s": 4346.1,
        "tier": "harmony-no-ge-local",
        "prearm_status": "skip",
        "focus_role": "none"
      }
    },
    {
      "type": "Feature",
      "geometry": {
        "type": "Point",
        "coordinates": [
          500400.8574792058,
          6966037.103127409
        ]
      },
      "properties": {
        "junction_id": 1043762,
        "veh_id": 11439,
        "sim_time_s": 4356.9,
        "tier": "track-zone",
        "prearm_status": "",
        "focus_role": "none"
      }
    },
    {
      "type": "Feature",
      "geometry": {
        "type": "Point",
        "coordinates": [
          0.0,
          0.0
        ]
      },
      "properties": {
        "junction_id": 36393,
        "veh_id": 11427,
        "sim_time_s": 4360.9,
        "tier": "harmony-no-ge-local",
        "prearm_status": "skip",
        "focus_role": "none"
      }
    },
    {
      "type": "Feature",
      "geometry": {
        "type": "Point",
        "coordinates": [
          500610.7207095357,
          6965403.360251913
        ]
      },
      "properties": {
        "junction_id": 39593,
        "veh_id": 11394,
        "sim_time_s": 4362.3,
        "tier": "track-zone",
        "prearm_status": "",
        "focus_role": "none"
      }
    },
    {
      "type": "Feature",
      "geometry": {
        "type": "Point",
        "coordinates": [
          500884.9553390637,
          6964123.192510837
        ]
      },
      "properties": {
        "junction_id": 39590,
        "veh_id": 11412,
        "sim_time_s": 4365.0,
        "tier": "track-zone",
        "prearm_status": "",
        "focus_role": "none"
      }
    },
    {
      "type": "Feature",
      "geometry": {
        "type": "Point",
        "coordinates": [
          500550.6887454275,
          6965572.797142297
        ]
      },
      "properties": {
        "junction_id": 39587,
        "veh_id": 11405,
        "sim_time_s": 4366.4,
        "tier": "IC-detect-far",
        "prearm_status": "",
        "focus_role": "none"
      }
    },
    {
      "type": "Feature",
      "geometry": {
        "type": "Point",
        "coordinates": [
          499963.63155851624,
          6966930.59034354
        ]
      },
      "properties": {
        "junction_id": 39568,
        "veh_id": 11399,
        "sim_time_s": 4367.7,
        "tier": "track-zone",
        "prearm_status": "",
        "focus_role": "none"
      }
    },
    {
      "type": "Feature",
      "geometry": {
        "type": "Point",
        "coordinates": [
          0.0,
          0.0
        ]
      },
      "properties": {
        "junction_id": 36385,
        "veh_id": 11419,
        "sim_time_s": 4367.7,
        "tier": "harmony-no-ge-local",
        "prearm_status": "skip",
        "focus_role": "none"
      }
    },
    {
      "type": "Feature",
      "geometry": {
        "type": "Point",
        "coordinates": [
          500550.8247905707,
          6965572.5018836325
        ]
      },
      "properties": {
        "junction_id": 10157950,
        "veh_id": 11405,
        "sim_time_s": 4369.1,
        "tier": "track-zone",
        "prearm_status": "",
        "focus_role": "none"
      }
    },
    {
      "type": "Feature",
      "geometry": {
        "type": "Point",
        "coordinates": [
          0.0,
          0.0
        ]
      },
      "properties": {
        "junction_id": 39569,
        "veh_id": 11417,
        "sim_time_s": 4370.4,
        "tier": "harmony-no-ge-local",
        "prearm_status": "skip",
        "focus_role": "none"
      }
    },
    {
      "type": "Feature",
      "geometry": {
        "type": "Point",
        "coordinates": [
          0.0,
          0.0
        ]
      },
      "properties": {
        "junction_id": 1043762,
        "veh_id": 11439,
        "sim_time_s": 4371.8,
        "tier": "harmony-ins-local",
        "prearm_status": "action",
        "focus_role": "none"
      }
    },
    {
      "type": "Feature",
      "geometry": {
        "type": "Point",
        "coordinates": [
          500723.0952976421,
          6964994.951365808
        ]
      },
      "properties": {
        "junction_id": 36393,
        "veh_id": 11419,
        "sim_time_s": 4373.1,
        "tier": "track-zone",
        "prearm_status": "",
        "focus_role": "none"
      }
    },
    {
      "type": "Feature",
      "geometry": {
        "type": "Point",
        "coordinates": [
          500652.72639941075,
          6965246.569793919
        ]
      },
      "properties": {
        "junction_id": 36385,
        "veh_id": 11394,
        "sim_time_s": 4374.4,
        "tier": "track-zone",
        "prearm_status": "",
        "focus_role": "none"
      }
    },
    {
      "type": "Feature",
      "geometry": {
        "type": "Point",
        "coordinates": [
          500250.9763990636,
          6966203.251303882
        ]
      },
      "properties": {
        "junction_id": 39569,
        "veh_id": 11439,
        "sim_time_s": 4374.9,
        "tier": "coord-prearm-harmony/SHOCKWAVE",
        "prearm_status": "fired",
        "focus_role": "none"
      }
    },
    {
      "type": "Feature",
      "geometry": {
        "type": "Point",
        "coordinates": [
          0.0,
          0.0
        ]
      },
      "properties": {
        "junction_id": 39569,
        "veh_id": 11439,
        "sim_time_s": 4375.4,
        "tier": "harmony-ge-local",
        "prearm_status": "action",
        "focus_role": "none"
      }
    },
    {
      "type": "Feature",
      "geometry": {
        "type": "Point",
        "coordinates": [
          500105.3249690746,
          6966447.427635935
        ]
      },
      "properties": {
        "junction_id": 39569,
        "veh_id": 11439,
        "sim_time_s": 4375.4,
        "tier": "coord-prearm-success/SHOCKWAVE",
        "prearm_status": "success",
        "focus_role": "none"
      }
    },
    {
      "type": "Feature",
      "geometry": {
        "type": "Point",
        "coordinates": [
          500136.6048856173,
          6966430.975715516
        ]
      },
      "properties": {
        "junction_id": 1043762,
        "veh_id": 11417,
        "sim_time_s": 4375.8,
        "tier": "track-zone",
        "prearm_status": "",
        "focus_role": "none"
      }
    },
    {
      "type": "Feature",
      "geometry": {
        "type": "Point",
        "coordinates": [
          500017.4658936316,
          6966617.992969359
        ]
      },
      "properties": {
        "junction_id": 39568,
        "veh_id": 11438,
        "sim_time_s": 4377.1,
        "tier": "track-zone",
        "prearm_status": "",
        "focus_role": "none"
      }
    },
    {
      "type": "Feature",
      "geometry": {
        "type": "Point",
        "coordinates": [
          0.0,
          0.0
        ]
      },
      "properties": {
        "junction_id": 39590,
        "veh_id": 11412,
        "sim_time_s": 4378.5,
        "tier": "harmony-no-ge-local",
        "prearm_status": "skip",
        "focus_role": "none"
      }
    },
    {
      "type": "Feature",
      "geometry": {
        "type": "Point",
        "coordinates": [
          0.0,
          0.0
        ]
      },
      "properties": {
        "junction_id": 39593,
        "veh_id": 11394,
        "sim_time_s": 4378.5,
        "tier": "harmony-no-ge-local",
        "prearm_status": "skip",
        "focus_role": "none"
      }
    },
    {
      "type": "Feature",
      "geometry": {
        "type": "Point",
        "coordinates": [
          500237.96511676296,
          6966223.971136535
        ]
      },
      "properties": {
        "junction_id": 39572,
        "veh_id": 11439,
        "sim_time_s": 4379.4,
        "tier": "coord-prearm-harmony/SHOCKWAVE",
        "prearm_status": "fired",
        "focus_role": "none"
      }
    },
    {
      "type": "Feature",
      "geometry": {
        "type": "Point",
        "coordinates": [
          500690.24232065177,
          6964545.387895829
        ]
      },
      "properties": {
        "junction_id": 39590,
        "veh_id": 11427,
        "sim_time_s": 4379.9,
        "tier": "track-zone",
        "prearm_status": "",
        "focus_role": "none"
      }
    },
    {
      "type": "Feature",
      "geometry": {
        "type": "Point",
        "coordinates": [
          0.0,
          0.0
        ]
      },
      "properties": {
        "junction_id": 39587,
        "veh_id": 11405,
        "sim_time_s": 4379.9,
        "tier": "harmony-ge-local",
        "prearm_status": "action",
        "focus_role": "none"
      }
    },
    {
      "type": "Feature",
      "geometry": {
        "type": "Point",
        "coordinates": [
          0.0,
          0.0
        ]
      },
      "properties": {
        "junction_id": 39572,
        "veh_id": 11439,
        "sim_time_s": 4379.9,
        "tier": "harmony-no-ge-local",
        "prearm_status": "skip",
        "focus_role": "none"
      }
    },
    {
      "type": "Feature",
      "geometry": {
        "type": "Point",
        "coordinates": [
          500944.51358507737,
          6964038.69291645
        ]
      },
      "properties": {
        "junction_id": 39606,
        "veh_id": 11401,
        "sim_time_s": 4380.3,
        "tier": "IC-detect",
        "prearm_status": "",
        "focus_role": "none"
      }
    },
    {
      "type": "Feature",
      "geometry": {
        "type": "Point",
        "coordinates": [
          499963.63155851624,
          6966930.59034354
        ]
      },
      "properties": {
        "junction_id": 38339,
        "veh_id": 11399,
        "sim_time_s": 4387.9,
        "tier": "track-zone",
        "prearm_status": "",
        "focus_role": "none"
      }
    },
    {
      "type": "Feature",
      "geometry": {
        "type": "Point",
        "coordinates": [
          499963.63155851624,
          6966930.59034354
        ]
      },
      "properties": {
        "junction_id": 11118289,
        "veh_id": 11399,
        "sim_time_s": 4393.4,
        "tier": "track-zone",
        "prearm_status": "",
        "focus_role": "none"
      }
    },
    {
      "type": "Feature",
      "geometry": {
        "type": "Point",
        "coordinates": [
          499963.0006028794,
          6966898.015972141
        ]
      },
      "properties": {
        "junction_id": 39572,
        "veh_id": 11428,
        "sim_time_s": 4393.4,
        "tier": "track-zone",
        "prearm_status": "",
        "focus_role": "none"
      }
    },
    {
      "type": "Feature",
      "geometry": {
        "type": "Point",
        "coordinates": [
          0.0,
          0.0
        ]
      },
      "properties": {
        "junction_id": 36393,
        "veh_id": 11419,
        "sim_time_s": 4396.1,
        "tier": "harmony-ins-local",
        "prearm_status": "action",
        "focus_role": "none"
      }
    },
    {
      "type": "Feature",
      "geometry": {
        "type": "Point",
        "coordinates": [
          499969.02487943094,
          6966897.656048954
        ]
      },
      "properties": {
        "junction_id": 39572,
        "veh_id": 11399,
        "sim_time_s": 4404.1,
        "tier": "track-zone",
        "prearm_status": "",
        "focus_role": "none"
      }
    },
    {
      "type": "Feature",
      "geometry": {
        "type": "Point",
        "coordinates": [
          500611.5896966606,
          6965399.403666414
        ]
      },
      "properties": {
        "junction_id": 39593,
        "veh_id": 11405,
        "sim_time_s": 4410.9,
        "tier": "track-zone",
        "prearm_status": "",
        "focus_role": "none"
      }
    },
    {
      "type": "Feature",
      "geometry": {
        "type": "Point",
        "coordinates": [
          500017.4658936316,
          6966617.992969359
        ]
      },
      "properties": {
        "junction_id": 39572,
        "veh_id": 11438,
        "sim_time_s": 4410.9,
        "tier": "IC-detect",
        "prearm_status": "",
        "focus_role": "none"
      }
    },
    {
      "type": "Feature",
      "geometry": {
        "type": "Point",
        "coordinates": [
          500732.2002466117,
          6964404.074119098
        ]
      },
      "properties": {
        "junction_id": 39606,
        "veh_id": 11427,
        "sim_time_s": 4413.6,
        "tier": "track-zone",
        "prearm_status": "",
        "focus_role": "none"
      }
    },
    {
      "type": "Feature",
      "geometry": {
        "type": "Point",
        "coordinates": [
          500017.96005820413,
          6966619.155059104
        ]
      },
      "properties": {
        "junction_id": 11118289,
        "veh_id": 11438,
        "sim_time_s": 4416.3,
        "tier": "track-zone",
        "prearm_status": "",
        "focus_role": "none"
      }
    },
    {
      "type": "Feature",
      "geometry": {
        "type": "Point",
        "coordinates": [
          500649.5706217525,
          6965253.44586426
        ]
      },
      "properties": {
        "junction_id": 36385,
        "veh_id": 11405,
        "sim_time_s": 4420.4,
        "tier": "track-zone",
        "prearm_status": "",
        "focus_role": "none"
      }
    },
    {
      "type": "Feature",
      "geometry": {
        "type": "Point",
        "coordinates": [
          500673.821276196,
          6964517.084275617
        ]
      },
      "properties": {
        "junction_id": 36393,
        "veh_id": 11412,
        "sim_time_s": 4423.1,
        "tier": "track-zone",
        "prearm_status": "",
        "focus_role": "none"
      }
    },
    {
      "type": "Feature",
      "geometry": {
        "type": "Point",
        "coordinates": [
          499991.1461458411,
          6966720.068664975
        ]
      },
      "properties": {
        "junction_id": 11118289,
        "veh_id": 11428,
        "sim_time_s": 4424.4,
        "tier": "track-zone",
        "prearm_status": "",
        "focus_role": "none"
      }
    },
    {
      "type": "Feature",
      "geometry": {
        "type": "Point",
        "coordinates": [
          0.0,
          0.0
        ]
      },
      "properties": {
        "junction_id": 39593,
        "veh_id": 11405,
        "sim_time_s": 4424.4,
        "tier": "harmony-no-ge-local",
        "prearm_status": "skip",
        "focus_role": "none"
      }
    },
    {
      "type": "Feature",
      "geometry": {
        "type": "Point",
        "coordinates": [
          500888.5566744096,
          6964119.131017802
        ]
      },
      "properties": {
        "junction_id": 39590,
        "veh_id": 11401,
        "sim_time_s": 4425.8,
        "tier": "track-zone",
        "prearm_status": "",
        "focus_role": "none"
      }
    },
    {
      "type": "Feature",
      "geometry": {
        "type": "Point",
        "coordinates": [
          0.0,
          0.0
        ]
      },
      "properties": {
        "junction_id": 39606,
        "veh_id": 11401,
        "sim_time_s": 4431.1,
        "tier": "harmony-no-ge-local",
        "prearm_status": "skip",
        "focus_role": "none"
      }
    },
    {
      "type": "Feature",
      "geometry": {
        "type": "Point",
        "coordinates": [
          0.0,
          0.0
        ]
      },
      "properties": {
        "junction_id": 39572,
        "veh_id": 11428,
        "sim_time_s": 4435.2,
        "tier": "harmony-no-ge-local",
        "prearm_status": "skip",
        "focus_role": "none"
      }
    },
    {
      "type": "Feature",
      "geometry": {
        "type": "Point",
        "coordinates": [
          500010.8070547912,
          6966672.64689378
        ]
      },
      "properties": {
        "junction_id": 39569,
        "veh_id": 11428,
        "sim_time_s": 4437.9,
        "tier": "track-zone",
        "prearm_status": "",
        "focus_role": "none"
      }
    },
    {
      "type": "Feature",
      "geometry": {
        "type": "Point",
        "coordinates": [
          499960.96700462204,
          6966780.246565377
        ]
      },
      "properties": {
        "junction_id": 38339,
        "veh_id": 11438,
        "sim_time_s": 4439.2,
        "tier": "track-zone",
        "prearm_status": "",
        "focus_role": "none"
      }
    },
    {
      "type": "Feature",
      "geometry": {
        "type": "Point",
        "coordinates": [
          0.0,
          0.0
        ]
      },
      "properties": {
        "junction_id": 36385,
        "veh_id": 11394,
        "sim_time_s": 4446.0,
        "tier": "harmony-ins-local",
        "prearm_status": "action",
        "focus_role": "none"
      }
    },
    {
      "type": "Feature",
      "geometry": {
        "type": "Point",
        "coordinates": [
          500012.255683675,
          6966653.44887729
        ]
      },
      "properties": {
        "junction_id": 39572,
        "veh_id": 11439,
        "sim_time_s": 4446.0,
        "tier": "coord-prearm-missed/SHOCKWAVE",
        "prearm_status": "missed",
        "focus_role": "none"
      }
    },
    {
      "type": "Feature",
      "geometry": {
        "type": "Point",
        "coordinates": [
          500036.0995674344,
          6966612.5239376165
        ]
      },
      "properties": {
        "junction_id": 39568,
        "veh_id": 11428,
        "sim_time_s": 4448.7,
        "tier": "track-zone",
        "prearm_status": "",
        "focus_role": "none"
      }
    },
    {
      "type": "Feature",
      "geometry": {
        "type": "Point",
        "coordinates": [
          0.0,
          0.0
        ]
      },
      "properties": {
        "junction_id": 39590,
        "veh_id": 11427,
        "sim_time_s": 4456.8,
        "tier": "harmony-no-ge-local",
        "prearm_status": "skip",
        "focus_role": "none"
      }
    },
    {
      "type": "Feature",
      "geometry": {
        "type": "Point",
        "coordinates": [
          0.0,
          0.0
        ]
      },
      "properties": {
        "junction_id": 38339,
        "veh_id": 11438,
        "sim_time_s": 4456.8,
        "tier": "harmony-no-ge-local",
        "prearm_status": "skip",
        "focus_role": "none"
      }
    },
    {
      "type": "Feature",
      "geometry": {
        "type": "Point",
        "coordinates": [
          499999.4659792108,
          6967278.179537434
        ]
      },
      "properties": {
        "junction_id": 38339,
        "veh_id": 11429,
        "sim_time_s": 4457.2,
        "tier": "IC-detect-far",
        "prearm_status": "",
        "focus_role": "none"
      }
    },
    {
      "type": "Feature",
      "geometry": {
        "type": "Point",
        "coordinates": [
          500351.67272573645,
          6966101.309054226
        ]
      },
      "properties": {
        "junction_id": 39578,
        "veh_id": 11417,
        "sim_time_s": 4459.5,
        "tier": "track-section",
        "prearm_status": "",
        "focus_role": "none"
      }
    },
    {
      "type": "Feature",
      "geometry": {
        "type": "Point",
        "coordinates": [
          500685.0770668704,
          6964539.9755108
        ]
      },
      "properties": {
        "junction_id": 39590,
        "veh_id": 11419,
        "sim_time_s": 4468.9,
        "tier": "track-zone",
        "prearm_status": "",
        "focus_role": "none"
      }
    },
    {
      "type": "Feature",
      "geometry": {
        "type": "Point",
        "coordinates": [
          0.0,
          0.0
        ]
      },
      "properties": {
        "junction_id": 36393,
        "veh_id": 11412,
        "sim_time_s": 4470.3,
        "tier": "harmony-no-ge-local",
        "prearm_status": "skip",
        "focus_role": "none"
      }
    },
    {
      "type": "Feature",
      "geometry": {
        "type": "Point",
        "coordinates": [
          500129.5965231786,
          6965614.45366264
        ]
      },
      "properties": {
        "junction_id": 39576,
        "veh_id": 11406,
        "sim_time_s": 4471.6,
        "tier": "IC-detect-far",
        "prearm_status": "",
        "focus_role": "none"
      }
    },
    {
      "type": "Feature",
      "geometry": {
        "type": "Point",
        "coordinates": [
          500679.91660899937,
          6964784.419155103
        ]
      },
      "properties": {
        "junction_id": 36385,
        "veh_id": 11412,
        "sim_time_s": 4475.7,
        "tier": "track-zone",
        "prearm_status": "",
        "focus_role": "none"
      }
    },
    {
      "type": "Feature",
      "geometry": {
        "type": "Point",
        "coordinates": [
          500193.3306249109,
          6965100.812686762
        ]
      },
      "properties": {
        "junction_id": 39593,
        "veh_id": 11408,
        "sim_time_s": 4483.4,
        "tier": "IC-detect",
        "prearm_status": "",
        "focus_role": "none"
      }
    },
    {
      "type": "Feature",
      "geometry": {
        "type": "Point",
        "coordinates": [
          500723.98114362004,
          6964408.464365327
        ]
      },
      "properties": {
        "junction_id": 39606,
        "veh_id": 11419,
        "sim_time_s": 4486.5,
        "tier": "track-zone",
        "prearm_status": "",
        "focus_role": "none"
      }
    },
    {
      "type": "Feature",
      "geometry": {
        "type": "Point",
        "coordinates": [
          500729.113915064,
          6965001.573569118
        ]
      },
      "properties": {
        "junction_id": 36393,
        "veh_id": 11394,
        "sim_time_s": 4487.9,
        "tier": "track-zone",
        "prearm_status": "",
        "focus_role": "none"
      }
    },
    {
      "type": "Feature",
      "geometry": {
        "type": "Point",
        "coordinates": [
          499983.21798355744,
          6966737.9481218
        ]
      },
      "properties": {
        "junction_id": 39568,
        "veh_id": 11399,
        "sim_time_s": 4489.2,
        "tier": "track-zone",
        "prearm_status": "",
        "focus_role": "none"
      }
    },
    {
      "type": "Feature",
      "geometry": {
        "type": "Point",
        "coordinates": [
          500293.9444947927,
          6965084.817309987
        ]
      },
      "properties": {
        "junction_id": 36385,
        "veh_id": 11408,
        "sim_time_s": 4491.0,
        "tier": "IC-detect",
        "prearm_status": "",
        "focus_role": "none"
      }
    },
    {
      "type": "Feature",
      "geometry": {
        "type": "Point",
        "coordinates": [
          500728.92692715145,
          6964997.2987779165
        ]
      },
      "properties": {
        "junction_id": 36393,
        "veh_id": 11405,
        "sim_time_s": 4494.6,
        "tier": "track-zone",
        "prearm_status": "",
        "focus_role": "none"
      }
    },
    {
      "type": "Feature",
      "geometry": {
        "type": "Point",
        "coordinates": [
          500133.67570972117,
          6966410.121128926
        ]
      },
      "properties": {
        "junction_id": 39569,
        "veh_id": 11439,
        "sim_time_s": 4495.5,
        "tier": "IC-detect",
        "prearm_status": "",
        "focus_role": "none"
      }
    }
  ]
}