{
  "type": "FeatureCollection",
  "features": [
    {
      "type": "Feature",
      "geometry": {
        "type": "Point",
        "coordinates": [
          500943.9309927257,
          6964039.646462789
        ]
      },
      "properties": {
        "junction_id": 39606,
        "veh_id": 11430,
        "sim_time_s": 0.5,
        "tier": "track-section",
        "prearm_status": "",
        "focus_role": "none"
      }
    },
    {
      "type": "Feature",
      "geometry": {
        "type": "Point",
        "coordinates": [
          500135.181270669,
          6965615.371521625
        ]
      },
      "properties": {
        "junction_id": 39576,
        "veh_id": 11402,
        "sim_time_s": 0.5,
        "tier": "IC-detect",
        "prearm_status": "",
        "focus_role": "none"
      }
    },
    {
      "type": "Feature",
      "geometry": {
        "type": "Point",
        "coordinates": [
          500084.01474659465,
          6967501.832205719
        ]
      },
      "properties": {
        "junction_id": 38339,
        "veh_id": 11420,
        "sim_time_s": 3.6,
        "tier": "IC-detect",
        "prearm_status": "",
        "focus_role": "none"
      }
    },
    {
      "type": "Feature",
      "geometry": {
        "type": "Point",
        "coordinates": [
          500893.2243636047,
          6964113.862044675
        ]
      },
      "properties": {
        "junction_id": 39590,
        "veh_id": 11430,
        "sim_time_s": 5.8,
        "tier": "track-zone",
        "prearm_status": "",
        "focus_role": "none"
      }
    },
    {
      "type": "Feature",
      "geometry": {
        "type": "Point",
        "coordinates": [
          499518.19763411,
          6966652.30175898
        ]
      },
      "properties": {
        "junction_id": 39572,
        "veh_id": 11395,
        "sim_time_s": 13.1,
        "tier": "IC-detect",
        "prearm_status": "",
        "focus_role": "none"
      }
    },
    {
      "type": "Feature",
      "geometry": {
        "type": "Point",
        "coordinates": [
          499772.134877571,
          6966599.541734759
        ]
      },
      "properties": {
        "junction_id": 39568,
        "veh_id": 11395,
        "sim_time_s": 28.8,
        "tier": "track-zone",
        "prearm_status": "",
        "focus_role": "none"
      }
    },
    {
      "type": "Feature",
      "geometry": {
        "type": "Point",
        "coordinates": [
          499885.1117520673,
          6966545.652169179
        ]
      },
      "properties": {
        "junction_id": 39569,
        "veh_id": 11395,
        "sim_time_s": 36.9,
        "tier": "track-zone",
        "prearm_status": "",
        "focus_role": "none"
      }
    },
    {
      "type": "Feature",
      "geometry": {
        "type": "Point",
        "coordinates": [
          500134.10921234195,
          6966434.600806591
        ]
      },
      "properties": {
        "junction_id": 1043762,
        "veh_id": 11395,
        "sim_time_s": 54.5,
        "tier": "track-zone",
        "prearm_status": "",
        "focus_role": "none"
      }
    },
    {
      "type": "Feature",
      "geometry": {
        "type": "Point",
        "coordinates": [
          500457.7483983264,
          6965696.808175446
        ]
      },
      "properties": {
        "junction_id": 39578,
        "veh_id": 11402,
        "sim_time_s": 58.5,
        "tier": "track-zone",
        "prearm_status": "",
        "focus_role": "none"
      }
    },
    {
      "type": "Feature",
      "geometry": {
        "type": "Point",
        "coordinates": [
          0.0,
          0.0
        ]
      },
      "properties": {
        "junction_id": 39590,
        "veh_id": 11430,
        "sim_time_s": 60.3,
        "tier": "harmony-no-ge-local",
        "prearm_status": "skip",
        "focus_role": "none"
      }
    },
    {
      "type": "Feature",
      "geometry": {
        "type": "Point",
        "coordinates": [
          0.0,
          0.0
        ]
      },
      "properties": {
        "junction_id": 39576,
        "veh_id": 11402,
        "sim_time_s": 60.3,
        "tier": "harmony-ins-local",
        "prearm_status": "action",
        "focus_role": "none"
      }
    },
    {
      "type": "Feature",
      "geometry": {
        "type": "Point",
        "coordinates": [
          499965.2461986141,
          6967100.990628081
        ]
      },
      "properties": {
        "junction_id": 11118289,
        "veh_id": 11420,
        "sim_time_s": 65.2,
        "tier": "track-zone",
        "prearm_status": "",
        "focus_role": "none"
      }
    },
    {
      "type": "Feature",
      "geometry": {
        "type": "Point",
        "coordinates": [
          0.0,
          0.0
        ]
      },
      "properties": {
        "junction_id": 1043762,
        "veh_id": 11395,
        "sim_time_s": 66.6,
        "tier": "harmony-no-ge-local",
        "prearm_status": "skip",
        "focus_role": "none"
      }
    },
    {
      "type": "Feature",
      "geometry": {
        "type": "Point",
        "coordinates": [
          0.0,
          0.0
        ]
      },
      "properties": {
        "junction_id": 38339,
        "veh_id": 11420,
        "sim_time_s": 69.3,
        "tier": "harmony-ins-local",
        "prearm_status": "action",
        "focus_role": "none"
      }
    },
    {
      "type": "Feature",
      "geometry": {
        "type": "Point",
        "coordinates": [
          499961.4202417018,
          6966952.073906085
        ]
      },
      "properties": {
        "junction_id": 39568,
        "veh_id": 11420,
        "sim_time_s": 78.8,
        "tier": "track-zone",
        "prearm_status": "",
        "focus_role": "none"
      }
    },
    {
      "type": "Feature",
      "geometry": {
        "type": "Point",
        "coordinates": [
          500363.24889444245,
          6966090.644500678
        ]
      },
      "properties": {
        "junction_id": 39578,
        "veh_id": 11395,
        "sim_time_s": 80.1,
        "tier": "track-section",
        "prearm_status": "",
        "focus_role": "none"
      }
    },
    {
      "type": "Feature",
      "geometry": {
        "type": "Point",
        "coordinates": [
          499966.2529760521,
          6966891.229407599
        ]
      },
      "properties": {
        "junction_id": 39572,
        "veh_id": 11420,
        "sim_time_s": 82.8,
        "tier": "track-zone",
        "prearm_status": "",
        "focus_role": "none"
      }
    },
    {
      "type": "Feature",
      "geometry": {
        "type": "Point",
        "coordinates": [
          0.0,
          0.0
        ]
      },
      "properties": {
        "junction_id": 39578,
        "veh_id": 11395,
        "sim_time_s": 93.6,
        "tier": "harmony-ins-local",
        "prearm_status": "action",
        "focus_role": "none"
      }
    },
    {
      "type": "Feature",
      "geometry": {
        "type": "Point",
        "coordinates": [
          0.0,
          0.0
        ]
      },
      "properties": {
        "junction_id": 39572,
        "veh_id": 11420,
        "sim_time_s": 96.3,
        "tier": "harmony-no-ge-local",
        "prearm_status": "skip",
        "focus_role": "none"
      }
    },
    {
      "type": "Feature",
      "geometry": {
        "type": "Point",
        "coordinates": [
          500015.64024113904,
          6966660.675520672
        ]
      },
      "properties": {
        "junction_id": 39569,
        "veh_id": 11420,
        "sim_time_s": 97.7,
        "tier": "track-zone",
        "prearm_status": "",
        "focus_role": "none"
      }
    },
    {
      "type": "Feature",
      "geometry": {
        "type": "Point",
        "coordinates": [
          500531.6863250505,
          6965934.832128458
        ]
      },
      "properties": {
        "junction_id": 39576,
        "veh_id": 11395,
        "sim_time_s": 101.7,
        "tier": "track-zone",
        "prearm_status": "",
        "focus_role": "none"
      }
    },
    {
      "type": "Feature",
      "geometry": {
        "type": "Point",
        "coordinates": [
          500673.8464084477,
          6964517.080450924
        ]
      },
      "properties": {
        "junction_id": 36393,
        "veh_id": 11430,
        "sim_time_s": 107.1,
        "tier": "track-zone",
        "prearm_status": "",
        "focus_role": "none"
      }
    },
    {
      "type": "Feature",
      "geometry": {
        "type": "Point",
        "coordinates": [
          0.0,
          0.0
        ]
      },
      "properties": {
        "junction_id": 36393,
        "veh_id": 11430,
        "sim_time_s": 122.0,
        "tier": "harmony-ins-local",
        "prearm_status": "action",
        "focus_role": "none"
      }
    },
    {
      "type": "Feature",
      "geometry": {
        "type": "Point",
        "coordinates": [
          500678.6932880919,
          6964737.7513474375
        ]
      },
      "properties": {
        "junction_id": 36385,
        "veh_id": 11430,
        "sim_time_s": 125.1,
        "tier": "coord-prearm-harmony/SHOCKWAVE",
        "prearm_status": "fired",
        "focus_role": "none"
      }
    },
    {
      "type": "Feature",
      "geometry": {
        "type": "Point",
        "coordinates": [
          0.0,
          0.0
        ]
      },
      "properties": {
        "junction_id": 36385,
        "veh_id": 11430,
        "sim_time_s": 125.5,
        "tier": "harmony-ins-local",
        "prearm_status": "action",
        "focus_role": "none"
      }
    },
    {
      "type": "Feature",
      "geometry": {
        "type": "Point",
        "coordinates": [
          500715.9750991549,
          6965021.28412977
        ]
      },
      "properties": {
        "junction_id": 36385,
        "veh_id": 11430,
        "sim_time_s": 125.5,
        "tier": "coord-prearm-success/SHOCKWAVE",
        "prearm_status": "success",
        "focus_role": "none"
      }
    },
    {
      "type": "Feature",
      "geometry": {
        "type": "Point",
        "coordinates": [
          500498.63037767477,
          6965702.064190739
        ]
      },
      "properties": {
        "junction_id": 39587,
        "veh_id": 11402,
        "sim_time_s": 128.7,
        "tier": "track-zone",
        "prearm_status": "",
        "focus_role": "none"
      }
    },
    {
      "type": "Feature",
      "geometry": {
        "type": "Point",
        "coordinates": [
          500519.7610972693,
          6965644.564043149
        ]
      },
      "properties": {
        "junction_id": 1119660,
        "veh_id": 11402,
        "sim_time_s": 135.4,
        "tier": "track-zone",
        "prearm_status": "",
        "focus_role": "none"
      }
    },
    {
      "type": "Feature",
      "geometry": {
        "type": "Point",
        "coordinates": [
          500553.18955092045,
          6965567.400385997
        ]
      },
      "properties": {
        "junction_id": 10157950,
        "veh_id": 11402,
        "sim_time_s": 142.2,
        "tier": "track-zone",
        "prearm_status": "",
        "focus_role": "none"
      }
    },
    {
      "type": "Feature",
      "geometry": {
        "type": "Point",
        "coordinates": [
          0.0,
          0.0
        ]
      },
      "properties": {
        "junction_id": 39576,
        "veh_id": 11395,
        "sim_time_s": 142.2,
        "tier": "harmony-ins-local",
        "prearm_status": "action",
        "focus_role": "none"
      }
    },
    {
      "type": "Feature",
      "geometry": {
        "type": "Point",
        "coordinates": [
          500702.58804624097,
          6964937.242877987
        ]
      },
      "properties": {
        "junction_id": 39593,
        "veh_id": 11430,
        "sim_time_s": 146.2,
        "tier": "track-zone",
        "prearm_status": "",
        "focus_role": "none"
      }
    },
    {
      "type": "Feature",
      "geometry": {
        "type": "Point",
        "coordinates": [
          0.0,
          0.0
        ]
      },
      "properties": {
        "junction_id": 39587,
        "veh_id": 11402,
        "sim_time_s": 147.6,
        "tier": "harmony-no-ge-local",
        "prearm_status": "skip",
        "focus_role": "none"
      }
    },
    {
      "type": "Feature",
      "geometry": {
        "type": "Point",
        "coordinates": [
          500512.36789909395,
          6965709.317920625
        ]
      },
      "properties": {
        "junction_id": 39587,
        "veh_id": 11395,
        "sim_time_s": 148.9,
        "tier": "track-zone",
        "prearm_status": "",
        "focus_role": "none"
      }
    },
    {
      "type": "Feature",
      "geometry": {
        "type": "Point",
        "coordinates": [
          0.0,
          0.0
        ]
      },
      "properties": {
        "junction_id": 39569,
        "veh_id": 11420,
        "sim_time_s": 148.9,
        "tier": "harmony-no-ge-local",
        "prearm_status": "skip",
        "focus_role": "none"
      }
    },
    {
      "type": "Feature",
      "geometry": {
        "type": "Point",
        "coordinates": [
          500520.44715721067,
          6965642.726548458
        ]
      },
      "properties": {
        "junction_id": 1119660,
        "veh_id": 11395,
        "sim_time_s": 155.7,
        "tier": "track-zone",
        "prearm_status": "",
        "focus_role": "none"
      }
    },
    {
      "type": "Feature",
      "geometry": {
        "type": "Point",
        "coordinates": [
          500555.59396331856,
          6965562.344998725
        ]
      },
      "properties": {
        "junction_id": 10157950,
        "veh_id": 11395,
        "sim_time_s": 162.4,
        "tier": "track-zone",
        "prearm_status": "",
        "focus_role": "none"
      }
    },
    {
      "type": "Feature",
      "geometry": {
        "type": "Point",
        "coordinates": [
          500610.5535973954,
          6965403.559870501
        ]
      },
      "properties": {
        "junction_id": 39593,
        "veh_id": 11402,
        "sim_time_s": 177.3,
        "tier": "track-zone",
        "prearm_status": "",
        "focus_role": "none"
      }
    },
    {
      "type": "Feature",
      "geometry": {
        "type": "Point",
        "coordinates": [
          0.0,
          0.0
        ]
      },
      "properties": {
        "junction_id": 39587,
        "veh_id": 11395,
        "sim_time_s": 181.3,
        "tier": "harmony-ins-local",
        "prearm_status": "action",
        "focus_role": "none"
      }
    },
    {
      "type": "Feature",
      "geometry": {
        "type": "Point",
        "coordinates": [
          500653.830866782,
          6965243.836518033
        ]
      },
      "properties": {
        "junction_id": 36385,
        "veh_id": 11402,
        "sim_time_s": 188.1,
        "tier": "track-zone",
        "prearm_status": "",
        "focus_role": "none"
      }
    },
    {
      "type": "Feature",
      "geometry": {
        "type": "Point",
        "coordinates": [
          500609.66685056326,
          6965407.115705206
        ]
      },
      "properties": {
        "junction_id": 39593,
        "veh_id": 11395,
        "sim_time_s": 189.4,
        "tier": "track-zone",
        "prearm_status": "",
        "focus_role": "none"
      }
    },
    {
      "type": "Feature",
      "geometry": {
        "type": "Point",
        "coordinates": [
          0.0,
          0.0
        ]
      },
      "properties": {
        "junction_id": 39593,
        "veh_id": 11402,
        "sim_time_s": 190.8,
        "tier": "harmony-no-ge-local",
        "prearm_status": "skip",
        "focus_role": "none"
      }
    },
    {
      "type": "Feature",
      "geometry": {
        "type": "Point",
        "coordinates": [
          500648.2707547333,
          6965256.668347003
        ]
      },
      "properties": {
        "junction_id": 36385,
        "veh_id": 11395,
        "sim_time_s": 198.9,
        "tier": "track-zone",
        "prearm_status": "",
        "focus_role": "none"
      }
    },
    {
      "type": "Feature",
      "geometry": {
        "type": "Point",
        "coordinates": [
          0.0,
          0.0
        ]
      },
      "properties": {
        "junction_id": 39593,
        "veh_id": 11395,
        "sim_time_s": 202.9,
        "tier": "harmony-ins-local",
        "prearm_status": "action",
        "focus_role": "none"
      }
    },
    {
      "type": "Feature",
      "geometry": {
        "type": "Point",
        "coordinates": [
          500181.5264614642,
          6966349.474620488
        ]
      },
      "properties": {
        "junction_id": 1043762,
        "veh_id": 11420,
        "sim_time_s": 211.1,
        "tier": "IC-detect",
        "prearm_status": "",
        "focus_role": "none"
      }
    },
    {
      "type": "Feature",
      "geometry": {
        "type": "Point",
        "coordinates": [
          0.0,
          0.0
        ]
      },
      "properties": {
        "junction_id": 1043762,
        "veh_id": 11420,
        "sim_time_s": 219.2,
        "tier": "harmony-ins-local",
        "prearm_status": "action",
        "focus_role": "none"
      }
    },
    {
      "type": "Feature",
      "geometry": {
        "type": "Point",
        "coordinates": [
          500685.66615613236,
          6965093.18123529
        ]
      },
      "properties": {
        "junction_id": 10157950,
        "veh_id": 11430,
        "sim_time_s": 221.8,
        "tier": "track-zone",
        "prearm_status": "",
        "focus_role": "none"
      }
    },
    {
      "type": "Feature",
      "geometry": {
        "type": "Point",
        "coordinates": [
          500660.5805229914,
          6965184.781067636
        ]
      },
      "properties": {
        "junction_id": 1119660,
        "veh_id": 11430,
        "sim_time_s": 228.6,
        "tier": "track-zone",
        "prearm_status": "",
        "focus_role": "none"
      }
    },
    {
      "type": "Feature",
      "geometry": {
        "type": "Point",
        "coordinates": [
          500634.8224697255,
          6965243.108931536
        ]
      },
      "properties": {
        "junction_id": 39587,
        "veh_id": 11430,
        "sim_time_s": 232.7,
        "tier": "track-zone",
        "prearm_status": "",
        "focus_role": "none"
      }
    },
    {
      "type": "Feature",
      "geometry": {
        "type": "Point",
        "coordinates": [
          500349.6666157035,
          6966098.843706698
        ]
      },
      "properties": {
        "junction_id": 39578,
        "veh_id": 11420,
        "sim_time_s": 240.8,
        "tier": "track-section",
        "prearm_status": "",
        "focus_role": "none"
      }
    },
    {
      "type": "Feature",
      "geometry": {
        "type": "Point",
        "coordinates": [
          0.0,
          0.0
        ]
      },
      "properties": {
        "junction_id": 39587,
        "veh_id": 11430,
        "sim_time_s": 244.8,
        "tier": "harmony-ins-local",
        "prearm_status": "action",
        "focus_role": "none"
      }
    },
    {
      "type": "Feature",
      "geometry": {
        "type": "Point",
        "coordinates": [
          500567.6251435854,
          6965474.157592765
        ]
      },
      "properties": {
        "junction_id": 39576,
        "veh_id": 11430,
        "sim_time_s": 247.5,
        "tier": "track-zone",
        "prearm_status": "",
        "focus_role": "none"
      }
    },
    {
      "type": "Feature",
      "geometry": {
        "type": "Point",
        "coordinates": [
          0.0,
          0.0
        ]
      },
      "properties": {
        "junction_id": 39578,
        "veh_id": 11420,
        "sim_time_s": 256.9,
        "tier": "harmony-no-ge-local",
        "prearm_status": "skip",
        "focus_role": "none"
      }
    },
    {
      "type": "Feature",
      "geometry": {
        "type": "Point",
        "coordinates": [
          500529.7270556316,
          6965931.136961961
        ]
      },
      "properties": {
        "junction_id": 39576,
        "veh_id": 11420,
        "sim_time_s": 258.3,
        "tier": "track-zone",
        "prearm_status": "",
        "focus_role": "none"
      }
    },
    {
      "type": "Feature",
      "geometry": {
        "type": "Point",
        "coordinates": [
          0.0,
          0.0
        ]
      },
      "properties": {
        "junction_id": 36385,
        "veh_id": 11402,
        "sim_time_s": 258.3,
        "tier": "harmony-no-ge-local",
        "prearm_status": "skip",
        "focus_role": "none"
      }
    },
    {
      "type": "Feature",
      "geometry": {
        "type": "Point",
        "coordinates": [
          0.0,
          0.0
        ]
      },
      "properties": {
        "junction_id": 39576,
        "veh_id": 11430,
        "sim_time_s": 262.4,
        "tier": "harmony-no-ge-local",
        "prearm_status": "skip",
        "focus_role": "none"
      }
    },
    {
      "type": "Feature",
      "geometry": {
        "type": "Point",
        "coordinates": [
          500728.51988381415,
          6964983.675678239
        ]
      },
      "properties": {
        "junction_id": 36393,
        "veh_id": 11402,
        "sim_time_s": 263.7,
        "tier": "track-zone",
        "prearm_status": "",
        "focus_role": "none"
      }
    },
    {
      "type": "Feature",
      "geometry": {
        "type": "Point",
        "coordinates": [
          500492.360294901,
          6965685.099924512
        ]
      },
      "properties": {
        "junction_id": 39578,
        "veh_id": 11430,
        "sim_time_s": 265.1,
        "tier": "track-zone",
        "prearm_status": "",
        "focus_role": "none"
      }
    },
    {
      "type": "Feature",
      "geometry": {
        "type": "Point",
        "coordinates": [
          0.0,
          0.0
        ]
      },
      "properties": {
        "junction_id": 36393,
        "veh_id": 11402,
        "sim_time_s": 279.9,
        "tier": "harmony-ins-local",
        "prearm_status": "action",
        "focus_role": "none"
      }
    },
    {
      "type": "Feature",
      "geometry": {
        "type": "Point",
        "coordinates": [
          0.0,
          0.0
        ]
      },
      "properties": {
        "junction_id": 36385,
        "veh_id": 11395,
        "sim_time_s": 285.3,
        "tier": "harmony-ins-local",
        "prearm_status": "action",
        "focus_role": "none"
      }
    },
    {
      "type": "Feature",
      "geometry": {
        "type": "Point",
        "coordinates": [
          500728.89342784847,
          6964990.416025238
        ]
      },
      "properties": {
        "junction_id": 36393,
        "veh_id": 11395,
        "sim_time_s": 289.4,
        "tier": "track-zone",
        "prearm_status": "",
        "focus_role": "none"
      }
    },
    {
      "type": "Feature",
      "geometry": {
        "type": "Point",
        "coordinates": [
          500728.89342784847,
          6964990.416025238
        ]
      },
      "properties": {
        "junction_id": 36393,
        "veh_id": 11395,
        "sim_time_s": 290.2,
        "tier": "coord-prearm-harmony/SHOCKWAVE",
        "prearm_status": "fired",
        "focus_role": "none"
      }
    },
    {
      "type": "Feature",
      "geometry": {
        "type": "Point",
        "coordinates": [
          0.0,
          0.0
        ]
      },
      "properties": {
        "junction_id": 39576,
        "veh_id": 11420,
        "sim_time_s": 298.8,
        "tier": "harmony-ge-local",
        "prearm_status": "action",
        "focus_role": "none"
      }
    },
    {
      "type": "Feature",
      "geometry": {
        "type": "Point",
        "coordinates": [
          500945.67046802037,
          6964036.799411514
        ]
      },
      "properties": {
        "junction_id": 39606,
        "veh_id": 11409,
        "sim_time_s": 300.1,
        "tier": "track-section",
        "prearm_status": "",
        "focus_role": "none"
      }
    },
    {
      "type": "Feature",
      "geometry": {
        "type": "Point",
        "coordinates": [
          0.0,
          0.0
        ]
      },
      "properties": {
        "junction_id": 39578,
        "veh_id": 11430,
        "sim_time_s": 305.6,
        "tier": "harmony-ins-local",
        "prearm_status": "action",
        "focus_role": "none"
      }
    },
    {
      "type": "Feature",
      "geometry": {
        "type": "Point",
        "coordinates": [
          500512.361152046,
          6965706.773602731
        ]
      },
      "properties": {
        "junction_id": 39587,
        "veh_id": 11420,
        "sim_time_s": 306.9,
        "tier": "track-zone",
        "prearm_status": "",
        "focus_role": "none"
      }
    },
    {
      "type": "Feature",
      "geometry": {
        "type": "Point",
        "coordinates": [
          500519.12216776033,
          6965646.546763787
        ]
      },
      "properties": {
        "junction_id": 1119660,
        "veh_id": 11420,
        "sim_time_s": 312.3,
        "tier": "track-zone",
        "prearm_status": "",
        "focus_role": "none"
      }
    },
    {
      "type": "Feature",
      "geometry": {
        "type": "Point",
        "coordinates": [
          499517.7668464688,
          6966652.424015589
        ]
      },
      "properties": {
        "junction_id": 39572,
        "veh_id": 11388,
        "sim_time_s": 313.2,
        "tier": "IC-detect",
        "prearm_status": "",
        "focus_role": "none"
      }
    },
    {
      "type": "Feature",
      "geometry": {
        "type": "Point",
        "coordinates": [
          500396.76451372565,
          6966040.73136322
        ]
      },
      "properties": {
        "junction_id": 1043762,
        "veh_id": 11430,
        "sim_time_s": 316.4,
        "tier": "track-zone",
        "prearm_status": "",
        "focus_role": "none"
      }
    },
    {
      "type": "Feature",
      "geometry": {
        "type": "Point",
        "coordinates": [
          500551.0747969219,
          6965564.822257844
        ]
      },
      "properties": {
        "junction_id": 10157950,
        "veh_id": 11420,
        "sim_time_s": 319.1,
        "tier": "track-zone",
        "prearm_status": "",
        "focus_role": "none"
      }
    },
    {
      "type": "Feature",
      "geometry": {
        "type": "Point",
        "coordinates": [
          0.0,
          0.0
        ]
      },
      "properties": {
        "junction_id": 39587,
        "veh_id": 11420,
        "sim_time_s": 324.4,
        "tier": "harmony-no-ge-local",
        "prearm_status": "skip",
        "focus_role": "none"
      }
    },
    {
      "type": "Feature",
      "geometry": {
        "type": "Point",
        "coordinates": [
          0.0,
          0.0
        ]
      },
      "properties": {
        "junction_id": 1043762,
        "veh_id": 11430,
        "sim_time_s": 331.2,
        "tier": "harmony-ins-local",
        "prearm_status": "action",
        "focus_role": "none"
      }
    },
    {
      "type": "Feature",
      "geometry": {
        "type": "Point",
        "coordinates": [
          500689.1397654218,
          6964558.962566806
        ]
      },
      "properties": {
        "junction_id": 39590,
        "veh_id": 11402,
        "sim_time_s": 332.6,
        "tier": "track-zone",
        "prearm_status": "",
        "focus_role": "none"
      }
    },
    {
      "type": "Feature",
      "geometry": {
        "type": "Point",
        "coordinates": [
          500257.60549526336,
          6966194.007150254
        ]
      },
      "properties": {
        "junction_id": 39569,
        "veh_id": 11430,
        "sim_time_s": 333.4,
        "tier": "coord-prearm-harmony/SHOCKWAVE",
        "prearm_status": "fired",
        "focus_role": "none"
      }
    },
    {
      "type": "Feature",
      "geometry": {
        "type": "Point",
        "coordinates": [
          500603.3579538148,
          6965407.119896899
        ]
      },
      "properties": {
        "junction_id": 39593,
        "veh_id": 11420,
        "sim_time_s": 333.9,
        "tier": "track-zone",
        "prearm_status": "",
        "focus_role": "none"
      }
    },
    {
      "type": "Feature",
      "geometry": {
        "type": "Point",
        "coordinates": [
          0.0,
          0.0
        ]
      },
      "properties": {
        "junction_id": 39569,
        "veh_id": 11430,
        "sim_time_s": 333.9,
        "tier": "harmony-ins-local",
        "prearm_status": "action",
        "focus_role": "none"
      }
    },
    {
      "type": "Feature",
      "geometry": {
        "type": "Point",
        "coordinates": [
          500105.3249690746,
          6966447.427635936
        ]
      },
      "properties": {
        "junction_id": 39569,
        "veh_id": 11430,
        "sim_time_s": 333.9,
        "tier": "coord-prearm-success/SHOCKWAVE",
        "prearm_status": "success",
        "focus_role": "none"
      }
    },
    {
      "type": "Feature",
      "geometry": {
        "type": "Point",
        "coordinates": [
          499757.114392696,
          6966606.798974786
        ]
      },
      "properties": {
        "junction_id": 39568,
        "veh_id": 11388,
        "sim_time_s": 337.9,
        "tier": "track-zone",
        "prearm_status": "",
        "focus_role": "none"
      }
    },
    {
      "type": "Feature",
      "geometry": {
        "type": "Point",
        "coordinates": [
          500255.4620464026,
          6966197.083241965
        ]
      },
      "properties": {
        "junction_id": 39572,
        "veh_id": 11430,
        "sim_time_s": 337.9,
        "tier": "coord-prearm-harmony/SHOCKWAVE",
        "prearm_status": "fired",
        "focus_role": "none"
      }
    },
    {
      "type": "Feature",
      "geometry": {
        "type": "Point",
        "coordinates": [
          0.0,
          0.0
        ]
      },
      "properties": {
        "junction_id": 39572,
        "veh_id": 11430,
        "sim_time_s": 338.4,
        "tier": "harmony-ge-local",
        "prearm_status": "action",
        "focus_role": "none"
      }
    },
    {
      "type": "Feature",
      "geometry": {
        "type": "Point",
        "coordinates": [
          500012.2556836752,
          6966653.44887729
        ]
      },
      "properties": {
        "junction_id": 39572,
        "veh_id": 11430,
        "sim_time_s": 338.4,
        "tier": "coord-prearm-success/SHOCKWAVE",
        "prearm_status": "success",
        "focus_role": "none"
      }
    },
    {
      "type": "Feature",
      "geometry": {
        "type": "Point",
        "coordinates": [
          0.0,
          0.0
        ]
      },
      "properties": {
        "junction_id": 36393,
        "veh_id": 11395,
        "sim_time_s": 340.2,
        "tier": "harmony-ins-local",
        "prearm_status": "action",
        "focus_role": "none"
      }
    },
    {
      "type": "Feature",
      "geometry": {
        "type": "Point",
        "coordinates": [
          500684.0987813322,
          6964756.319799705
        ]
      },
      "properties": {
        "junction_id": 36393,
        "veh_id": 11395,
        "sim_time_s": 340.2,
        "tier": "coord-prearm-success/SHOCKWAVE",
        "prearm_status": "success",
        "focus_role": "none"
      }
    },
    {
      "type": "Feature",
      "geometry": {
        "type": "Point",
        "coordinates": [
          500890.6258915022,
          6964116.775141289
        ]
      },
      "properties": {
        "junction_id": 39590,
        "veh_id": 11409,
        "sim_time_s": 342.0,
        "tier": "track-zone",
        "prearm_status": "",
        "focus_role": "none"
      }
    },
    {
      "type": "Feature",
      "geometry": {
        "type": "Point",
        "coordinates": [
          500733.57630066643,
          6964400.570126783
        ]
      },
      "properties": {
        "junction_id": 39606,
        "veh_id": 11402,
        "sim_time_s": 343.4,
        "tier": "track-zone",
        "prearm_status": "",
        "focus_role": "none"
      }
    },
    {
      "type": "Feature",
      "geometry": {
        "type": "Point",
        "coordinates": [
          0.0,
          0.0
        ]
      },
      "properties": {
        "junction_id": 39606,
        "veh_id": 11409,
        "sim_time_s": 346.1,
        "tier": "harmony-no-ge-local",
        "prearm_status": "skip",
        "focus_role": "none"
      }
    },
    {
      "type": "Feature",
      "geometry": {
        "type": "Point",
        "coordinates": [
          499883.9668343283,
          6966546.217209438
        ]
      },
      "properties": {
        "junction_id": 39569,
        "veh_id": 11388,
        "sim_time_s": 348.8,
        "tier": "track-zone",
        "prearm_status": "",
        "focus_role": "none"
      }
    },
    {
      "type": "Feature",
      "geometry": {
        "type": "Point",
        "coordinates": [
          500644.02755898953,
          6965251.181309338
        ]
      },
      "properties": {
        "junction_id": 36385,
        "veh_id": 11420,
        "sim_time_s": 360.9,
        "tier": "track-zone",
        "prearm_status": "",
        "focus_role": "none"
      }
    },
    {
      "type": "Feature",
      "geometry": {
        "type": "Point",
        "coordinates": [
          500690.6880514332,
          6964542.367875998
        ]
      },
      "properties": {
        "junction_id": 39590,
        "veh_id": 11395,
        "sim_time_s": 363.6,
        "tier": "track-zone",
        "prearm_status": "",
        "focus_role": "none"
      }
    },
    {
      "type": "Feature",
      "geometry": {
        "type": "Point",
        "coordinates": [
          0.0,
          0.0
        ]
      },
      "properties": {
        "junction_id": 39593,
        "veh_id": 11420,
        "sim_time_s": 366.3,
        "tier": "harmony-no-ge-local",
        "prearm_status": "skip",
        "focus_role": "none"
      }
    },
    {
      "type": "Feature",
      "geometry": {
        "type": "Point",
        "coordinates": [
          500138.24397619785,
          6966428.506738006
        ]
      },
      "properties": {
        "junction_id": 1043762,
        "veh_id": 11388,
        "sim_time_s": 367.6,
        "tier": "track-zone",
        "prearm_status": "",
        "focus_role": "none"
      }
    },
    {
      "type": "Feature",
      "geometry": {
        "type": "Point",
        "coordinates": [
          500732.9891298668,
          6964402.233924605
        ]
      },
      "properties": {
        "junction_id": 39606,
        "veh_id": 11395,
        "sim_time_s": 373.1,
        "tier": "track-zone",
        "prearm_status": "",
        "focus_role": "none"
      }
    },
    {
      "type": "Feature",
      "geometry": {
        "type": "Point",
        "coordinates": [
          0.0,
          0.0
        ]
      },
      "properties": {
        "junction_id": 39590,
        "veh_id": 11409,
        "sim_time_s": 374.4,
        "tier": "harmony-no-ge-local",
        "prearm_status": "skip",
        "focus_role": "none"
      }
    },
    {
      "type": "Feature",
      "geometry": {
        "type": "Point",
        "coordinates": [
          499512.96129618504,
          6966653.520070833
        ]
      },
      "properties": {
        "junction_id": 39572,
        "veh_id": 11413,
        "sim_time_s": 374.4,
        "tier": "IC-detect",
        "prearm_status": "",
        "focus_role": "none"
      }
    },
    {
      "type": "Feature",
      "geometry": {
        "type": "Point",
        "coordinates": [
          0.0,
          0.0
        ]
      },
      "properties": {
        "junction_id": 39606,
        "veh_id": 11402,
        "sim_time_s": 390.6,
        "tier": "harmony-no-ge-local",
        "prearm_status": "skip",
        "focus_role": "none"
      }
    },
    {
      "type": "Feature",
      "geometry": {
        "type": "Point",
        "coordinates": [
          500360.7494064359,
          6966092.99153054
        ]
      },
      "properties": {
        "junction_id": 39578,
        "veh_id": 11388,
        "sim_time_s": 393.3,
        "tier": "track-section",
        "prearm_status": "",
        "focus_role": "none"
      }
    },
    {
      "type": "Feature",
      "geometry": {
        "type": "Point",
        "coordinates": [
          500073.8306255866,
          6966495.313194832
        ]
      },
      "properties": {
        "junction_id": 39568,
        "veh_id": 11430,
        "sim_time_s": 394.6,
        "tier": "track-zone",
        "prearm_status": "",
        "focus_role": "none"
      }
    },
    {
      "type": "Feature",
      "geometry": {
        "type": "Point",
        "coordinates": [
          500674.6671461944,
          6964510.73811183
        ]
      },
      "properties": {
        "junction_id": 36393,
        "veh_id": 11409,
        "sim_time_s": 424.4,
        "tier": "track-zone",
        "prearm_status": "",
        "focus_role": "none"
      }
    },
    {
      "type": "Feature",
      "geometry": {
        "type": "Point",
        "coordinates": [
          499757.4483129915,
          6966606.594166257
        ]
      },
      "properties": {
        "junction_id": 39568,
        "veh_id": 11413,
        "sim_time_s": 429.8,
        "tier": "track-zone",
        "prearm_status": "",
        "focus_role": "none"
      }
    },
    {
      "type": "Feature",
      "geometry": {
        "type": "Point",
        "coordinates": [
          0.0,
          0.0
        ]
      },
      "properties": {
        "junction_id": 39578,
        "veh_id": 11388,
        "sim_time_s": 432.4,
        "tier": "harmony-ins-local",
        "prearm_status": "action",
        "focus_role": "none"
      }
    },
    {
      "type": "Feature",
      "geometry": {
        "type": "Point",
        "coordinates": [
          500530.43683076435,
          6965937.966687847
        ]
      },
      "properties": {
        "junction_id": 39576,
        "veh_id": 11388,
        "sim_time_s": 435.1,
        "tier": "track-zone",
        "prearm_status": "",
        "focus_role": "none"
      }
    },
    {
      "type": "Feature",
      "geometry": {
        "type": "Point",
        "coordinates": [
          500018.35345351824,
          6966619.474224877
        ]
      },
      "properties": {
        "junction_id": 11118289,
        "veh_id": 11430,
        "sim_time_s": 435.1,
        "tier": "track-zone",
        "prearm_status": "",
        "focus_role": "none"
      }
    },
    {
      "type": "Feature",
      "geometry": {
        "type": "Point",
        "coordinates": [
          499960.75669577025,
          6966788.230597683
        ]
      },
      "properties": {
        "junction_id": 38339,
        "veh_id": 11430,
        "sim_time_s": 448.6,
        "tier": "track-zone",
        "prearm_status": "",
        "focus_role": "none"
      }
    },
    {
      "type": "Feature",
      "geometry": {
        "type": "Point",
        "coordinates": [
          500952.09229130344,
          6964037.796872752
        ]
      },
      "properties": {
        "junction_id": 39606,
        "veh_id": 11431,
        "sim_time_s": 450.0,
        "tier": "track-section",
        "prearm_status": "",
        "focus_role": "none"
      }
    },
    {
      "type": "Feature",
      "geometry": {
        "type": "Point",
        "coordinates": [
          0.0,
          0.0
        ]
      },
      "properties": {
        "junction_id": 36385,
        "veh_id": 11420,
        "sim_time_s": 452.7,
        "tier": "harmony-ins-local",
        "prearm_status": "action",
        "focus_role": "none"
      }
    },
    {
      "type": "Feature",
      "geometry": {
        "type": "Point",
        "coordinates": [
          500728.97425730806,
          6964999.639176704
        ]
      },
      "properties": {
        "junction_id": 36393,
        "veh_id": 11420,
        "sim_time_s": 456.8,
        "tier": "track-zone",
        "prearm_status": "",
        "focus_role": "none"
      }
    },
    {
      "type": "Feature",
      "geometry": {
        "type": "Point",
        "coordinates": [
          500887.6472557385,
          6964126.213200383
        ]
      },
      "properties": {
        "junction_id": 39590,
        "veh_id": 11431,
        "sim_time_s": 456.8,
        "tier": "track-zone",
        "prearm_status": "",
        "focus_role": "none"
      }
    },
    {
      "type": "Feature",
      "geometry": {
        "type": "Point",
        "coordinates": [
          0.0,
          0.0
        ]
      },
      "properties": {
        "junction_id": 39576,
        "veh_id": 11388,
        "sim_time_s": 456.8,
        "tier": "harmony-no-ge-local",
        "prearm_status": "skip",
        "focus_role": "none"
      }
    },
    {
      "type": "Feature",
      "geometry": {
        "type": "Point",
        "coordinates": [
          500512.6394565555,
          6965702.086683427
        ]
      },
      "properties": {
        "junction_id": 39587,
        "veh_id": 11388,
        "sim_time_s": 459.4,
        "tier": "track-zone",
        "prearm_status": "",
        "focus_role": "none"
      }
    },
    {
      "type": "Feature",
      "geometry": {
        "type": "Point",
        "coordinates": [
          0.0,
          0.0
        ]
      },
      "properties": {
        "junction_id": 39606,
        "veh_id": 11431,
        "sim_time_s": 460.8,
        "tier": "harmony-ins-local",
        "prearm_status": "action",
        "focus_role": "none"
      }
    },
    {
      "type": "Feature",
      "geometry": {
        "type": "Point",
        "coordinates": [
          0.0,
          0.0
        ]
      },
      "properties": {
        "junction_id": 38339,
        "veh_id": 11430,
        "sim_time_s": 462.1,
        "tier": "harmony-ins-local",
        "prearm_status": "action",
        "focus_role": "none"
      }
    },
    {
      "type": "Feature",
      "geometry": {
        "type": "Point",
        "coordinates": [
          500518.48778929986,
          6965649.07310798
        ]
      },
      "properties": {
        "junction_id": 1119660,
        "veh_id": 11388,
        "sim_time_s": 464.9,
        "tier": "track-zone",
        "prearm_status": "",
        "focus_role": "none"
      }
    },
    {
      "type": "Feature",
      "geometry": {
        "type": "Point",
        "coordinates": [
          500680.05342031515,
          6964788.690467629
        ]
      },
      "properties": {
        "junction_id": 36385,
        "veh_id": 11409,
        "sim_time_s": 470.2,
        "tier": "track-zone",
        "prearm_status": "",
        "focus_role": "none"
      }
    },
    {
      "type": "Feature",
      "geometry": {
        "type": "Point",
        "coordinates": [
          499892.7275014606,
          6966542.01755222
        ]
      },
      "properties": {
        "junction_id": 39569,
        "veh_id": 11413,
        "sim_time_s": 471.6,
        "tier": "track-zone",
        "prearm_status": "",
        "focus_role": "none"
      }
    },
    {
      "type": "Feature",
      "geometry": {
        "type": "Point",
        "coordinates": [
          500555.75288098643,
          6965562.08865294
        ]
      },
      "properties": {
        "junction_id": 10157950,
        "veh_id": 11388,
        "sim_time_s": 474.3,
        "tier": "track-zone",
        "prearm_status": "",
        "focus_role": "none"
      }
    },
    {
      "type": "Feature",
      "geometry": {
        "type": "Point",
        "coordinates": [
          0.0,
          0.0
        ]
      },
      "properties": {
        "junction_id": 36393,
        "veh_id": 11420,
        "sim_time_s": 474.3,
        "tier": "harmony-no-ge-local",
        "prearm_status": "skip",
        "focus_role": "none"
      }
    },
    {
      "type": "Feature",
      "geometry": {
        "type": "Point",
        "coordinates": [
          0.0,
          0.0
        ]
      },
      "properties": {
        "junction_id": 39587,
        "veh_id": 11388,
        "sim_time_s": 487.8,
        "tier": "harmony-no-ge-local",
        "prearm_status": "skip",
        "focus_role": "none"
      }
    },
    {
      "type": "Feature",
      "geometry": {
        "type": "Point",
        "coordinates": [
          499461.06147107616,
          6967098.413276855
        ]
      },
      "properties": {
        "junction_id": 38339,
        "veh_id": 11397,
        "sim_time_s": 487.8,
        "tier": "IC-detect",
        "prearm_status": "",
        "focus_role": "none"
      }
    },
    {
      "type": "Feature",
      "geometry": {
        "type": "Point",
        "coordinates": [
          500690.18569344166,
          6964545.76736285
        ]
      },
      "properties": {
        "junction_id": 39590,
        "veh_id": 11420,
        "sim_time_s": 493.2,
        "tier": "track-zone",
        "prearm_status": "",
        "focus_role": "none"
      }
    },
    {
      "type": "Feature",
      "geometry": {
        "type": "Point",
        "coordinates": [
          500088.38538498286,
          6967506.565875464
        ]
      },
      "properties": {
        "junction_id": 38339,
        "veh_id": 11421,
        "sim_time_s": 498.6,
        "tier": "IC-detect",
        "prearm_status": "",
        "focus_role": "none"
      }
    },
    {
      "type": "Feature",
      "geometry": {
        "type": "Point",
        "coordinates": [
          500610.495647622,
          6965404.200149128
        ]
      },
      "properties": {
        "junction_id": 39593,
        "veh_id": 11388,
        "sim_time_s": 499.9,
        "tier": "track-zone",
        "prearm_status": "",
        "focus_role": "none"
      }
    },
    {
      "type": "Feature",
      "geometry": {
        "type": "Point",
        "coordinates": [
          0.0,
          0.0
        ]
      },
      "properties": {
        "junction_id": 39590,
        "veh_id": 11431,
        "sim_time_s": 512.1,
        "tier": "harmony-no-ge-local",
        "prearm_status": "skip",
        "focus_role": "none"
      }
    },
    {
      "type": "Feature",
      "geometry": {
        "type": "Point",
        "coordinates": [
          500701.7734274403,
          6964932.904758621
        ]
      },
      "properties": {
        "junction_id": 39593,
        "veh_id": 11409,
        "sim_time_s": 513.5,
        "tier": "track-zone",
        "prearm_status": "",
        "focus_role": "none"
      }
    },
    {
      "type": "Feature",
      "geometry": {
        "type": "Point",
        "coordinates": [
          500646.6712004602,
          6965260.63432457
        ]
      },
      "properties": {
        "junction_id": 36385,
        "veh_id": 11388,
        "sim_time_s": 514.8,
        "tier": "track-zone",
        "prearm_status": "",
        "focus_role": "none"
      }
    },
    {
      "type": "Feature",
      "geometry": {
        "type": "Point",
        "coordinates": [
          0.0,
          0.0
        ]
      },
      "properties": {
        "junction_id": 39593,
        "veh_id": 11388,
        "sim_time_s": 521.5,
        "tier": "harmony-no-ge-local",
        "prearm_status": "skip",
        "focus_role": "none"
      }
    },
    {
      "type": "Feature",
      "geometry": {
        "type": "Point",
        "coordinates": [
          500729.2581387468,
          6964411.504557877
        ]
      },
      "properties": {
        "junction_id": 39606,
        "veh_id": 11420,
        "sim_time_s": 541.8,
        "tier": "track-zone",
        "prearm_status": "",
        "focus_role": "none"
      }
    },
    {
      "type": "Feature",
      "geometry": {
        "type": "Point",
        "coordinates": [
          0.0,
          0.0
        ]
      },
      "properties": {
        "junction_id": 36385,
        "veh_id": 11409,
        "sim_time_s": 541.8,
        "tier": "harmony-ins-local",
        "prearm_status": "action",
        "focus_role": "none"
      }
    },
    {
      "type": "Feature",
      "geometry": {
        "type": "Point",
        "coordinates": [
          499820.2233549663,
          6967045.135931389
        ]
      },
      "properties": {
        "junction_id": 11118289,
        "veh_id": 11397,
        "sim_time_s": 544.5,
        "tier": "track-zone",
        "prearm_status": "",
        "focus_role": "none"
      }
    },
    {
      "type": "Feature",
      "geometry": {
        "type": "Point",
        "coordinates": [
          0.0,
          0.0
        ]
      },
      "properties": {
        "junction_id": 39569,
        "veh_id": 11413,
        "sim_time_s": 544.5,
        "tier": "harmony-ins-local",
        "prearm_status": "action",
        "focus_role": "none"
      }
    },
    {
      "type": "Feature",
      "geometry": {
        "type": "Point",
        "coordinates": [
          500129.04036010354,
          6966441.473083362
        ]
      },
      "properties": {
        "junction_id": 1043762,
        "veh_id": 11413,
        "sim_time_s": 548.5,
        "tier": "track-zone",
        "prearm_status": "",
        "focus_role": "none"
      }
    },
    {
      "type": "Feature",
      "geometry": {
        "type": "Point",
        "coordinates": [
          500683.1228857319,
          6965094.024881642
        ]
      },
      "properties": {
        "junction_id": 10157950,
        "veh_id": 11409,
        "sim_time_s": 549.9,
        "tier": "track-zone",
        "prearm_status": "",
        "focus_role": "none"
      }
    },
    {
      "type": "Feature",
      "geometry": {
        "type": "Point",
        "coordinates": [
          500673.39087713923,
          6964521.066111447
        ]
      },
      "properties": {
        "junction_id": 36393,
        "veh_id": 11431,
        "sim_time_s": 556.6,
        "tier": "track-zone",
        "prearm_status": "",
        "focus_role": "none"
      }
    },
    {
      "type": "Feature",
      "geometry": {
        "type": "Point",
        "coordinates": [
          499961.8236344387,
          6967101.246127165
        ]
      },
      "properties": {
        "junction_id": 11118289,
        "veh_id": 11421,
        "sim_time_s": 564.8,
        "tier": "track-zone",
        "prearm_status": "",
        "focus_role": "none"
      }
    },
    {
      "type": "Feature",
      "geometry": {
        "type": "Point",
        "coordinates": [
          0.0,
          0.0
        ]
      },
      "properties": {
        "junction_id": 38339,
        "veh_id": 11421,
        "sim_time_s": 568.8,
        "tier": "harmony-no-ge-local",
        "prearm_status": "skip",
        "focus_role": "none"
      }
    },
    {
      "type": "Feature",
      "geometry": {
        "type": "Point",
        "coordinates": [
          0.0,
          0.0
        ]
      },
      "properties": {
        "junction_id": 36393,
        "veh_id": 11431,
        "sim_time_s": 570.1,
        "tier": "harmony-no-ge-local",
        "prearm_status": "skip",
        "focus_role": "none"
      }
    },
    {
      "type": "Feature",
      "geometry": {
        "type": "Point",
        "coordinates": [
          499958.3621061218,
          6966953.229473456
        ]
      },
      "properties": {
        "junction_id": 39568,
        "veh_id": 11421,
        "sim_time_s": 575.5,
        "tier": "track-zone",
        "prearm_status": "",
        "focus_role": "none"
      }
    },
    {
      "type": "Feature",
      "geometry": {
        "type": "Point",
        "coordinates": [
          500680.13048240804,
          6964787.358487461
        ]
      },
      "properties": {
        "junction_id": 36385,
        "veh_id": 11431,
        "sim_time_s": 575.5,
        "tier": "track-zone",
        "prearm_status": "",
        "focus_role": "none"
      }
    },
    {
      "type": "Feature",
      "geometry": {
        "type": "Point",
        "coordinates": [
          0.0,
          0.0
        ]
      },
      "properties": {
        "junction_id": 39593,
        "veh_id": 11409,
        "sim_time_s": 575.5,
        "tier": "harmony-ins-local",
        "prearm_status": "action",
        "focus_role": "none"
      }
    },
    {
      "type": "Feature",
      "geometry": {
        "type": "Point",
        "coordinates": [
          500662.9116037735,
          6965178.87871479
        ]
      },
      "properties": {
        "junction_id": 1119660,
        "veh_id": 11409,
        "sim_time_s": 579.6,
        "tier": "track-zone",
        "prearm_status": "",
        "focus_role": "none"
      }
    },
    {
      "type": "Feature",
      "geometry": {
        "type": "Point",
        "coordinates": [
          499963.25479596766,
          6966892.463490751
        ]
      },
      "properties": {
        "junction_id": 39572,
        "veh_id": 11421,
        "sim_time_s": 579.6,
        "tier": "track-zone",
        "prearm_status": "",
        "focus_role": "none"
      }
    },
    {
      "type": "Feature",
      "geometry": {
        "type": "Point",
        "coordinates": [
          500640.88510176673,
          6965229.669940095
        ]
      },
      "properties": {
        "junction_id": 39587,
        "veh_id": 11409,
        "sim_time_s": 583.6,
        "tier": "track-zone",
        "prearm_status": "",
        "focus_role": "none"
      }
    },
    {
      "type": "Feature",
      "geometry": {
        "type": "Point",
        "coordinates": [
          0.0,
          0.0
        ]
      },
      "properties": {
        "junction_id": 1043762,
        "veh_id": 11413,
        "sim_time_s": 594.5,
        "tier": "harmony-no-ge-local",
        "prearm_status": "skip",
        "focus_role": "none"
      }
    },
    {
      "type": "Feature",
      "geometry": {
        "type": "Point",
        "coordinates": [
          499910.7793302949,
          6967033.805635808
        ]
      },
      "properties": {
        "junction_id": 38339,
        "veh_id": 11397,
        "sim_time_s": 608.0,
        "tier": "IC-detect",
        "prearm_status": "",
        "focus_role": "none"
      }
    },
    {
      "type": "Feature",
      "geometry": {
        "type": "Point",
        "coordinates": [
          500753.27373904904,
          6964359.268271071
        ]
      },
      "properties": {
        "junction_id": 39590,
        "veh_id": 11420,
        "sim_time_s": 613.4,
        "tier": "IC-detect",
        "prearm_status": "",
        "focus_role": "none"
      }
    },
    {
      "type": "Feature",
      "geometry": {
        "type": "Point",
        "coordinates": [
          0.0,
          0.0
        ]
      },
      "properties": {
        "junction_id": 38339,
        "veh_id": 11397,
        "sim_time_s": 613.4,
        "tier": "harmony-ins-local",
        "prearm_status": "action",
        "focus_role": "none"
      }
    },
    {
      "type": "Feature",
      "geometry": {
        "type": "Point",
        "coordinates": [
          0.0,
          0.0
        ]
      },
      "properties": {
        "junction_id": 39572,
        "veh_id": 11421,
        "sim_time_s": 618.8,
        "tier": "harmony-no-ge-local",
        "prearm_status": "skip",
        "focus_role": "none"
      }
    },
    {
      "type": "Feature",
      "geometry": {
        "type": "Point",
        "coordinates": [
          500008.8357675495,
          6966677.3917183
        ]
      },
      "properties": {
        "junction_id": 39569,
        "veh_id": 11421,
        "sim_time_s": 620.1,
        "tier": "track-zone",
        "prearm_status": "",
        "focus_role": "none"
      }
    },
    {
      "type": "Feature",
      "geometry": {
        "type": "Point",
        "coordinates": [
          0.0,
          0.0
        ]
      },
      "properties": {
        "junction_id": 39590,
        "veh_id": 11420,
        "sim_time_s": 620.1,
        "tier": "harmony-no-ge-local",
        "prearm_status": "skip",
        "focus_role": "none"
      }
    },
    {
      "type": "Feature",
      "geometry": {
        "type": "Point",
        "coordinates": [
          0.0,
          0.0
        ]
      },
      "properties": {
        "junction_id": 39587,
        "veh_id": 11409,
        "sim_time_s": 624.1,
        "tier": "harmony-no-ge-local",
        "prearm_status": "skip",
        "focus_role": "none"
      }
    },
    {
      "type": "Feature",
      "geometry": {
        "type": "Point",
        "coordinates": [
          500573.17128744227,
          6965456.90553663
        ]
      },
      "properties": {
        "junction_id": 39576,
        "veh_id": 11409,
        "sim_time_s": 628.2,
        "tier": "track-zone",
        "prearm_status": "",
        "focus_role": "none"
      }
    },
    {
      "type": "Feature",
      "geometry": {
        "type": "Point",
        "coordinates": [
          500351.63774823956,
          6966101.287406426
        ]
      },
      "properties": {
        "junction_id": 39578,
        "veh_id": 11413,
        "sim_time_s": 628.2,
        "tier": "track-section",
        "prearm_status": "",
        "focus_role": "none"
      }
    },
    {
      "type": "Feature",
      "geometry": {
        "type": "Point",
        "coordinates": [
          500712.4815939612,
          6965086.589630301
        ]
      },
      "properties": {
        "junction_id": 36385,
        "veh_id": 11388,
        "sim_time_s": 635.0,
        "tier": "IC-detect-far",
        "prearm_status": "",
        "focus_role": "none"
      }
    },
    {
      "type": "Feature",
      "geometry": {
        "type": "Point",
        "coordinates": [
          0.0,
          0.0
        ]
      },
      "properties": {
        "junction_id": 36385,
        "veh_id": 11388,
        "sim_time_s": 644.4,
        "tier": "harmony-no-ge-local",
        "prearm_status": "skip",
        "focus_role": "none"
      }
    },
    {
      "type": "Feature",
      "geometry": {
        "type": "Point",
        "coordinates": [
          0.0,
          0.0
        ]
      },
      "properties": {
        "junction_id": 39576,
        "veh_id": 11409,
        "sim_time_s": 645.8,
        "tier": "harmony-no-ge-local",
        "prearm_status": "skip",
        "focus_role": "none"
      }
    },
    {
      "type": "Feature",
      "geometry": {
        "type": "Point",
        "coordinates": [
          500491.8603899576,
          6965695.252562427
        ]
      },
      "properties": {
        "junction_id": 39578,
        "veh_id": 11409,
        "sim_time_s": 648.5,
        "tier": "track-zone",
        "prearm_status": "",
        "focus_role": "none"
      }
    },
    {
      "type": "Feature",
      "geometry": {
        "type": "Point",
        "coordinates": [
          500701.67466420005,
          6964931.6009185305
        ]
      },
      "properties": {
        "junction_id": 39593,
        "veh_id": 11431,
        "sim_time_s": 648.5,
        "tier": "track-zone",
        "prearm_status": "",
        "focus_role": "none"
      }
    },
    {
      "type": "Feature",
      "geometry": {
        "type": "Point",
        "coordinates": [
          500729.02435513213,
          6964995.876720508
        ]
      },
      "properties": {
        "junction_id": 36393,
        "veh_id": 11388,
        "sim_time_s": 649.8,
        "tier": "track-zone",
        "prearm_status": "",
        "focus_role": "none"
      }
    },
    {
      "type": "Feature",
      "geometry": {
        "type": "Point",
        "coordinates": [
          0.0,
          0.0
        ]
      },
      "properties": {
        "junction_id": 39606,
        "veh_id": 11420,
        "sim_time_s": 656.5,
        "tier": "harmony-no-ge-local",
        "prearm_status": "skip",
        "focus_role": "none"
      }
    },
    {
      "type": "Feature",
      "geometry": {
        "type": "Point",
        "coordinates": [
          0.0,
          0.0
        ]
      },
      "properties": {
        "junction_id": 39578,
        "veh_id": 11413,
        "sim_time_s": 663.3,
        "tier": "harmony-ins-local",
        "prearm_status": "action",
        "focus_role": "none"
      }
    },
    {
      "type": "Feature",
      "geometry": {
        "type": "Point",
        "coordinates": [
          499928.18430267845,
          6967033.168362183
        ]
      },
      "properties": {
        "junction_id": 11118289,
        "veh_id": 11397,
        "sim_time_s": 666.0,
        "tier": "track-zone",
        "prearm_status": "",
        "focus_role": "none"
      }
    },
    {
      "type": "Feature",
      "geometry": {
        "type": "Point",
        "coordinates": [
          500531.38506952574,
          6965935.534430224
        ]
      },
      "properties": {
        "junction_id": 39576,
        "veh_id": 11413,
        "sim_time_s": 674.1,
        "tier": "track-zone",
        "prearm_status": "",
        "focus_role": "none"
      }
    },
    {
      "type": "Feature",
      "geometry": {
        "type": "Point",
        "coordinates": [
          0.0,
          0.0
        ]
      },
      "properties": {
        "junction_id": 36385,
        "veh_id": 11431,
        "sim_time_s": 684.9,
        "tier": "harmony-ge-local",
        "prearm_status": "action",
        "focus_role": "none"
      }
    },
    {
      "type": "Feature",
      "geometry": {
        "type": "Point",
        "coordinates": [
          499961.6136303648,
          6966951.888654386
        ]
      },
      "properties": {
        "junction_id": 39568,
        "veh_id": 11397,
        "sim_time_s": 689.0,
        "tier": "track-zone",
        "prearm_status": "",
        "focus_role": "none"
      }
    },
    {
      "type": "Feature",
      "geometry": {
        "type": "Point",
        "coordinates": [
          500685.593829103,
          6965102.608626474
        ]
      },
      "properties": {
        "junction_id": 10157950,
        "veh_id": 11431,
        "sim_time_s": 693.0,
        "tier": "track-zone",
        "prearm_status": "",
        "focus_role": "none"
      }
    },
    {
      "type": "Feature",
      "geometry": {
        "type": "Point",
        "coordinates": [
          499969.1578303836,
          6966895.611039812
        ]
      },
      "properties": {
        "junction_id": 39572,
        "veh_id": 11397,
        "sim_time_s": 695.7,
        "tier": "track-zone",
        "prearm_status": "",
        "focus_role": "none"
      }
    },
    {
      "type": "Feature",
      "geometry": {
        "type": "Point",
        "coordinates": [
          500090.39762186905,
          6966489.357560815
        ]
      },
      "properties": {
        "junction_id": 39568,
        "veh_id": 11421,
        "sim_time_s": 697.0,
        "tier": "track-zone",
        "prearm_status": "",
        "focus_role": "none"
      }
    },
    {
      "type": "Feature",
      "geometry": {
        "type": "Point",
        "coordinates": [
          0.0,
          0.0
        ]
      },
      "properties": {
        "junction_id": 39593,
        "veh_id": 11431,
        "sim_time_s": 698.4,
        "tier": "harmony-no-ge-local",
        "prearm_status": "skip",
        "focus_role": "none"
      }
    },
    {
      "type": "Feature",
      "geometry": {
        "type": "Point",
        "coordinates": [
          0.0,
          0.0
        ]
      },
      "properties": {
        "junction_id": 39576,
        "veh_id": 11413,
        "sim_time_s": 698.4,
        "tier": "harmony-no-ge-local",
        "prearm_status": "skip",
        "focus_role": "none"
      }
    },
    {
      "type": "Feature",
      "geometry": {
        "type": "Point",
        "coordinates": [
          0.0,
          0.0
        ]
      },
      "properties": {
        "junction_id": 39569,
        "veh_id": 11421,
        "sim_time_s": 698.4,
        "tier": "harmony-ins-local",
        "prearm_status": "action",
        "focus_role": "none"
      }
    },
    {
      "type": "Feature",
      "geometry": {
        "type": "Point",
        "coordinates": [
          500128.9777994928,
          6966436.508514584
        ]
      },
      "properties": {
        "junction_id": 1043762,
        "veh_id": 11421,
        "sim_time_s": 702.5,
        "tier": "track-zone",
        "prearm_status": "",
        "focus_role": "none"
      }
    },
    {
      "type": "Feature",
      "geometry": {
        "type": "Point",
        "coordinates": [
          500663.6708722202,
          6965186.333100837
        ]
      },
      "properties": {
        "junction_id": 1119660,
        "veh_id": 11431,
        "sim_time_s": 707.9,
        "tier": "track-zone",
        "prearm_status": "",
        "focus_role": "none"
      }
    },
    {
      "type": "Feature",
      "geometry": {
        "type": "Point",
        "coordinates": [
          0.0,
          0.0
        ]
      },
      "properties": {
        "junction_id": 36393,
        "veh_id": 11388,
        "sim_time_s": 710.5,
        "tier": "harmony-no-ge-local",
        "prearm_status": "skip",
        "focus_role": "none"
      }
    },
    {
      "type": "Feature",
      "geometry": {
        "type": "Point",
        "coordinates": [
          500635.05446265725,
          6965242.954232359
        ]
      },
      "properties": {
        "junction_id": 39587,
        "veh_id": 11431,
        "sim_time_s": 711.9,
        "tier": "track-zone",
        "prearm_status": "",
        "focus_role": "none"
      }
    },
    {
      "type": "Feature",
      "geometry": {
        "type": "Point",
        "coordinates": [
          0.0,
          0.0
        ]
      },
      "properties": {
        "junction_id": 1043762,
        "veh_id": 11421,
        "sim_time_s": 716.0,
        "tier": "harmony-ge-local",
        "prearm_status": "action",
        "focus_role": "none"
      }
    },
    {
      "type": "Feature",
      "geometry": {
        "type": "Point",
        "coordinates": [
          500924.5189433935,
          6965248.436222348
        ]
      },
      "properties": {
        "junction_id": 39593,
        "veh_id": 11384,
        "sim_time_s": 720.0,
        "tier": "track-zone",
        "prearm_status": "",
        "focus_role": "none"
      }
    },
    {
      "type": "Feature",
      "geometry": {
        "type": "Point",
        "coordinates": [
          500843.1229983079,
          6965217.894921901
        ]
      },
      "properties": {
        "junction_id": 36385,
        "veh_id": 11384,
        "sim_time_s": 725.4,
        "tier": "track-zone",
        "prearm_status": "",
        "focus_role": "none"
      }
    },
    {
      "type": "Feature",
      "geometry": {
        "type": "Point",
        "coordinates": [
          0.0,
          0.0
        ]
      },
      "properties": {
        "junction_id": 39587,
        "veh_id": 11431,
        "sim_time_s": 725.4,
        "tier": "harmony-ins-local",
        "prearm_status": "action",
        "focus_role": "none"
      }
    },
    {
      "type": "Feature",
      "geometry": {
        "type": "Point",
        "coordinates": [
          500829.1312815391,
          6965210.677189104
        ]
      },
      "properties": {
        "junction_id": 10157950,
        "veh_id": 11384,
        "sim_time_s": 726.8,
        "tier": "track-zone",
        "prearm_status": "",
        "focus_role": "none"
      }
    },
    {
      "type": "Feature",
      "geometry": {
        "type": "Point",
        "coordinates": [
          500512.52262303734,
          6965703.513975523
        ]
      },
      "properties": {
        "junction_id": 39587,
        "veh_id": 11413,
        "sim_time_s": 728.1,
        "tier": "track-zone",
        "prearm_status": "",
        "focus_role": "none"
      }
    },
    {
      "type": "Feature",
      "geometry": {
        "type": "Point",
        "coordinates": [
          500357.9530059224,
          6966095.475064263
        ]
      },
      "properties": {
        "junction_id": 39578,
        "veh_id": 11421,
        "sim_time_s": 728.1,
        "tier": "track-section",
        "prearm_status": "",
        "focus_role": "none"
      }
    },
    {
      "type": "Feature",
      "geometry": {
        "type": "Point",
        "coordinates": [
          500397.68823183153,
          6966039.862747909
        ]
      },
      "properties": {
        "junction_id": 1043762,
        "veh_id": 11409,
        "sim_time_s": 733.5,
        "tier": "track-zone",
        "prearm_status": "",
        "focus_role": "none"
      }
    },
    {
      "type": "Feature",
      "geometry": {
        "type": "Point",
        "coordinates": [
          500520.37347716297,
          6965642.880355541
        ]
      },
      "properties": {
        "junction_id": 1119660,
        "veh_id": 11413,
        "sim_time_s": 733.5,
        "tier": "track-zone",
        "prearm_status": "",
        "focus_role": "none"
      }
    },
    {
      "type": "Feature",
      "geometry": {
        "type": "Point",
        "coordinates": [
          500573.7939474902,
          6965455.633391325
        ]
      },
      "properties": {
        "junction_id": 39576,
        "veh_id": 11431,
        "sim_time_s": 733.5,
        "tier": "track-zone",
        "prearm_status": "",
        "focus_role": "none"
      }
    },
    {
      "type": "Feature",
      "geometry": {
        "type": "Point",
        "coordinates": [
          500689.4670389911,
          6964554.823292804
        ]
      },
      "properties": {
        "junction_id": 39590,
        "veh_id": 11388,
        "sim_time_s": 738.9,
        "tier": "track-zone",
        "prearm_status": "",
        "focus_role": "none"
      }
    },
    {
      "type": "Feature",
      "geometry": {
        "type": "Point",
        "coordinates": [
          500557.4642563025,
          6965558.239762402
        ]
      },
      "properties": {
        "junction_id": 10157950,
        "veh_id": 11413,
        "sim_time_s": 740.2,
        "tier": "track-zone",
        "prearm_status": "",
        "focus_role": "none"
      }
    },
    {
      "type": "Feature",
      "geometry": {
        "type": "Point",
        "coordinates": [
          0.0,
          0.0
        ]
      },
      "properties": {
        "junction_id": 39578,
        "veh_id": 11421,
        "sim_time_s": 741.6,
        "tier": "harmony-ins-local",
        "prearm_status": "action",
        "focus_role": "none"
      }
    },
    {
      "type": "Feature",
      "geometry": {
        "type": "Point",
        "coordinates": [
          500530.5830754628,
          6965937.461971162
        ]
      },
      "properties": {
        "junction_id": 39576,
        "veh_id": 11421,
        "sim_time_s": 743.0,
        "tier": "track-zone",
        "prearm_status": "",
        "focus_role": "none"
      }
    },
    {
      "type": "Feature",
      "geometry": {
        "type": "Point",
        "coordinates": [
          0.0,
          0.0
        ]
      },
      "properties": {
        "junction_id": 39576,
        "veh_id": 11431,
        "sim_time_s": 755.1,
        "tier": "harmony-no-ge-local",
        "prearm_status": "skip",
        "focus_role": "none"
      }
    },
    {
      "type": "Feature",
      "geometry": {
        "type": "Point",
        "coordinates": [
          500491.9747124676,
          6965696.494330156
        ]
      },
      "properties": {
        "junction_id": 39578,
        "veh_id": 11431,
        "sim_time_s": 757.8,
        "tier": "track-zone",
        "prearm_status": "",
        "focus_role": "none"
      }
    },
    {
      "type": "Feature",
      "geometry": {
        "type": "Point",
        "coordinates": [
          500611.0838798161,
          6965401.66572857
        ]
      },
      "properties": {
        "junction_id": 39593,
        "veh_id": 11413,
        "sim_time_s": 772.6,
        "tier": "track-zone",
        "prearm_status": "",
        "focus_role": "none"
      }
    },
    {
      "type": "Feature",
      "geometry": {
        "type": "Point",
        "coordinates": [
          500220.4801617086,
          6966247.544120147
        ]
      },
      "properties": {
        "junction_id": 39569,
        "veh_id": 11409,
        "sim_time_s": 774.0,
        "tier": "track-zone",
        "prearm_status": "",
        "focus_role": "none"
      }
    },
    {
      "type": "Feature",
      "geometry": {
        "type": "Point",
        "coordinates": [
          0.0,
          0.0
        ]
      },
      "properties": {
        "junction_id": 39572,
        "veh_id": 11397,
        "sim_time_s": 780.8,
        "tier": "harmony-ins-local",
        "prearm_status": "action",
        "focus_role": "none"
      }
    },
    {
      "type": "Feature",
      "geometry": {
        "type": "Point",
        "coordinates": [
          500009.4454487092,
          6966675.972826519
        ]
      },
      "properties": {
        "junction_id": 11118289,
        "veh_id": 11397,
        "sim_time_s": 787.5,
        "tier": "track-zone",
        "prearm_status": "",
        "focus_role": "none"
      }
    },
    {
      "type": "Feature",
      "geometry": {
        "type": "Point",
        "coordinates": [
          500512.3399592949,
          6965709.410064439
        ]
      },
      "properties": {
        "junction_id": 39587,
        "veh_id": 11421,
        "sim_time_s": 788.9,
        "tier": "track-zone",
        "prearm_status": "",
        "focus_role": "none"
      }
    },
    {
      "type": "Feature",
      "geometry": {
        "type": "Point",
        "coordinates": [
          500731.59718412394,
          6964405.857820405
        ]
      },
      "properties": {
        "junction_id": 39606,
        "veh_id": 11388,
        "sim_time_s": 792.9,
        "tier": "track-zone",
        "prearm_status": "",
        "focus_role": "none"
      }
    },
    {
      "type": "Feature",
      "geometry": {
        "type": "Point",
        "coordinates": [
          0.0,
          0.0
        ]
      },
      "properties": {
        "junction_id": 39576,
        "veh_id": 11421,
        "sim_time_s": 792.9,
        "tier": "harmony-ge-local",
        "prearm_status": "action",
        "focus_role": "none"
      }
    },
    {
      "type": "Feature",
      "geometry": {
        "type": "Point",
        "coordinates": [
          500520.37199694646,
          6965642.863373742
        ]
      },
      "properties": {
        "junction_id": 1119660,
        "veh_id": 11421,
        "sim_time_s": 795.6,
        "tier": "track-zone",
        "prearm_status": "",
        "focus_role": "none"
      }
    },
    {
      "type": "Feature",
      "geometry": {
        "type": "Point",
        "coordinates": [
          0.0,
          0.0
        ]
      },
      "properties": {
        "junction_id": 39578,
        "veh_id": 11431,
        "sim_time_s": 801.9,
        "tier": "harmony-ins-local",
        "prearm_status": "action",
        "focus_role": "none"
      }
    },
    {
      "type": "Feature",
      "geometry": {
        "type": "Point",
        "coordinates": [
          0.0,
          0.0
        ]
      },
      "properties": {
        "junction_id": 39590,
        "veh_id": 11388,
        "sim_time_s": 802.4,
        "tier": "harmony-ins-local",
        "prearm_status": "action",
        "focus_role": "none"
      }
    },
    {
      "type": "Feature",
      "geometry": {
        "type": "Point",
        "coordinates": [
          500550.8541379444,
          6965572.56907912
        ]
      },
      "properties": {
        "junction_id": 10157950,
        "veh_id": 11421,
        "sim_time_s": 806.4,
        "tier": "track-zone",
        "prearm_status": "",
        "focus_role": "none"
      }
    },
    {
      "type": "Feature",
      "geometry": {
        "type": "Point",
        "coordinates": [
          500036.3748806356,
          6966611.783540206
        ]
      },
      "properties": {
        "junction_id": 39568,
        "veh_id": 11397,
        "sim_time_s": 810.5,
        "tier": "track-zone",
        "prearm_status": "",
        "focus_role": "none"
      }
    },
    {
      "type": "Feature",
      "geometry": {
        "type": "Point",
        "coordinates": [
          500390.01057535305,
          6966046.649710936
        ]
      },
      "properties": {
        "junction_id": 1043762,
        "veh_id": 11431,
        "sim_time_s": 810.5,
        "tier": "track-zone",
        "prearm_status": "",
        "focus_role": "none"
      }
    },
    {
      "type": "Feature",
      "geometry": {
        "type": "Point",
        "coordinates": [
          0.0,
          0.0
        ]
      },
      "properties": {
        "junction_id": 1043762,
        "veh_id": 11431,
        "sim_time_s": 822.6,
        "tier": "harmony-ge-local",
        "prearm_status": "action",
        "focus_role": "none"
      }
    },
    {
      "type": "Feature",
      "geometry": {
        "type": "Point",
        "coordinates": [
          0.0,
          0.0
        ]
      },
      "properties": {
        "junction_id": 39569,
        "veh_id": 11409,
        "sim_time_s": 822.6,
        "tier": "harmony-no-ge-local",
        "prearm_status": "skip",
        "focus_role": "none"
      }
    },
    {
      "type": "Feature",
      "geometry": {
        "type": "Point",
        "coordinates": [
          500108.0486378941,
          6966429.750801678
        ]
      },
      "properties": {
        "junction_id": 39572,
        "veh_id": 11409,
        "sim_time_s": 824.0,
        "tier": "track-zone",
        "prearm_status": "",
        "focus_role": "none"
      }
    },
    {
      "type": "Feature",
      "geometry": {
        "type": "Point",
        "coordinates": [
          500248.0069424231,
          6966207.688914567
        ]
      },
      "properties": {
        "junction_id": 39569,
        "veh_id": 11431,
        "sim_time_s": 824.9,
        "tier": "coord-prearm-harmony/SHOCKWAVE",
        "prearm_status": "fired",
        "focus_role": "none"
      }
    },
    {
      "type": "Feature",
      "geometry": {
        "type": "Point",
        "coordinates": [
          0.0,
          0.0
        ]
      },
      "properties": {
        "junction_id": 39569,
        "veh_id": 11431,
        "sim_time_s": 825.3,
        "tier": "harmony-no-ge-local",
        "prearm_status": "skip",
        "focus_role": "none"
      }
    },
    {
      "type": "Feature",
      "geometry": {
        "type": "Point",
        "coordinates": [
          0.0,
          0.0
        ]
      },
      "properties": {
        "junction_id": 39587,
        "veh_id": 11421,
        "sim_time_s": 830.7,
        "tier": "harmony-no-ge-local",
        "prearm_status": "skip",
        "focus_role": "none"
      }
    },
    {
      "type": "Feature",
      "geometry": {
        "type": "Point",
        "coordinates": [
          500030.969475272,
          6966465.680018384
        ]
      },
      "properties": {
        "junction_id": 39568,
        "veh_id": 11409,
        "sim_time_s": 832.0,
        "tier": "track-zone",
        "prearm_status": "",
        "focus_role": "none"
      }
    },
    {
      "type": "Feature",
      "geometry": {
        "type": "Point",
        "coordinates": [
          500061.2300153074,
          6966550.1548413895
        ]
      },
      "properties": {
        "junction_id": 39569,
        "veh_id": 11397,
        "sim_time_s": 833.4,
        "tier": "IC-detect",
        "prearm_status": "",
        "focus_role": "none"
      }
    },
    {
      "type": "Feature",
      "geometry": {
        "type": "Point",
        "coordinates": [
          500791.20171148865,
          6965195.050329575
        ]
      },
      "properties": {
        "junction_id": 39593,
        "veh_id": 11384,
        "sim_time_s": 840.1,
        "tier": "IC-detect-far",
        "prearm_status": "",
        "focus_role": "none"
      }
    },
    {
      "type": "Feature",
      "geometry": {
        "type": "Point",
        "coordinates": [
          500604.6320535135,
          6965413.43017296
        ]
      },
      "properties": {
        "junction_id": 39593,
        "veh_id": 11421,
        "sim_time_s": 841.5,
        "tier": "track-zone",
        "prearm_status": "",
        "focus_role": "none"
      }
    },
    {
      "type": "Feature",
      "geometry": {
        "type": "Point",
        "coordinates": [
          500118.60252035887,
          6966431.410035658
        ]
      },
      "properties": {
        "junction_id": 39572,
        "veh_id": 11431,
        "sim_time_s": 842.9,
        "tier": "track-zone",
        "prearm_status": "",
        "focus_role": "none"
      }
    },
    {
      "type": "Feature",
      "geometry": {
        "type": "Point",
        "coordinates": [
          500777.2795616281,
          6965190.466883144
        ]
      },
      "properties": {
        "junction_id": 36385,
        "veh_id": 11384,
        "sim_time_s": 846.9,
        "tier": "track-zone",
        "prearm_status": "",
        "focus_role": "none"
      }
    },
    {
      "type": "Feature",
      "geometry": {
        "type": "Point",
        "coordinates": [
          500773.74042058544,
          6965189.446874066
        ]
      },
      "properties": {
        "junction_id": 10157950,
        "veh_id": 11384,
        "sim_time_s": 848.2,
        "tier": "track-zone",
        "prearm_status": "",
        "focus_role": "none"
      }
    },
    {
      "type": "Feature",
      "geometry": {
        "type": "Point",
        "coordinates": [
          500645.47567634506,
          6965263.45505358
        ]
      },
      "properties": {
        "junction_id": 39587,
        "veh_id": 11413,
        "sim_time_s": 849.6,
        "tier": "track-zone",
        "prearm_status": "",
        "focus_role": "none"
      }
    },
    {
      "type": "Feature",
      "geometry": {
        "type": "Point",
        "coordinates": [
          500645.47567634506,
          6965263.45505358
        ]
      },
      "properties": {
        "junction_id": 1119660,
        "veh_id": 11413,
        "sim_time_s": 855.0,
        "tier": "track-zone",
        "prearm_status": "",
        "focus_role": "none"
      }
    },
    {
      "type": "Feature",
      "geometry": {
        "type": "Point",
        "coordinates": [
          500647.3070421085,
          6965258.936961
        ]
      },
      "properties": {
        "junction_id": 10157950,
        "veh_id": 11413,
        "sim_time_s": 861.8,
        "tier": "track-zone",
        "prearm_status": "",
        "focus_role": "none"
      }
    },
    {
      "type": "Feature",
      "geometry": {
        "type": "Point",
        "coordinates": [
          0.0,
          0.0
        ]
      },
      "properties": {
        "junction_id": 39593,
        "veh_id": 11413,
        "sim_time_s": 868.5,
        "tier": "harmony-no-ge-local",
        "prearm_status": "skip",
        "focus_role": "none"
      }
    },
    {
      "type": "Feature",
      "geometry": {
        "type": "Point",
        "coordinates": [
          500132.97517525044,
          6966436.175929929
        ]
      },
      "properties": {
        "junction_id": 1043762,
        "veh_id": 11397,
        "sim_time_s": 869.9,
        "tier": "track-zone",
        "prearm_status": "",
        "focus_role": "none"
      }
    },
    {
      "type": "Feature",
      "geometry": {
        "type": "Point",
        "coordinates": [
          0.0,
          0.0
        ]
      },
      "properties": {
        "junction_id": 39606,
        "veh_id": 11388,
        "sim_time_s": 869.9,
        "tier": "harmony-ins-local",
        "prearm_status": "action",
        "focus_role": "none"
      }
    },
    {
      "type": "Feature",
      "geometry": {
        "type": "Point",
        "coordinates": [
          500709.7935296825,
          6965103.530896433
        ]
      },
      "properties": {
        "junction_id": 36385,
        "veh_id": 11413,
        "sim_time_s": 879.3,
        "tier": "IC-detect",
        "prearm_status": "",
        "focus_role": "none"
      }
    },
    {
      "type": "Feature",
      "geometry": {
        "type": "Point",
        "coordinates": [
          500105.3249690746,
          6966447.427635936
        ]
      },
      "properties": {
        "junction_id": 39569,
        "veh_id": 11431,
        "sim_time_s": 886.5,
        "tier": "coord-prearm-missed/SHOCKWAVE",
        "prearm_status": "missed",
        "focus_role": "none"
      }
    },
    {
      "type": "Feature",
      "geometry": {
        "type": "Point",
        "coordinates": [
          500079.12744284736,
          6966483.545105007
        ]
      },
      "properties": {
        "junction_id": 39568,
        "veh_id": 11431,
        "sim_time_s": 888.8,
        "tier": "track-zone",
        "prearm_status": "",
        "focus_role": "none"
      }
    },
    {
      "type": "Feature",
      "geometry": {
        "type": "Point",
        "coordinates": [
          500645.3216942876,
          6965255.878775852
        ]
      },
      "properties": {
        "junction_id": 36385,
        "veh_id": 11421,
        "sim_time_s": 898.2,
        "tier": "track-zone",
        "prearm_status": "",
        "focus_role": "none"
      }
    },
    {
      "type": "Feature",
      "geometry": {
        "type": "Point",
        "coordinates": [
          500946.97228876385,
          6964034.668682542
        ]
      },
      "properties": {
        "junction_id": 39606,
        "veh_id": 11432,
        "sim_time_s": 900.0,
        "tier": "IC-detect",
        "prearm_status": "",
        "focus_role": "none"
      }
    },
    {
      "type": "Feature",
      "geometry": {
        "type": "Point",
        "coordinates": [
          0.0,
          0.0
        ]
      },
      "properties": {
        "junction_id": 39593,
        "veh_id": 11421,
        "sim_time_s": 905.0,
        "tier": "harmony-no-ge-local",
        "prearm_status": "skip",
        "focus_role": "none"
      }
    },
    {
      "type": "Feature",
      "geometry": {
        "type": "Point",
        "coordinates": [
          500887.3921809587,
          6964120.419600163
        ]
      },
      "properties": {
        "junction_id": 39590,
        "veh_id": 11432,
        "sim_time_s": 906.3,
        "tier": "track-zone",
        "prearm_status": "",
        "focus_role": "none"
      }
    },
    {
      "type": "Feature",
      "geometry": {
        "type": "Point",
        "coordinates": [
          0.0,
          0.0
        ]
      },
      "properties": {
        "junction_id": 39572,
        "veh_id": 11431,
        "sim_time_s": 911.7,
        "tier": "harmony-ins-local",
        "prearm_status": "action",
        "focus_role": "none"
      }
    },
    {
      "type": "Feature",
      "geometry": {
        "type": "Point",
        "coordinates": [
          499512.5247422402,
          6966653.6640370665
        ]
      },
      "properties": {
        "junction_id": 39572,
        "veh_id": 11396,
        "sim_time_s": 912.6,
        "tier": "IC-detect",
        "prearm_status": "",
        "focus_role": "none"
      }
    },
    {
      "type": "Feature",
      "geometry": {
        "type": "Point",
        "coordinates": [
          499519.0977965855,
          6966649.026387225
        ]
      },
      "properties": {
        "junction_id": 39572,
        "veh_id": 11389,
        "sim_time_s": 913.0,
        "tier": "IC-detect",
        "prearm_status": "",
        "focus_role": "none"
      }
    },
    {
      "type": "Feature",
      "geometry": {
        "type": "Point",
        "coordinates": [
          0.0,
          0.0
        ]
      },
      "properties": {
        "junction_id": 1043762,
        "veh_id": 11397,
        "sim_time_s": 915.8,
        "tier": "harmony-ins-local",
        "prearm_status": "action",
        "focus_role": "none"
      }
    },
    {
      "type": "Feature",
      "geometry": {
        "type": "Point",
        "coordinates": [
          500682.26966413076,
          6965180.31692283
        ]
      },
      "properties": {
        "junction_id": 1119660,
        "veh_id": 11421,
        "sim_time_s": 917.1,
        "tier": "track-zone",
        "prearm_status": "",
        "focus_role": "none"
      }
    },
    {
      "type": "Feature",
      "geometry": {
        "type": "Point",
        "coordinates": [
          500087.97191681445,
          6967506.11806405
        ]
      },
      "properties": {
        "junction_id": 38339,
        "veh_id": 11422,
        "sim_time_s": 922.5,
        "tier": "IC-detect",
        "prearm_status": "",
        "focus_role": "none"
      }
    },
    {
      "type": "Feature",
      "geometry": {
        "type": "Point",
        "coordinates": [
          500682.26966413076,
          6965180.31692283
        ]
      },
      "properties": {
        "junction_id": 10157950,
        "veh_id": 11421,
        "sim_time_s": 927.9,
        "tier": "track-zone",
        "prearm_status": "",
        "focus_role": "none"
      }
    },
    {
      "type": "Feature",
      "geometry": {
        "type": "Point",
        "coordinates": [
          499762.0049212616,
          6966604.443243869
        ]
      },
      "properties": {
        "junction_id": 39568,
        "veh_id": 11396,
        "sim_time_s": 929.2,
        "tier": "track-zone",
        "prearm_status": "",
        "focus_role": "none"
      }
    },
    {
      "type": "Feature",
      "geometry": {
        "type": "Point",
        "coordinates": [
          499768.77496100706,
          6966597.852264274
        ]
      },
      "properties": {
        "junction_id": 39568,
        "veh_id": 11389,
        "sim_time_s": 930.6,
        "tier": "track-zone",
        "prearm_status": "",
        "focus_role": "none"
      }
    },
    {
      "type": "Feature",
      "geometry": {
        "type": "Point",
        "coordinates": [
          500018.42025847605,
          6966619.420154369
        ]
      },
      "properties": {
        "junction_id": 11118289,
        "veh_id": 11431,
        "sim_time_s": 934.6,
        "tier": "track-zone",
        "prearm_status": "",
        "focus_role": "none"
      }
    },
    {
      "type": "Feature",
      "geometry": {
        "type": "Point",
        "coordinates": [
          499890.8798377237,
          6966539.617438536
        ]
      },
      "properties": {
        "junction_id": 39569,
        "veh_id": 11389,
        "sim_time_s": 940.0,
        "tier": "track-zone",
        "prearm_status": "",
        "focus_role": "none"
      }
    },
    {
      "type": "Feature",
      "geometry": {
        "type": "Point",
        "coordinates": [
          499892.230449287,
          6966542.297176754
        ]
      },
      "properties": {
        "junction_id": 39569,
        "veh_id": 11396,
        "sim_time_s": 940.0,
        "tier": "track-zone",
        "prearm_status": "",
        "focus_role": "none"
      }
    },
    {
      "type": "Feature",
      "geometry": {
        "type": "Point",
        "coordinates": [
          499559.6287831357,
          6966632.998099417
        ]
      },
      "properties": {
        "junction_id": 39572,
        "veh_id": 11409,
        "sim_time_s": 944.1,
        "tier": "IC-detect-far",
        "prearm_status": "",
        "focus_role": "none"
      }
    },
    {
      "type": "Feature",
      "geometry": {
        "type": "Point",
        "coordinates": [
          0.0,
          0.0
        ]
      },
      "properties": {
        "junction_id": 36385,
        "veh_id": 11413,
        "sim_time_s": 948.1,
        "tier": "harmony-no-ge-local",
        "prearm_status": "skip",
        "focus_role": "none"
      }
    },
    {
      "type": "Feature",
      "geometry": {
        "type": "Point",
        "coordinates": [
          500729.0310292241,
          6965000.212236282
        ]
      },
      "properties": {
        "junction_id": 36393,
        "veh_id": 11413,
        "sim_time_s": 952.2,
        "tier": "track-zone",
        "prearm_status": "",
        "focus_role": "none"
      }
    },
    {
      "type": "Feature",
      "geometry": {
        "type": "Point",
        "coordinates": [
          500353.50948044035,
          6966099.607891265
        ]
      },
      "properties": {
        "junction_id": 39578,
        "veh_id": 11397,
        "sim_time_s": 953.5,
        "tier": "track-section",
        "prearm_status": "",
        "focus_role": "none"
      }
    },
    {
      "type": "Feature",
      "geometry": {
        "type": "Point",
        "coordinates": [
          500753.56518440356,
          6965183.632207788
        ]
      },
      "properties": {
        "junction_id": 39593,
        "veh_id": 11384,
        "sim_time_s": 960.3,
        "tier": "IC-detect",
        "prearm_status": "",
        "focus_role": "none"
      }
    },
    {
      "type": "Feature",
      "geometry": {
        "type": "Point",
        "coordinates": [
          0.0,
          0.0
        ]
      },
      "properties": {
        "junction_id": 39569,
        "veh_id": 11396,
        "sim_time_s": 963.0,
        "tier": "harmony-no-ge-local",
        "prearm_status": "skip",
        "focus_role": "none"
      }
    },
    {
      "type": "Feature",
      "geometry": {
        "type": "Point",
        "coordinates": [
          500132.5630440543,
          6966436.7587262355
        ]
      },
      "properties": {
        "junction_id": 1043762,
        "veh_id": 11396,
        "sim_time_s": 967.0,
        "tier": "track-zone",
        "prearm_status": "",
        "focus_role": "none"
      }
    },
    {
      "type": "Feature",
      "geometry": {
        "type": "Point",
        "coordinates": [
          500753.56518440356,
          6965183.632207788
        ]
      },
      "properties": {
        "junction_id": 36385,
        "veh_id": 11384,
        "sim_time_s": 968.4,
        "tier": "track-zone",
        "prearm_status": "",
        "focus_role": "none"
      }
    },
    {
      "type": "Feature",
      "geometry": {
        "type": "Point",
        "coordinates": [
          500122.2524506776,
          6966440.591212391
        ]
      },
      "properties": {
        "junction_id": 1043762,
        "veh_id": 11389,
        "sim_time_s": 968.4,
        "tier": "track-zone",
        "prearm_status": "",
        "focus_role": "none"
      }
    },
    {
      "type": "Feature",
      "geometry": {
        "type": "Point",
        "coordinates": [
          500753.17594094947,
          6965183.520024675
        ]
      },
      "properties": {
        "junction_id": 10157950,
        "veh_id": 11384,
        "sim_time_s": 969.8,
        "tier": "track-zone",
        "prearm_status": "",
        "focus_role": "none"
      }
    },
    {
      "type": "Feature",
      "geometry": {
        "type": "Point",
        "coordinates": [
          499517.17489504704,
          6966652.564041892
        ]
      },
      "properties": {
        "junction_id": 39572,
        "veh_id": 11414,
        "sim_time_s": 972.9,
        "tier": "IC-detect",
        "prearm_status": "",
        "focus_role": "none"
      }
    },
    {
      "type": "Feature",
      "geometry": {
        "type": "Point",
        "coordinates": [
          499964.02684465295,
          6966779.443481207
        ]
      },
      "properties": {
        "junction_id": 38339,
        "veh_id": 11431,
        "sim_time_s": 980.5,
        "tier": "track-zone",
        "prearm_status": "",
        "focus_role": "none"
      }
    },
    {
      "type": "Feature",
      "geometry": {
        "type": "Point",
        "coordinates": [
          0.0,
          0.0
        ]
      },
      "properties": {
        "junction_id": 1043762,
        "veh_id": 11396,
        "sim_time_s": 981.9,
        "tier": "harmony-no-ge-local",
        "prearm_status": "skip",
        "focus_role": "none"
      }
    },
    {
      "type": "Feature",
      "geometry": {
        "type": "Point",
        "coordinates": [
          0.0,
          0.0
        ]
      },
      "properties": {
        "junction_id": 39590,
        "veh_id": 11432,
        "sim_time_s": 983.2,
        "tier": "harmony-ins-local",
        "prearm_status": "action",
        "focus_role": "none"
      }
    },
    {
      "type": "Feature",
      "geometry": {
        "type": "Point",
        "coordinates": [
          500755.4311812266,
          6964299.134199416
        ]
      },
      "properties": {
        "junction_id": 36393,
        "veh_id": 11432,
        "sim_time_s": 986.4,
        "tier": "coord-prearm-harmony/SHOCKWAVE",
        "prearm_status": "fired",
        "focus_role": "none"
      }
    },
    {
      "type": "Feature",
      "geometry": {
        "type": "Point",
        "coordinates": [
          0.0,
          0.0
        ]
      },
      "properties": {
        "junction_id": 36393,
        "veh_id": 11432,
        "sim_time_s": 986.9,
        "tier": "harmony-no-ge-local",
        "prearm_status": "skip",
        "focus_role": "none"
      }
    },
    {
      "type": "Feature",
      "geometry": {
        "type": "Point",
        "coordinates": [
          499963.1499632521,
          6967110.185607753
        ]
      },
      "properties": {
        "junction_id": 11118289,
        "veh_id": 11422,
        "sim_time_s": 988.6,
        "tier": "track-zone",
        "prearm_status": "",
        "focus_role": "none"
      }
    },
    {
      "type": "Feature",
      "geometry": {
        "type": "Point",
        "coordinates": [
          0.0,
          0.0
        ]
      },
      "properties": {
        "junction_id": 39578,
        "veh_id": 11397,
        "sim_time_s": 988.6,
        "tier": "harmony-no-ge-local",
        "prearm_status": "skip",
        "focus_role": "none"
      }
    },
    {
      "type": "Feature",
      "geometry": {
        "type": "Point",
        "coordinates": [
          500529.8458955384,
          6965939.249778769
        ]
      },
      "properties": {
        "junction_id": 39576,
        "veh_id": 11397,
        "sim_time_s": 990.0,
        "tier": "track-zone",
        "prearm_status": "",
        "focus_role": "none"
      }
    },
    {
      "type": "Feature",
      "geometry": {
        "type": "Point",
        "coordinates": [
          500346.96158497216,
          6966097.489630635
        ]
      },
      "properties": {
        "junction_id": 39578,
        "veh_id": 11389,
        "sim_time_s": 994.0,
        "tier": "track-section",
        "prearm_status": "",
        "focus_role": "none"
      }
    },
    {
      "type": "Feature",
      "geometry": {
        "type": "Point",
        "coordinates": [
          500354.15377590596,
          6966099.029292799
        ]
      },
      "properties": {
        "junction_id": 39578,
        "veh_id": 11396,
        "sim_time_s": 994.0,
        "tier": "track-section",
        "prearm_status": "",
        "focus_role": "none"
      }
    },
    {
      "type": "Feature",
      "geometry": {
        "type": "Point",
        "coordinates": [
          0.0,
          0.0
        ]
      },
      "properties": {
        "junction_id": 36393,
        "veh_id": 11413,
        "sim_time_s": 996.8,
        "tier": "harmony-no-ge-local",
        "prearm_status": "skip",
        "focus_role": "none"
      }
    },
    {
      "type": "Feature",
      "geometry": {
        "type": "Point",
        "coordinates": [
          0.0,
          0.0
        ]
      },
      "properties": {
        "junction_id": 38339,
        "veh_id": 11422,
        "sim_time_s": 996.8,
        "tier": "harmony-ins-local",
        "prearm_status": "action",
        "focus_role": "none"
      }
    },
    {
      "type": "Feature",
      "geometry": {
        "type": "Point",
        "coordinates": [
          499958.4903956798,
          6966950.676892521
        ]
      },
      "properties": {
        "junction_id": 39568,
        "veh_id": 11422,
        "sim_time_s": 1003.5,
        "tier": "track-zone",
        "prearm_status": "",
        "focus_role": "none"
      }
    },
    {
      "type": "Feature",
      "geometry": {
        "type": "Point",
        "coordinates": [
          500524.7127023839,
          6965936.0213019345
        ]
      },
      "properties": {
        "junction_id": 39576,
        "veh_id": 11389,
        "sim_time_s": 1008.9,
        "tier": "track-zone",
        "prearm_status": "",
        "focus_role": "none"
      }
    },
    {
      "type": "Feature",
      "geometry": {
        "type": "Point",
        "coordinates": [
          499963.2476061041,
          6966890.208595502
        ]
      },
      "properties": {
        "junction_id": 39572,
        "veh_id": 11422,
        "sim_time_s": 1008.9,
        "tier": "track-zone",
        "prearm_status": "",
        "focus_role": "none"
      }
    },
    {
      "type": "Feature",
      "geometry": {
        "type": "Point",
        "coordinates": [
          499963.80438772996,
          6966791.484117448
        ]
      },
      "properties": {
        "junction_id": 39568,
        "veh_id": 11431,
        "sim_time_s": 1010.2,
        "tier": "track-zone",
        "prearm_status": "",
        "focus_role": "none"
      }
    },
    {
      "type": "Feature",
      "geometry": {
        "type": "Point",
        "coordinates": [
          0.0,
          0.0
        ]
      },
      "properties": {
        "junction_id": 39578,
        "veh_id": 11396,
        "sim_time_s": 1010.2,
        "tier": "harmony-no-ge-local",
        "prearm_status": "skip",
        "focus_role": "none"
      }
    },
    {
      "type": "Feature",
      "geometry": {
        "type": "Point",
        "coordinates": [
          0.0,
          0.0
        ]
      },
      "properties": {
        "junction_id": 39576,
        "veh_id": 11397,
        "sim_time_s": 1011.6,
        "tier": "harmony-ge-local",
        "prearm_status": "action",
        "focus_role": "none"
      }
    },
    {
      "type": "Feature",
      "geometry": {
        "type": "Point",
        "coordinates": [
          500534.58524151036,
          6965927.03451074
        ]
      },
      "properties": {
        "junction_id": 39576,
        "veh_id": 11396,
        "sim_time_s": 1013.0,
        "tier": "track-zone",
        "prearm_status": "",
        "focus_role": "none"
      }
    },
    {
      "type": "Feature",
      "geometry": {
        "type": "Point",
        "coordinates": [
          500716.13095431955,
          6965084.070219404
        ]
      },
      "properties": {
        "junction_id": 36385,
        "veh_id": 11421,
        "sim_time_s": 1018.4,
        "tier": "IC-detect-far",
        "prearm_status": "",
        "focus_role": "none"
      }
    },
    {
      "type": "Feature",
      "geometry": {
        "type": "Point",
        "coordinates": [
          500715.25208091026,
          6964394.1760872565
        ]
      },
      "properties": {
        "junction_id": 39606,
        "veh_id": 11432,
        "sim_time_s": 1022.4,
        "tier": "track-zone",
        "prearm_status": "",
        "focus_role": "none"
      }
    },
    {
      "type": "Feature",
      "geometry": {
        "type": "Point",
        "coordinates": [
          499758.52675051964,
          6966606.118652619
        ]
      },
      "properties": {
        "junction_id": 39568,
        "veh_id": 11414,
        "sim_time_s": 1027.8,
        "tier": "track-zone",
        "prearm_status": "",
        "focus_role": "none"
      }
    },
    {
      "type": "Feature",
      "geometry": {
        "type": "Point",
        "coordinates": [
          499514.2320769479,
          6966650.177374803
        ]
      },
      "properties": {
        "junction_id": 39572,
        "veh_id": 11390,
        "sim_time_s": 1032.8,
        "tier": "IC-detect",
        "prearm_status": "",
        "focus_role": "none"
      }
    },
    {
      "type": "Feature",
      "geometry": {
        "type": "Point",
        "coordinates": [
          500680.0721692602,
          6964788.1766651515
        ]
      },
      "properties": {
        "junction_id": 36385,
        "veh_id": 11432,
        "sim_time_s": 1050.8,
        "tier": "track-zone",
        "prearm_status": "",
        "focus_role": "none"
      }
    },
    {
      "type": "Feature",
      "geometry": {
        "type": "Point",
        "coordinates": [
          499766.40222846885,
          6966598.995191735
        ]
      },
      "properties": {
        "junction_id": 39568,
        "veh_id": 11390,
        "sim_time_s": 1054.8,
        "tier": "track-zone",
        "prearm_status": "",
        "focus_role": "none"
      }
    },
    {
      "type": "Feature",
      "geometry": {
        "type": "Point",
        "coordinates": [
          499940.49332735187,
          6967007.464212875
        ]
      },
      "properties": {
        "junction_id": 11118289,
        "veh_id": 11431,
        "sim_time_s": 1056.2,
        "tier": "track-zone",
        "prearm_status": "",
        "focus_role": "none"
      }
    },
    {
      "type": "Feature",
      "geometry": {
        "type": "Point",
        "coordinates": [
          0.0,
          0.0
        ]
      },
      "properties": {
        "junction_id": 38339,
        "veh_id": 11431,
        "sim_time_s": 1060.2,
        "tier": "harmony-no-ge-local",
        "prearm_status": "skip",
        "focus_role": "none"
      }
    },
    {
      "type": "Feature",
      "geometry": {
        "type": "Point",
        "coordinates": [
          499877.5300575435,
          6966545.918174927
        ]
      },
      "properties": {
        "junction_id": 39569,
        "veh_id": 11390,
        "sim_time_s": 1062.9,
        "tier": "track-zone",
        "prearm_status": "",
        "focus_role": "none"
      }
    },
    {
      "type": "Feature",
      "geometry": {
        "type": "Point",
        "coordinates": [
          500702.04462265194,
          6964934.226429353
        ]
      },
      "properties": {
        "junction_id": 39593,
        "veh_id": 11432,
        "sim_time_s": 1064.2,
        "tier": "track-zone",
        "prearm_status": "",
        "focus_role": "none"
      }
    },
    {
      "type": "Feature",
      "geometry": {
        "type": "Point",
        "coordinates": [
          500512.6954833679,
          6965700.331271522
        ]
      },
      "properties": {
        "junction_id": 39587,
        "veh_id": 11397,
        "sim_time_s": 1065.6,
        "tier": "track-zone",
        "prearm_status": "",
        "focus_role": "none"
      }
    },
    {
      "type": "Feature",
      "geometry": {
        "type": "Point",
        "coordinates": [
          499888.48814010236,
          6966544.07242577
        ]
      },
      "properties": {
        "junction_id": 39569,
        "veh_id": 11414,
        "sim_time_s": 1069.7,
        "tier": "track-zone",
        "prearm_status": "",
        "focus_role": "none"
      }
    },
    {
      "type": "Feature",
      "geometry": {
        "type": "Point",
        "coordinates": [
          500506.4211180392,
          6965707.751786232
        ]
      },
      "properties": {
        "junction_id": 39587,
        "veh_id": 11389,
        "sim_time_s": 1071.0,
        "tier": "track-zone",
        "prearm_status": "",
        "focus_role": "none"
      }
    },
    {
      "type": "Feature",
      "geometry": {
        "type": "Point",
        "coordinates": [
          500521.3702788284,
          6965640.091866151
        ]
      },
      "properties": {
        "junction_id": 1119660,
        "veh_id": 11397,
        "sim_time_s": 1071.0,
        "tier": "track-zone",
        "prearm_status": "",
        "focus_role": "none"
      }
    },
    {
      "type": "Feature",
      "geometry": {
        "type": "Point",
        "coordinates": [
          0.0,
          0.0
        ]
      },
      "properties": {
        "junction_id": 39593,
        "veh_id": 11384,
        "sim_time_s": 1072.3,
        "tier": "harmony-ins-local",
        "prearm_status": "action",
        "focus_role": "none"
      }
    },
    {
      "type": "Feature",
      "geometry": {
        "type": "Point",
        "coordinates": [
          500684.0987813322,
          6964756.319799705
        ]
      },
      "properties": {
        "junction_id": 36393,
        "veh_id": 11432,
        "sim_time_s": 1074.2,
        "tier": "coord-prearm-missed/SHOCKWAVE",
        "prearm_status": "missed",
        "focus_role": "none"
      }
    },
    {
      "type": "Feature",
      "geometry": {
        "type": "Point",
        "coordinates": [
          500516.1114748884,
          6965636.971889916
        ]
      },
      "properties": {
        "junction_id": 1119660,
        "veh_id": 11389,
        "sim_time_s": 1077.8,
        "tier": "track-zone",
        "prearm_status": "",
        "focus_role": "none"
      }
    },
    {
      "type": "Feature",
      "geometry": {
        "type": "Point",
        "coordinates": [
          500559.69359046494,
          6965553.472461112
        ]
      },
      "properties": {
        "junction_id": 10157950,
        "veh_id": 11397,
        "sim_time_s": 1077.8,
        "tier": "track-zone",
        "prearm_status": "",
        "focus_role": "none"
      }
    },
    {
      "type": "Feature",
      "geometry": {
        "type": "Point",
        "coordinates": [
          0.0,
          0.0
        ]
      },
      "properties": {
        "junction_id": 39576,
        "veh_id": 11396,
        "sim_time_s": 1077.8,
        "tier": "harmony-no-ge-local",
        "prearm_status": "skip",
        "focus_role": "none"
      }
    },
    {
      "type": "Feature",
      "geometry": {
        "type": "Point",
        "coordinates": [
          500512.63974144234,
          6965701.70366587
        ]
      },
      "properties": {
        "junction_id": 39587,
        "veh_id": 11396,
        "sim_time_s": 1080.5,
        "tier": "track-zone",
        "prearm_status": "",
        "focus_role": "none"
      }
    },
    {
      "type": "Feature",
      "geometry": {
        "type": "Point",
        "coordinates": [
          0.0,
          0.0
        ]
      },
      "properties": {
        "junction_id": 39587,
        "veh_id": 11397,
        "sim_time_s": 1081.8,
        "tier": "harmony-no-ge-local",
        "prearm_status": "skip",
        "focus_role": "none"
      }
    },
    {
      "type": "Feature",
      "geometry": {
        "type": "Point",
        "coordinates": [
          500545.4210831615,
          6965570.134081418
        ]
      },
      "properties": {
        "junction_id": 10157950,
        "veh_id": 11389,
        "sim_time_s": 1083.2,
        "tier": "track-zone",
        "prearm_status": "",
        "focus_role": "none"
      }
    },
    {
      "type": "Feature",
      "geometry": {
        "type": "Point",
        "coordinates": [
          500123.4897106122,
          6966438.940568734
        ]
      },
      "properties": {
        "junction_id": 1043762,
        "veh_id": 11390,
        "sim_time_s": 1083.2,
        "tier": "track-zone",
        "prearm_status": "",
        "focus_role": "none"
      }
    },
    {
      "type": "Feature",
      "geometry": {
        "type": "Point",
        "coordinates": [
          500716.13224830996,
          6965084.064994585
        ]
      },
      "properties": {
        "junction_id": 39593,
        "veh_id": 11421,
        "sim_time_s": 1084.5,
        "tier": "track-zone",
        "prearm_status": "",
        "focus_role": "none"
      }
    },
    {
      "type": "Feature",
      "geometry": {
        "type": "Point",
        "coordinates": [
          500518.84339864785,
          6965647.777432308
        ]
      },
      "properties": {
        "junction_id": 1119660,
        "veh_id": 11396,
        "sim_time_s": 1085.8,
        "tier": "track-zone",
        "prearm_status": "",
        "focus_role": "none"
      }
    },
    {
      "type": "Feature",
      "geometry": {
        "type": "Point",
        "coordinates": [
          500710.576500618,
          6965171.347281717
        ]
      },
      "properties": {
        "junction_id": 36385,
        "veh_id": 11384,
        "sim_time_s": 1089.9,
        "tier": "track-zone",
        "prearm_status": "",
        "focus_role": "none"
      }
    },
    {
      "type": "Feature",
      "geometry": {
        "type": "Point",
        "coordinates": [
          0.0,
          0.0
        ]
      },
      "properties": {
        "junction_id": 39572,
        "veh_id": 11422,
        "sim_time_s": 1089.9,
        "tier": "harmony-no-ge-local",
        "prearm_status": "skip",
        "focus_role": "none"
      }
    },
    {
      "type": "Feature",
      "geometry": {
        "type": "Point",
        "coordinates": [
          500710.576500618,
          6965171.347281717
        ]
      },
      "properties": {
        "junction_id": 10157950,
        "veh_id": 11384,
        "sim_time_s": 1091.2,
        "tier": "track-zone",
        "prearm_status": "",
        "focus_role": "none"
      }
    },
    {
      "type": "Feature",
      "geometry": {
        "type": "Point",
        "coordinates": [
          500009.7338313617,
          6966674.961784263
        ]
      },
      "properties": {
        "junction_id": 39569,
        "veh_id": 11422,
        "sim_time_s": 1091.2,
        "tier": "track-zone",
        "prearm_status": "",
        "focus_role": "none"
      }
    },
    {
      "type": "Feature",
      "geometry": {
        "type": "Point",
        "coordinates": [
          0.0,
          0.0
        ]
      },
      "properties": {
        "junction_id": 36385,
        "veh_id": 11421,
        "sim_time_s": 1092.6,
        "tier": "harmony-no-ge-local",
        "prearm_status": "skip",
        "focus_role": "none"
      }
    },
    {
      "type": "Feature",
      "geometry": {
        "type": "Point",
        "coordinates": [
          500607.0601434585,
          6965393.234171782
        ]
      },
      "properties": {
        "junction_id": 39593,
        "veh_id": 11389,
        "sim_time_s": 1095.3,
        "tier": "track-zone",
        "prearm_status": "",
        "focus_role": "none"
      }
    },
    {
      "type": "Feature",
      "geometry": {
        "type": "Point",
        "coordinates": [
          500558.1512267933,
          6965556.843474038
        ]
      },
      "properties": {
        "junction_id": 10157950,
        "veh_id": 11396,
        "sim_time_s": 1095.3,
        "tier": "track-zone",
        "prearm_status": "",
        "focus_role": "none"
      }
    },
    {
      "type": "Feature",
      "geometry": {
        "type": "Point",
        "coordinates": [
          0.0,
          0.0
        ]
      },
      "properties": {
        "junction_id": 1043762,
        "veh_id": 11390,
        "sim_time_s": 1096.7,
        "tier": "harmony-ins-local",
        "prearm_status": "action",
        "focus_role": "none"
      }
    },
    {
      "type": "Feature",
      "geometry": {
        "type": "Point",
        "coordinates": [
          500729.02561551135,
          6965000.318222887
        ]
      },
      "properties": {
        "junction_id": 36393,
        "veh_id": 11421,
        "sim_time_s": 1098.0,
        "tier": "track-zone",
        "prearm_status": "",
        "focus_role": "none"
      }
    },
    {
      "type": "Feature",
      "geometry": {
        "type": "Point",
        "coordinates": [
          0.0,
          0.0
        ]
      },
      "properties": {
        "junction_id": 36385,
        "veh_id": 11432,
        "sim_time_s": 1098.0,
        "tier": "harmony-no-ge-local",
        "prearm_status": "skip",
        "focus_role": "none"
      }
    },
    {
      "type": "Feature",
      "geometry": {
        "type": "Point",
        "coordinates": [
          500643.6740499974,
          6965252.223864191
        ]
      },
      "properties": {
        "junction_id": 36385,
        "veh_id": 11389,
        "sim_time_s": 1104.8,
        "tier": "track-zone",
        "prearm_status": "",
        "focus_role": "none"
      }
    },
    {
      "type": "Feature",
      "geometry": {
        "type": "Point",
        "coordinates": [
          500688.26554093865,
          6965096.312319114
        ]
      },
      "properties": {
        "junction_id": 10157950,
        "veh_id": 11432,
        "sim_time_s": 1104.8,
        "tier": "track-zone",
        "prearm_status": "",
        "focus_role": "none"
      }
    },
    {
      "type": "Feature",
      "geometry": {
        "type": "Point",
        "coordinates": [
          0.0,
          0.0
        ]
      },
      "properties": {
        "junction_id": 39587,
        "veh_id": 11396,
        "sim_time_s": 1104.8,
        "tier": "harmony-ins-local",
        "prearm_status": "action",
        "focus_role": "none"
      }
    },
    {
      "type": "Feature",
      "geometry": {
        "type": "Point",
        "coordinates": [
          500611.72925998725,
          6965399.223880226
        ]
      },
      "properties": {
        "junction_id": 39593,
        "veh_id": 11397,
        "sim_time_s": 1107.5,
        "tier": "track-zone",
        "prearm_status": "",
        "focus_role": "none"
      }
    },
    {
      "type": "Feature",
      "geometry": {
        "type": "Point",
        "coordinates": [
          500357.2867511549,
          6966091.900029544
        ]
      },
      "properties": {
        "junction_id": 39578,
        "veh_id": 11390,
        "sim_time_s": 1110.2,
        "tier": "track-section",
        "prearm_status": "",
        "focus_role": "none"
      }
    },
    {
      "type": "Feature",
      "geometry": {
        "type": "Point",
        "coordinates": [
          500665.70650713815,
          6965180.91191145
        ]
      },
      "properties": {
        "junction_id": 1119660,
        "veh_id": 11432,
        "sim_time_s": 1110.2,
        "tier": "track-zone",
        "prearm_status": "",
        "focus_role": "none"
      }
    },
    {
      "type": "Feature",
      "geometry": {
        "type": "Point",
        "coordinates": [
          500638.63658021163,
          6965242.693376113
        ]
      },
      "properties": {
        "junction_id": 39587,
        "veh_id": 11432,
        "sim_time_s": 1114.2,
        "tier": "track-zone",
        "prearm_status": "",
        "focus_role": "none"
      }
    },
    {
      "type": "Feature",
      "geometry": {
        "type": "Point",
        "coordinates": [
          500689.20865195425,
          6964558.393335248
        ]
      },
      "properties": {
        "junction_id": 39590,
        "veh_id": 11413,
        "sim_time_s": 1116.9,
        "tier": "track-zone",
        "prearm_status": "",
        "focus_role": "none"
      }
    },
    {
      "type": "Feature",
      "geometry": {
        "type": "Point",
        "coordinates": [
          500689.20865195425,
          6964558.393335248
        ]
      },
      "properties": {
        "junction_id": 36393,
        "veh_id": 11413,
        "sim_time_s": 1116.9,
        "tier": "IC-detect-far",
        "prearm_status": "",
        "focus_role": "none"
      }
    },
    {
      "type": "Feature",
      "geometry": {
        "type": "Point",
        "coordinates": [
          500647.05289923213,
          6965259.625936481
        ]
      },
      "properties": {
        "junction_id": 36385,
        "veh_id": 11397,
        "sim_time_s": 1119.6,
        "tier": "track-zone",
        "prearm_status": "",
        "focus_role": "none"
      }
    },
    {
      "type": "Feature",
      "geometry": {
        "type": "Point",
        "coordinates": [
          500610.15820475604,
          6965405.404582537
        ]
      },
      "properties": {
        "junction_id": 39593,
        "veh_id": 11396,
        "sim_time_s": 1123.7,
        "tier": "track-zone",
        "prearm_status": "",
        "focus_role": "none"
      }
    },
    {
      "type": "Feature",
      "geometry": {
        "type": "Point",
        "coordinates": [
          0.0,
          0.0
        ]
      },
      "properties": {
        "junction_id": 39578,
        "veh_id": 11390,
        "sim_time_s": 1123.7,
        "tier": "harmony-ins-local",
        "prearm_status": "action",
        "focus_role": "none"
      }
    },
    {
      "type": "Feature",
      "geometry": {
        "type": "Point",
        "coordinates": [
          500528.89018064766,
          6965933.436211198
        ]
      },
      "properties": {
        "junction_id": 39576,
        "veh_id": 11390,
        "sim_time_s": 1125.0,
        "tier": "track-zone",
        "prearm_status": "",
        "focus_role": "none"
      }
    },
    {
      "type": "Feature",
      "geometry": {
        "type": "Point",
        "coordinates": [
          500036.27334737463,
          6966611.742841212
        ]
      },
      "properties": {
        "junction_id": 39568,
        "veh_id": 11422,
        "sim_time_s": 1125.0,
        "tier": "track-zone",
        "prearm_status": "",
        "focus_role": "none"
      }
    },
    {
      "type": "Feature",
      "geometry": {
        "type": "Point",
        "coordinates": [
          500576.4308114882,
          6965456.708464336
        ]
      },
      "properties": {
        "junction_id": 39576,
        "veh_id": 11432,
        "sim_time_s": 1131.8,
        "tier": "track-zone",
        "prearm_status": "",
        "focus_role": "none"
      }
    },
    {
      "type": "Feature",
      "geometry": {
        "type": "Point",
        "coordinates": [
          0.0,
          0.0
        ]
      },
      "properties": {
        "junction_id": 39593,
        "veh_id": 11397,
        "sim_time_s": 1132.7,
        "tier": "harmony-no-ge-local",
        "prearm_status": "skip",
        "focus_role": "none"
      }
    },
    {
      "type": "Feature",
      "geometry": {
        "type": "Point",
        "coordinates": [
          0.0,
          0.0
        ]
      },
      "properties": {
        "junction_id": 36385,
        "veh_id": 11389,
        "sim_time_s": 1133.1,
        "tier": "harmony-ge-local",
        "prearm_status": "action",
        "focus_role": "none"
      }
    },
    {
      "type": "Feature",
      "geometry": {
        "type": "Point",
        "coordinates": [
          500645.46489281656,
          6965247.895926454
        ]
      },
      "properties": {
        "junction_id": 36385,
        "veh_id": 11396,
        "sim_time_s": 1135.8,
        "tier": "track-zone",
        "prearm_status": "",
        "focus_role": "none"
      }
    },
    {
      "type": "Feature",
      "geometry": {
        "type": "Point",
        "coordinates": [
          500723.06746070826,
          6964998.4354960015
        ]
      },
      "properties": {
        "junction_id": 36393,
        "veh_id": 11389,
        "sim_time_s": 1139.8,
        "tier": "track-zone",
        "prearm_status": "",
        "focus_role": "none"
      }
    },
    {
      "type": "Feature",
      "geometry": {
        "type": "Point",
        "coordinates": [
          0.0,
          0.0
        ]
      },
      "properties": {
        "junction_id": 39593,
        "veh_id": 11396,
        "sim_time_s": 1143.9,
        "tier": "harmony-no-ge-local",
        "prearm_status": "skip",
        "focus_role": "none"
      }
    },
    {
      "type": "Feature",
      "geometry": {
        "type": "Point",
        "coordinates": [
          0.0,
          0.0
        ]
      },
      "properties": {
        "junction_id": 39569,
        "veh_id": 11422,
        "sim_time_s": 1145.2,
        "tier": "harmony-ins-local",
        "prearm_status": "action",
        "focus_role": "none"
      }
    },
    {
      "type": "Feature",
      "geometry": {
        "type": "Point",
        "coordinates": [
          500138.5381777128,
          6966427.789990533
        ]
      },
      "properties": {
        "junction_id": 1043762,
        "veh_id": 11422,
        "sim_time_s": 1149.3,
        "tier": "track-zone",
        "prearm_status": "",
        "focus_role": "none"
      }
    },
    {
      "type": "Feature",
      "geometry": {
        "type": "Point",
        "coordinates": [
          0.0,
          0.0
        ]
      },
      "properties": {
        "junction_id": 39576,
        "veh_id": 11432,
        "sim_time_s": 1150.7,
        "tier": "harmony-ins-local",
        "prearm_status": "action",
        "focus_role": "none"
      }
    },
    {
      "type": "Feature",
      "geometry": {
        "type": "Point",
        "coordinates": [
          0.0,
          0.0
        ]
      },
      "properties": {
        "junction_id": 36393,
        "veh_id": 11421,
        "sim_time_s": 1153.3,
        "tier": "harmony-no-ge-local",
        "prearm_status": "skip",
        "focus_role": "none"
      }
    },
    {
      "type": "Feature",
      "geometry": {
        "type": "Point",
        "coordinates": [
          500506.3114164538,
          6965706.99795063
        ]
      },
      "properties": {
        "junction_id": 39587,
        "veh_id": 11390,
        "sim_time_s": 1160.1,
        "tier": "track-zone",
        "prearm_status": "",
        "focus_role": "none"
      }
    },
    {
      "type": "Feature",
      "geometry": {
        "type": "Point",
        "coordinates": [
          500491.9383654983,
          6965693.40078028
        ]
      },
      "properties": {
        "junction_id": 39578,
        "veh_id": 11432,
        "sim_time_s": 1162.8,
        "tier": "track-zone",
        "prearm_status": "",
        "focus_role": "none"
      }
    },
    {
      "type": "Feature",
      "geometry": {
        "type": "Point",
        "coordinates": [
          0.0,
          0.0
        ]
      },
      "properties": {
        "junction_id": 1043762,
        "veh_id": 11422,
        "sim_time_s": 1162.8,
        "tier": "harmony-ins-local",
        "prearm_status": "action",
        "focus_role": "none"
      }
    },
    {
      "type": "Feature",
      "geometry": {
        "type": "Point",
        "coordinates": [
          500130.3923891379,
          6966439.735359911
        ]
      },
      "properties": {
        "junction_id": 1043762,
        "veh_id": 11414,
        "sim_time_s": 1164.2,
        "tier": "track-zone",
        "prearm_status": "",
        "focus_role": "none"
      }
    },
    {
      "type": "Feature",
      "geometry": {
        "type": "Point",
        "coordinates": [
          500515.8175988482,
          6965637.423963304
        ]
      },
      "properties": {
        "junction_id": 1119660,
        "veh_id": 11390,
        "sim_time_s": 1166.8,
        "tier": "track-zone",
        "prearm_status": "",
        "focus_role": "none"
      }
    },
    {
      "type": "Feature",
      "geometry": {
        "type": "Point",
        "coordinates": [
          500544.90678901586,
          6965570.940051291
        ]
      },
      "properties": {
        "junction_id": 10157950,
        "veh_id": 11390,
        "sim_time_s": 1172.2,
        "tier": "track-zone",
        "prearm_status": "",
        "focus_role": "none"
      }
    },
    {
      "type": "Feature",
      "geometry": {
        "type": "Point",
        "coordinates": [
          0.0,
          0.0
        ]
      },
      "properties": {
        "junction_id": 39587,
        "veh_id": 11390,
        "sim_time_s": 1177.7,
        "tier": "harmony-ins-local",
        "prearm_status": "action",
        "focus_role": "none"
      }
    },
    {
      "type": "Feature",
      "geometry": {
        "type": "Point",
        "coordinates": [
          500729.3561877066,
          6964411.387263704
        ]
      },
      "properties": {
        "junction_id": 39606,
        "veh_id": 11413,
        "sim_time_s": 1181.7,
        "tier": "track-zone",
        "prearm_status": "",
        "focus_role": "none"
      }
    },
    {
      "type": "Feature",
      "geometry": {
        "type": "Point",
        "coordinates": [
          500357.586527599,
          6966095.69814317
        ]
      },
      "properties": {
        "junction_id": 39578,
        "veh_id": 11422,
        "sim_time_s": 1184.4,
        "tier": "track-section",
        "prearm_status": "",
        "focus_role": "none"
      }
    },
    {
      "type": "Feature",
      "geometry": {
        "type": "Point",
        "coordinates": [
          500216.77280636155,
          6966296.084917607
        ]
      },
      "properties": {
        "junction_id": 39569,
        "veh_id": 11414,
        "sim_time_s": 1191.2,
        "tier": "track-zone",
        "prearm_status": "",
        "focus_role": "none"
      }
    },
    {
      "type": "Feature",
      "geometry": {
        "type": "Point",
        "coordinates": [
          500712.9208208483,
          6965097.180488001
        ]
      },
      "properties": {
        "junction_id": 39593,
        "veh_id": 11384,
        "sim_time_s": 1192.5,
        "tier": "IC-detect",
        "prearm_status": "",
        "focus_role": "none"
      }
    },
    {
      "type": "Feature",
      "geometry": {
        "type": "Point",
        "coordinates": [
          0.0,
          0.0
        ]
      },
      "properties": {
        "junction_id": 36385,
        "veh_id": 11397,
        "sim_time_s": 1193.4,
        "tier": "harmony-ins-local",
        "prearm_status": "action",
        "focus_role": "none"
      }
    },
    {
      "type": "Feature",
      "geometry": {
        "type": "Point",
        "coordinates": [
          500603.36801382364,
          6965406.933354868
        ]
      },
      "properties": {
        "junction_id": 39593,
        "veh_id": 11390,
        "sim_time_s": 1196.5,
        "tier": "track-zone",
        "prearm_status": "",
        "focus_role": "none"
      }
    },
    {
      "type": "Feature",
      "geometry": {
        "type": "Point",
        "coordinates": [
          500131.8920641471,
          6965614.8309371555
        ]
      },
      "properties": {
        "junction_id": 39576,
        "veh_id": 11403,
        "sim_time_s": 1200.2,
        "tier": "IC-detect",
        "prearm_status": "",
        "focus_role": "none"
      }
    },
    {
      "type": "Feature",
      "geometry": {
        "type": "Point",
        "coordinates": [
          500532.91441544436,
          6965931.302645505
        ]
      },
      "properties": {
        "junction_id": 39576,
        "veh_id": 11422,
        "sim_time_s": 1202.0,
        "tier": "track-zone",
        "prearm_status": "",
        "focus_role": "none"
      }
    },
    {
      "type": "Feature",
      "geometry": {
        "type": "Point",
        "coordinates": [
          500729.00251550466,
          6964996.207428802
        ]
      },
      "properties": {
        "junction_id": 36393,
        "veh_id": 11397,
        "sim_time_s": 1203.3,
        "tier": "track-zone",
        "prearm_status": "",
        "focus_role": "none"
      }
    },
    {
      "type": "Feature",
      "geometry": {
        "type": "Point",
        "coordinates": [
          0.0,
          0.0
        ]
      },
      "properties": {
        "junction_id": 39578,
        "veh_id": 11432,
        "sim_time_s": 1203.3,
        "tier": "harmony-ins-local",
        "prearm_status": "action",
        "focus_role": "none"
      }
    },
    {
      "type": "Feature",
      "geometry": {
        "type": "Point",
        "coordinates": [
          500644.234527927,
          6965258.277827112
        ]
      },
      "properties": {
        "junction_id": 36385,
        "veh_id": 11390,
        "sim_time_s": 1208.7,
        "tier": "track-zone",
        "prearm_status": "",
        "focus_role": "none"
      }
    },
    {
      "type": "Feature",
      "geometry": {
        "type": "Point",
        "coordinates": [
          500712.9208208483,
          6965097.180488001
        ]
      },
      "properties": {
        "junction_id": 36385,
        "veh_id": 11384,
        "sim_time_s": 1210.0,
        "tier": "IC-detect-far",
        "prearm_status": "",
        "focus_role": "none"
      }
    },
    {
      "type": "Feature",
      "geometry": {
        "type": "Point",
        "coordinates": [
          500728.8480379276,
          6964990.507727494
        ]
      },
      "properties": {
        "junction_id": 36393,
        "veh_id": 11396,
        "sim_time_s": 1211.4,
        "tier": "track-zone",
        "prearm_status": "",
        "focus_role": "none"
      }
    },
    {
      "type": "Feature",
      "geometry": {
        "type": "Point",
        "coordinates": [
          500401.6621163046,
          6966040.454390863
        ]
      },
      "properties": {
        "junction_id": 1043762,
        "veh_id": 11432,
        "sim_time_s": 1214.1,
        "tier": "track-zone",
        "prearm_status": "",
        "focus_role": "none"
      }
    },
    {
      "type": "Feature",
      "geometry": {
        "type": "Point",
        "coordinates": [
          0.0,
          0.0
        ]
      },
      "properties": {
        "junction_id": 39576,
        "veh_id": 11422,
        "sim_time_s": 1220.8,
        "tier": "harmony-ins-local",
        "prearm_status": "action",
        "focus_role": "none"
      }
    },
    {
      "type": "Feature",
      "geometry": {
        "type": "Point",
        "coordinates": [
          0.0,
          0.0
        ]
      },
      "properties": {
        "junction_id": 39593,
        "veh_id": 11390,
        "sim_time_s": 1222.2,
        "tier": "harmony-no-ge-local",
        "prearm_status": "skip",
        "focus_role": "none"
      }
    },
    {
      "type": "Feature",
      "geometry": {
        "type": "Point",
        "coordinates": [
          0.0,
          0.0
        ]
      },
      "properties": {
        "junction_id": 1043762,
        "veh_id": 11432,
        "sim_time_s": 1227.6,
        "tier": "harmony-no-ge-local",
        "prearm_status": "skip",
        "focus_role": "none"
      }
    },
    {
      "type": "Feature",
      "geometry": {
        "type": "Point",
        "coordinates": [
          500232.79206109693,
          6966233.001690915
        ]
      },
      "properties": {
        "junction_id": 39569,
        "veh_id": 11432,
        "sim_time_s": 1230.3,
        "tier": "track-zone",
        "prearm_status": "",
        "focus_role": "none"
      }
    },
    {
      "type": "Feature",
      "geometry": {
        "type": "Point",
        "coordinates": [
          0.0,
          0.0
        ]
      },
      "properties": {
        "junction_id": 39590,
        "veh_id": 11413,
        "sim_time_s": 1235.7,
        "tier": "harmony-ge-local",
        "prearm_status": "action",
        "focus_role": "none"
      }
    },
    {
      "type": "Feature",
      "geometry": {
        "type": "Point",
        "coordinates": [
          500689.2004716413,
          6964558.422778132
        ]
      },
      "properties": {
        "junction_id": 39590,
        "veh_id": 11421,
        "sim_time_s": 1241.1,
        "tier": "track-zone",
        "prearm_status": "",
        "focus_role": "none"
      }
    },
    {
      "type": "Feature",
      "geometry": {
        "type": "Point",
        "coordinates": [
          0.0,
          0.0
        ]
      },
      "properties": {
        "junction_id": 39569,
        "veh_id": 11432,
        "sim_time_s": 1243.8,
        "tier": "harmony-ins-local",
        "prearm_status": "action",
        "focus_role": "none"
      }
    },
    {
      "type": "Feature",
      "geometry": {
        "type": "Point",
        "coordinates": [
          500120.24404973746,
          6966429.323748531
        ]
      },
      "properties": {
        "junction_id": 39572,
        "veh_id": 11432,
        "sim_time_s": 1245.2,
        "tier": "track-zone",
        "prearm_status": "",
        "focus_role": "none"
      }
    },
    {
      "type": "Feature",
      "geometry": {
        "type": "Point",
        "coordinates": [
          500120.24404973746,
          6966429.323748531
        ]
      },
      "properties": {
        "junction_id": 39572,
        "veh_id": 11432,
        "sim_time_s": 1246.0,
        "tier": "coord-prearm-harmony/SHOCKWAVE",
        "prearm_status": "fired",
        "focus_role": "none"
      }
    },
    {
      "type": "Feature",
      "geometry": {
        "type": "Point",
        "coordinates": [
          0.0,
          0.0
        ]
      },
      "properties": {
        "junction_id": 39572,
        "veh_id": 11432,
        "sim_time_s": 1246.5,
        "tier": "harmony-ins-local",
        "prearm_status": "action",
        "focus_role": "none"
      }
    },
    {
      "type": "Feature",
      "geometry": {
        "type": "Point",
        "coordinates": [
          500012.2556836752,
          6966653.44887729
        ]
      },
      "properties": {
        "junction_id": 39572,
        "veh_id": 11432,
        "sim_time_s": 1246.5,
        "tier": "coord-prearm-success/SHOCKWAVE",
        "prearm_status": "success",
        "focus_role": "none"
      }
    },
    {
      "type": "Feature",
      "geometry": {
        "type": "Point",
        "coordinates": [
          500350.73223782895,
          6966102.173239917
        ]
      },
      "properties": {
        "junction_id": 39578,
        "veh_id": 11414,
        "sim_time_s": 1247.8,
        "tier": "track-section",
        "prearm_status": "",
        "focus_role": "none"
      }
    },
    {
      "type": "Feature",
      "geometry": {
        "type": "Point",
        "coordinates": [
          0.0,
          0.0
        ]
      },
      "properties": {
        "junction_id": 39606,
        "veh_id": 11413,
        "sim_time_s": 1247.8,
        "tier": "harmony-no-ge-local",
        "prearm_status": "skip",
        "focus_role": "none"
      }
    },
    {
      "type": "Feature",
      "geometry": {
        "type": "Point",
        "coordinates": [
          500512.63846927375,
          6965699.107868429
        ]
      },
      "properties": {
        "junction_id": 39587,
        "veh_id": 11422,
        "sim_time_s": 1250.5,
        "tier": "track-zone",
        "prearm_status": "",
        "focus_role": "none"
      }
    },
    {
      "type": "Feature",
      "geometry": {
        "type": "Point",
        "coordinates": [
          500521.11112817924,
          6965640.472489294
        ]
      },
      "properties": {
        "junction_id": 1119660,
        "veh_id": 11422,
        "sim_time_s": 1256.0,
        "tier": "track-zone",
        "prearm_status": "",
        "focus_role": "none"
      }
    },
    {
      "type": "Feature",
      "geometry": {
        "type": "Point",
        "coordinates": [
          500704.9816407822,
          6964862.168187566
        ]
      },
      "properties": {
        "junction_id": 36385,
        "veh_id": 11396,
        "sim_time_s": 1257.3,
        "tier": "track-zone",
        "prearm_status": "",
        "focus_role": "none"
      }
    },
    {
      "type": "Feature",
      "geometry": {
        "type": "Point",
        "coordinates": [
          500946.97228876385,
          6964034.668682542
        ]
      },
      "properties": {
        "junction_id": 39606,
        "veh_id": 11386,
        "sim_time_s": 1260.0,
        "tier": "track-section",
        "prearm_status": "",
        "focus_role": "none"
      }
    },
    {
      "type": "Feature",
      "geometry": {
        "type": "Point",
        "coordinates": [
          500683.0183215851,
          6964567.013532099
        ]
      },
      "properties": {
        "junction_id": 36393,
        "veh_id": 11389,
        "sim_time_s": 1260.0,
        "tier": "IC-detect",
        "prearm_status": "",
        "focus_role": "none"
      }
    },
    {
      "type": "Feature",
      "geometry": {
        "type": "Point",
        "coordinates": [
          500683.6379024312,
          6964552.0235951785
        ]
      },
      "properties": {
        "junction_id": 39590,
        "veh_id": 11389,
        "sim_time_s": 1262.7,
        "tier": "track-zone",
        "prearm_status": "",
        "focus_role": "none"
      }
    },
    {
      "type": "Feature",
      "geometry": {
        "type": "Point",
        "coordinates": [
          500559.04317896225,
          6965554.59640483
        ]
      },
      "properties": {
        "junction_id": 10157950,
        "veh_id": 11422,
        "sim_time_s": 1262.7,
        "tier": "track-zone",
        "prearm_status": "",
        "focus_role": "none"
      }
    },
    {
      "type": "Feature",
      "geometry": {
        "type": "Point",
        "coordinates": [
          500882.2469921606,
          6964126.204717517
        ]
      },
      "properties": {
        "junction_id": 39590,
        "veh_id": 11386,
        "sim_time_s": 1266.8,
        "tier": "track-zone",
        "prearm_status": "",
        "focus_role": "none"
      }
    },
    {
      "type": "Feature",
      "geometry": {
        "type": "Point",
        "coordinates": [
          0.0,
          0.0
        ]
      },
      "properties": {
        "junction_id": 39587,
        "veh_id": 11422,
        "sim_time_s": 1266.8,
        "tier": "harmony-ins-local",
        "prearm_status": "action",
        "focus_role": "none"
      }
    },
    {
      "type": "Feature",
      "geometry": {
        "type": "Point",
        "coordinates": [
          500612.3047452379,
          6965396.444861511
        ]
      },
      "properties": {
        "junction_id": 39593,
        "veh_id": 11422,
        "sim_time_s": 1273.5,
        "tier": "track-zone",
        "prearm_status": "",
        "focus_role": "none"
      }
    },
    {
      "type": "Feature",
      "geometry": {
        "type": "Point",
        "coordinates": [
          500730.4969459187,
          6964408.471200326
        ]
      },
      "properties": {
        "junction_id": 39606,
        "veh_id": 11421,
        "sim_time_s": 1278.9,
        "tier": "track-zone",
        "prearm_status": "",
        "focus_role": "none"
      }
    },
    {
      "type": "Feature",
      "geometry": {
        "type": "Point",
        "coordinates": [
          500725.43790018535,
          6964404.529102695
        ]
      },
      "properties": {
        "junction_id": 39606,
        "veh_id": 11389,
        "sim_time_s": 1283.0,
        "tier": "track-zone",
        "prearm_status": "",
        "focus_role": "none"
      }
    },
    {
      "type": "Feature",
      "geometry": {
        "type": "Point",
        "coordinates": [
          500653.242657237,
          6965245.043955814
        ]
      },
      "properties": {
        "junction_id": 36385,
        "veh_id": 11422,
        "sim_time_s": 1283.0,
        "tier": "track-zone",
        "prearm_status": "",
        "focus_role": "none"
      }
    },
    {
      "type": "Feature",
      "geometry": {
        "type": "Point",
        "coordinates": [
          0.0,
          0.0
        ]
      },
      "properties": {
        "junction_id": 39578,
        "veh_id": 11414,
        "sim_time_s": 1284.3,
        "tier": "harmony-no-ge-local",
        "prearm_status": "skip",
        "focus_role": "none"
      }
    },
    {
      "type": "Feature",
      "geometry": {
        "type": "Point",
        "coordinates": [
          0.0,
          0.0
        ]
      },
      "properties": {
        "junction_id": 39593,
        "veh_id": 11422,
        "sim_time_s": 1285.7,
        "tier": "harmony-no-ge-local",
        "prearm_status": "skip",
        "focus_role": "none"
      }
    },
    {
      "type": "Feature",
      "geometry": {
        "type": "Point",
        "coordinates": [
          0.0,
          0.0
        ]
      },
      "properties": {
        "junction_id": 36393,
        "veh_id": 11397,
        "sim_time_s": 1295.1,
        "tier": "harmony-no-ge-local",
        "prearm_status": "skip",
        "focus_role": "none"
      }
    },
    {
      "type": "Feature",
      "geometry": {
        "type": "Point",
        "coordinates": [
          0.0,
          0.0
        ]
      },
      "properties": {
        "junction_id": 39590,
        "veh_id": 11386,
        "sim_time_s": 1296.0,
        "tier": "harmony-ins-local",
        "prearm_status": "action",
        "focus_role": "none"
      }
    },
    {
      "type": "Feature",
      "geometry": {
        "type": "Point",
        "coordinates": [
          500764.1187072214,
          6964283.905629682
        ]
      },
      "properties": {
        "junction_id": 36393,
        "veh_id": 11386,
        "sim_time_s": 1299.2,
        "tier": "coord-prearm-harmony/SHOCKWAVE",
        "prearm_status": "fired",
        "focus_role": "none"
      }
    },
    {
      "type": "Feature",
      "geometry": {
        "type": "Point",
        "coordinates": [
          0.0,
          0.0
        ]
      },
      "properties": {
        "junction_id": 36393,
        "veh_id": 11386,
        "sim_time_s": 1299.6,
        "tier": "harmony-no-ge-local",
        "prearm_status": "skip",
        "focus_role": "none"
      }
    },
    {
      "type": "Feature",
      "geometry": {
        "type": "Point",
        "coordinates": [
          500073.9809381298,
          6966494.913649013
        ]
      },
      "properties": {
        "junction_id": 39568,
        "veh_id": 11432,
        "sim_time_s": 1301.8,
        "tier": "track-zone",
        "prearm_status": "",
        "focus_role": "none"
      }
    },
    {
      "type": "Feature",
      "geometry": {
        "type": "Point",
        "coordinates": [
          500729.0877757939,
          6965002.137127268
        ]
      },
      "properties": {
        "junction_id": 36393,
        "veh_id": 11384,
        "sim_time_s": 1308.6,
        "tier": "track-zone",
        "prearm_status": "",
        "focus_role": "none"
      }
    },
    {
      "type": "Feature",
      "geometry": {
        "type": "Point",
        "coordinates": [
          500427.9746140508,
          6965688.196016589
        ]
      },
      "properties": {
        "junction_id": 39576,
        "veh_id": 11403,
        "sim_time_s": 1320.3,
        "tier": "IC-detect",
        "prearm_status": "",
        "focus_role": "none"
      }
    },
    {
      "type": "Feature",
      "geometry": {
        "type": "Point",
        "coordinates": [
          500530.36552145483,
          6965938.089472418
        ]
      },
      "properties": {
        "junction_id": 39576,
        "veh_id": 11414,
        "sim_time_s": 1320.8,
        "tier": "track-zone",
        "prearm_status": "",
        "focus_role": "none"
      }
    },
    {
      "type": "Feature",
      "geometry": {
        "type": "Point",
        "coordinates": [
          500716.69463783863,
          6965068.074419626
        ]
      },
      "properties": {
        "junction_id": 36385,
        "veh_id": 11390,
        "sim_time_s": 1328.8,
        "tier": "IC-detect",
        "prearm_status": "",
        "focus_role": "none"
      }
    },
    {
      "type": "Feature",
      "geometry": {
        "type": "Point",
        "coordinates": [
          500710.7718365503,
          6964886.833382625
        ]
      },
      "properties": {
        "junction_id": 36385,
        "veh_id": 11384,
        "sim_time_s": 1330.2,
        "tier": "IC-detect",
        "prearm_status": "",
        "focus_role": "none"
      }
    },
    {
      "type": "Feature",
      "geometry": {
        "type": "Point",
        "coordinates": [
          0.0,
          0.0
        ]
      },
      "properties": {
        "junction_id": 36385,
        "veh_id": 11390,
        "sim_time_s": 1330.2,
        "tier": "harmony-no-ge-local",
        "prearm_status": "skip",
        "focus_role": "none"
      }
    },
    {
      "type": "Feature",
      "geometry": {
        "type": "Point",
        "coordinates": [
          500691.45842152095,
          6964631.078919651
        ]
      },
      "properties": {
        "junction_id": 36393,
        "veh_id": 11396,
        "sim_time_s": 1331.5,
        "tier": "IC-detect",
        "prearm_status": "",
        "focus_role": "none"
      }
    },
    {
      "type": "Feature",
      "geometry": {
        "type": "Point",
        "coordinates": [
          500728.94749407354,
          6965000.671701877
        ]
      },
      "properties": {
        "junction_id": 36393,
        "veh_id": 11390,
        "sim_time_s": 1341.0,
        "tier": "track-zone",
        "prearm_status": "",
        "focus_role": "none"
      }
    },
    {
      "type": "Feature",
      "geometry": {
        "type": "Point",
        "coordinates": [
          0.0,
          0.0
        ]
      },
      "properties": {
        "junction_id": 39576,
        "veh_id": 11414,
        "sim_time_s": 1341.0,
        "tier": "harmony-ge-local",
        "prearm_status": "action",
        "focus_role": "none"
      }
    },
    {
      "type": "Feature",
      "geometry": {
        "type": "Point",
        "coordinates": [
          0.0,
          0.0
        ]
      },
      "properties": {
        "junction_id": 39606,
        "veh_id": 11389,
        "sim_time_s": 1346.4,
        "tier": "harmony-ins-local",
        "prearm_status": "action",
        "focus_role": "none"
      }
    },
    {
      "type": "Feature",
      "geometry": {
        "type": "Point",
        "coordinates": [
          500946.97228876385,
          6964034.668682542
        ]
      },
      "properties": {
        "junction_id": 39606,
        "veh_id": 11433,
        "sim_time_s": 1350.0,
        "tier": "IC-detect",
        "prearm_status": "",
        "focus_role": "none"
      }
    },
    {
      "type": "Feature",
      "geometry": {
        "type": "Point",
        "coordinates": [
          500017.7749033715,
          6966618.295943573
        ]
      },
      "properties": {
        "junction_id": 11118289,
        "veh_id": 11432,
        "sim_time_s": 1350.5,
        "tier": "track-zone",
        "prearm_status": "",
        "focus_role": "none"
      }
    },
    {
      "type": "Feature",
      "geometry": {
        "type": "Point",
        "coordinates": [
          500892.1167463792,
          6964115.107420867
        ]
      },
      "properties": {
        "junction_id": 39590,
        "veh_id": 11433,
        "sim_time_s": 1355.8,
        "tier": "track-zone",
        "prearm_status": "",
        "focus_role": "none"
      }
    },
    {
      "type": "Feature",
      "geometry": {
        "type": "Point",
        "coordinates": [
          500512.5454520858,
          6965703.929232308
        ]
      },
      "properties": {
        "junction_id": 39587,
        "veh_id": 11414,
        "sim_time_s": 1361.2,
        "tier": "track-zone",
        "prearm_status": "",
        "focus_role": "none"
      }
    },
    {
      "type": "Feature",
      "geometry": {
        "type": "Point",
        "coordinates": [
          500833.19041034934,
          6964212.565115716
        ]
      },
      "properties": {
        "junction_id": 39590,
        "veh_id": 11421,
        "sim_time_s": 1362.6,
        "tier": "track-zone",
        "prearm_status": "",
        "focus_role": "none"
      }
    },
    {
      "type": "Feature",
      "geometry": {
        "type": "Point",
        "coordinates": [
          499960.68228801317,
          6966793.651368691
        ]
      },
      "properties": {
        "junction_id": 39572,
        "veh_id": 11432,
        "sim_time_s": 1366.7,
        "tier": "track-zone",
        "prearm_status": "",
        "focus_role": "none"
      }
    },
    {
      "type": "Feature",
      "geometry": {
        "type": "Point",
        "coordinates": [
          500522.0071326689,
          6965638.282481882
        ]
      },
      "properties": {
        "junction_id": 1119660,
        "veh_id": 11414,
        "sim_time_s": 1369.3,
        "tier": "track-zone",
        "prearm_status": "",
        "focus_role": "none"
      }
    },
    {
      "type": "Feature",
      "geometry": {
        "type": "Point",
        "coordinates": [
          500087.5621151167,
          6967505.674223648
        ]
      },
      "properties": {
        "junction_id": 38339,
        "veh_id": 11423,
        "sim_time_s": 1370.2,
        "tier": "IC-detect",
        "prearm_status": "",
        "focus_role": "none"
      }
    },
    {
      "type": "Feature",
      "geometry": {
        "type": "Point",
        "coordinates": [
          500689.1657546567,
          6964558.729265138
        ]
      },
      "properties": {
        "junction_id": 39590,
        "veh_id": 11396,
        "sim_time_s": 1373.4,
        "tier": "track-zone",
        "prearm_status": "",
        "focus_role": "none"
      }
    },
    {
      "type": "Feature",
      "geometry": {
        "type": "Point",
        "coordinates": [
          500550.9548884688,
          6965572.461681315
        ]
      },
      "properties": {
        "junction_id": 10157950,
        "veh_id": 11414,
        "sim_time_s": 1374.8,
        "tier": "track-zone",
        "prearm_status": "",
        "focus_role": "none"
      }
    },
    {
      "type": "Feature",
      "geometry": {
        "type": "Point",
        "coordinates": [
          499947.4703237885,
          6966944.588064111
        ]
      },
      "properties": {
        "junction_id": 38339,
        "veh_id": 11432,
        "sim_time_s": 1376.1,
        "tier": "IC-detect",
        "prearm_status": "",
        "focus_role": "none"
      }
    },
    {
      "type": "Feature",
      "geometry": {
        "type": "Point",
        "coordinates": [
          0.0,
          0.0
        ]
      },
      "properties": {
        "junction_id": 39587,
        "veh_id": 11414,
        "sim_time_s": 1380.2,
        "tier": "harmony-ge-local",
        "prearm_status": "action",
        "focus_role": "none"
      }
    },
    {
      "type": "Feature",
      "geometry": {
        "type": "Point",
        "coordinates": [
          0.0,
          0.0
        ]
      },
      "properties": {
        "junction_id": 39590,
        "veh_id": 11433,
        "sim_time_s": 1385.5,
        "tier": "harmony-ins-local",
        "prearm_status": "action",
        "focus_role": "none"
      }
    },
    {
      "type": "Feature",
      "geometry": {
        "type": "Point",
        "coordinates": [
          500684.0987813322,
          6964756.319799705
        ]
      },
      "properties": {
        "junction_id": 36393,
        "veh_id": 11386,
        "sim_time_s": 1386.9,
        "tier": "coord-prearm-missed/SHOCKWAVE",
        "prearm_status": "missed",
        "focus_role": "none"
      }
    },
    {
      "type": "Feature",
      "geometry": {
        "type": "Point",
        "coordinates": [
          500761.6439257786,
          6964288.224928123
        ]
      },
      "properties": {
        "junction_id": 36393,
        "veh_id": 11433,
        "sim_time_s": 1388.7,
        "tier": "coord-prearm-harmony/SHOCKWAVE",
        "prearm_status": "fired",
        "focus_role": "none"
      }
    },
    {
      "type": "Feature",
      "geometry": {
        "type": "Point",
        "coordinates": [
          0.0,
          0.0
        ]
      },
      "properties": {
        "junction_id": 36393,
        "veh_id": 11433,
        "sim_time_s": 1389.2,
        "tier": "harmony-no-ge-local",
        "prearm_status": "skip",
        "focus_role": "none"
      }
    },
    {
      "type": "Feature",
      "geometry": {
        "type": "Point",
        "coordinates": [
          500689.3103404506,
          6964556.962751119
        ]
      },
      "properties": {
        "junction_id": 39590,
        "veh_id": 11397,
        "sim_time_s": 1389.6,
        "tier": "track-zone",
        "prearm_status": "",
        "focus_role": "none"
      }
    },
    {
      "type": "Feature",
      "geometry": {
        "type": "Point",
        "coordinates": [
          500455.1520253935,
          6965696.275855449
        ]
      },
      "properties": {
        "junction_id": 39578,
        "veh_id": 11403,
        "sim_time_s": 1391.0,
        "tier": "track-zone",
        "prearm_status": "",
        "focus_role": "none"
      }
    },
    {
      "type": "Feature",
      "geometry": {
        "type": "Point",
        "coordinates": [
          0.0,
          0.0
        ]
      },
      "properties": {
        "junction_id": 38339,
        "veh_id": 11432,
        "sim_time_s": 1393.7,
        "tier": "harmony-ins-local",
        "prearm_status": "action",
        "focus_role": "none"
      }
    },
    {
      "type": "Feature",
      "geometry": {
        "type": "Point",
        "coordinates": [
          500716.4748910012,
          6965069.154229487
        ]
      },
      "properties": {
        "junction_id": 36385,
        "veh_id": 11422,
        "sim_time_s": 1403.1,
        "tier": "IC-detect",
        "prearm_status": "",
        "focus_role": "none"
      }
    },
    {
      "type": "Feature",
      "geometry": {
        "type": "Point",
        "coordinates": [
          0.0,
          0.0
        ]
      },
      "properties": {
        "junction_id": 39576,
        "veh_id": 11403,
        "sim_time_s": 1404.5,
        "tier": "harmony-no-ge-local",
        "prearm_status": "skip",
        "focus_role": "none"
      }
    },
    {
      "type": "Feature",
      "geometry": {
        "type": "Point",
        "coordinates": [
          500682.52792652894,
          6964775.146178925
        ]
      },
      "properties": {
        "junction_id": 36385,
        "veh_id": 11386,
        "sim_time_s": 1412.5,
        "tier": "track-zone",
        "prearm_status": "",
        "focus_role": "none"
      }
    },
    {
      "type": "Feature",
      "geometry": {
        "type": "Point",
        "coordinates": [
          500611.6849282854,
          6965399.440467658
        ]
      },
      "properties": {
        "junction_id": 39593,
        "veh_id": 11414,
        "sim_time_s": 1412.5,
        "tier": "track-zone",
        "prearm_status": "",
        "focus_role": "none"
      }
    },
    {
      "type": "Feature",
      "geometry": {
        "type": "Point",
        "coordinates": [
          500647.7368454769,
          6965258.005953277
        ]
      },
      "properties": {
        "junction_id": 36385,
        "veh_id": 11414,
        "sim_time_s": 1422.0,
        "tier": "track-zone",
        "prearm_status": "",
        "focus_role": "none"
      }
    },
    {
      "type": "Feature",
      "geometry": {
        "type": "Point",
        "coordinates": [
          500683.9519877801,
          6964548.344394616
        ]
      },
      "properties": {
        "junction_id": 39590,
        "veh_id": 11384,
        "sim_time_s": 1427.4,
        "tier": "track-zone",
        "prearm_status": "",
        "focus_role": "none"
      }
    },
    {
      "type": "Feature",
      "geometry": {
        "type": "Point",
        "coordinates": [
          500704.7785693881,
          6964932.708842157
        ]
      },
      "properties": {
        "junction_id": 39593,
        "veh_id": 11386,
        "sim_time_s": 1427.4,
        "tier": "track-zone",
        "prearm_status": "",
        "focus_role": "none"
      }
    },
    {
      "type": "Feature",
      "geometry": {
        "type": "Point",
        "coordinates": [
          0.0,
          0.0
        ]
      },
      "properties": {
        "junction_id": 39593,
        "veh_id": 11414,
        "sim_time_s": 1427.4,
        "tier": "harmony-ins-local",
        "prearm_status": "action",
        "focus_role": "none"
      }
    },
    {
      "type": "Feature",
      "geometry": {
        "type": "Point",
        "coordinates": [
          500684.7757484581,
          6964541.389765824
        ]
      },
      "properties": {
        "junction_id": 36393,
        "veh_id": 11384,
        "sim_time_s": 1428.8,
        "tier": "IC-detect",
        "prearm_status": "",
        "focus_role": "none"
      }
    },
    {
      "type": "Feature",
      "geometry": {
        "type": "Point",
        "coordinates": [
          500729.23976900725,
          6964411.604716017
        ]
      },
      "properties": {
        "junction_id": 39606,
        "veh_id": 11396,
        "sim_time_s": 1432.8,
        "tier": "track-zone",
        "prearm_status": "",
        "focus_role": "none"
      }
    },
    {
      "type": "Feature",
      "geometry": {
        "type": "Point",
        "coordinates": [
          499966.7035340477,
          6967109.159421103
        ]
      },
      "properties": {
        "junction_id": 11118289,
        "veh_id": 11423,
        "sim_time_s": 1434.2,
        "tier": "track-zone",
        "prearm_status": "",
        "focus_role": "none"
      }
    },
    {
      "type": "Feature",
      "geometry": {
        "type": "Point",
        "coordinates": [
          500679.69114207797,
          6964777.564771362
        ]
      },
      "properties": {
        "junction_id": 36385,
        "veh_id": 11433,
        "sim_time_s": 1443.6,
        "tier": "track-zone",
        "prearm_status": "",
        "focus_role": "none"
      }
    },
    {
      "type": "Feature",
      "geometry": {
        "type": "Point",
        "coordinates": [
          500701.77772304165,
          6964932.547618356
        ]
      },
      "properties": {
        "junction_id": 39593,
        "veh_id": 11433,
        "sim_time_s": 1458.5,
        "tier": "track-zone",
        "prearm_status": "",
        "focus_role": "none"
      }
    },
    {
      "type": "Feature",
      "geometry": {
        "type": "Point",
        "coordinates": [
          500688.88461111503,
          6964567.773126547
        ]
      },
      "properties": {
        "junction_id": 36393,
        "veh_id": 11390,
        "sim_time_s": 1461.2,
        "tier": "IC-detect",
        "prearm_status": "",
        "focus_role": "none"
      }
    },
    {
      "type": "Feature",
      "geometry": {
        "type": "Point",
        "coordinates": [
          500728.8608659193,
          6964993.989531815
        ]
      },
      "properties": {
        "junction_id": 36393,
        "veh_id": 11422,
        "sim_time_s": 1465.2,
        "tier": "track-zone",
        "prearm_status": "",
        "focus_role": "none"
      }
    },
    {
      "type": "Feature",
      "geometry": {
        "type": "Point",
        "coordinates": [
          500689.05255216826,
          6964559.981536138
        ]
      },
      "properties": {
        "junction_id": 39590,
        "veh_id": 11390,
        "sim_time_s": 1466.5,
        "tier": "track-zone",
        "prearm_status": "",
        "focus_role": "none"
      }
    },
    {
      "type": "Feature",
      "geometry": {
        "type": "Point",
        "coordinates": [
          500684.0987813322,
          6964756.319799705
        ]
      },
      "properties": {
        "junction_id": 36393,
        "veh_id": 11433,
        "sim_time_s": 1476.5,
        "tier": "coord-prearm-missed/SHOCKWAVE",
        "prearm_status": "missed",
        "focus_role": "none"
      }
    },
    {
      "type": "Feature",
      "geometry": {
        "type": "Point",
        "coordinates": [
          0.0,
          0.0
        ]
      },
      "properties": {
        "junction_id": 36393,
        "veh_id": 11422,
        "sim_time_s": 1484.1,
        "tier": "harmony-no-ge-local",
        "prearm_status": "skip",
        "focus_role": "none"
      }
    },
    {
      "type": "Feature",
      "geometry": {
        "type": "Point",
        "coordinates": [
          0.0,
          0.0
        ]
      },
      "properties": {
        "junction_id": 39590,
        "veh_id": 11396,
        "sim_time_s": 1488.2,
        "tier": "harmony-no-ge-local",
        "prearm_status": "skip",
        "focus_role": "none"
      }
    },
    {
      "type": "Feature",
      "geometry": {
        "type": "Point",
        "coordinates": [
          499962.9402446957,
          6967084.194352881
        ]
      },
      "properties": {
        "junction_id": 38339,
        "veh_id": 11423,
        "sim_time_s": 1490.4,
        "tier": "IC-detect",
        "prearm_status": "",
        "focus_role": "none"
      }
    },
    {
      "type": "Feature",
      "geometry": {
        "type": "Point",
        "coordinates": [
          500732.480424598,
          6964403.548954516
        ]
      },
      "properties": {
        "junction_id": 39606,
        "veh_id": 11397,
        "sim_time_s": 1492.2,
        "tier": "track-zone",
        "prearm_status": "",
        "focus_role": "none"
      }
    },
    {
      "type": "Feature",
      "geometry": {
        "type": "Point",
        "coordinates": [
          500497.62236221274,
          6965702.367992988
        ]
      },
      "properties": {
        "junction_id": 39587,
        "veh_id": 11403,
        "sim_time_s": 1492.2,
        "tier": "track-zone",
        "prearm_status": "",
        "focus_role": "none"
      }
    },
    {
      "type": "Feature",
      "geometry": {
        "type": "Point",
        "coordinates": [
          500725.2100877676,
          6964405.076365696
        ]
      },
      "properties": {
        "junction_id": 39606,
        "veh_id": 11384,
        "sim_time_s": 1496.2,
        "tier": "track-zone",
        "prearm_status": "",
        "focus_role": "none"
      }
    },
    {
      "type": "Feature",
      "geometry": {
        "type": "Point",
        "coordinates": [
          0.0,
          0.0
        ]
      },
      "properties": {
        "junction_id": 36385,
        "veh_id": 11433,
        "sim_time_s": 1496.2,
        "tier": "harmony-no-ge-local",
        "prearm_status": "skip",
        "focus_role": "none"
      }
    },
    {
      "type": "Feature",
      "geometry": {
        "type": "Point",
        "coordinates": [
          500518.668742912,
          6965647.93385089
        ]
      },
      "properties": {
        "junction_id": 1119660,
        "veh_id": 11403,
        "sim_time_s": 1499.0,
        "tier": "track-zone",
        "prearm_status": "",
        "focus_role": "none"
      }
    },
    {
      "type": "Feature",
      "geometry": {
        "type": "Point",
        "coordinates": [
          500681.66899384116,
          6965108.748272682
        ]
      },
      "properties": {
        "junction_id": 10157950,
        "veh_id": 11433,
        "sim_time_s": 1504.3,
        "tier": "track-zone",
        "prearm_status": "",
        "focus_role": "none"
      }
    },
    {
      "type": "Feature",
      "geometry": {
        "type": "Point",
        "coordinates": [
          0.0,
          0.0
        ]
      },
      "properties": {
        "junction_id": 36385,
        "veh_id": 11414,
        "sim_time_s": 1504.3,
        "tier": "harmony-no-ge-local",
        "prearm_status": "skip",
        "focus_role": "none"
      }
    },
    {
      "type": "Feature",
      "geometry": {
        "type": "Point",
        "coordinates": [
          0.0,
          0.0
        ]
      },
      "properties": {
        "junction_id": 38339,
        "veh_id": 11423,
        "sim_time_s": 1504.3,
        "tier": "harmony-no-ge-local",
        "prearm_status": "skip",
        "focus_role": "none"
      }
    },
    {
      "type": "Feature",
      "geometry": {
        "type": "Point",
        "coordinates": [
          500551.1281875034,
          6965571.787922568
        ]
      },
      "properties": {
        "junction_id": 10157950,
        "veh_id": 11403,
        "sim_time_s": 1505.7,
        "tier": "track-zone",
        "prearm_status": "",
        "focus_role": "none"
      }
    },
    {
      "type": "Feature",
      "geometry": {
        "type": "Point",
        "coordinates": [
          0.0,
          0.0
        ]
      },
      "properties": {
        "junction_id": 39593,
        "veh_id": 11433,
        "sim_time_s": 1507.0,
        "tier": "harmony-ge-local",
        "prearm_status": "action",
        "focus_role": "none"
      }
    },
    {
      "type": "Feature",
      "geometry": {
        "type": "Point",
        "coordinates": [
          500728.79734743404,
          6964985.670141887
        ]
      },
      "properties": {
        "junction_id": 36393,
        "veh_id": 11414,
        "sim_time_s": 1508.4,
        "tier": "track-zone",
        "prearm_status": "",
        "focus_role": "none"
      }
    },
    {
      "type": "Feature",
      "geometry": {
        "type": "Point",
        "coordinates": [
          500664.9272737096,
          6965173.081333185
        ]
      },
      "properties": {
        "junction_id": 1119660,
        "veh_id": 11433,
        "sim_time_s": 1508.4,
        "tier": "track-zone",
        "prearm_status": "",
        "focus_role": "none"
      }
    },
    {
      "type": "Feature",
      "geometry": {
        "type": "Point",
        "coordinates": [
          500753.3564603349,
          6964359.311976491
        ]
      },
      "properties": {
        "junction_id": 39590,
        "veh_id": 11397,
        "sim_time_s": 1509.8,
        "tier": "IC-detect",
        "prearm_status": "",
        "focus_role": "none"
      }
    },
    {
      "type": "Feature",
      "geometry": {
        "type": "Point",
        "coordinates": [
          500638.48604033026,
          6965235.102278376
        ]
      },
      "properties": {
        "junction_id": 39587,
        "veh_id": 11433,
        "sim_time_s": 1512.5,
        "tier": "track-zone",
        "prearm_status": "",
        "focus_role": "none"
      }
    },
    {
      "type": "Feature",
      "geometry": {
        "type": "Point",
        "coordinates": [
          0.0,
          0.0
        ]
      },
      "properties": {
        "junction_id": 39606,
        "veh_id": 11396,
        "sim_time_s": 1512.5,
        "tier": "harmony-ins-local",
        "prearm_status": "action",
        "focus_role": "none"
      }
    },
    {
      "type": "Feature",
      "geometry": {
        "type": "Point",
        "coordinates": [
          499960.9708791269,
          6966957.351191572
        ]
      },
      "properties": {
        "junction_id": 39568,
        "veh_id": 11423,
        "sim_time_s": 1513.8,
        "tier": "track-zone",
        "prearm_status": "",
        "focus_role": "none"
      }
    },
    {
      "type": "Feature",
      "geometry": {
        "type": "Point",
        "coordinates": [
          0.0,
          0.0
        ]
      },
      "properties": {
        "junction_id": 39587,
        "veh_id": 11403,
        "sim_time_s": 1516.5,
        "tier": "harmony-no-ge-local",
        "prearm_status": "skip",
        "focus_role": "none"
      }
    },
    {
      "type": "Feature",
      "geometry": {
        "type": "Point",
        "coordinates": [
          499965.86661312036,
          6966898.848549601
        ]
      },
      "properties": {
        "junction_id": 39572,
        "veh_id": 11423,
        "sim_time_s": 1520.5,
        "tier": "track-zone",
        "prearm_status": "",
        "focus_role": "none"
      }
    },
    {
      "type": "Feature",
      "geometry": {
        "type": "Point",
        "coordinates": [
          0.0,
          0.0
        ]
      },
      "properties": {
        "junction_id": 36385,
        "veh_id": 11386,
        "sim_time_s": 1520.5,
        "tier": "harmony-ins-local",
        "prearm_status": "action",
        "focus_role": "none"
      }
    },
    {
      "type": "Feature",
      "geometry": {
        "type": "Point",
        "coordinates": [
          0.0,
          0.0
        ]
      },
      "properties": {
        "junction_id": 39590,
        "veh_id": 11397,
        "sim_time_s": 1526.0,
        "tier": "harmony-ins-local",
        "prearm_status": "action",
        "focus_role": "none"
      }
    },
    {
      "type": "Feature",
      "geometry": {
        "type": "Point",
        "coordinates": [
          0.0,
          0.0
        ]
      },
      "properties": {
        "junction_id": 39587,
        "veh_id": 11433,
        "sim_time_s": 1526.0,
        "tier": "harmony-no-ge-local",
        "prearm_status": "skip",
        "focus_role": "none"
      }
    },
    {
      "type": "Feature",
      "geometry": {
        "type": "Point",
        "coordinates": [
          500569.8356419138,
          6965467.494148293
        ]
      },
      "properties": {
        "junction_id": 39576,
        "veh_id": 11433,
        "sim_time_s": 1527.3,
        "tier": "track-zone",
        "prearm_status": "",
        "focus_role": "none"
      }
    },
    {
      "type": "Feature",
      "geometry": {
        "type": "Point",
        "coordinates": [
          500193.33672775206,
          6965100.856263181
        ]
      },
      "properties": {
        "junction_id": 39593,
        "veh_id": 11407,
        "sim_time_s": 1542.2,
        "tier": "IC-detect",
        "prearm_status": "",
        "focus_role": "none"
      }
    },
    {
      "type": "Feature",
      "geometry": {
        "type": "Point",
        "coordinates": [
          0.0,
          0.0
        ]
      },
      "properties": {
        "junction_id": 39576,
        "veh_id": 11433,
        "sim_time_s": 1542.2,
        "tier": "harmony-no-ge-local",
        "prearm_status": "skip",
        "focus_role": "none"
      }
    },
    {
      "type": "Feature",
      "geometry": {
        "type": "Point",
        "coordinates": [
          500491.8951514702,
          6965698.158998978
        ]
      },
      "properties": {
        "junction_id": 39578,
        "veh_id": 11433,
        "sim_time_s": 1544.8,
        "tier": "track-zone",
        "prearm_status": "",
        "focus_role": "none"
      }
    },
    {
      "type": "Feature",
      "geometry": {
        "type": "Point",
        "coordinates": [
          500788.0783841268,
          6964269.947774571
        ]
      },
      "properties": {
        "junction_id": 39590,
        "veh_id": 11384,
        "sim_time_s": 1547.5,
        "tier": "IC-detect",
        "prearm_status": "",
        "focus_role": "none"
      }
    },
    {
      "type": "Feature",
      "geometry": {
        "type": "Point",
        "coordinates": [
          500715.88007513667,
          6965004.018788318
        ]
      },
      "properties": {
        "junction_id": 39593,
        "veh_id": 11386,
        "sim_time_s": 1548.9,
        "tier": "track-zone",
        "prearm_status": "",
        "focus_role": "none"
      }
    },
    {
      "type": "Feature",
      "geometry": {
        "type": "Point",
        "coordinates": [
          500293.9505976339,
          6965084.860886406
        ]
      },
      "properties": {
        "junction_id": 36385,
        "veh_id": 11407,
        "sim_time_s": 1549.8,
        "tier": "IC-detect",
        "prearm_status": "",
        "focus_role": "none"
      }
    },
    {
      "type": "Feature",
      "geometry": {
        "type": "Point",
        "coordinates": [
          500609.42217207834,
          6965407.600862282
        ]
      },
      "properties": {
        "junction_id": 39593,
        "veh_id": 11403,
        "sim_time_s": 1553.0,
        "tier": "track-zone",
        "prearm_status": "",
        "focus_role": "none"
      }
    },
    {
      "type": "Feature",
      "geometry": {
        "type": "Point",
        "coordinates": [
          499998.1887909032,
          6966703.849288963
        ]
      },
      "properties": {
        "junction_id": 11118289,
        "veh_id": 11423,
        "sim_time_s": 1555.7,
        "tier": "track-zone",
        "prearm_status": "",
        "focus_role": "none"
      }
    },
    {
      "type": "Feature",
      "geometry": {
        "type": "Point",
        "coordinates": [
          500730.00717598666,
          6964409.484639627
        ]
      },
      "properties": {
        "junction_id": 39606,
        "veh_id": 11390,
        "sim_time_s": 1557.0,
        "tier": "track-zone",
        "prearm_status": "",
        "focus_role": "none"
      }
    },
    {
      "type": "Feature",
      "geometry": {
        "type": "Point",
        "coordinates": [
          500689.0859559338,
          6964559.430082321
        ]
      },
      "properties": {
        "junction_id": 39590,
        "veh_id": 11422,
        "sim_time_s": 1559.7,
        "tier": "track-zone",
        "prearm_status": "",
        "focus_role": "none"
      }
    },
    {
      "type": "Feature",
      "geometry": {
        "type": "Point",
        "coordinates": [
          500645.3613311014,
          6965255.5933801355
        ]
      },
      "properties": {
        "junction_id": 36385,
        "veh_id": 11403,
        "sim_time_s": 1565.1,
        "tier": "track-zone",
        "prearm_status": "",
        "focus_role": "none"
      }
    },
    {
      "type": "Feature",
      "geometry": {
        "type": "Point",
        "coordinates": [
          0.0,
          0.0
        ]
      },
      "properties": {
        "junction_id": 39593,
        "veh_id": 11403,
        "sim_time_s": 1574.5,
        "tier": "harmony-no-ge-local",
        "prearm_status": "skip",
        "focus_role": "none"
      }
    },
    {
      "type": "Feature",
      "geometry": {
        "type": "Point",
        "coordinates": [
          0.0,
          0.0
        ]
      },
      "properties": {
        "junction_id": 39572,
        "veh_id": 11423,
        "sim_time_s": 1575.9,
        "tier": "harmony-no-ge-local",
        "prearm_status": "skip",
        "focus_role": "none"
      }
    },
    {
      "type": "Feature",
      "geometry": {
        "type": "Point",
        "coordinates": [
          500011.09688648005,
          6966671.726164905
        ]
      },
      "properties": {
        "junction_id": 39569,
        "veh_id": 11423,
        "sim_time_s": 1577.2,
        "tier": "track-zone",
        "prearm_status": "",
        "focus_role": "none"
      }
    },
    {
      "type": "Feature",
      "geometry": {
        "type": "Point",
        "coordinates": [
          500715.88007513667,
          6965004.018788318
        ]
      },
      "properties": {
        "junction_id": 36393,
        "veh_id": 11386,
        "sim_time_s": 1582.7,
        "tier": "track-zone",
        "prearm_status": "",
        "focus_role": "none"
      }
    },
    {
      "type": "Feature",
      "geometry": {
        "type": "Point",
        "coordinates": [
          0.0,
          0.0
        ]
      },
      "properties": {
        "junction_id": 39606,
        "veh_id": 11397,
        "sim_time_s": 1584.0,
        "tier": "harmony-no-ge-local",
        "prearm_status": "skip",
        "focus_role": "none"
      }
    },
    {
      "type": "Feature",
      "geometry": {
        "type": "Point",
        "coordinates": [
          0.0,
          0.0
        ]
      },
      "properties": {
        "junction_id": 36393,
        "veh_id": 11414,
        "sim_time_s": 1585.3,
        "tier": "harmony-no-ge-local",
        "prearm_status": "skip",
        "focus_role": "none"
      }
    },
    {
      "type": "Feature",
      "geometry": {
        "type": "Point",
        "coordinates": [
          0.0,
          0.0
        ]
      },
      "properties": {
        "junction_id": 39578,
        "veh_id": 11433,
        "sim_time_s": 1585.3,
        "tier": "harmony-no-ge-local",
        "prearm_status": "skip",
        "focus_role": "none"
      }
    },
    {
      "type": "Feature",
      "geometry": {
        "type": "Point",
        "coordinates": [
          500751.58073815284,
          6964355.222039536
        ]
      },
      "properties": {
        "junction_id": 39590,
        "veh_id": 11390,
        "sim_time_s": 1586.7,
        "tier": "IC-detect",
        "prearm_status": "",
        "focus_role": "none"
      }
    },
    {
      "type": "Feature",
      "geometry": {
        "type": "Point",
        "coordinates": [
          0.0,
          0.0
        ]
      },
      "properties": {
        "junction_id": 39590,
        "veh_id": 11390,
        "sim_time_s": 1592.1,
        "tier": "harmony-ins-local",
        "prearm_status": "action",
        "focus_role": "none"
      }
    },
    {
      "type": "Feature",
      "geometry": {
        "type": "Point",
        "coordinates": [
          500402.7155707648,
          6966035.623753488
        ]
      },
      "properties": {
        "junction_id": 1043762,
        "veh_id": 11433,
        "sim_time_s": 1596.2,
        "tier": "track-zone",
        "prearm_status": "",
        "focus_role": "none"
      }
    },
    {
      "type": "Feature",
      "geometry": {
        "type": "Point",
        "coordinates": [
          0.0,
          0.0
        ]
      },
      "properties": {
        "junction_id": 1043762,
        "veh_id": 11433,
        "sim_time_s": 1609.7,
        "tier": "harmony-no-ge-local",
        "prearm_status": "skip",
        "focus_role": "none"
      }
    },
    {
      "type": "Feature",
      "geometry": {
        "type": "Point",
        "coordinates": [
          500224.5656996925,
          6966246.6897434825
        ]
      },
      "properties": {
        "junction_id": 39569,
        "veh_id": 11433,
        "sim_time_s": 1613.7,
        "tier": "track-zone",
        "prearm_status": "",
        "focus_role": "none"
      }
    },
    {
      "type": "Feature",
      "geometry": {
        "type": "Point",
        "coordinates": [
          0.0,
          0.0
        ]
      },
      "properties": {
        "junction_id": 36385,
        "veh_id": 11407,
        "sim_time_s": 1624.5,
        "tier": "harmony-no-ge-local",
        "prearm_status": "skip",
        "focus_role": "none"
      }
    },
    {
      "type": "Feature",
      "geometry": {
        "type": "Point",
        "coordinates": [
          500054.43819135614,
          6966567.140199582
        ]
      },
      "properties": {
        "junction_id": 39568,
        "veh_id": 11423,
        "sim_time_s": 1635.3,
        "tier": "track-zone",
        "prearm_status": "",
        "focus_role": "none"
      }
    },
    {
      "type": "Feature",
      "geometry": {
        "type": "Point",
        "coordinates": [
          0.0,
          0.0
        ]
      },
      "properties": {
        "junction_id": 39569,
        "veh_id": 11433,
        "sim_time_s": 1639.3,
        "tier": "harmony-ins-local",
        "prearm_status": "action",
        "focus_role": "none"
      }
    },
    {
      "type": "Feature",
      "geometry": {
        "type": "Point",
        "coordinates": [
          500849.39258190495,
          6965063.368873786
        ]
      },
      "properties": {
        "junction_id": 36385,
        "veh_id": 11386,
        "sim_time_s": 1640.7,
        "tier": "IC-detect",
        "prearm_status": "",
        "focus_role": "none"
      }
    },
    {
      "type": "Feature",
      "geometry": {
        "type": "Point",
        "coordinates": [
          500128.3567105372,
          6966418.9829028
        ]
      },
      "properties": {
        "junction_id": 39572,
        "veh_id": 11433,
        "sim_time_s": 1642.5,
        "tier": "coord-prearm-harmony/SHOCKWAVE",
        "prearm_status": "fired",
        "focus_role": "none"
      }
    },
    {
      "type": "Feature",
      "geometry": {
        "type": "Point",
        "coordinates": [
          0.0,
          0.0
        ]
      },
      "properties": {
        "junction_id": 39572,
        "veh_id": 11433,
        "sim_time_s": 1643.0,
        "tier": "harmony-no-ge-local",
        "prearm_status": "skip",
        "focus_role": "none"
      }
    },
    {
      "type": "Feature",
      "geometry": {
        "type": "Point",
        "coordinates": [
          500729.4717708739,
          6964410.874563924
        ]
      },
      "properties": {
        "junction_id": 39606,
        "veh_id": 11422,
        "sim_time_s": 1644.8,
        "tier": "track-zone",
        "prearm_status": "",
        "focus_role": "none"
      }
    },
    {
      "type": "Feature",
      "geometry": {
        "type": "Point",
        "coordinates": [
          500725.9682433501,
          6965002.486511993
        ]
      },
      "properties": {
        "junction_id": 36393,
        "veh_id": 11403,
        "sim_time_s": 1662.3,
        "tier": "track-zone",
        "prearm_status": "",
        "focus_role": "none"
      }
    },
    {
      "type": "Feature",
      "geometry": {
        "type": "Point",
        "coordinates": [
          500733.10694437375,
          6964401.664854428
        ]
      },
      "properties": {
        "junction_id": 39590,
        "veh_id": 11422,
        "sim_time_s": 1679.8,
        "tier": "IC-detect-far",
        "prearm_status": "",
        "focus_role": "none"
      }
    },
    {
      "type": "Feature",
      "geometry": {
        "type": "Point",
        "coordinates": [
          500703.60133563797,
          6964854.26779349
        ]
      },
      "properties": {
        "junction_id": 36385,
        "veh_id": 11403,
        "sim_time_s": 1686.6,
        "tier": "track-zone",
        "prearm_status": "",
        "focus_role": "none"
      }
    },
    {
      "type": "Feature",
      "geometry": {
        "type": "Point",
        "coordinates": [
          499516.6649367667,
          6966649.601881014
        ]
      },
      "properties": {
        "junction_id": 39572,
        "veh_id": 11391,
        "sim_time_s": 1692.9,
        "tier": "IC-detect",
        "prearm_status": "",
        "focus_role": "none"
      }
    },
    {
      "type": "Feature",
      "geometry": {
        "type": "Point",
        "coordinates": [
          500096.8987198908,
          6966479.502519995
        ]
      },
      "properties": {
        "junction_id": 39569,
        "veh_id": 11423,
        "sim_time_s": 1697.4,
        "tier": "IC-detect",
        "prearm_status": "",
        "focus_role": "none"
      }
    },
    {
      "type": "Feature",
      "geometry": {
        "type": "Point",
        "coordinates": [
          500128.4807304626,
          6966437.166151781
        ]
      },
      "properties": {
        "junction_id": 1043762,
        "veh_id": 11423,
        "sim_time_s": 1701.5,
        "tier": "track-zone",
        "prearm_status": "",
        "focus_role": "none"
      }
    },
    {
      "type": "Feature",
      "geometry": {
        "type": "Point",
        "coordinates": [
          500728.85995441,
          6964992.331554501
        ]
      },
      "properties": {
        "junction_id": 36393,
        "veh_id": 11407,
        "sim_time_s": 1704.2,
        "tier": "track-zone",
        "prearm_status": "",
        "focus_role": "none"
      }
    },
    {
      "type": "Feature",
      "geometry": {
        "type": "Point",
        "coordinates": [
          500075.43903072673,
          6966491.452863908
        ]
      },
      "properties": {
        "junction_id": 39568,
        "veh_id": 11433,
        "sim_time_s": 1704.2,
        "tier": "track-zone",
        "prearm_status": "",
        "focus_role": "none"
      }
    },
    {
      "type": "Feature",
      "geometry": {
        "type": "Point",
        "coordinates": [
          500689.12202620023,
          6964573.617040525
        ]
      },
      "properties": {
        "junction_id": 36393,
        "veh_id": 11414,
        "sim_time_s": 1705.5,
        "tier": "IC-detect-far",
        "prearm_status": "",
        "focus_role": "none"
      }
    },
    {
      "type": "Feature",
      "geometry": {
        "type": "Point",
        "coordinates": [
          499764.9245922887,
          6966599.706957997
        ]
      },
      "properties": {
        "junction_id": 39568,
        "veh_id": 11391,
        "sim_time_s": 1708.2,
        "tier": "track-zone",
        "prearm_status": "",
        "focus_role": "none"
      }
    },
    {
      "type": "Feature",
      "geometry": {
        "type": "Point",
        "coordinates": [
          0.0,
          0.0
        ]
      },
      "properties": {
        "junction_id": 1043762,
        "veh_id": 11423,
        "sim_time_s": 1716.3,
        "tier": "harmony-no-ge-local",
        "prearm_status": "skip",
        "focus_role": "none"
      }
    },
    {
      "type": "Feature",
      "geometry": {
        "type": "Point",
        "coordinates": [
          499891.9577119668,
          6966539.106124507
        ]
      },
      "properties": {
        "junction_id": 39569,
        "veh_id": 11391,
        "sim_time_s": 1717.7,
        "tier": "track-zone",
        "prearm_status": "",
        "focus_role": "none"
      }
    },
    {
      "type": "Feature",
      "geometry": {
        "type": "Point",
        "coordinates": [
          0.0,
          0.0
        ]
      },
      "properties": {
        "junction_id": 39590,
        "veh_id": 11422,
        "sim_time_s": 1721.7,
        "tier": "harmony-no-ge-local",
        "prearm_status": "skip",
        "focus_role": "none"
      }
    },
    {
      "type": "Feature",
      "geometry": {
        "type": "Point",
        "coordinates": [
          500012.2556836752,
          6966653.44887729
        ]
      },
      "properties": {
        "junction_id": 39572,
        "veh_id": 11433,
        "sim_time_s": 1722.2,
        "tier": "coord-prearm-missed/SHOCKWAVE",
        "prearm_status": "missed",
        "focus_role": "none"
      }
    },
    {
      "type": "Feature",
      "geometry": {
        "type": "Point",
        "coordinates": [
          500354.90179857856,
          6966094.185043942
        ]
      },
      "properties": {
        "junction_id": 39578,
        "veh_id": 11423,
        "sim_time_s": 1731.2,
        "tier": "track-section",
        "prearm_status": "",
        "focus_role": "none"
      }
    },
    {
      "type": "Feature",
      "geometry": {
        "type": "Point",
        "coordinates": [
          0.0,
          0.0
        ]
      },
      "properties": {
        "junction_id": 39606,
        "veh_id": 11422,
        "sim_time_s": 1735.2,
        "tier": "harmony-ins-local",
        "prearm_status": "action",
        "focus_role": "none"
      }
    },
    {
      "type": "Feature",
      "geometry": {
        "type": "Point",
        "coordinates": [
          500689.2755966363,
          6964559.54656752
        ]
      },
      "properties": {
        "junction_id": 39590,
        "veh_id": 11414,
        "sim_time_s": 1739.2,
        "tier": "track-zone",
        "prearm_status": "",
        "focus_role": "none"
      }
    },
    {
      "type": "Feature",
      "geometry": {
        "type": "Point",
        "coordinates": [
          500017.73557138664,
          6966618.392481268
        ]
      },
      "properties": {
        "junction_id": 11118289,
        "veh_id": 11433,
        "sim_time_s": 1750.0,
        "tier": "track-zone",
        "prearm_status": "",
        "focus_role": "none"
      }
    },
    {
      "type": "Feature",
      "geometry": {
        "type": "Point",
        "coordinates": [
          0.0,
          0.0
        ]
      },
      "properties": {
        "junction_id": 36393,
        "veh_id": 11407,
        "sim_time_s": 1756.8,
        "tier": "harmony-no-ge-local",
        "prearm_status": "skip",
        "focus_role": "none"
      }
    },
    {
      "type": "Feature",
      "geometry": {
        "type": "Point",
        "coordinates": [
          500924.1617261337,
          6965248.306604907
        ]
      },
      "properties": {
        "junction_id": 39593,
        "veh_id": 11418,
        "sim_time_s": 1760.8,
        "tier": "track-zone",
        "prearm_status": "",
        "focus_role": "none"
      }
    },
    {
      "type": "Feature",
      "geometry": {
        "type": "Point",
        "coordinates": [
          0.0,
          0.0
        ]
      },
      "properties": {
        "junction_id": 39569,
        "veh_id": 11391,
        "sim_time_s": 1760.8,
        "tier": "harmony-no-ge-local",
        "prearm_status": "skip",
        "focus_role": "none"
      }
    },
    {
      "type": "Feature",
      "geometry": {
        "type": "Point",
        "coordinates": [
          500127.94189346174,
          6966432.918837791
        ]
      },
      "properties": {
        "junction_id": 1043762,
        "veh_id": 11391,
        "sim_time_s": 1767.6,
        "tier": "track-zone",
        "prearm_status": "",
        "focus_role": "none"
      }
    },
    {
      "type": "Feature",
      "geometry": {
        "type": "Point",
        "coordinates": [
          0.0,
          0.0
        ]
      },
      "properties": {
        "junction_id": 39578,
        "veh_id": 11423,
        "sim_time_s": 1773.0,
        "tier": "harmony-no-ge-local",
        "prearm_status": "skip",
        "focus_role": "none"
      }
    },
    {
      "type": "Feature",
      "geometry": {
        "type": "Point",
        "coordinates": [
          500525.97388634324,
          6965940.328226537
        ]
      },
      "properties": {
        "junction_id": 39576,
        "veh_id": 11423,
        "sim_time_s": 1775.7,
        "tier": "track-zone",
        "prearm_status": "",
        "focus_role": "none"
      }
    },
    {
      "type": "Feature",
      "geometry": {
        "type": "Point",
        "coordinates": [
          500697.2252325818,
          6964685.130564939
        ]
      },
      "properties": {
        "junction_id": 36393,
        "veh_id": 11403,
        "sim_time_s": 1782.5,
        "tier": "IC-detect-far",
        "prearm_status": "",
        "focus_role": "none"
      }
    },
    {
      "type": "Feature",
      "geometry": {
        "type": "Point",
        "coordinates": [
          0.0,
          0.0
        ]
      },
      "properties": {
        "junction_id": 1043762,
        "veh_id": 11391,
        "sim_time_s": 1782.5,
        "tier": "harmony-ins-local",
        "prearm_status": "action",
        "focus_role": "none"
      }
    },
    {
      "type": "Feature",
      "geometry": {
        "type": "Point",
        "coordinates": [
          500347.3393573633,
          6966097.142507091
        ]
      },
      "properties": {
        "junction_id": 39578,
        "veh_id": 11391,
        "sim_time_s": 1794.6,
        "tier": "track-section",
        "prearm_status": "",
        "focus_role": "none"
      }
    },
    {
      "type": "Feature",
      "geometry": {
        "type": "Point",
        "coordinates": [
          499960.99450773146,
          6966778.634540164
        ]
      },
      "properties": {
        "junction_id": 38339,
        "veh_id": 11433,
        "sim_time_s": 1798.7,
        "tier": "track-zone",
        "prearm_status": "",
        "focus_role": "none"
      }
    },
    {
      "type": "Feature",
      "geometry": {
        "type": "Point",
        "coordinates": [
          500946.97228876385,
          6964034.668682542
        ]
      },
      "properties": {
        "junction_id": 39606,
        "veh_id": 11434,
        "sim_time_s": 1800.0,
        "tier": "track-section",
        "prearm_status": "",
        "focus_role": "none"
      }
    },
    {
      "type": "Feature",
      "geometry": {
        "type": "Point",
        "coordinates": [
          0.0,
          0.0
        ]
      },
      "properties": {
        "junction_id": 39576,
        "veh_id": 11423,
        "sim_time_s": 1801.3,
        "tier": "harmony-no-ge-local",
        "prearm_status": "skip",
        "focus_role": "none"
      }
    },
    {
      "type": "Feature",
      "geometry": {
        "type": "Point",
        "coordinates": [
          500085.5295036957,
          6967503.47278067
        ]
      },
      "properties": {
        "junction_id": 38339,
        "veh_id": 11424,
        "sim_time_s": 1805.4,
        "tier": "IC-detect",
        "prearm_status": "",
        "focus_role": "none"
      }
    },
    {
      "type": "Feature",
      "geometry": {
        "type": "Point",
        "coordinates": [
          500891.9294185811,
          6964117.649185367
        ]
      },
      "properties": {
        "junction_id": 39590,
        "veh_id": 11434,
        "sim_time_s": 1806.8,
        "tier": "track-zone",
        "prearm_status": "",
        "focus_role": "none"
      }
    },
    {
      "type": "Feature",
      "geometry": {
        "type": "Point",
        "coordinates": [
          0.0,
          0.0
        ]
      },
      "properties": {
        "junction_id": 39578,
        "veh_id": 11391,
        "sim_time_s": 1809.5,
        "tier": "harmony-ins-local",
        "prearm_status": "action",
        "focus_role": "none"
      }
    },
    {
      "type": "Feature",
      "geometry": {
        "type": "Point",
        "coordinates": [
          500530.8738448986,
          6965936.984784321
        ]
      },
      "properties": {
        "junction_id": 39576,
        "veh_id": 11391,
        "sim_time_s": 1810.8,
        "tier": "track-zone",
        "prearm_status": "",
        "focus_role": "none"
      }
    },
    {
      "type": "Feature",
      "geometry": {
        "type": "Point",
        "coordinates": [
          0.0,
          0.0
        ]
      },
      "properties": {
        "junction_id": 39606,
        "veh_id": 11434,
        "sim_time_s": 1810.8,
        "tier": "harmony-no-ge-local",
        "prearm_status": "skip",
        "focus_role": "none"
      }
    },
    {
      "type": "Feature",
      "geometry": {
        "type": "Point",
        "coordinates": [
          500729.69970985316,
          6964410.825584313
        ]
      },
      "properties": {
        "junction_id": 39606,
        "veh_id": 11414,
        "sim_time_s": 1840.5,
        "tier": "track-zone",
        "prearm_status": "",
        "focus_role": "none"
      }
    },
    {
      "type": "Feature",
      "geometry": {
        "type": "Point",
        "coordinates": [
          0.0,
          0.0
        ]
      },
      "properties": {
        "junction_id": 39590,
        "veh_id": 11434,
        "sim_time_s": 1840.5,
        "tier": "harmony-no-ge-local",
        "prearm_status": "skip",
        "focus_role": "none"
      }
    },
    {
      "type": "Feature",
      "geometry": {
        "type": "Point",
        "coordinates": [
          500859.03038183186,
          6965224.325435766
        ]
      },
      "properties": {
        "junction_id": 36385,
        "veh_id": 11418,
        "sim_time_s": 1855.3,
        "tier": "track-zone",
        "prearm_status": "",
        "focus_role": "none"
      }
    },
    {
      "type": "Feature",
      "geometry": {
        "type": "Point",
        "coordinates": [
          500518.28531458677,
          6965649.602903507
        ]
      },
      "properties": {
        "junction_id": 1119660,
        "veh_id": 11423,
        "sim_time_s": 1858.0,
        "tier": "track-zone",
        "prearm_status": "",
        "focus_role": "none"
      }
    },
    {
      "type": "Feature",
      "geometry": {
        "type": "Point",
        "coordinates": [
          500753.4465851907,
          6964359.3588732565
        ]
      },
      "properties": {
        "junction_id": 39590,
        "veh_id": 11414,
        "sim_time_s": 1859.4,
        "tier": "IC-detect",
        "prearm_status": "",
        "focus_role": "none"
      }
    },
    {
      "type": "Feature",
      "geometry": {
        "type": "Point",
        "coordinates": [
          500944.51358507737,
          6964038.69291645
        ]
      },
      "properties": {
        "junction_id": 39606,
        "veh_id": 11410,
        "sim_time_s": 1860.3,
        "tier": "IC-detect",
        "prearm_status": "",
        "focus_role": "none"
      }
    },
    {
      "type": "Feature",
      "geometry": {
        "type": "Point",
        "coordinates": [
          0.0,
          0.0
        ]
      },
      "properties": {
        "junction_id": 38339,
        "veh_id": 11433,
        "sim_time_s": 1862.1,
        "tier": "harmony-no-ge-local",
        "prearm_status": "skip",
        "focus_role": "none"
      }
    },
    {
      "type": "Feature",
      "geometry": {
        "type": "Point",
        "coordinates": [
          500544.664064857,
          6965586.040032604
        ]
      },
      "properties": {
        "junction_id": 39587,
        "veh_id": 11423,
        "sim_time_s": 1863.5,
        "tier": "IC-detect",
        "prearm_status": "",
        "focus_role": "none"
      }
    },
    {
      "type": "Feature",
      "geometry": {
        "type": "Point",
        "coordinates": [
          500553.58414429997,
          6965566.680791364
        ]
      },
      "properties": {
        "junction_id": 10157950,
        "veh_id": 11423,
        "sim_time_s": 1864.8,
        "tier": "track-zone",
        "prearm_status": "",
        "focus_role": "none"
      }
    },
    {
      "type": "Feature",
      "geometry": {
        "type": "Point",
        "coordinates": [
          499966.5946652901,
          6967107.985738699
        ]
      },
      "properties": {
        "junction_id": 11118289,
        "veh_id": 11424,
        "sim_time_s": 1868.8,
        "tier": "track-zone",
        "prearm_status": "",
        "focus_role": "none"
      }
    },
    {
      "type": "Feature",
      "geometry": {
        "type": "Point",
        "coordinates": [
          0.0,
          0.0
        ]
      },
      "properties": {
        "junction_id": 39587,
        "veh_id": 11423,
        "sim_time_s": 1868.8,
        "tier": "harmony-no-ge-local",
        "prearm_status": "skip",
        "focus_role": "none"
      }
    },
    {
      "type": "Feature",
      "geometry": {
        "type": "Point",
        "coordinates": [
          0.0,
          0.0
        ]
      },
      "properties": {
        "junction_id": 39576,
        "veh_id": 11391,
        "sim_time_s": 1872.9,
        "tier": "harmony-no-ge-local",
        "prearm_status": "skip",
        "focus_role": "none"
      }
    },
    {
      "type": "Feature",
      "geometry": {
        "type": "Point",
        "coordinates": [
          500509.49229064846,
          6965706.51025158
        ]
      },
      "properties": {
        "junction_id": 39587,
        "veh_id": 11391,
        "sim_time_s": 1875.6,
        "tier": "track-zone",
        "prearm_status": "",
        "focus_role": "none"
      }
    },
    {
      "type": "Feature",
      "geometry": {
        "type": "Point",
        "coordinates": [
          500608.17838051036,
          6965412.15976348
        ]
      },
      "properties": {
        "junction_id": 39593,
        "veh_id": 11423,
        "sim_time_s": 1875.6,
        "tier": "track-zone",
        "prearm_status": "",
        "focus_role": "none"
      }
    },
    {
      "type": "Feature",
      "geometry": {
        "type": "Point",
        "coordinates": [
          500683.90724991093,
          6964595.380729029
        ]
      },
      "properties": {
        "junction_id": 36393,
        "veh_id": 11407,
        "sim_time_s": 1877.0,
        "tier": "IC-detect-far",
        "prearm_status": "",
        "focus_role": "none"
      }
    },
    {
      "type": "Feature",
      "geometry": {
        "type": "Point",
        "coordinates": [
          500675.36972240463,
          6964507.411903214
        ]
      },
      "properties": {
        "junction_id": 36393,
        "veh_id": 11434,
        "sim_time_s": 1881.0,
        "tier": "track-zone",
        "prearm_status": "",
        "focus_role": "none"
      }
    },
    {
      "type": "Feature",
      "geometry": {
        "type": "Point",
        "coordinates": [
          500844.24420200975,
          6965218.347374013
        ]
      },
      "properties": {
        "junction_id": 39593,
        "veh_id": 11418,
        "sim_time_s": 1881.0,
        "tier": "IC-detect-far",
        "prearm_status": "",
        "focus_role": "none"
      }
    },
    {
      "type": "Feature",
      "geometry": {
        "type": "Point",
        "coordinates": [
          500516.670489275,
          6965644.781243922
        ]
      },
      "properties": {
        "junction_id": 1119660,
        "veh_id": 11391,
        "sim_time_s": 1882.3,
        "tier": "track-zone",
        "prearm_status": "",
        "focus_role": "none"
      }
    },
    {
      "type": "Feature",
      "geometry": {
        "type": "Point",
        "coordinates": [
          499958.73807641584,
          6966950.667293613
        ]
      },
      "properties": {
        "junction_id": 39568,
        "veh_id": 11424,
        "sim_time_s": 1882.3,
        "tier": "track-zone",
        "prearm_status": "",
        "focus_role": "none"
      }
    },
    {
      "type": "Feature",
      "geometry": {
        "type": "Point",
        "coordinates": [
          500650.7274461386,
          6965250.939159605
        ]
      },
      "properties": {
        "junction_id": 36385,
        "veh_id": 11423,
        "sim_time_s": 1886.4,
        "tier": "track-zone",
        "prearm_status": "",
        "focus_role": "none"
      }
    },
    {
      "type": "Feature",
      "geometry": {
        "type": "Point",
        "coordinates": [
          499963.4799899121,
          6966890.43016065
        ]
      },
      "properties": {
        "junction_id": 39572,
        "veh_id": 11424,
        "sim_time_s": 1886.4,
        "tier": "track-zone",
        "prearm_status": "",
        "focus_role": "none"
      }
    },
    {
      "type": "Feature",
      "geometry": {
        "type": "Point",
        "coordinates": [
          500553.088147738,
          6965560.750243626
        ]
      },
      "properties": {
        "junction_id": 10157950,
        "veh_id": 11391,
        "sim_time_s": 1891.8,
        "tier": "track-zone",
        "prearm_status": "",
        "focus_role": "none"
      }
    },
    {
      "type": "Feature",
      "geometry": {
        "type": "Point",
        "coordinates": [
          500683.4234833312,
          6964554.077128978
        ]
      },
      "properties": {
        "junction_id": 39590,
        "veh_id": 11407,
        "sim_time_s": 1891.8,
        "tier": "track-zone",
        "prearm_status": "",
        "focus_role": "none"
      }
    },
    {
      "type": "Feature",
      "geometry": {
        "type": "Point",
        "coordinates": [
          0.0,
          0.0
        ]
      },
      "properties": {
        "junction_id": 36393,
        "veh_id": 11434,
        "sim_time_s": 1894.5,
        "tier": "harmony-no-ge-local",
        "prearm_status": "skip",
        "focus_role": "none"
      }
    },
    {
      "type": "Feature",
      "geometry": {
        "type": "Point",
        "coordinates": [
          500689.2598761022,
          6964555.98626827
        ]
      },
      "properties": {
        "junction_id": 39590,
        "veh_id": 11403,
        "sim_time_s": 1897.2,
        "tier": "track-zone",
        "prearm_status": "",
        "focus_role": "none"
      }
    },
    {
      "type": "Feature",
      "geometry": {
        "type": "Point",
        "coordinates": [
          500679.9427897496,
          6964783.111003491
        ]
      },
      "properties": {
        "junction_id": 36385,
        "veh_id": 11434,
        "sim_time_s": 1899.9,
        "tier": "track-zone",
        "prearm_status": "",
        "focus_role": "none"
      }
    },
    {
      "type": "Feature",
      "geometry": {
        "type": "Point",
        "coordinates": [
          500691.1956907974,
          6964538.318556552
        ]
      },
      "properties": {
        "junction_id": 36393,
        "veh_id": 11403,
        "sim_time_s": 1902.6,
        "tier": "IC-detect",
        "prearm_status": "",
        "focus_role": "none"
      }
    },
    {
      "type": "Feature",
      "geometry": {
        "type": "Point",
        "coordinates": [
          500884.54860926815,
          6964123.618479758
        ]
      },
      "properties": {
        "junction_id": 39590,
        "veh_id": 11410,
        "sim_time_s": 1904.0,
        "tier": "track-zone",
        "prearm_status": "",
        "focus_role": "none"
      }
    },
    {
      "type": "Feature",
      "geometry": {
        "type": "Point",
        "coordinates": [
          0.0,
          0.0
        ]
      },
      "properties": {
        "junction_id": 39587,
        "veh_id": 11391,
        "sim_time_s": 1904.0,
        "tier": "harmony-no-ge-local",
        "prearm_status": "skip",
        "focus_role": "none"
      }
    },
    {
      "type": "Feature",
      "geometry": {
        "type": "Point",
        "coordinates": [
          500608.18080484826,
          6965401.220572425
        ]
      },
      "properties": {
        "junction_id": 39593,
        "veh_id": 11391,
        "sim_time_s": 1914.8,
        "tier": "track-zone",
        "prearm_status": "",
        "focus_role": "none"
      }
    },
    {
      "type": "Feature",
      "geometry": {
        "type": "Point",
        "coordinates": [
          500701.1213322951,
          6964928.589704927
        ]
      },
      "properties": {
        "junction_id": 39593,
        "veh_id": 11434,
        "sim_time_s": 1916.1,
        "tier": "track-zone",
        "prearm_status": "",
        "focus_role": "none"
      }
    },
    {
      "type": "Feature",
      "geometry": {
        "type": "Point",
        "coordinates": [
          0.0,
          0.0
        ]
      },
      "properties": {
        "junction_id": 39572,
        "veh_id": 11424,
        "sim_time_s": 1922.8,
        "tier": "harmony-no-ge-local",
        "prearm_status": "skip",
        "focus_role": "none"
      }
    },
    {
      "type": "Feature",
      "geometry": {
        "type": "Point",
        "coordinates": [
          500012.6299976074,
          6966668.104618352
        ]
      },
      "properties": {
        "junction_id": 39569,
        "veh_id": 11424,
        "sim_time_s": 1924.2,
        "tier": "track-zone",
        "prearm_status": "",
        "focus_role": "none"
      }
    },
    {
      "type": "Feature",
      "geometry": {
        "type": "Point",
        "coordinates": [
          500643.77089679096,
          6965259.856820872
        ]
      },
      "properties": {
        "junction_id": 36385,
        "veh_id": 11391,
        "sim_time_s": 1932.3,
        "tier": "track-zone",
        "prearm_status": "",
        "focus_role": "none"
      }
    },
    {
      "type": "Feature",
      "geometry": {
        "type": "Point",
        "coordinates": [
          0.0,
          0.0
        ]
      },
      "properties": {
        "junction_id": 39606,
        "veh_id": 11414,
        "sim_time_s": 1935.0,
        "tier": "harmony-no-ge-local",
        "prearm_status": "skip",
        "focus_role": "none"
      }
    },
    {
      "type": "Feature",
      "geometry": {
        "type": "Point",
        "coordinates": [
          0.0,
          0.0
        ]
      },
      "properties": {
        "junction_id": 39590,
        "veh_id": 11410,
        "sim_time_s": 1958.0,
        "tier": "harmony-no-ge-local",
        "prearm_status": "skip",
        "focus_role": "none"
      }
    },
    {
      "type": "Feature",
      "geometry": {
        "type": "Point",
        "coordinates": [
          0.0,
          0.0
        ]
      },
      "properties": {
        "junction_id": 39593,
        "veh_id": 11423,
        "sim_time_s": 1959.3,
        "tier": "harmony-no-ge-local",
        "prearm_status": "skip",
        "focus_role": "none"
      }
    },
    {
      "type": "Feature",
      "geometry": {
        "type": "Point",
        "coordinates": [
          0.0,
          0.0
        ]
      },
      "properties": {
        "junction_id": 36385,
        "veh_id": 11434,
        "sim_time_s": 1962.0,
        "tier": "harmony-no-ge-local",
        "prearm_status": "skip",
        "focus_role": "none"
      }
    },
    {
      "type": "Feature",
      "geometry": {
        "type": "Point",
        "coordinates": [
          500681.4863950173,
          6965109.609491125
        ]
      },
      "properties": {
        "junction_id": 10157950,
        "veh_id": 11434,
        "sim_time_s": 1970.1,
        "tier": "track-zone",
        "prearm_status": "",
        "focus_role": "none"
      }
    },
    {
      "type": "Feature",
      "geometry": {
        "type": "Point",
        "coordinates": [
          0.0,
          0.0
        ]
      },
      "properties": {
        "junction_id": 39593,
        "veh_id": 11434,
        "sim_time_s": 1972.8,
        "tier": "harmony-no-ge-local",
        "prearm_status": "skip",
        "focus_role": "none"
      }
    },
    {
      "type": "Feature",
      "geometry": {
        "type": "Point",
        "coordinates": [
          500730.02233138465,
          6964409.474388153
        ]
      },
      "properties": {
        "junction_id": 39606,
        "veh_id": 11403,
        "sim_time_s": 1974.2,
        "tier": "track-zone",
        "prearm_status": "",
        "focus_role": "none"
      }
    },
    {
      "type": "Feature",
      "geometry": {
        "type": "Point",
        "coordinates": [
          500664.740998765,
          6965173.85481991
        ]
      },
      "properties": {
        "junction_id": 1119660,
        "veh_id": 11434,
        "sim_time_s": 1974.2,
        "tier": "track-zone",
        "prearm_status": "",
        "focus_role": "none"
      }
    },
    {
      "type": "Feature",
      "geometry": {
        "type": "Point",
        "coordinates": [
          500842.9392537627,
          6965217.82077337
        ]
      },
      "properties": {
        "junction_id": 36385,
        "veh_id": 11418,
        "sim_time_s": 1976.8,
        "tier": "track-zone",
        "prearm_status": "",
        "focus_role": "none"
      }
    },
    {
      "type": "Feature",
      "geometry": {
        "type": "Point",
        "coordinates": [
          500638.1932808617,
          6965235.836672564
        ]
      },
      "properties": {
        "junction_id": 39587,
        "veh_id": 11434,
        "sim_time_s": 1978.2,
        "tier": "track-zone",
        "prearm_status": "",
        "focus_role": "none"
      }
    },
    {
      "type": "Feature",
      "geometry": {
        "type": "Point",
        "coordinates": [
          0.0,
          0.0
        ]
      },
      "properties": {
        "junction_id": 39593,
        "veh_id": 11391,
        "sim_time_s": 1980.9,
        "tier": "harmony-no-ge-local",
        "prearm_status": "skip",
        "focus_role": "none"
      }
    },
    {
      "type": "Feature",
      "geometry": {
        "type": "Point",
        "coordinates": [
          500714.4725882401,
          6964389.30168201
        ]
      },
      "properties": {
        "junction_id": 39606,
        "veh_id": 11410,
        "sim_time_s": 1982.2,
        "tier": "track-zone",
        "prearm_status": "",
        "focus_role": "none"
      }
    },
    {
      "type": "Feature",
      "geometry": {
        "type": "Point",
        "coordinates": [
          0.0,
          0.0
        ]
      },
      "properties": {
        "junction_id": 39569,
        "veh_id": 11424,
        "sim_time_s": 1985.0,
        "tier": "harmony-ge-local",
        "prearm_status": "action",
        "focus_role": "none"
      }
    },
    {
      "type": "Feature",
      "geometry": {
        "type": "Point",
        "coordinates": [
          0.0,
          0.0
        ]
      },
      "properties": {
        "junction_id": 39587,
        "veh_id": 11434,
        "sim_time_s": 1991.7,
        "tier": "harmony-ins-local",
        "prearm_status": "action",
        "focus_role": "none"
      }
    },
    {
      "type": "Feature",
      "geometry": {
        "type": "Point",
        "coordinates": [
          500674.81332270295,
          6964509.726097321
        ]
      },
      "properties": {
        "junction_id": 36393,
        "veh_id": 11410,
        "sim_time_s": 1995.8,
        "tier": "track-zone",
        "prearm_status": "",
        "focus_role": "none"
      }
    },
    {
      "type": "Feature",
      "geometry": {
        "type": "Point",
        "coordinates": [
          500839.92909686815,
          6965216.349027932
        ]
      },
      "properties": {
        "junction_id": 39593,
        "veh_id": 11418,
        "sim_time_s": 2001.2,
        "tier": "IC-detect",
        "prearm_status": "",
        "focus_role": "none"
      }
    },
    {
      "type": "Feature",
      "geometry": {
        "type": "Point",
        "coordinates": [
          500131.84097139235,
          6966432.678238653
        ]
      },
      "properties": {
        "junction_id": 1043762,
        "veh_id": 11424,
        "sim_time_s": 2006.5,
        "tier": "track-zone",
        "prearm_status": "",
        "focus_role": "none"
      }
    },
    {
      "type": "Feature",
      "geometry": {
        "type": "Point",
        "coordinates": [
          500716.14541874407,
          6965084.076293943
        ]
      },
      "properties": {
        "junction_id": 36385,
        "veh_id": 11423,
        "sim_time_s": 2006.5,
        "tier": "IC-detect-far",
        "prearm_status": "",
        "focus_role": "none"
      }
    },
    {
      "type": "Feature",
      "geometry": {
        "type": "Point",
        "coordinates": [
          500719.4498623266,
          6964411.08299396
        ]
      },
      "properties": {
        "junction_id": 39590,
        "veh_id": 11407,
        "sim_time_s": 2012.0,
        "tier": "IC-detect-far",
        "prearm_status": "",
        "focus_role": "none"
      }
    },
    {
      "type": "Feature",
      "geometry": {
        "type": "Point",
        "coordinates": [
          0.0,
          0.0
        ]
      },
      "properties": {
        "junction_id": 39590,
        "veh_id": 11403,
        "sim_time_s": 2012.0,
        "tier": "harmony-ins-local",
        "prearm_status": "action",
        "focus_role": "none"
      }
    },
    {
      "type": "Feature",
      "geometry": {
        "type": "Point",
        "coordinates": [
          500576.35501113266,
          6965457.157319253
        ]
      },
      "properties": {
        "junction_id": 39576,
        "veh_id": 11434,
        "sim_time_s": 2014.7,
        "tier": "track-zone",
        "prearm_status": "",
        "focus_role": "none"
      }
    },
    {
      "type": "Feature",
      "geometry": {
        "type": "Point",
        "coordinates": [
          0.0,
          0.0
        ]
      },
      "properties": {
        "junction_id": 1043762,
        "veh_id": 11424,
        "sim_time_s": 2028.2,
        "tier": "harmony-no-ge-local",
        "prearm_status": "skip",
        "focus_role": "none"
      }
    },
    {
      "type": "Feature",
      "geometry": {
        "type": "Point",
        "coordinates": [
          500720.9717443932,
          6964407.204155652
        ]
      },
      "properties": {
        "junction_id": 39606,
        "veh_id": 11407,
        "sim_time_s": 2032.2,
        "tier": "track-zone",
        "prearm_status": "",
        "focus_role": "none"
      }
    },
    {
      "type": "Feature",
      "geometry": {
        "type": "Point",
        "coordinates": [
          0.0,
          0.0
        ]
      },
      "properties": {
        "junction_id": 39576,
        "veh_id": 11434,
        "sim_time_s": 2036.2,
        "tier": "harmony-ins-local",
        "prearm_status": "action",
        "focus_role": "none"
      }
    },
    {
      "type": "Feature",
      "geometry": {
        "type": "Point",
        "coordinates": [
          500351.2441311735,
          6966101.718248084
        ]
      },
      "properties": {
        "junction_id": 39578,
        "veh_id": 11424,
        "sim_time_s": 2043.0,
        "tier": "track-section",
        "prearm_status": "",
        "focus_role": "none"
      }
    },
    {
      "type": "Feature",
      "geometry": {
        "type": "Point",
        "coordinates": [
          0.0,
          0.0
        ]
      },
      "properties": {
        "junction_id": 39606,
        "veh_id": 11403,
        "sim_time_s": 2044.3,
        "tier": "harmony-no-ge-local",
        "prearm_status": "skip",
        "focus_role": "none"
      }
    },
    {
      "type": "Feature",
      "geometry": {
        "type": "Point",
        "coordinates": [
          0.0,
          0.0
        ]
      },
      "properties": {
        "junction_id": 36393,
        "veh_id": 11410,
        "sim_time_s": 2044.3,
        "tier": "harmony-no-ge-local",
        "prearm_status": "skip",
        "focus_role": "none"
      }
    },
    {
      "type": "Feature",
      "geometry": {
        "type": "Point",
        "coordinates": [
          499456.69302451186,
          6967099.051579941
        ]
      },
      "properties": {
        "junction_id": 38339,
        "veh_id": 11398,
        "sim_time_s": 2046.2,
        "tier": "IC-detect",
        "prearm_status": "",
        "focus_role": "none"
      }
    },
    {
      "type": "Feature",
      "geometry": {
        "type": "Point",
        "coordinates": [
          500492.0611742906,
          6965691.363569315
        ]
      },
      "properties": {
        "junction_id": 39578,
        "veh_id": 11434,
        "sim_time_s": 2047.0,
        "tier": "track-zone",
        "prearm_status": "",
        "focus_role": "none"
      }
    },
    {
      "type": "Feature",
      "geometry": {
        "type": "Point",
        "coordinates": [
          500679.5050223458,
          6964774.269920545
        ]
      },
      "properties": {
        "junction_id": 36385,
        "veh_id": 11410,
        "sim_time_s": 2049.8,
        "tier": "track-zone",
        "prearm_status": "",
        "focus_role": "none"
      }
    },
    {
      "type": "Feature",
      "geometry": {
        "type": "Point",
        "coordinates": [
          500712.9700991255,
          6965097.178425366
        ]
      },
      "properties": {
        "junction_id": 36385,
        "veh_id": 11391,
        "sim_time_s": 2052.4,
        "tier": "IC-detect-far",
        "prearm_status": "",
        "focus_role": "none"
      }
    },
    {
      "type": "Feature",
      "geometry": {
        "type": "Point",
        "coordinates": [
          0.0,
          0.0
        ]
      },
      "properties": {
        "junction_id": 39578,
        "veh_id": 11424,
        "sim_time_s": 2059.2,
        "tier": "harmony-no-ge-local",
        "prearm_status": "skip",
        "focus_role": "none"
      }
    },
    {
      "type": "Feature",
      "geometry": {
        "type": "Point",
        "coordinates": [
          500528.8531511531,
          6965931.129026611
        ]
      },
      "properties": {
        "junction_id": 39576,
        "veh_id": 11424,
        "sim_time_s": 2060.6,
        "tier": "track-zone",
        "prearm_status": "",
        "focus_role": "none"
      }
    },
    {
      "type": "Feature",
      "geometry": {
        "type": "Point",
        "coordinates": [
          500831.1593316999,
          6965211.74247623
        ]
      },
      "properties": {
        "junction_id": 10157950,
        "veh_id": 11418,
        "sim_time_s": 2076.8,
        "tier": "track-zone",
        "prearm_status": "",
        "focus_role": "none"
      }
    },
    {
      "type": "Feature",
      "geometry": {
        "type": "Point",
        "coordinates": [
          0.0,
          0.0
        ]
      },
      "properties": {
        "junction_id": 36385,
        "veh_id": 11423,
        "sim_time_s": 2078.1,
        "tier": "harmony-no-ge-local",
        "prearm_status": "skip",
        "focus_role": "none"
      }
    },
    {
      "type": "Feature",
      "geometry": {
        "type": "Point",
        "coordinates": [
          500701.01096915826,
          6964928.523912185
        ]
      },
      "properties": {
        "junction_id": 39593,
        "veh_id": 11410,
        "sim_time_s": 2083.5,
        "tier": "track-zone",
        "prearm_status": "",
        "focus_role": "none"
      }
    },
    {
      "type": "Feature",
      "geometry": {
        "type": "Point",
        "coordinates": [
          0.0,
          0.0
        ]
      },
      "properties": {
        "junction_id": 39578,
        "veh_id": 11434,
        "sim_time_s": 2087.6,
        "tier": "harmony-no-ge-local",
        "prearm_status": "skip",
        "focus_role": "none"
      }
    },
    {
      "type": "Feature",
      "geometry": {
        "type": "Point",
        "coordinates": [
          500728.9957529674,
          6964997.19864193
        ]
      },
      "properties": {
        "junction_id": 36393,
        "veh_id": 11423,
        "sim_time_s": 2088.9,
        "tier": "track-zone",
        "prearm_status": "",
        "focus_role": "none"
      }
    },
    {
      "type": "Feature",
      "geometry": {
        "type": "Point",
        "coordinates": [
          500729.05834462726,
          6964996.85767386
        ]
      },
      "properties": {
        "junction_id": 36393,
        "veh_id": 11391,
        "sim_time_s": 2095.7,
        "tier": "track-zone",
        "prearm_status": "",
        "focus_role": "none"
      }
    },
    {
      "type": "Feature",
      "geometry": {
        "type": "Point",
        "coordinates": [
          0.0,
          0.0
        ]
      },
      "properties": {
        "junction_id": 39576,
        "veh_id": 11424,
        "sim_time_s": 2096.6,
        "tier": "harmony-ge-local",
        "prearm_status": "action",
        "focus_role": "none"
      }
    },
    {
      "type": "Feature",
      "geometry": {
        "type": "Point",
        "coordinates": [
          500795.2411814324,
          6965196.569195264
        ]
      },
      "properties": {
        "junction_id": 36385,
        "veh_id": 11418,
        "sim_time_s": 2098.3,
        "tier": "track-zone",
        "prearm_status": "",
        "focus_role": "none"
      }
    },
    {
      "type": "Feature",
      "geometry": {
        "type": "Point",
        "coordinates": [
          499810.15914798813,
          6967046.683753827
        ]
      },
      "properties": {
        "junction_id": 11118289,
        "veh_id": 11398,
        "sim_time_s": 2105.1,
        "tier": "track-zone",
        "prearm_status": "",
        "focus_role": "none"
      }
    },
    {
      "type": "Feature",
      "geometry": {
        "type": "Point",
        "coordinates": [
          500512.3925238333,
          6965709.703441518
        ]
      },
      "properties": {
        "junction_id": 39587,
        "veh_id": 11424,
        "sim_time_s": 2113.2,
        "tier": "track-zone",
        "prearm_status": "",
        "focus_role": "none"
      }
    },
    {
      "type": "Feature",
      "geometry": {
        "type": "Point",
        "coordinates": [
          0.0,
          0.0
        ]
      },
      "properties": {
        "junction_id": 36385,
        "veh_id": 11410,
        "sim_time_s": 2114.6,
        "tier": "harmony-ge-local",
        "prearm_status": "action",
        "focus_role": "none"
      }
    },
    {
      "type": "Feature",
      "geometry": {
        "type": "Point",
        "coordinates": [
          500393.0088572091,
          6966047.994696806
        ]
      },
      "properties": {
        "junction_id": 1043762,
        "veh_id": 11434,
        "sim_time_s": 2115.9,
        "tier": "track-zone",
        "prearm_status": "",
        "focus_role": "none"
      }
    },
    {
      "type": "Feature",
      "geometry": {
        "type": "Point",
        "coordinates": [
          500518.3487655545,
          6965649.53629531
        ]
      },
      "properties": {
        "junction_id": 1119660,
        "veh_id": 11424,
        "sim_time_s": 2118.6,
        "tier": "track-zone",
        "prearm_status": "",
        "focus_role": "none"
      }
    },
    {
      "type": "Feature",
      "geometry": {
        "type": "Point",
        "coordinates": [
          500794.914985822,
          6965196.446543696
        ]
      },
      "properties": {
        "junction_id": 39593,
        "veh_id": 11418,
        "sim_time_s": 2121.3,
        "tier": "IC-detect",
        "prearm_status": "",
        "focus_role": "none"
      }
    },
    {
      "type": "Feature",
      "geometry": {
        "type": "Point",
        "coordinates": [
          500683.45272367063,
          6965092.773510537
        ]
      },
      "properties": {
        "junction_id": 10157950,
        "veh_id": 11410,
        "sim_time_s": 2122.7,
        "tier": "track-zone",
        "prearm_status": "",
        "focus_role": "none"
      }
    },
    {
      "type": "Feature",
      "geometry": {
        "type": "Point",
        "coordinates": [
          500553.6569173124,
          6965566.624517338
        ]
      },
      "properties": {
        "junction_id": 10157950,
        "veh_id": 11424,
        "sim_time_s": 2125.3,
        "tier": "track-zone",
        "prearm_status": "",
        "focus_role": "none"
      }
    },
    {
      "type": "Feature",
      "geometry": {
        "type": "Point",
        "coordinates": [
          0.0,
          0.0
        ]
      },
      "properties": {
        "junction_id": 39587,
        "veh_id": 11424,
        "sim_time_s": 2129.4,
        "tier": "harmony-ins-local",
        "prearm_status": "action",
        "focus_role": "none"
      }
    },
    {
      "type": "Feature",
      "geometry": {
        "type": "Point",
        "coordinates": [
          0.0,
          0.0
        ]
      },
      "properties": {
        "junction_id": 1043762,
        "veh_id": 11434,
        "sim_time_s": 2129.4,
        "tier": "harmony-ins-local",
        "prearm_status": "action",
        "focus_role": "none"
      }
    },
    {
      "type": "Feature",
      "geometry": {
        "type": "Point",
        "coordinates": [
          500239.27442931227,
          6966221.976383699
        ]
      },
      "properties": {
        "junction_id": 39569,
        "veh_id": 11434,
        "sim_time_s": 2131.7,
        "tier": "coord-prearm-harmony/SHOCKWAVE",
        "prearm_status": "fired",
        "focus_role": "none"
      }
    },
    {
      "type": "Feature",
      "geometry": {
        "type": "Point",
        "coordinates": [
          500733.7382966766,
          6964374.87602176
        ]
      },
      "properties": {
        "junction_id": 39590,
        "veh_id": 11407,
        "sim_time_s": 2132.1,
        "tier": "IC-detect",
        "prearm_status": "",
        "focus_role": "none"
      }
    },
    {
      "type": "Feature",
      "geometry": {
        "type": "Point",
        "coordinates": [
          0.0,
          0.0
        ]
      },
      "properties": {
        "junction_id": 39569,
        "veh_id": 11434,
        "sim_time_s": 2132.1,
        "tier": "harmony-ins-local",
        "prearm_status": "action",
        "focus_role": "none"
      }
    },
    {
      "type": "Feature",
      "geometry": {
        "type": "Point",
        "coordinates": [
          500105.3249690746,
          6966447.427635936
        ]
      },
      "properties": {
        "junction_id": 39569,
        "veh_id": 11434,
        "sim_time_s": 2132.1,
        "tier": "coord-prearm-success/SHOCKWAVE",
        "prearm_status": "success",
        "focus_role": "none"
      }
    },
    {
      "type": "Feature",
      "geometry": {
        "type": "Point",
        "coordinates": [
          500206.7142988884,
          6966279.242871355
        ]
      },
      "properties": {
        "junction_id": 39572,
        "veh_id": 11434,
        "sim_time_s": 2135.2,
        "tier": "coord-prearm-harmony/SHOCKWAVE",
        "prearm_status": "fired",
        "focus_role": "none"
      }
    },
    {
      "type": "Feature",
      "geometry": {
        "type": "Point",
        "coordinates": [
          0.0,
          0.0
        ]
      },
      "properties": {
        "junction_id": 39572,
        "veh_id": 11434,
        "sim_time_s": 2135.7,
        "tier": "harmony-no-ge-local",
        "prearm_status": "skip",
        "focus_role": "none"
      }
    },
    {
      "type": "Feature",
      "geometry": {
        "type": "Point",
        "coordinates": [
          500608.73116542073,
          6965410.468978032
        ]
      },
      "properties": {
        "junction_id": 39593,
        "veh_id": 11424,
        "sim_time_s": 2136.2,
        "tier": "track-zone",
        "prearm_status": "",
        "focus_role": "none"
      }
    },
    {
      "type": "Feature",
      "geometry": {
        "type": "Point",
        "coordinates": [
          500662.36537460797,
          6965180.255755081
        ]
      },
      "properties": {
        "junction_id": 1119660,
        "veh_id": 11410,
        "sim_time_s": 2145.6,
        "tier": "track-zone",
        "prearm_status": "",
        "focus_role": "none"
      }
    },
    {
      "type": "Feature",
      "geometry": {
        "type": "Point",
        "coordinates": [
          500647.22362293676,
          6965259.2703862805
        ]
      },
      "properties": {
        "junction_id": 36385,
        "veh_id": 11424,
        "sim_time_s": 2145.6,
        "tier": "track-zone",
        "prearm_status": "",
        "focus_role": "none"
      }
    },
    {
      "type": "Feature",
      "geometry": {
        "type": "Point",
        "coordinates": [
          500635.42086703196,
          6965241.6881094985
        ]
      },
      "properties": {
        "junction_id": 39587,
        "veh_id": 11410,
        "sim_time_s": 2149.7,
        "tier": "track-zone",
        "prearm_status": "",
        "focus_role": "none"
      }
    },
    {
      "type": "Feature",
      "geometry": {
        "type": "Point",
        "coordinates": [
          0.0,
          0.0
        ]
      },
      "properties": {
        "junction_id": 39593,
        "veh_id": 11424,
        "sim_time_s": 2149.7,
        "tier": "harmony-no-ge-local",
        "prearm_status": "skip",
        "focus_role": "none"
      }
    },
    {
      "type": "Feature",
      "geometry": {
        "type": "Point",
        "coordinates": [
          500074.5280730584,
          6966493.759912829
        ]
      },
      "properties": {
        "junction_id": 39568,
        "veh_id": 11434,
        "sim_time_s": 2151.0,
        "tier": "track-zone",
        "prearm_status": "",
        "focus_role": "none"
      }
    },
    {
      "type": "Feature",
      "geometry": {
        "type": "Point",
        "coordinates": [
          500733.7382966766,
          6964374.87602176
        ]
      },
      "properties": {
        "junction_id": 39606,
        "veh_id": 11407,
        "sim_time_s": 2153.7,
        "tier": "track-zone",
        "prearm_status": "",
        "focus_role": "none"
      }
    },
    {
      "type": "Feature",
      "geometry": {
        "type": "Point",
        "coordinates": [
          0.0,
          0.0
        ]
      },
      "properties": {
        "junction_id": 38339,
        "veh_id": 11398,
        "sim_time_s": 2157.8,
        "tier": "harmony-no-ge-local",
        "prearm_status": "skip",
        "focus_role": "none"
      }
    },
    {
      "type": "Feature",
      "geometry": {
        "type": "Point",
        "coordinates": [
          0.0,
          0.0
        ]
      },
      "properties": {
        "junction_id": 36393,
        "veh_id": 11423,
        "sim_time_s": 2165.8,
        "tier": "harmony-no-ge-local",
        "prearm_status": "skip",
        "focus_role": "none"
      }
    },
    {
      "type": "Feature",
      "geometry": {
        "type": "Point",
        "coordinates": [
          499961.4963487816,
          6966952.315576789
        ]
      },
      "properties": {
        "junction_id": 39568,
        "veh_id": 11398,
        "sim_time_s": 2168.6,
        "tier": "track-zone",
        "prearm_status": "",
        "focus_role": "none"
      }
    },
    {
      "type": "Feature",
      "geometry": {
        "type": "Point",
        "coordinates": [
          499968.8456338249,
          6966899.101234541
        ]
      },
      "properties": {
        "junction_id": 39572,
        "veh_id": 11398,
        "sim_time_s": 2176.7,
        "tier": "track-zone",
        "prearm_status": "",
        "focus_role": "none"
      }
    },
    {
      "type": "Feature",
      "geometry": {
        "type": "Point",
        "coordinates": [
          500569.44941701804,
          6965468.479443357
        ]
      },
      "properties": {
        "junction_id": 39576,
        "veh_id": 11410,
        "sim_time_s": 2186.1,
        "tier": "track-zone",
        "prearm_status": "",
        "focus_role": "none"
      }
    },
    {
      "type": "Feature",
      "geometry": {
        "type": "Point",
        "coordinates": [
          500017.81364159303,
          6966618.2387930155
        ]
      },
      "properties": {
        "junction_id": 11118289,
        "veh_id": 11434,
        "sim_time_s": 2190.2,
        "tier": "track-zone",
        "prearm_status": "",
        "focus_role": "none"
      }
    },
    {
      "type": "Feature",
      "geometry": {
        "type": "Point",
        "coordinates": [
          500772.8089177982,
          6965189.178407427
        ]
      },
      "properties": {
        "junction_id": 10157950,
        "veh_id": 11418,
        "sim_time_s": 2198.2,
        "tier": "track-zone",
        "prearm_status": "",
        "focus_role": "none"
      }
    },
    {
      "type": "Feature",
      "geometry": {
        "type": "Point",
        "coordinates": [
          0.0,
          0.0
        ]
      },
      "properties": {
        "junction_id": 39576,
        "veh_id": 11410,
        "sim_time_s": 2200.9,
        "tier": "harmony-no-ge-local",
        "prearm_status": "skip",
        "focus_role": "none"
      }
    },
    {
      "type": "Feature",
      "geometry": {
        "type": "Point",
        "coordinates": [
          500012.2556836752,
          6966653.44887729
        ]
      },
      "properties": {
        "junction_id": 39572,
        "veh_id": 11434,
        "sim_time_s": 2201.4,
        "tier": "coord-prearm-missed/SHOCKWAVE",
        "prearm_status": "missed",
        "focus_role": "none"
      }
    },
    {
      "type": "Feature",
      "geometry": {
        "type": "Point",
        "coordinates": [
          500491.8342179193,
          6965698.459442074
        ]
      },
      "properties": {
        "junction_id": 39578,
        "veh_id": 11410,
        "sim_time_s": 2203.7,
        "tier": "track-zone",
        "prearm_status": "",
        "focus_role": "none"
      }
    },
    {
      "type": "Feature",
      "geometry": {
        "type": "Point",
        "coordinates": [
          0.0,
          0.0
        ]
      },
      "properties": {
        "junction_id": 39593,
        "veh_id": 11418,
        "sim_time_s": 2206.3,
        "tier": "harmony-no-ge-local",
        "prearm_status": "skip",
        "focus_role": "none"
      }
    },
    {
      "type": "Feature",
      "geometry": {
        "type": "Point",
        "coordinates": [
          0.0,
          0.0
        ]
      },
      "properties": {
        "junction_id": 39590,
        "veh_id": 11407,
        "sim_time_s": 2213.1,
        "tier": "harmony-ins-local",
        "prearm_status": "action",
        "focus_role": "none"
      }
    },
    {
      "type": "Feature",
      "geometry": {
        "type": "Point",
        "coordinates": [
          500691.1561043969,
          6964617.6729723625
        ]
      },
      "properties": {
        "junction_id": 36393,
        "veh_id": 11391,
        "sim_time_s": 2215.8,
        "tier": "IC-detect",
        "prearm_status": "",
        "focus_role": "none"
      }
    },
    {
      "type": "Feature",
      "geometry": {
        "type": "Point",
        "coordinates": [
          500710.6629454953,
          6965171.378599144
        ]
      },
      "properties": {
        "junction_id": 36385,
        "veh_id": 11418,
        "sim_time_s": 2219.8,
        "tier": "track-zone",
        "prearm_status": "",
        "focus_role": "none"
      }
    },
    {
      "type": "Feature",
      "geometry": {
        "type": "Point",
        "coordinates": [
          500946.50642625254,
          6964035.431173656
        ]
      },
      "properties": {
        "junction_id": 39606,
        "veh_id": 11400,
        "sim_time_s": 2220.3,
        "tier": "IC-detect",
        "prearm_status": "",
        "focus_role": "none"
      }
    },
    {
      "type": "Feature",
      "geometry": {
        "type": "Point",
        "coordinates": [
          499986.035397861,
          6966731.360239057
        ]
      },
      "properties": {
        "junction_id": 11118289,
        "veh_id": 11398,
        "sim_time_s": 2226.6,
        "tier": "track-zone",
        "prearm_status": "",
        "focus_role": "none"
      }
    },
    {
      "type": "Feature",
      "geometry": {
        "type": "Point",
        "coordinates": [
          500689.18307875394,
          6964559.216857634
        ]
      },
      "properties": {
        "junction_id": 39590,
        "veh_id": 11423,
        "sim_time_s": 2233.3,
        "tier": "track-zone",
        "prearm_status": "",
        "focus_role": "none"
      }
    },
    {
      "type": "Feature",
      "geometry": {
        "type": "Point",
        "coordinates": [
          499960.77996179904,
          6966791.502128707
        ]
      },
      "properties": {
        "junction_id": 38339,
        "veh_id": 11434,
        "sim_time_s": 2238.8,
        "tier": "track-zone",
        "prearm_status": "",
        "focus_role": "none"
      }
    },
    {
      "type": "Feature",
      "geometry": {
        "type": "Point",
        "coordinates": [
          0.0,
          0.0
        ]
      },
      "properties": {
        "junction_id": 39578,
        "veh_id": 11410,
        "sim_time_s": 2244.2,
        "tier": "harmony-no-ge-local",
        "prearm_status": "skip",
        "focus_role": "none"
      }
    },
    {
      "type": "Feature",
      "geometry": {
        "type": "Point",
        "coordinates": [
          500949.53229003365,
          6964036.232777647
        ]
      },
      "properties": {
        "junction_id": 39606,
        "veh_id": 11435,
        "sim_time_s": 2250.0,
        "tier": "IC-detect",
        "prearm_status": "",
        "focus_role": "none"
      }
    },
    {
      "type": "Feature",
      "geometry": {
        "type": "Point",
        "coordinates": [
          0.0,
          0.0
        ]
      },
      "properties": {
        "junction_id": 38339,
        "veh_id": 11434,
        "sim_time_s": 2252.2,
        "tier": "harmony-ins-local",
        "prearm_status": "action",
        "focus_role": "none"
      }
    },
    {
      "type": "Feature",
      "geometry": {
        "type": "Point",
        "coordinates": [
          500889.73017343215,
          6964122.305016703
        ]
      },
      "properties": {
        "junction_id": 39590,
        "veh_id": 11435,
        "sim_time_s": 2256.3,
        "tier": "track-zone",
        "prearm_status": "",
        "focus_role": "none"
      }
    },
    {
      "type": "Feature",
      "geometry": {
        "type": "Point",
        "coordinates": [
          0.0,
          0.0
        ]
      },
      "properties": {
        "junction_id": 36385,
        "veh_id": 11424,
        "sim_time_s": 2257.7,
        "tier": "harmony-ge-local",
        "prearm_status": "action",
        "focus_role": "none"
      }
    },
    {
      "type": "Feature",
      "geometry": {
        "type": "Point",
        "coordinates": [
          0.0,
          0.0
        ]
      },
      "properties": {
        "junction_id": 39572,
        "veh_id": 11398,
        "sim_time_s": 2259.0,
        "tier": "harmony-no-ge-local",
        "prearm_status": "skip",
        "focus_role": "none"
      }
    },
    {
      "type": "Feature",
      "geometry": {
        "type": "Point",
        "coordinates": [
          500013.52197766904,
          6966665.712790293
        ]
      },
      "properties": {
        "junction_id": 39569,
        "veh_id": 11398,
        "sim_time_s": 2260.3,
        "tier": "track-zone",
        "prearm_status": "",
        "focus_role": "none"
      }
    },
    {
      "type": "Feature",
      "geometry": {
        "type": "Point",
        "coordinates": [
          0.0,
          0.0
        ]
      },
      "properties": {
        "junction_id": 39606,
        "veh_id": 11435,
        "sim_time_s": 2260.3,
        "tier": "harmony-no-ge-local",
        "prearm_status": "skip",
        "focus_role": "none"
      }
    },
    {
      "type": "Feature",
      "geometry": {
        "type": "Point",
        "coordinates": [
          500885.01848098845,
          6964123.006739364
        ]
      },
      "properties": {
        "junction_id": 39590,
        "veh_id": 11400,
        "sim_time_s": 2264.4,
        "tier": "track-zone",
        "prearm_status": "",
        "focus_role": "none"
      }
    },
    {
      "type": "Feature",
      "geometry": {
        "type": "Point",
        "coordinates": [
          500689.22975550906,
          6964559.721780638
        ]
      },
      "properties": {
        "junction_id": 39590,
        "veh_id": 11391,
        "sim_time_s": 2268.4,
        "tier": "track-zone",
        "prearm_status": "",
        "focus_role": "none"
      }
    },
    {
      "type": "Feature",
      "geometry": {
        "type": "Point",
        "coordinates": [
          500564.40874182625,
          6964042.289536482
        ]
      },
      "properties": {
        "junction_id": 39606,
        "veh_id": 11407,
        "sim_time_s": 2273.8,
        "tier": "IC-detect",
        "prearm_status": "",
        "focus_role": "none"
      }
    },
    {
      "type": "Feature",
      "geometry": {
        "type": "Point",
        "coordinates": [
          500087.25921997585,
          6967505.346169611
        ]
      },
      "properties": {
        "junction_id": 38339,
        "veh_id": 11425,
        "sim_time_s": 2277.9,
        "tier": "IC-detect",
        "prearm_status": "",
        "focus_role": "none"
      }
    },
    {
      "type": "Feature",
      "geometry": {
        "type": "Point",
        "coordinates": [
          500036.31709628174,
          6966611.762255406
        ]
      },
      "properties": {
        "junction_id": 39568,
        "veh_id": 11398,
        "sim_time_s": 2290.1,
        "tier": "track-zone",
        "prearm_status": "",
        "focus_role": "none"
      }
    },
    {
      "type": "Feature",
      "geometry": {
        "type": "Point",
        "coordinates": [
          500393.4421591629,
          6966043.534329932
        ]
      },
      "properties": {
        "junction_id": 1043762,
        "veh_id": 11410,
        "sim_time_s": 2291.4,
        "tier": "track-zone",
        "prearm_status": "",
        "focus_role": "none"
      }
    },
    {
      "type": "Feature",
      "geometry": {
        "type": "Point",
        "coordinates": [
          499514.2320769479,
          6966650.177374803
        ]
      },
      "properties": {
        "junction_id": 39572,
        "veh_id": 11392,
        "sim_time_s": 2292.8,
        "tier": "IC-detect",
        "prearm_status": "",
        "focus_role": "none"
      }
    },
    {
      "type": "Feature",
      "geometry": {
        "type": "Point",
        "coordinates": [
          499774.2824615899,
          6966595.199342565
        ]
      },
      "properties": {
        "junction_id": 39568,
        "veh_id": 11392,
        "sim_time_s": 2308.9,
        "tier": "track-zone",
        "prearm_status": "",
        "focus_role": "none"
      }
    },
    {
      "type": "Feature",
      "geometry": {
        "type": "Point",
        "coordinates": [
          499940.45735701197,
          6967007.612366347
        ]
      },
      "properties": {
        "junction_id": 11118289,
        "veh_id": 11434,
        "sim_time_s": 2311.7,
        "tier": "track-zone",
        "prearm_status": "",
        "focus_role": "none"
      }
    },
    {
      "type": "Feature",
      "geometry": {
        "type": "Point",
        "coordinates": [
          0.0,
          0.0
        ]
      },
      "properties": {
        "junction_id": 39590,
        "veh_id": 11435,
        "sim_time_s": 2313.0,
        "tier": "harmony-no-ge-local",
        "prearm_status": "skip",
        "focus_role": "none"
      }
    },
    {
      "type": "Feature",
      "geometry": {
        "type": "Point",
        "coordinates": [
          0.0,
          0.0
        ]
      },
      "properties": {
        "junction_id": 39569,
        "veh_id": 11398,
        "sim_time_s": 2313.0,
        "tier": "harmony-ins-local",
        "prearm_status": "action",
        "focus_role": "none"
      }
    },
    {
      "type": "Feature",
      "geometry": {
        "type": "Point",
        "coordinates": [
          500126.8157725821,
          6966444.376897469
        ]
      },
      "properties": {
        "junction_id": 1043762,
        "veh_id": 11398,
        "sim_time_s": 2315.7,
        "tier": "track-zone",
        "prearm_status": "",
        "focus_role": "none"
      }
    },
    {
      "type": "Feature",
      "geometry": {
        "type": "Point",
        "coordinates": [
          499880.83350100904,
          6966544.379014572
        ]
      },
      "properties": {
        "junction_id": 39569,
        "veh_id": 11392,
        "sim_time_s": 2317.1,
        "tier": "track-zone",
        "prearm_status": "",
        "focus_role": "none"
      }
    },
    {
      "type": "Feature",
      "geometry": {
        "type": "Point",
        "coordinates": [
          0.0,
          0.0
        ]
      },
      "properties": {
        "junction_id": 1043762,
        "veh_id": 11410,
        "sim_time_s": 2327.8,
        "tier": "harmony-no-ge-local",
        "prearm_status": "skip",
        "focus_role": "none"
      }
    },
    {
      "type": "Feature",
      "geometry": {
        "type": "Point",
        "coordinates": [
          500228.9199277404,
          6966233.632357758
        ]
      },
      "properties": {
        "junction_id": 39569,
        "veh_id": 11410,
        "sim_time_s": 2330.6,
        "tier": "track-zone",
        "prearm_status": "",
        "focus_role": "none"
      }
    },
    {
      "type": "Feature",
      "geometry": {
        "type": "Point",
        "coordinates": [
          0.0,
          0.0
        ]
      },
      "properties": {
        "junction_id": 36385,
        "veh_id": 11418,
        "sim_time_s": 2330.6,
        "tier": "harmony-ins-local",
        "prearm_status": "action",
        "focus_role": "none"
      }
    },
    {
      "type": "Feature",
      "geometry": {
        "type": "Point",
        "coordinates": [
          499966.3639954082,
          6967108.097070473
        ]
      },
      "properties": {
        "junction_id": 11118289,
        "veh_id": 11425,
        "sim_time_s": 2337.3,
        "tier": "track-zone",
        "prearm_status": "",
        "focus_role": "none"
      }
    },
    {
      "type": "Feature",
      "geometry": {
        "type": "Point",
        "coordinates": [
          500719.4335167506,
          6964376.751215259
        ]
      },
      "properties": {
        "junction_id": 39606,
        "veh_id": 11400,
        "sim_time_s": 2342.7,
        "tier": "track-zone",
        "prearm_status": "",
        "focus_role": "none"
      }
    },
    {
      "type": "Feature",
      "geometry": {
        "type": "Point",
        "coordinates": [
          0.0,
          0.0
        ]
      },
      "properties": {
        "junction_id": 38339,
        "veh_id": 11425,
        "sim_time_s": 2342.7,
        "tier": "harmony-no-ge-local",
        "prearm_status": "skip",
        "focus_role": "none"
      }
    },
    {
      "type": "Feature",
      "geometry": {
        "type": "Point",
        "coordinates": [
          500732.49850312795,
          6964403.445537617
        ]
      },
      "properties": {
        "junction_id": 39606,
        "veh_id": 11423,
        "sim_time_s": 2345.4,
        "tier": "track-zone",
        "prearm_status": "",
        "focus_role": "none"
      }
    },
    {
      "type": "Feature",
      "geometry": {
        "type": "Point",
        "coordinates": [
          500712.3800775247,
          6964893.691248859
        ]
      },
      "properties": {
        "junction_id": 36393,
        "veh_id": 11424,
        "sim_time_s": 2345.4,
        "tier": "IC-detect",
        "prearm_status": "",
        "focus_role": "none"
      }
    },
    {
      "type": "Feature",
      "geometry": {
        "type": "Point",
        "coordinates": [
          499961.9338828142,
          6966946.768854921
        ]
      },
      "properties": {
        "junction_id": 39568,
        "veh_id": 11425,
        "sim_time_s": 2350.8,
        "tier": "track-zone",
        "prearm_status": "",
        "focus_role": "none"
      }
    },
    {
      "type": "Feature",
      "geometry": {
        "type": "Point",
        "coordinates": [
          500726.0788229891,
          6964999.172403856
        ]
      },
      "properties": {
        "junction_id": 36393,
        "veh_id": 11418,
        "sim_time_s": 2352.2,
        "tier": "track-zone",
        "prearm_status": "",
        "focus_role": "none"
      }
    },
    {
      "type": "Feature",
      "geometry": {
        "type": "Point",
        "coordinates": [
          500752.78041406884,
          6964360.621817491
        ]
      },
      "properties": {
        "junction_id": 39590,
        "veh_id": 11423,
        "sim_time_s": 2353.5,
        "tier": "IC-detect",
        "prearm_status": "",
        "focus_role": "none"
      }
    },
    {
      "type": "Feature",
      "geometry": {
        "type": "Point",
        "coordinates": [
          499966.2224066638,
          6966890.891868943
        ]
      },
      "properties": {
        "junction_id": 39572,
        "veh_id": 11425,
        "sim_time_s": 2354.8,
        "tier": "track-zone",
        "prearm_status": "",
        "focus_role": "none"
      }
    },
    {
      "type": "Feature",
      "geometry": {
        "type": "Point",
        "coordinates": [
          500730.96143956983,
          6964407.521189218
        ]
      },
      "properties": {
        "junction_id": 39606,
        "veh_id": 11391,
        "sim_time_s": 2357.6,
        "tier": "track-zone",
        "prearm_status": "",
        "focus_role": "none"
      }
    },
    {
      "type": "Feature",
      "geometry": {
        "type": "Point",
        "coordinates": [
          500673.11100351124,
          6964523.1699944725
        ]
      },
      "properties": {
        "junction_id": 36393,
        "veh_id": 11435,
        "sim_time_s": 2360.2,
        "tier": "track-zone",
        "prearm_status": "",
        "focus_role": "none"
      }
    },
    {
      "type": "Feature",
      "geometry": {
        "type": "Point",
        "coordinates": [
          500675.19226295076,
          6964507.501925769
        ]
      },
      "properties": {
        "junction_id": 36393,
        "veh_id": 11400,
        "sim_time_s": 2365.7,
        "tier": "track-zone",
        "prearm_status": "",
        "focus_role": "none"
      }
    },
    {
      "type": "Feature",
      "geometry": {
        "type": "Point",
        "coordinates": [
          0.0,
          0.0
        ]
      },
      "properties": {
        "junction_id": 1043762,
        "veh_id": 11398,
        "sim_time_s": 2368.3,
        "tier": "harmony-ge-local",
        "prearm_status": "action",
        "focus_role": "none"
      }
    },
    {
      "type": "Feature",
      "geometry": {
        "type": "Point",
        "coordinates": [
          0.0,
          0.0
        ]
      },
      "properties": {
        "junction_id": 39572,
        "veh_id": 11425,
        "sim_time_s": 2368.3,
        "tier": "harmony-ins-local",
        "prearm_status": "action",
        "focus_role": "none"
      }
    },
    {
      "type": "Feature",
      "geometry": {
        "type": "Point",
        "coordinates": [
          500014.32400587614,
          6966663.471580057
        ]
      },
      "properties": {
        "junction_id": 39569,
        "veh_id": 11425,
        "sim_time_s": 2369.7,
        "tier": "track-zone",
        "prearm_status": "",
        "focus_role": "none"
      }
    },
    {
      "type": "Feature",
      "geometry": {
        "type": "Point",
        "coordinates": [
          0.0,
          0.0
        ]
      },
      "properties": {
        "junction_id": 39590,
        "veh_id": 11423,
        "sim_time_s": 2372.4,
        "tier": "harmony-ins-local",
        "prearm_status": "action",
        "focus_role": "none"
      }
    },
    {
      "type": "Feature",
      "geometry": {
        "type": "Point",
        "coordinates": [
          500004.4696260253,
          6967365.623624119
        ]
      },
      "properties": {
        "junction_id": 38339,
        "veh_id": 11434,
        "sim_time_s": 2372.4,
        "tier": "IC-detect",
        "prearm_status": "",
        "focus_role": "none"
      }
    },
    {
      "type": "Feature",
      "geometry": {
        "type": "Point",
        "coordinates": [
          0.0,
          0.0
        ]
      },
      "properties": {
        "junction_id": 36393,
        "veh_id": 11435,
        "sim_time_s": 2373.8,
        "tier": "harmony-ins-local",
        "prearm_status": "action",
        "focus_role": "none"
      }
    },
    {
      "type": "Feature",
      "geometry": {
        "type": "Point",
        "coordinates": [
          500679.0543356483,
          6964745.734743787
        ]
      },
      "properties": {
        "junction_id": 36385,
        "veh_id": 11435,
        "sim_time_s": 2376.9,
        "tier": "coord-prearm-harmony/SHOCKWAVE",
        "prearm_status": "fired",
        "focus_role": "none"
      }
    },
    {
      "type": "Feature",
      "geometry": {
        "type": "Point",
        "coordinates": [
          500744.3410688172,
          6964373.644524625
        ]
      },
      "properties": {
        "junction_id": 39590,
        "veh_id": 11391,
        "sim_time_s": 2388.6,
        "tier": "IC-detect-far",
        "prearm_status": "",
        "focus_role": "none"
      }
    },
    {
      "type": "Feature",
      "geometry": {
        "type": "Point",
        "coordinates": [
          0.0,
          0.0
        ]
      },
      "properties": {
        "junction_id": 36385,
        "veh_id": 11435,
        "sim_time_s": 2390.8,
        "tier": "harmony-no-ge-local",
        "prearm_status": "skip",
        "focus_role": "none"
      }
    },
    {
      "type": "Feature",
      "geometry": {
        "type": "Point",
        "coordinates": [
          0.0,
          0.0
        ]
      },
      "properties": {
        "junction_id": 39569,
        "veh_id": 11410,
        "sim_time_s": 2394.0,
        "tier": "harmony-ins-local",
        "prearm_status": "action",
        "focus_role": "none"
      }
    },
    {
      "type": "Feature",
      "geometry": {
        "type": "Point",
        "coordinates": [
          500354.3147969733,
          6966098.775389128
        ]
      },
      "properties": {
        "junction_id": 39578,
        "veh_id": 11398,
        "sim_time_s": 2399.4,
        "tier": "track-section",
        "prearm_status": "",
        "focus_role": "none"
      }
    },
    {
      "type": "Feature",
      "geometry": {
        "type": "Point",
        "coordinates": [
          500134.35896903847,
          6965615.236375507
        ]
      },
      "properties": {
        "junction_id": 39576,
        "veh_id": 11404,
        "sim_time_s": 2400.3,
        "tier": "IC-detect",
        "prearm_status": "",
        "focus_role": "none"
      }
    },
    {
      "type": "Feature",
      "geometry": {
        "type": "Point",
        "coordinates": [
          500122.06233367656,
          6966440.844849814
        ]
      },
      "properties": {
        "junction_id": 1043762,
        "veh_id": 11392,
        "sim_time_s": 2406.2,
        "tier": "track-zone",
        "prearm_status": "",
        "focus_role": "none"
      }
    },
    {
      "type": "Feature",
      "geometry": {
        "type": "Point",
        "coordinates": [
          500111.8413949009,
          6966426.784517086
        ]
      },
      "properties": {
        "junction_id": 39572,
        "veh_id": 11410,
        "sim_time_s": 2407.5,
        "tier": "track-zone",
        "prearm_status": "",
        "focus_role": "none"
      }
    },
    {
      "type": "Feature",
      "geometry": {
        "type": "Point",
        "coordinates": [
          500031.61885404965,
          6966465.387551107
        ]
      },
      "properties": {
        "junction_id": 39568,
        "veh_id": 11410,
        "sim_time_s": 2418.3,
        "tier": "track-zone",
        "prearm_status": "",
        "focus_role": "none"
      }
    },
    {
      "type": "Feature",
      "geometry": {
        "type": "Point",
        "coordinates": [
          0.0,
          0.0
        ]
      },
      "properties": {
        "junction_id": 1043762,
        "veh_id": 11392,
        "sim_time_s": 2428.7,
        "tier": "harmony-ins-local",
        "prearm_status": "action",
        "focus_role": "none"
      }
    },
    {
      "type": "Feature",
      "geometry": {
        "type": "Point",
        "coordinates": [
          0.0,
          0.0
        ]
      },
      "properties": {
        "junction_id": 39590,
        "veh_id": 11391,
        "sim_time_s": 2432.7,
        "tier": "harmony-no-ge-local",
        "prearm_status": "skip",
        "focus_role": "none"
      }
    },
    {
      "type": "Feature",
      "geometry": {
        "type": "Point",
        "coordinates": [
          0.0,
          0.0
        ]
      },
      "properties": {
        "junction_id": 39578,
        "veh_id": 11398,
        "sim_time_s": 2435.8,
        "tier": "harmony-no-ge-local",
        "prearm_status": "skip",
        "focus_role": "none"
      }
    },
    {
      "type": "Feature",
      "geometry": {
        "type": "Point",
        "coordinates": [
          500357.0246773649,
          6966088.242961561
        ]
      },
      "properties": {
        "junction_id": 39578,
        "veh_id": 11392,
        "sim_time_s": 2437.2,
        "tier": "track-section",
        "prearm_status": "",
        "focus_role": "none"
      }
    },
    {
      "type": "Feature",
      "geometry": {
        "type": "Point",
        "coordinates": [
          500701.3396677776,
          6964929.786111152
        ]
      },
      "properties": {
        "junction_id": 39593,
        "veh_id": 11435,
        "sim_time_s": 2437.2,
        "tier": "track-zone",
        "prearm_status": "",
        "focus_role": "none"
      }
    },
    {
      "type": "Feature",
      "geometry": {
        "type": "Point",
        "coordinates": [
          500534.75768828276,
          6965926.273203041
        ]
      },
      "properties": {
        "junction_id": 39576,
        "veh_id": 11398,
        "sim_time_s": 2438.6,
        "tier": "track-zone",
        "prearm_status": "",
        "focus_role": "none"
      }
    },
    {
      "type": "Feature",
      "geometry": {
        "type": "Point",
        "coordinates": [
          0.0,
          0.0
        ]
      },
      "properties": {
        "junction_id": 39606,
        "veh_id": 11423,
        "sim_time_s": 2439.9,
        "tier": "harmony-ins-local",
        "prearm_status": "action",
        "focus_role": "none"
      }
    },
    {
      "type": "Feature",
      "geometry": {
        "type": "Point",
        "coordinates": [
          500679.7233146697,
          6964781.381155983
        ]
      },
      "properties": {
        "junction_id": 36385,
        "veh_id": 11400,
        "sim_time_s": 2448.0,
        "tier": "track-zone",
        "prearm_status": "",
        "focus_role": "none"
      }
    },
    {
      "type": "Feature",
      "geometry": {
        "type": "Point",
        "coordinates": [
          500715.9750991549,
          6965021.28412977
        ]
      },
      "properties": {
        "junction_id": 36385,
        "veh_id": 11435,
        "sim_time_s": 2448.9,
        "tier": "coord-prearm-missed/SHOCKWAVE",
        "prearm_status": "missed",
        "focus_role": "none"
      }
    },
    {
      "type": "Feature",
      "geometry": {
        "type": "Point",
        "coordinates": [
          500134.59682616213,
          6966428.159597618
        ]
      },
      "properties": {
        "junction_id": 1043762,
        "veh_id": 11425,
        "sim_time_s": 2450.7,
        "tier": "track-zone",
        "prearm_status": "",
        "focus_role": "none"
      }
    },
    {
      "type": "Feature",
      "geometry": {
        "type": "Point",
        "coordinates": [
          0.0,
          0.0
        ]
      },
      "properties": {
        "junction_id": 36393,
        "veh_id": 11424,
        "sim_time_s": 2450.7,
        "tier": "harmony-no-ge-local",
        "prearm_status": "skip",
        "focus_role": "none"
      }
    },
    {
      "type": "Feature",
      "geometry": {
        "type": "Point",
        "coordinates": [
          500524.78715333913,
          6965935.848759989
        ]
      },
      "properties": {
        "junction_id": 39576,
        "veh_id": 11392,
        "sim_time_s": 2452.1,
        "tier": "track-zone",
        "prearm_status": "",
        "focus_role": "none"
      }
    },
    {
      "type": "Feature",
      "geometry": {
        "type": "Point",
        "coordinates": [
          0.0,
          0.0
        ]
      },
      "properties": {
        "junction_id": 39578,
        "veh_id": 11392,
        "sim_time_s": 2453.4,
        "tier": "harmony-no-ge-local",
        "prearm_status": "skip",
        "focus_role": "none"
      }
    },
    {
      "type": "Feature",
      "geometry": {
        "type": "Point",
        "coordinates": [
          500702.0223523489,
          6964862.200711147
        ]
      },
      "properties": {
        "junction_id": 36385,
        "veh_id": 11418,
        "sim_time_s": 2462.8,
        "tier": "track-zone",
        "prearm_status": "",
        "focus_role": "none"
      }
    },
    {
      "type": "Feature",
      "geometry": {
        "type": "Point",
        "coordinates": [
          500458.7809303745,
          6965697.0012850445
        ]
      },
      "properties": {
        "junction_id": 39578,
        "veh_id": 11404,
        "sim_time_s": 2464.2,
        "tier": "track-zone",
        "prearm_status": "",
        "focus_role": "none"
      }
    },
    {
      "type": "Feature",
      "geometry": {
        "type": "Point",
        "coordinates": [
          0.0,
          0.0
        ]
      },
      "properties": {
        "junction_id": 39576,
        "veh_id": 11404,
        "sim_time_s": 2464.2,
        "tier": "harmony-no-ge-local",
        "prearm_status": "skip",
        "focus_role": "none"
      }
    },
    {
      "type": "Feature",
      "geometry": {
        "type": "Point",
        "coordinates": [
          500697.39547852596,
          6964827.529572139
        ]
      },
      "properties": {
        "junction_id": 36393,
        "veh_id": 11418,
        "sim_time_s": 2472.3,
        "tier": "IC-detect",
        "prearm_status": "",
        "focus_role": "none"
      }
    },
    {
      "type": "Feature",
      "geometry": {
        "type": "Point",
        "coordinates": [
          500357.62915931625,
          6966095.681142135
        ]
      },
      "properties": {
        "junction_id": 39578,
        "veh_id": 11425,
        "sim_time_s": 2476.3,
        "tier": "track-section",
        "prearm_status": "",
        "focus_role": "none"
      }
    },
    {
      "type": "Feature",
      "geometry": {
        "type": "Point",
        "coordinates": [
          500832.2753083527,
          6964213.72671164
        ]
      },
      "properties": {
        "junction_id": 39606,
        "veh_id": 11391,
        "sim_time_s": 2477.7,
        "tier": "IC-detect",
        "prearm_status": "",
        "focus_role": "none"
      }
    },
    {
      "type": "Feature",
      "geometry": {
        "type": "Point",
        "coordinates": [
          0.0,
          0.0
        ]
      },
      "properties": {
        "junction_id": 36393,
        "veh_id": 11418,
        "sim_time_s": 2477.7,
        "tier": "harmony-no-ge-local",
        "prearm_status": "skip",
        "focus_role": "none"
      }
    },
    {
      "type": "Feature",
      "geometry": {
        "type": "Point",
        "coordinates": [
          500684.87757467106,
          6965096.482603428
        ]
      },
      "properties": {
        "junction_id": 10157950,
        "veh_id": 11435,
        "sim_time_s": 2483.1,
        "tier": "track-zone",
        "prearm_status": "",
        "focus_role": "none"
      }
    },
    {
      "type": "Feature",
      "geometry": {
        "type": "Point",
        "coordinates": [
          500684.12501851685,
          6964842.811476052
        ]
      },
      "properties": {
        "junction_id": 36393,
        "veh_id": 11400,
        "sim_time_s": 2485.8,
        "tier": "IC-detect",
        "prearm_status": "",
        "focus_role": "none"
      }
    },
    {
      "type": "Feature",
      "geometry": {
        "type": "Point",
        "coordinates": [
          0.0,
          0.0
        ]
      },
      "properties": {
        "junction_id": 39593,
        "veh_id": 11435,
        "sim_time_s": 2487.2,
        "tier": "harmony-no-ge-local",
        "prearm_status": "skip",
        "focus_role": "none"
      }
    },
    {
      "type": "Feature",
      "geometry": {
        "type": "Point",
        "coordinates": [
          500662.7125989642,
          6965179.677647854
        ]
      },
      "properties": {
        "junction_id": 1119660,
        "veh_id": 11435,
        "sim_time_s": 2488.5,
        "tier": "track-zone",
        "prearm_status": "",
        "focus_role": "none"
      }
    },
    {
      "type": "Feature",
      "geometry": {
        "type": "Point",
        "coordinates": [
          500638.54553459474,
          6965235.083127015
        ]
      },
      "properties": {
        "junction_id": 39587,
        "veh_id": 11435,
        "sim_time_s": 2492.6,
        "tier": "track-zone",
        "prearm_status": "",
        "focus_role": "none"
      }
    },
    {
      "type": "Feature",
      "geometry": {
        "type": "Point",
        "coordinates": [
          500506.81666561094,
          6965698.078438422
        ]
      },
      "properties": {
        "junction_id": 39587,
        "veh_id": 11392,
        "sim_time_s": 2493.9,
        "tier": "track-zone",
        "prearm_status": "",
        "focus_role": "none"
      }
    },
    {
      "type": "Feature",
      "geometry": {
        "type": "Point",
        "coordinates": [
          500700.95587001037,
          6964928.530708944
        ]
      },
      "properties": {
        "junction_id": 39593,
        "veh_id": 11400,
        "sim_time_s": 2493.9,
        "tier": "track-zone",
        "prearm_status": "",
        "focus_role": "none"
      }
    },
    {
      "type": "Feature",
      "geometry": {
        "type": "Point",
        "coordinates": [
          0.0,
          0.0
        ]
      },
      "properties": {
        "junction_id": 39578,
        "veh_id": 11425,
        "sim_time_s": 2493.9,
        "tier": "harmony-no-ge-local",
        "prearm_status": "skip",
        "focus_role": "none"
      }
    },
    {
      "type": "Feature",
      "geometry": {
        "type": "Point",
        "coordinates": [
          500518.3231830351,
          6965640.005155212
        ]
      },
      "properties": {
        "junction_id": 1119660,
        "veh_id": 11392,
        "sim_time_s": 2499.3,
        "tier": "track-zone",
        "prearm_status": "",
        "focus_role": "none"
      }
    },
    {
      "type": "Feature",
      "geometry": {
        "type": "Point",
        "coordinates": [
          0.0,
          0.0
        ]
      },
      "properties": {
        "junction_id": 39606,
        "veh_id": 11391,
        "sim_time_s": 2500.2,
        "tier": "harmony-no-ge-local",
        "prearm_status": "skip",
        "focus_role": "none"
      }
    },
    {
      "type": "Feature",
      "geometry": {
        "type": "Point",
        "coordinates": [
          500551.57448523946,
          6965556.976064756
        ]
      },
      "properties": {
        "junction_id": 10157950,
        "veh_id": 11392,
        "sim_time_s": 2506.1,
        "tier": "track-zone",
        "prearm_status": "",
        "focus_role": "none"
      }
    },
    {
      "type": "Feature",
      "geometry": {
        "type": "Point",
        "coordinates": [
          500531.3172626506,
          6965935.503821448
        ]
      },
      "properties": {
        "junction_id": 39576,
        "veh_id": 11425,
        "sim_time_s": 2506.1,
        "tier": "track-zone",
        "prearm_status": "",
        "focus_role": "none"
      }
    },
    {
      "type": "Feature",
      "geometry": {
        "type": "Point",
        "coordinates": [
          0.0,
          0.0
        ]
      },
      "properties": {
        "junction_id": 39587,
        "veh_id": 11435,
        "sim_time_s": 2511.4,
        "tier": "harmony-no-ge-local",
        "prearm_status": "skip",
        "focus_role": "none"
      }
    },
    {
      "type": "Feature",
      "geometry": {
        "type": "Point",
        "coordinates": [
          500512.3039485196,
          6965709.660948634
        ]
      },
      "properties": {
        "junction_id": 39587,
        "veh_id": 11398,
        "sim_time_s": 2514.2,
        "tier": "track-zone",
        "prearm_status": "",
        "focus_role": "none"
      }
    },
    {
      "type": "Feature",
      "geometry": {
        "type": "Point",
        "coordinates": [
          500518.0151207276,
          6965650.418652634
        ]
      },
      "properties": {
        "junction_id": 1119660,
        "veh_id": 11398,
        "sim_time_s": 2519.6,
        "tier": "track-zone",
        "prearm_status": "",
        "focus_role": "none"
      }
    },
    {
      "type": "Feature",
      "geometry": {
        "type": "Point",
        "coordinates": [
          500571.44334263675,
          6965462.64600394
        ]
      },
      "properties": {
        "junction_id": 39576,
        "veh_id": 11435,
        "sim_time_s": 2523.6,
        "tier": "track-zone",
        "prearm_status": "",
        "focus_role": "none"
      }
    },
    {
      "type": "Feature",
      "geometry": {
        "type": "Point",
        "coordinates": [
          500551.8549708718,
          6965570.321812906
        ]
      },
      "properties": {
        "junction_id": 10157950,
        "veh_id": 11398,
        "sim_time_s": 2527.7,
        "tier": "track-zone",
        "prearm_status": "",
        "focus_role": "none"
      }
    },
    {
      "type": "Feature",
      "geometry": {
        "type": "Point",
        "coordinates": [
          500497.17480489344,
          6965702.534769591
        ]
      },
      "properties": {
        "junction_id": 39587,
        "veh_id": 11404,
        "sim_time_s": 2527.7,
        "tier": "track-zone",
        "prearm_status": "",
        "focus_role": "none"
      }
    },
    {
      "type": "Feature",
      "geometry": {
        "type": "Point",
        "coordinates": [
          499560.7858139253,
          6966632.737347686
        ]
      },
      "properties": {
        "junction_id": 39572,
        "veh_id": 11410,
        "sim_time_s": 2527.7,
        "tier": "IC-detect-far",
        "prearm_status": "",
        "focus_role": "none"
      }
    },
    {
      "type": "Feature",
      "geometry": {
        "type": "Point",
        "coordinates": [
          500606.4723848158,
          6965395.906062769
        ]
      },
      "properties": {
        "junction_id": 39593,
        "veh_id": 11392,
        "sim_time_s": 2531.7,
        "tier": "track-zone",
        "prearm_status": "",
        "focus_role": "none"
      }
    },
    {
      "type": "Feature",
      "geometry": {
        "type": "Point",
        "coordinates": [
          499516.36614574556,
          6966652.755351805
        ]
      },
      "properties": {
        "junction_id": 39572,
        "veh_id": 11415,
        "sim_time_s": 2533.9,
        "tier": "IC-detect",
        "prearm_status": "",
        "focus_role": "none"
      }
    },
    {
      "type": "Feature",
      "geometry": {
        "type": "Point",
        "coordinates": [
          500519.1528738769,
          6965646.4274959555
        ]
      },
      "properties": {
        "junction_id": 1119660,
        "veh_id": 11404,
        "sim_time_s": 2534.4,
        "tier": "track-zone",
        "prearm_status": "",
        "focus_role": "none"
      }
    },
    {
      "type": "Feature",
      "geometry": {
        "type": "Point",
        "coordinates": [
          0.0,
          0.0
        ]
      },
      "properties": {
        "junction_id": 39587,
        "veh_id": 11398,
        "sim_time_s": 2538.4,
        "tier": "harmony-no-ge-local",
        "prearm_status": "skip",
        "focus_role": "none"
      }
    },
    {
      "type": "Feature",
      "geometry": {
        "type": "Point",
        "coordinates": [
          500553.25157005724,
          6965567.2481185775
        ]
      },
      "properties": {
        "junction_id": 10157950,
        "veh_id": 11404,
        "sim_time_s": 2541.2,
        "tier": "track-zone",
        "prearm_status": "",
        "focus_role": "none"
      }
    },
    {
      "type": "Feature",
      "geometry": {
        "type": "Point",
        "coordinates": [
          500648.1809245785,
          6965249.554917893
        ]
      },
      "properties": {
        "junction_id": 36385,
        "veh_id": 11392,
        "sim_time_s": 2542.5,
        "tier": "track-zone",
        "prearm_status": "",
        "focus_role": "none"
      }
    },
    {
      "type": "Feature",
      "geometry": {
        "type": "Point",
        "coordinates": [
          500689.2190290579,
          6964559.372856521
        ]
      },
      "properties": {
        "junction_id": 39590,
        "veh_id": 11424,
        "sim_time_s": 2545.2,
        "tier": "track-zone",
        "prearm_status": "",
        "focus_role": "none"
      }
    },
    {
      "type": "Feature",
      "geometry": {
        "type": "Point",
        "coordinates": [
          0.0,
          0.0
        ]
      },
      "properties": {
        "junction_id": 39587,
        "veh_id": 11404,
        "sim_time_s": 2546.6,
        "tier": "harmony-no-ge-local",
        "prearm_status": "skip",
        "focus_role": "none"
      }
    },
    {
      "type": "Feature",
      "geometry": {
        "type": "Point",
        "coordinates": [
          0.0,
          0.0
        ]
      },
      "properties": {
        "junction_id": 39576,
        "veh_id": 11435,
        "sim_time_s": 2556.0,
        "tier": "harmony-no-ge-local",
        "prearm_status": "skip",
        "focus_role": "none"
      }
    },
    {
      "type": "Feature",
      "geometry": {
        "type": "Point",
        "coordinates": [
          500492.59203385335,
          6965683.041179683
        ]
      },
      "properties": {
        "junction_id": 39578,
        "veh_id": 11435,
        "sim_time_s": 2560.1,
        "tier": "track-zone",
        "prearm_status": "",
        "focus_role": "none"
      }
    },
    {
      "type": "Feature",
      "geometry": {
        "type": "Point",
        "coordinates": [
          500706.0799817169,
          6964967.20442832
        ]
      },
      "properties": {
        "junction_id": 36385,
        "veh_id": 11400,
        "sim_time_s": 2568.2,
        "tier": "IC-detect-far",
        "prearm_status": "",
        "focus_role": "none"
      }
    },
    {
      "type": "Feature",
      "geometry": {
        "type": "Point",
        "coordinates": [
          500610.7752818981,
          6965402.733991224
        ]
      },
      "properties": {
        "junction_id": 39593,
        "veh_id": 11398,
        "sim_time_s": 2569.5,
        "tier": "track-zone",
        "prearm_status": "",
        "focus_role": "none"
      }
    },
    {
      "type": "Feature",
      "geometry": {
        "type": "Point",
        "coordinates": [
          500691.1301586467,
          6964539.545546719
        ]
      },
      "properties": {
        "junction_id": 36393,
        "veh_id": 11424,
        "sim_time_s": 2570.8,
        "tier": "IC-detect-far",
        "prearm_status": "",
        "focus_role": "none"
      }
    },
    {
      "type": "Feature",
      "geometry": {
        "type": "Point",
        "coordinates": [
          0.0,
          0.0
        ]
      },
      "properties": {
        "junction_id": 39576,
        "veh_id": 11425,
        "sim_time_s": 2574.9,
        "tier": "harmony-no-ge-local",
        "prearm_status": "skip",
        "focus_role": "none"
      }
    },
    {
      "type": "Feature",
      "geometry": {
        "type": "Point",
        "coordinates": [
          0.0,
          0.0
        ]
      },
      "properties": {
        "junction_id": 36385,
        "veh_id": 11400,
        "sim_time_s": 2585.7,
        "tier": "harmony-ins-local",
        "prearm_status": "action",
        "focus_role": "none"
      }
    },
    {
      "type": "Feature",
      "geometry": {
        "type": "Point",
        "coordinates": [
          500512.3221361149,
          6965707.267901017
        ]
      },
      "properties": {
        "junction_id": 39587,
        "veh_id": 11425,
        "sim_time_s": 2587.1,
        "tier": "track-zone",
        "prearm_status": "",
        "focus_role": "none"
      }
    },
    {
      "type": "Feature",
      "geometry": {
        "type": "Point",
        "coordinates": [
          500607.5395304763,
          6965414.016920552
        ]
      },
      "properties": {
        "junction_id": 39593,
        "veh_id": 11404,
        "sim_time_s": 2589.8,
        "tier": "track-zone",
        "prearm_status": "",
        "focus_role": "none"
      }
    },
    {
      "type": "Feature",
      "geometry": {
        "type": "Point",
        "coordinates": [
          499758.2434417203,
          6966606.255120343
        ]
      },
      "properties": {
        "junction_id": 39568,
        "veh_id": 11415,
        "sim_time_s": 2591.1,
        "tier": "track-zone",
        "prearm_status": "",
        "focus_role": "none"
      }
    },
    {
      "type": "Feature",
      "geometry": {
        "type": "Point",
        "coordinates": [
          500518.77645376854,
          6965647.598160808
        ]
      },
      "properties": {
        "junction_id": 1119660,
        "veh_id": 11425,
        "sim_time_s": 2592.4,
        "tier": "track-zone",
        "prearm_status": "",
        "focus_role": "none"
      }
    },
    {
      "type": "Feature",
      "geometry": {
        "type": "Point",
        "coordinates": [
          500687.26364460017,
          6964600.83989784
        ]
      },
      "properties": {
        "junction_id": 36393,
        "veh_id": 11418,
        "sim_time_s": 2597.8,
        "tier": "IC-detect-far",
        "prearm_status": "",
        "focus_role": "none"
      }
    },
    {
      "type": "Feature",
      "geometry": {
        "type": "Point",
        "coordinates": [
          500682.0398518605,
          6965095.761312331
        ]
      },
      "properties": {
        "junction_id": 10157950,
        "veh_id": 11400,
        "sim_time_s": 2599.2,
        "tier": "track-zone",
        "prearm_status": "",
        "focus_role": "none"
      }
    },
    {
      "type": "Feature",
      "geometry": {
        "type": "Point",
        "coordinates": [
          500551.24905978417,
          6965571.550988582
        ]
      },
      "properties": {
        "junction_id": 10157950,
        "veh_id": 11425,
        "sim_time_s": 2599.2,
        "tier": "track-zone",
        "prearm_status": "",
        "focus_role": "none"
      }
    },
    {
      "type": "Feature",
      "geometry": {
        "type": "Point",
        "coordinates": [
          0.0,
          0.0
        ]
      },
      "properties": {
        "junction_id": 39578,
        "veh_id": 11435,
        "sim_time_s": 2603.2,
        "tier": "harmony-ins-local",
        "prearm_status": "action",
        "focus_role": "none"
      }
    },
    {
      "type": "Feature",
      "geometry": {
        "type": "Point",
        "coordinates": [
          500679.2652996669,
          6965111.050336683
        ]
      },
      "properties": {
        "junction_id": 39593,
        "veh_id": 11400,
        "sim_time_s": 2614.1,
        "tier": "IC-detect",
        "prearm_status": "",
        "focus_role": "none"
      }
    },
    {
      "type": "Feature",
      "geometry": {
        "type": "Point",
        "coordinates": [
          0.0,
          0.0
        ]
      },
      "properties": {
        "junction_id": 39593,
        "veh_id": 11400,
        "sim_time_s": 2616.8,
        "tier": "harmony-no-ge-local",
        "prearm_status": "skip",
        "focus_role": "none"
      }
    },
    {
      "type": "Feature",
      "geometry": {
        "type": "Point",
        "coordinates": [
          500659.54730871104,
          6965186.980302413
        ]
      },
      "properties": {
        "junction_id": 1119660,
        "veh_id": 11400,
        "sim_time_s": 2619.4,
        "tier": "track-zone",
        "prearm_status": "",
        "focus_role": "none"
      }
    },
    {
      "type": "Feature",
      "geometry": {
        "type": "Point",
        "coordinates": [
          500686.2459284429,
          6964558.656652482
        ]
      },
      "properties": {
        "junction_id": 39590,
        "veh_id": 11418,
        "sim_time_s": 2620.8,
        "tier": "track-zone",
        "prearm_status": "",
        "focus_role": "none"
      }
    },
    {
      "type": "Feature",
      "geometry": {
        "type": "Point",
        "coordinates": [
          500641.59439318883,
          6965227.928166336
        ]
      },
      "properties": {
        "junction_id": 39587,
        "veh_id": 11400,
        "sim_time_s": 2622.2,
        "tier": "track-zone",
        "prearm_status": "",
        "focus_role": "none"
      }
    },
    {
      "type": "Feature",
      "geometry": {
        "type": "Point",
        "coordinates": [
          500730.6888940232,
          6964408.142758884
        ]
      },
      "properties": {
        "junction_id": 39606,
        "veh_id": 11424,
        "sim_time_s": 2624.8,
        "tier": "track-zone",
        "prearm_status": "",
        "focus_role": "none"
      }
    },
    {
      "type": "Feature",
      "geometry": {
        "type": "Point",
        "coordinates": [
          0.0,
          0.0
        ]
      },
      "properties": {
        "junction_id": 39593,
        "veh_id": 11392,
        "sim_time_s": 2624.8,
        "tier": "harmony-no-ge-local",
        "prearm_status": "skip",
        "focus_role": "none"
      }
    },
    {
      "type": "Feature",
      "geometry": {
        "type": "Point",
        "coordinates": [
          0.0,
          0.0
        ]
      },
      "properties": {
        "junction_id": 39587,
        "veh_id": 11425,
        "sim_time_s": 2626.2,
        "tier": "harmony-ins-local",
        "prearm_status": "action",
        "focus_role": "none"
      }
    },
    {
      "type": "Feature",
      "geometry": {
        "type": "Point",
        "coordinates": [
          500695.69537146913,
          6965141.83518466
        ]
      },
      "properties": {
        "junction_id": 10157950,
        "veh_id": 11392,
        "sim_time_s": 2627.6,
        "tier": "track-zone",
        "prearm_status": "",
        "focus_role": "none"
      }
    },
    {
      "type": "Feature",
      "geometry": {
        "type": "Point",
        "coordinates": [
          500649.2188961647,
          6965254.32078174
        ]
      },
      "properties": {
        "junction_id": 36385,
        "veh_id": 11398,
        "sim_time_s": 2630.2,
        "tier": "track-zone",
        "prearm_status": "",
        "focus_role": "none"
      }
    },
    {
      "type": "Feature",
      "geometry": {
        "type": "Point",
        "coordinates": [
          499882.2959707333,
          6966547.007171622
        ]
      },
      "properties": {
        "junction_id": 39569,
        "veh_id": 11415,
        "sim_time_s": 2631.6,
        "tier": "track-zone",
        "prearm_status": "",
        "focus_role": "none"
      }
    },
    {
      "type": "Feature",
      "geometry": {
        "type": "Point",
        "coordinates": [
          0.0,
          0.0
        ]
      },
      "properties": {
        "junction_id": 39593,
        "veh_id": 11398,
        "sim_time_s": 2635.7,
        "tier": "harmony-no-ge-local",
        "prearm_status": "skip",
        "focus_role": "none"
      }
    },
    {
      "type": "Feature",
      "geometry": {
        "type": "Point",
        "coordinates": [
          500406.7034698449,
          6966036.210467349
        ]
      },
      "properties": {
        "junction_id": 1043762,
        "veh_id": 11435,
        "sim_time_s": 2638.3,
        "tier": "track-zone",
        "prearm_status": "",
        "focus_role": "none"
      }
    },
    {
      "type": "Feature",
      "geometry": {
        "type": "Point",
        "coordinates": [
          500680.15299851156,
          6965190.541909873
        ]
      },
      "properties": {
        "junction_id": 1119660,
        "veh_id": 11398,
        "sim_time_s": 2641.1,
        "tier": "track-zone",
        "prearm_status": "",
        "focus_role": "none"
      }
    },
    {
      "type": "Feature",
      "geometry": {
        "type": "Point",
        "coordinates": [
          500648.2491007893,
          6965256.525600737
        ]
      },
      "properties": {
        "junction_id": 36385,
        "veh_id": 11404,
        "sim_time_s": 2647.8,
        "tier": "track-zone",
        "prearm_status": "",
        "focus_role": "none"
      }
    },
    {
      "type": "Feature",
      "geometry": {
        "type": "Point",
        "coordinates": [
          500608.168444027,
          6965400.653547703
        ]
      },
      "properties": {
        "junction_id": 39593,
        "veh_id": 11425,
        "sim_time_s": 2647.8,
        "tier": "track-zone",
        "prearm_status": "",
        "focus_role": "none"
      }
    },
    {
      "type": "Feature",
      "geometry": {
        "type": "Point",
        "coordinates": [
          500695.7910696546,
          6965153.279732202
        ]
      },
      "properties": {
        "junction_id": 10157950,
        "veh_id": 11398,
        "sim_time_s": 2649.2,
        "tier": "track-zone",
        "prearm_status": "",
        "focus_role": "none"
      }
    },
    {
      "type": "Feature",
      "geometry": {
        "type": "Point",
        "coordinates": [
          0.0,
          0.0
        ]
      },
      "properties": {
        "junction_id": 1043762,
        "veh_id": 11435,
        "sim_time_s": 2653.2,
        "tier": "harmony-no-ge-local",
        "prearm_status": "skip",
        "focus_role": "none"
      }
    },
    {
      "type": "Feature",
      "geometry": {
        "type": "Point",
        "coordinates": [
          500664.84144867334,
          6965220.543265856
        ]
      },
      "properties": {
        "junction_id": 1119660,
        "veh_id": 11404,
        "sim_time_s": 2655.9,
        "tier": "track-zone",
        "prearm_status": "",
        "focus_role": "none"
      }
    },
    {
      "type": "Feature",
      "geometry": {
        "type": "Point",
        "coordinates": [
          500228.3826872611,
          6966240.51483917
        ]
      },
      "properties": {
        "junction_id": 39569,
        "veh_id": 11435,
        "sim_time_s": 2655.9,
        "tier": "track-zone",
        "prearm_status": "",
        "focus_role": "none"
      }
    },
    {
      "type": "Feature",
      "geometry": {
        "type": "Point",
        "coordinates": [
          500572.2350405682,
          6965459.55921886
        ]
      },
      "properties": {
        "junction_id": 39576,
        "veh_id": 11400,
        "sim_time_s": 2658.6,
        "tier": "track-zone",
        "prearm_status": "",
        "focus_role": "none"
      }
    },
    {
      "type": "Feature",
      "geometry": {
        "type": "Point",
        "coordinates": [
          500670.7129431265,
          6965208.843033777
        ]
      },
      "properties": {
        "junction_id": 10157950,
        "veh_id": 11404,
        "sim_time_s": 2662.7,
        "tier": "track-zone",
        "prearm_status": "",
        "focus_role": "none"
      }
    },
    {
      "type": "Feature",
      "geometry": {
        "type": "Point",
        "coordinates": [
          500716.2563627685,
          6965084.099951522
        ]
      },
      "properties": {
        "junction_id": 36385,
        "veh_id": 11392,
        "sim_time_s": 2662.7,
        "tier": "IC-detect-far",
        "prearm_status": "",
        "focus_role": "none"
      }
    },
    {
      "type": "Feature",
      "geometry": {
        "type": "Point",
        "coordinates": [
          500753.38133835746,
          6964359.318021629
        ]
      },
      "properties": {
        "junction_id": 39590,
        "veh_id": 11424,
        "sim_time_s": 2665.3,
        "tier": "IC-detect",
        "prearm_status": "",
        "focus_role": "none"
      }
    },
    {
      "type": "Feature",
      "geometry": {
        "type": "Point",
        "coordinates": [
          0.0,
          0.0
        ]
      },
      "properties": {
        "junction_id": 39569,
        "veh_id": 11435,
        "sim_time_s": 2668.1,
        "tier": "harmony-ins-local",
        "prearm_status": "action",
        "focus_role": "none"
      }
    },
    {
      "type": "Feature",
      "geometry": {
        "type": "Point",
        "coordinates": [
          500117.7044022575,
          6966432.404221323
        ]
      },
      "properties": {
        "junction_id": 39572,
        "veh_id": 11435,
        "sim_time_s": 2669.4,
        "tier": "track-zone",
        "prearm_status": "",
        "focus_role": "none"
      }
    },
    {
      "type": "Feature",
      "geometry": {
        "type": "Point",
        "coordinates": [
          500117.7044022575,
          6966432.404221323
        ]
      },
      "properties": {
        "junction_id": 39572,
        "veh_id": 11435,
        "sim_time_s": 2670.3,
        "tier": "coord-prearm-harmony/SHOCKWAVE",
        "prearm_status": "fired",
        "focus_role": "none"
      }
    },
    {
      "type": "Feature",
      "geometry": {
        "type": "Point",
        "coordinates": [
          0.0,
          0.0
        ]
      },
      "properties": {
        "junction_id": 39572,
        "veh_id": 11435,
        "sim_time_s": 2670.8,
        "tier": "harmony-ge-local",
        "prearm_status": "action",
        "focus_role": "none"
      }
    },
    {
      "type": "Feature",
      "geometry": {
        "type": "Point",
        "coordinates": [
          500012.2556836752,
          6966653.44887729
        ]
      },
      "properties": {
        "junction_id": 39572,
        "veh_id": 11435,
        "sim_time_s": 2670.8,
        "tier": "coord-prearm-success/SHOCKWAVE",
        "prearm_status": "success",
        "focus_role": "none"
      }
    },
    {
      "type": "Feature",
      "geometry": {
        "type": "Point",
        "coordinates": [
          0.0,
          0.0
        ]
      },
      "properties": {
        "junction_id": 39576,
        "veh_id": 11400,
        "sim_time_s": 2673.4,
        "tier": "harmony-ins-local",
        "prearm_status": "action",
        "focus_role": "none"
      }
    },
    {
      "type": "Feature",
      "geometry": {
        "type": "Point",
        "coordinates": [
          500074.546401568,
          6966493.736749076
        ]
      },
      "properties": {
        "junction_id": 39568,
        "veh_id": 11435,
        "sim_time_s": 2674.8,
        "tier": "track-zone",
        "prearm_status": "",
        "focus_role": "none"
      }
    },
    {
      "type": "Feature",
      "geometry": {
        "type": "Point",
        "coordinates": [
          500478.8500945878,
          6965689.299813073
        ]
      },
      "properties": {
        "junction_id": 39578,
        "veh_id": 11400,
        "sim_time_s": 2676.2,
        "tier": "track-zone",
        "prearm_status": "",
        "focus_role": "none"
      }
    },
    {
      "type": "Feature",
      "geometry": {
        "type": "Point",
        "coordinates": [
          0.0,
          0.0
        ]
      },
      "properties": {
        "junction_id": 39593,
        "veh_id": 11404,
        "sim_time_s": 2677.5,
        "tier": "harmony-ins-local",
        "prearm_status": "action",
        "focus_role": "none"
      }
    },
    {
      "type": "Feature",
      "geometry": {
        "type": "Point",
        "coordinates": [
          500643.5793083824,
          6965259.929393574
        ]
      },
      "properties": {
        "junction_id": 36385,
        "veh_id": 11425,
        "sim_time_s": 2678.8,
        "tier": "track-zone",
        "prearm_status": "",
        "focus_role": "none"
      }
    },
    {
      "type": "Feature",
      "geometry": {
        "type": "Point",
        "coordinates": [
          0.0,
          0.0
        ]
      },
      "properties": {
        "junction_id": 39590,
        "veh_id": 11424,
        "sim_time_s": 2689.7,
        "tier": "harmony-no-ge-local",
        "prearm_status": "skip",
        "focus_role": "none"
      }
    },
    {
      "type": "Feature",
      "geometry": {
        "type": "Point",
        "coordinates": [
          500136.9582897987,
          6966430.436789511
        ]
      },
      "properties": {
        "junction_id": 1043762,
        "veh_id": 11415,
        "sim_time_s": 2693.7,
        "tier": "track-zone",
        "prearm_status": "",
        "focus_role": "none"
      }
    },
    {
      "type": "Feature",
      "geometry": {
        "type": "Point",
        "coordinates": [
          500724.33114653046,
          6964407.361610815
        ]
      },
      "properties": {
        "junction_id": 39606,
        "veh_id": 11418,
        "sim_time_s": 2697.8,
        "tier": "track-zone",
        "prearm_status": "",
        "focus_role": "none"
      }
    },
    {
      "type": "Feature",
      "geometry": {
        "type": "Point",
        "coordinates": [
          500949.53229003365,
          6964036.232777647
        ]
      },
      "properties": {
        "junction_id": 39606,
        "veh_id": 11436,
        "sim_time_s": 2700.0,
        "tier": "IC-detect",
        "prearm_status": "",
        "focus_role": "none"
      }
    },
    {
      "type": "Feature",
      "geometry": {
        "type": "Point",
        "coordinates": [
          0.0,
          0.0
        ]
      },
      "properties": {
        "junction_id": 36385,
        "veh_id": 11392,
        "sim_time_s": 2703.2,
        "tier": "harmony-no-ge-local",
        "prearm_status": "skip",
        "focus_role": "none"
      }
    },
    {
      "type": "Feature",
      "geometry": {
        "type": "Point",
        "coordinates": [
          0.0,
          0.0
        ]
      },
      "properties": {
        "junction_id": 39590,
        "veh_id": 11418,
        "sim_time_s": 2704.5,
        "tier": "harmony-no-ge-local",
        "prearm_status": "skip",
        "focus_role": "none"
      }
    },
    {
      "type": "Feature",
      "geometry": {
        "type": "Point",
        "coordinates": [
          500892.0279266159,
          6964115.028426022
        ]
      },
      "properties": {
        "junction_id": 39590,
        "veh_id": 11436,
        "sim_time_s": 2705.8,
        "tier": "track-zone",
        "prearm_status": "",
        "focus_role": "none"
      }
    },
    {
      "type": "Feature",
      "geometry": {
        "type": "Point",
        "coordinates": [
          500085.841844579,
          6967503.811065026
        ]
      },
      "properties": {
        "junction_id": 38339,
        "veh_id": 11426,
        "sim_time_s": 2705.8,
        "tier": "IC-detect",
        "prearm_status": "",
        "focus_role": "none"
      }
    },
    {
      "type": "Feature",
      "geometry": {
        "type": "Point",
        "coordinates": [
          500729.1260515911,
          6964998.361409007
        ]
      },
      "properties": {
        "junction_id": 36393,
        "veh_id": 11392,
        "sim_time_s": 2707.2,
        "tier": "track-zone",
        "prearm_status": "",
        "focus_role": "none"
      }
    },
    {
      "type": "Feature",
      "geometry": {
        "type": "Point",
        "coordinates": [
          0.0,
          0.0
        ]
      },
      "properties": {
        "junction_id": 39606,
        "veh_id": 11436,
        "sim_time_s": 2709.9,
        "tier": "harmony-ge-local",
        "prearm_status": "action",
        "focus_role": "none"
      }
    },
    {
      "type": "Feature",
      "geometry": {
        "type": "Point",
        "coordinates": [
          500645.053632625,
          6965256.348242599
        ]
      },
      "properties": {
        "junction_id": 1119660,
        "veh_id": 11425,
        "sim_time_s": 2713.9,
        "tier": "track-zone",
        "prearm_status": "",
        "focus_role": "none"
      }
    },
    {
      "type": "Feature",
      "geometry": {
        "type": "Point",
        "coordinates": [
          500017.7923171489,
          6966618.287661644
        ]
      },
      "properties": {
        "junction_id": 11118289,
        "veh_id": 11435,
        "sim_time_s": 2715.3,
        "tier": "track-zone",
        "prearm_status": "",
        "focus_role": "none"
      }
    },
    {
      "type": "Feature",
      "geometry": {
        "type": "Point",
        "coordinates": [
          500645.053632625,
          6965256.348242599
        ]
      },
      "properties": {
        "junction_id": 10157950,
        "veh_id": 11425,
        "sim_time_s": 2720.7,
        "tier": "track-zone",
        "prearm_status": "",
        "focus_role": "none"
      }
    },
    {
      "type": "Feature",
      "geometry": {
        "type": "Point",
        "coordinates": [
          0.0,
          0.0
        ]
      },
      "properties": {
        "junction_id": 39590,
        "veh_id": 11436,
        "sim_time_s": 2720.7,
        "tier": "harmony-no-ge-local",
        "prearm_status": "skip",
        "focus_role": "none"
      }
    },
    {
      "type": "Feature",
      "geometry": {
        "type": "Point",
        "coordinates": [
          0.0,
          0.0
        ]
      },
      "properties": {
        "junction_id": 36385,
        "veh_id": 11398,
        "sim_time_s": 2724.8,
        "tier": "harmony-no-ge-local",
        "prearm_status": "skip",
        "focus_role": "none"
      }
    },
    {
      "type": "Feature",
      "geometry": {
        "type": "Point",
        "coordinates": [
          0.0,
          0.0
        ]
      },
      "properties": {
        "junction_id": 39572,
        "veh_id": 11435,
        "sim_time_s": 2731.5,
        "tier": "harmony-ins-local",
        "prearm_status": "action",
        "focus_role": "none"
      }
    },
    {
      "type": "Feature",
      "geometry": {
        "type": "Point",
        "coordinates": [
          500728.98542207805,
          6964999.717377097
        ]
      },
      "properties": {
        "junction_id": 36393,
        "veh_id": 11398,
        "sim_time_s": 2734.2,
        "tier": "track-zone",
        "prearm_status": "",
        "focus_role": "none"
      }
    },
    {
      "type": "Feature",
      "geometry": {
        "type": "Point",
        "coordinates": [
          0.0,
          0.0
        ]
      },
      "properties": {
        "junction_id": 1043762,
        "veh_id": 11415,
        "sim_time_s": 2736.9,
        "tier": "harmony-ins-local",
        "prearm_status": "action",
        "focus_role": "none"
      }
    },
    {
      "type": "Feature",
      "geometry": {
        "type": "Point",
        "coordinates": [
          0.0,
          0.0
        ]
      },
      "properties": {
        "junction_id": 39593,
        "veh_id": 11425,
        "sim_time_s": 2738.2,
        "tier": "harmony-no-ge-local",
        "prearm_status": "skip",
        "focus_role": "none"
      }
    },
    {
      "type": "Feature",
      "geometry": {
        "type": "Point",
        "coordinates": [
          499960.8036137763,
          6966789.739022246
        ]
      },
      "properties": {
        "junction_id": 38339,
        "veh_id": 11435,
        "sim_time_s": 2743.7,
        "tier": "track-zone",
        "prearm_status": "",
        "focus_role": "none"
      }
    },
    {
      "type": "Feature",
      "geometry": {
        "type": "Point",
        "coordinates": [
          0.0,
          0.0
        ]
      },
      "properties": {
        "junction_id": 38339,
        "veh_id": 11435,
        "sim_time_s": 2757.2,
        "tier": "harmony-ins-local",
        "prearm_status": "action",
        "focus_role": "none"
      }
    },
    {
      "type": "Feature",
      "geometry": {
        "type": "Point",
        "coordinates": [
          500675.0234604698,
          6964507.948009426
        ]
      },
      "properties": {
        "junction_id": 36393,
        "veh_id": 11436,
        "sim_time_s": 2763.9,
        "tier": "track-zone",
        "prearm_status": "",
        "focus_role": "none"
      }
    },
    {
      "type": "Feature",
      "geometry": {
        "type": "Point",
        "coordinates": [
          499962.5283199187,
          6967105.336475598
        ]
      },
      "properties": {
        "junction_id": 11118289,
        "veh_id": 11426,
        "sim_time_s": 2767.9,
        "tier": "track-zone",
        "prearm_status": "",
        "focus_role": "none"
      }
    },
    {
      "type": "Feature",
      "geometry": {
        "type": "Point",
        "coordinates": [
          500716.08267548546,
          6965084.060067937
        ]
      },
      "properties": {
        "junction_id": 36385,
        "veh_id": 11404,
        "sim_time_s": 2767.9,
        "tier": "IC-detect-far",
        "prearm_status": "",
        "focus_role": "none"
      }
    },
    {
      "type": "Feature",
      "geometry": {
        "type": "Point",
        "coordinates": [
          500359.4800961208,
          6966094.135099396
        ]
      },
      "properties": {
        "junction_id": 39578,
        "veh_id": 11415,
        "sim_time_s": 2776.1,
        "tier": "track-section",
        "prearm_status": "",
        "focus_role": "none"
      }
    },
    {
      "type": "Feature",
      "geometry": {
        "type": "Point",
        "coordinates": [
          0.0,
          0.0
        ]
      },
      "properties": {
        "junction_id": 36393,
        "veh_id": 11436,
        "sim_time_s": 2777.4,
        "tier": "harmony-no-ge-local",
        "prearm_status": "skip",
        "focus_role": "none"
      }
    },
    {
      "type": "Feature",
      "geometry": {
        "type": "Point",
        "coordinates": [
          500679.7490646262,
          6964783.726914657
        ]
      },
      "properties": {
        "junction_id": 36385,
        "veh_id": 11436,
        "sim_time_s": 2782.8,
        "tier": "track-zone",
        "prearm_status": "",
        "focus_role": "none"
      }
    },
    {
      "type": "Feature",
      "geometry": {
        "type": "Point",
        "coordinates": [
          500701.07482915453,
          6964929.5810705535
        ]
      },
      "properties": {
        "junction_id": 39593,
        "veh_id": 11436,
        "sim_time_s": 2796.3,
        "tier": "track-zone",
        "prearm_status": "",
        "focus_role": "none"
      }
    },
    {
      "type": "Feature",
      "geometry": {
        "type": "Point",
        "coordinates": [
          500712.82050839416,
          6965097.156747088
        ]
      },
      "properties": {
        "junction_id": 36385,
        "veh_id": 11425,
        "sim_time_s": 2799.0,
        "tier": "IC-detect-far",
        "prearm_status": "",
        "focus_role": "none"
      }
    },
    {
      "type": "Feature",
      "geometry": {
        "type": "Point",
        "coordinates": [
          0.0,
          0.0
        ]
      },
      "properties": {
        "junction_id": 39578,
        "veh_id": 11415,
        "sim_time_s": 2809.8,
        "tier": "harmony-ins-local",
        "prearm_status": "action",
        "focus_role": "none"
      }
    },
    {
      "type": "Feature",
      "geometry": {
        "type": "Point",
        "coordinates": [
          500531.95711121784,
          6965934.196590596
        ]
      },
      "properties": {
        "junction_id": 39576,
        "veh_id": 11415,
        "sim_time_s": 2812.5,
        "tier": "track-zone",
        "prearm_status": "",
        "focus_role": "none"
      }
    },
    {
      "type": "Feature",
      "geometry": {
        "type": "Point",
        "coordinates": [
          0.0,
          0.0
        ]
      },
      "properties": {
        "junction_id": 38339,
        "veh_id": 11426,
        "sim_time_s": 2817.4,
        "tier": "harmony-ins-local",
        "prearm_status": "action",
        "focus_role": "none"
      }
    },
    {
      "type": "Feature",
      "geometry": {
        "type": "Point",
        "coordinates": [
          500694.0411030756,
          6964679.508135127
        ]
      },
      "properties": {
        "junction_id": 36393,
        "veh_id": 11392,
        "sim_time_s": 2827.3,
        "tier": "IC-detect",
        "prearm_status": "",
        "focus_role": "none"
      }
    },
    {
      "type": "Feature",
      "geometry": {
        "type": "Point",
        "coordinates": [
          499957.93826549675,
          6966957.506363127
        ]
      },
      "properties": {
        "junction_id": 39568,
        "veh_id": 11426,
        "sim_time_s": 2828.7,
        "tier": "track-zone",
        "prearm_status": "",
        "focus_role": "none"
      }
    },
    {
      "type": "Feature",
      "geometry": {
        "type": "Point",
        "coordinates": [
          500716.0848288964,
          6965084.051372985
        ]
      },
      "properties": {
        "junction_id": 39593,
        "veh_id": 11404,
        "sim_time_s": 2832.8,
        "tier": "track-zone",
        "prearm_status": "",
        "focus_role": "none"
      }
    },
    {
      "type": "Feature",
      "geometry": {
        "type": "Point",
        "coordinates": [
          499966.11606806674,
          6966895.820020557
        ]
      },
      "properties": {
        "junction_id": 39572,
        "veh_id": 11426,
        "sim_time_s": 2832.8,
        "tier": "track-zone",
        "prearm_status": "",
        "focus_role": "none"
      }
    },
    {
      "type": "Feature",
      "geometry": {
        "type": "Point",
        "coordinates": [
          0.0,
          0.0
        ]
      },
      "properties": {
        "junction_id": 39576,
        "veh_id": 11415,
        "sim_time_s": 2842.2,
        "tier": "harmony-ins-local",
        "prearm_status": "action",
        "focus_role": "none"
      }
    },
    {
      "type": "Feature",
      "geometry": {
        "type": "Point",
        "coordinates": [
          0.0,
          0.0
        ]
      },
      "properties": {
        "junction_id": 36385,
        "veh_id": 11436,
        "sim_time_s": 2846.2,
        "tier": "harmony-no-ge-local",
        "prearm_status": "skip",
        "focus_role": "none"
      }
    },
    {
      "type": "Feature",
      "geometry": {
        "type": "Point",
        "coordinates": [
          500728.84527576563,
          6964991.307652781
        ]
      },
      "properties": {
        "junction_id": 36393,
        "veh_id": 11404,
        "sim_time_s": 2851.7,
        "tier": "track-zone",
        "prearm_status": "",
        "focus_role": "none"
      }
    },
    {
      "type": "Feature",
      "geometry": {
        "type": "Point",
        "coordinates": [
          500687.25471728825,
          6965099.404933706
        ]
      },
      "properties": {
        "junction_id": 10157950,
        "veh_id": 11436,
        "sim_time_s": 2854.3,
        "tier": "track-zone",
        "prearm_status": "",
        "focus_role": "none"
      }
    },
    {
      "type": "Feature",
      "geometry": {
        "type": "Point",
        "coordinates": [
          500698.4720479012,
          6964796.47246268
        ]
      },
      "properties": {
        "junction_id": 36393,
        "veh_id": 11398,
        "sim_time_s": 2854.3,
        "tier": "IC-detect",
        "prearm_status": "",
        "focus_role": "none"
      }
    },
    {
      "type": "Feature",
      "geometry": {
        "type": "Point",
        "coordinates": [
          0.0,
          0.0
        ]
      },
      "properties": {
        "junction_id": 36385,
        "veh_id": 11425,
        "sim_time_s": 2855.7,
        "tier": "harmony-no-ge-local",
        "prearm_status": "skip",
        "focus_role": "none"
      }
    },
    {
      "type": "Feature",
      "geometry": {
        "type": "Point",
        "coordinates": [
          0.0,
          0.0
        ]
      },
      "properties": {
        "junction_id": 39593,
        "veh_id": 11436,
        "sim_time_s": 2858.4,
        "tier": "harmony-no-ge-local",
        "prearm_status": "skip",
        "focus_role": "none"
      }
    },
    {
      "type": "Feature",
      "geometry": {
        "type": "Point",
        "coordinates": [
          500666.8584615311,
          6965177.281069658
        ]
      },
      "properties": {
        "junction_id": 1119660,
        "veh_id": 11436,
        "sim_time_s": 2859.8,
        "tier": "track-zone",
        "prearm_status": "",
        "focus_role": "none"
      }
    },
    {
      "type": "Feature",
      "geometry": {
        "type": "Point",
        "coordinates": [
          500728.89344083436,
          6964995.862441658
        ]
      },
      "properties": {
        "junction_id": 36393,
        "veh_id": 11425,
        "sim_time_s": 2861.1,
        "tier": "track-zone",
        "prearm_status": "",
        "focus_role": "none"
      }
    },
    {
      "type": "Feature",
      "geometry": {
        "type": "Point",
        "coordinates": [
          500640.73169092863,
          6965237.595769118
        ]
      },
      "properties": {
        "junction_id": 39587,
        "veh_id": 11436,
        "sim_time_s": 2863.8,
        "tier": "track-zone",
        "prearm_status": "",
        "focus_role": "none"
      }
    },
    {
      "type": "Feature",
      "geometry": {
        "type": "Point",
        "coordinates": [
          500512.65747599903,
          6965701.319391611
        ]
      },
      "properties": {
        "junction_id": 39587,
        "veh_id": 11415,
        "sim_time_s": 2867.8,
        "tier": "track-zone",
        "prearm_status": "",
        "focus_role": "none"
      }
    },
    {
      "type": "Feature",
      "geometry": {
        "type": "Point",
        "coordinates": [
          0.0,
          0.0
        ]
      },
      "properties": {
        "junction_id": 36393,
        "veh_id": 11398,
        "sim_time_s": 2871.9,
        "tier": "harmony-no-ge-local",
        "prearm_status": "skip",
        "focus_role": "none"
      }
    },
    {
      "type": "Feature",
      "geometry": {
        "type": "Point",
        "coordinates": [
          500698.0356567321,
          6964783.309328323
        ]
      },
      "properties": {
        "junction_id": 36385,
        "veh_id": 11398,
        "sim_time_s": 2873.2,
        "tier": "track-zone",
        "prearm_status": "",
        "focus_role": "none"
      }
    },
    {
      "type": "Feature",
      "geometry": {
        "type": "Point",
        "coordinates": [
          500518.0488453992,
          6965650.602650465
        ]
      },
      "properties": {
        "junction_id": 1119660,
        "veh_id": 11415,
        "sim_time_s": 2874.6,
        "tier": "track-zone",
        "prearm_status": "",
        "focus_role": "none"
      }
    },
    {
      "type": "Feature",
      "geometry": {
        "type": "Point",
        "coordinates": [
          0.0,
          0.0
        ]
      },
      "properties": {
        "junction_id": 39587,
        "veh_id": 11436,
        "sim_time_s": 2877.3,
        "tier": "harmony-no-ge-local",
        "prearm_status": "skip",
        "focus_role": "none"
      }
    },
    {
      "type": "Feature",
      "geometry": {
        "type": "Point",
        "coordinates": [
          500570.81097169017,
          6965463.659711023
        ]
      },
      "properties": {
        "junction_id": 39576,
        "veh_id": 11436,
        "sim_time_s": 2878.7,
        "tier": "track-zone",
        "prearm_status": "",
        "focus_role": "none"
      }
    },
    {
      "type": "Feature",
      "geometry": {
        "type": "Point",
        "coordinates": [
          500554.97927035013,
          6965563.727568555
        ]
      },
      "properties": {
        "junction_id": 10157950,
        "veh_id": 11415,
        "sim_time_s": 2884.1,
        "tier": "track-zone",
        "prearm_status": "",
        "focus_role": "none"
      }
    },
    {
      "type": "Feature",
      "geometry": {
        "type": "Point",
        "coordinates": [
          500718.1672564516,
          6964919.199013401
        ]
      },
      "properties": {
        "junction_id": 36385,
        "veh_id": 11404,
        "sim_time_s": 2888.1,
        "tier": "IC-detect",
        "prearm_status": "",
        "focus_role": "none"
      }
    },
    {
      "type": "Feature",
      "geometry": {
        "type": "Point",
        "coordinates": [
          499970.0188338236,
          6966820.9094845615
        ]
      },
      "properties": {
        "junction_id": 11118289,
        "veh_id": 11426,
        "sim_time_s": 2889.4,
        "tier": "track-zone",
        "prearm_status": "",
        "focus_role": "none"
      }
    },
    {
      "type": "Feature",
      "geometry": {
        "type": "Point",
        "coordinates": [
          500723.4206556032,
          6964945.694136729
        ]
      },
      "properties": {
        "junction_id": 39593,
        "veh_id": 11425,
        "sim_time_s": 2890.8,
        "tier": "track-zone",
        "prearm_status": "",
        "focus_role": "none"
      }
    },
    {
      "type": "Feature",
      "geometry": {
        "type": "Point",
        "coordinates": [
          0.0,
          0.0
        ]
      },
      "properties": {
        "junction_id": 39587,
        "veh_id": 11415,
        "sim_time_s": 2892.2,
        "tier": "harmony-no-ge-local",
        "prearm_status": "skip",
        "focus_role": "none"
      }
    },
    {
      "type": "Feature",
      "geometry": {
        "type": "Point",
        "coordinates": [
          499517.8636733574,
          6966652.401111157
        ]
      },
      "properties": {
        "junction_id": 39572,
        "veh_id": 11393,
        "sim_time_s": 2893.5,
        "tier": "IC-detect",
        "prearm_status": "",
        "focus_role": "none"
      }
    },
    {
      "type": "Feature",
      "geometry": {
        "type": "Point",
        "coordinates": [
          500689.4033969955,
          6964556.951508097
        ]
      },
      "properties": {
        "junction_id": 39590,
        "veh_id": 11392,
        "sim_time_s": 2896.2,
        "tier": "track-zone",
        "prearm_status": "",
        "focus_role": "none"
      }
    },
    {
      "type": "Feature",
      "geometry": {
        "type": "Point",
        "coordinates": [
          500491.6565228349,
          6965697.223203285
        ]
      },
      "properties": {
        "junction_id": 39578,
        "veh_id": 11436,
        "sim_time_s": 2897.6,
        "tier": "track-zone",
        "prearm_status": "",
        "focus_role": "none"
      }
    },
    {
      "type": "Feature",
      "geometry": {
        "type": "Point",
        "coordinates": [
          0.0,
          0.0
        ]
      },
      "properties": {
        "junction_id": 39576,
        "veh_id": 11436,
        "sim_time_s": 2902.5,
        "tier": "harmony-no-ge-local",
        "prearm_status": "skip",
        "focus_role": "none"
      }
    },
    {
      "type": "Feature",
      "geometry": {
        "type": "Point",
        "coordinates": [
          499761.00270385103,
          6966604.926004476
        ]
      },
      "properties": {
        "junction_id": 39568,
        "veh_id": 11393,
        "sim_time_s": 2909.7,
        "tier": "track-zone",
        "prearm_status": "",
        "focus_role": "none"
      }
    },
    {
      "type": "Feature",
      "geometry": {
        "type": "Point",
        "coordinates": [
          500009.4162146226,
          6966675.989948948
        ]
      },
      "properties": {
        "junction_id": 39569,
        "veh_id": 11426,
        "sim_time_s": 2911.1,
        "tier": "track-zone",
        "prearm_status": "",
        "focus_role": "none"
      }
    },
    {
      "type": "Feature",
      "geometry": {
        "type": "Point",
        "coordinates": [
          0.0,
          0.0
        ]
      },
      "properties": {
        "junction_id": 39572,
        "veh_id": 11426,
        "sim_time_s": 2911.1,
        "tier": "harmony-ins-local",
        "prearm_status": "action",
        "focus_role": "none"
      }
    },
    {
      "type": "Feature",
      "geometry": {
        "type": "Point",
        "coordinates": [
          499888.6120853854,
          6966544.01362952
        ]
      },
      "properties": {
        "junction_id": 39569,
        "veh_id": 11393,
        "sim_time_s": 2919.2,
        "tier": "track-zone",
        "prearm_status": "",
        "focus_role": "none"
      }
    },
    {
      "type": "Feature",
      "geometry": {
        "type": "Point",
        "coordinates": [
          0.0,
          0.0
        ]
      },
      "properties": {
        "junction_id": 36393,
        "veh_id": 11425,
        "sim_time_s": 2928.6,
        "tier": "harmony-no-ge-local",
        "prearm_status": "skip",
        "focus_role": "none"
      }
    },
    {
      "type": "Feature",
      "geometry": {
        "type": "Point",
        "coordinates": [
          500607.9513206663,
          6965413.0096292915
        ]
      },
      "properties": {
        "junction_id": 39593,
        "veh_id": 11415,
        "sim_time_s": 2938.1,
        "tier": "track-zone",
        "prearm_status": "",
        "focus_role": "none"
      }
    },
    {
      "type": "Feature",
      "geometry": {
        "type": "Point",
        "coordinates": [
          0.0,
          0.0
        ]
      },
      "properties": {
        "junction_id": 39578,
        "veh_id": 11436,
        "sim_time_s": 2939.4,
        "tier": "harmony-no-ge-local",
        "prearm_status": "skip",
        "focus_role": "none"
      }
    },
    {
      "type": "Feature",
      "geometry": {
        "type": "Point",
        "coordinates": [
          500036.35536998056,
          6966611.776458032
        ]
      },
      "properties": {
        "junction_id": 39568,
        "veh_id": 11426,
        "sim_time_s": 2950.2,
        "tier": "track-zone",
        "prearm_status": "",
        "focus_role": "none"
      }
    },
    {
      "type": "Feature",
      "geometry": {
        "type": "Point",
        "coordinates": [
          500397.19173976214,
          6966044.104883125
        ]
      },
      "properties": {
        "junction_id": 1043762,
        "veh_id": 11436,
        "sim_time_s": 2951.6,
        "tier": "track-zone",
        "prearm_status": "",
        "focus_role": "none"
      }
    },
    {
      "type": "Feature",
      "geometry": {
        "type": "Point",
        "coordinates": [
          499517.1733110374,
          6966652.550263302
        ]
      },
      "properties": {
        "junction_id": 39572,
        "veh_id": 11416,
        "sim_time_s": 2952.9,
        "tier": "IC-detect",
        "prearm_status": "",
        "focus_role": "none"
      }
    },
    {
      "type": "Feature",
      "geometry": {
        "type": "Point",
        "coordinates": [
          500689.10989046766,
          6964560.007902915
        ]
      },
      "properties": {
        "junction_id": 39590,
        "veh_id": 11398,
        "sim_time_s": 2965.1,
        "tier": "track-zone",
        "prearm_status": "",
        "focus_role": "none"
      }
    },
    {
      "type": "Feature",
      "geometry": {
        "type": "Point",
        "coordinates": [
          0.0,
          0.0
        ]
      },
      "properties": {
        "junction_id": 1043762,
        "veh_id": 11436,
        "sim_time_s": 2965.1,
        "tier": "harmony-ge-local",
        "prearm_status": "action",
        "focus_role": "none"
      }
    },
    {
      "type": "Feature",
      "geometry": {
        "type": "Point",
        "coordinates": [
          500230.55925722956,
          6966242.275036594
        ]
      },
      "properties": {
        "junction_id": 39569,
        "veh_id": 11436,
        "sim_time_s": 2967.8,
        "tier": "track-zone",
        "prearm_status": "",
        "focus_role": "none"
      }
    },
    {
      "type": "Feature",
      "geometry": {
        "type": "Point",
        "coordinates": [
          500230.55925722956,
          6966242.275036594
        ]
      },
      "properties": {
        "junction_id": 39569,
        "veh_id": 11436,
        "sim_time_s": 2968.2,
        "tier": "coord-prearm-harmony/SHOCKWAVE",
        "prearm_status": "fired",
        "focus_role": "none"
      }
    },
    {
      "type": "Feature",
      "geometry": {
        "type": "Point",
        "coordinates": [
          0.0,
          0.0
        ]
      },
      "properties": {
        "junction_id": 39569,
        "veh_id": 11436,
        "sim_time_s": 2968.7,
        "tier": "harmony-ins-local",
        "prearm_status": "action",
        "focus_role": "none"
      }
    },
    {
      "type": "Feature",
      "geometry": {
        "type": "Point",
        "coordinates": [
          500105.3249690746,
          6966447.427635936
        ]
      },
      "properties": {
        "junction_id": 39569,
        "veh_id": 11436,
        "sim_time_s": 2968.7,
        "tier": "coord-prearm-success/SHOCKWAVE",
        "prearm_status": "success",
        "focus_role": "none"
      }
    },
    {
      "type": "Feature",
      "geometry": {
        "type": "Point",
        "coordinates": [
          500733.6556123717,
          6964400.82443125
        ]
      },
      "properties": {
        "junction_id": 39606,
        "veh_id": 11392,
        "sim_time_s": 2969.1,
        "tier": "track-zone",
        "prearm_status": "",
        "focus_role": "none"
      }
    },
    {
      "type": "Feature",
      "geometry": {
        "type": "Point",
        "coordinates": [
          500132.8075075417,
          6966436.366166625
        ]
      },
      "properties": {
        "junction_id": 1043762,
        "veh_id": 11426,
        "sim_time_s": 2971.8,
        "tier": "track-zone",
        "prearm_status": "",
        "focus_role": "none"
      }
    },
    {
      "type": "Feature",
      "geometry": {
        "type": "Point",
        "coordinates": [
          500697.2456371956,
          6964685.082147923
        ]
      },
      "properties": {
        "junction_id": 36393,
        "veh_id": 11404,
        "sim_time_s": 2971.8,
        "tier": "IC-detect-far",
        "prearm_status": "",
        "focus_role": "none"
      }
    },
    {
      "type": "Feature",
      "geometry": {
        "type": "Point",
        "coordinates": [
          500195.516226181,
          6966298.979785968
        ]
      },
      "properties": {
        "junction_id": 39572,
        "veh_id": 11436,
        "sim_time_s": 2972.7,
        "tier": "coord-prearm-harmony/SHOCKWAVE",
        "prearm_status": "fired",
        "focus_role": "none"
      }
    },
    {
      "type": "Feature",
      "geometry": {
        "type": "Point",
        "coordinates": [
          0.0,
          0.0
        ]
      },
      "properties": {
        "junction_id": 39572,
        "veh_id": 11436,
        "sim_time_s": 2973.2,
        "tier": "harmony-ins-local",
        "prearm_status": "action",
        "focus_role": "none"
      }
    },
    {
      "type": "Feature",
      "geometry": {
        "type": "Point",
        "coordinates": [
          500012.2556836752,
          6966653.44887729
        ]
      },
      "properties": {
        "junction_id": 39572,
        "veh_id": 11436,
        "sim_time_s": 2973.2,
        "tier": "coord-prearm-success/SHOCKWAVE",
        "prearm_status": "success",
        "focus_role": "none"
      }
    },
    {
      "type": "Feature",
      "geometry": {
        "type": "Point",
        "coordinates": [
          0.0,
          0.0
        ]
      },
      "properties": {
        "junction_id": 39590,
        "veh_id": 11392,
        "sim_time_s": 2974.5,
        "tier": "harmony-no-ge-local",
        "prearm_status": "skip",
        "focus_role": "none"
      }
    },
    {
      "type": "Feature",
      "geometry": {
        "type": "Point",
        "coordinates": [
          500073.91643192864,
          6966494.672361464
        ]
      },
      "properties": {
        "junction_id": 39568,
        "veh_id": 11436,
        "sim_time_s": 2988.0,
        "tier": "track-zone",
        "prearm_status": "",
        "focus_role": "none"
      }
    },
    {
      "type": "Feature",
      "geometry": {
        "type": "Point",
        "coordinates": [
          0.0,
          0.0
        ]
      },
      "properties": {
        "junction_id": 39606,
        "veh_id": 11392,
        "sim_time_s": 2992.1,
        "tier": "harmony-ins-local",
        "prearm_status": "action",
        "focus_role": "none"
      }
    },
    {
      "type": "Feature",
      "geometry": {
        "type": "Point",
        "coordinates": [
          500645.3473668479,
          6965263.890673168
        ]
      },
      "properties": {
        "junction_id": 1119660,
        "veh_id": 11415,
        "sim_time_s": 2996.1,
        "tier": "track-zone",
        "prearm_status": "",
        "focus_role": "none"
      }
    },
    {
      "type": "Feature",
      "geometry": {
        "type": "Point",
        "coordinates": [
          500646.56268256466,
          6965260.858001943
        ]
      },
      "properties": {
        "junction_id": 36385,
        "veh_id": 11415,
        "sim_time_s": 2997.4,
        "tier": "track-zone",
        "prearm_status": "",
        "focus_role": "none"
      }
    },
    {
      "type": "Feature",
      "geometry": {
        "type": "Point",
        "coordinates": [
          500649.56735128636,
          6965253.709456243
        ]
      },
      "properties": {
        "junction_id": 10157950,
        "veh_id": 11415,
        "sim_time_s": 3005.6,
        "tier": "track-zone",
        "prearm_status": "",
        "focus_role": "none"
      }
    },
    {
      "type": "Feature",
      "geometry": {
        "type": "Point",
        "coordinates": [
          499759.2516318788,
          6966605.754194918
        ]
      },
      "properties": {
        "junction_id": 39568,
        "veh_id": 11416,
        "sim_time_s": 3008.2,
        "tier": "track-zone",
        "prearm_status": "",
        "focus_role": "none"
      }
    },
    {
      "type": "Feature",
      "geometry": {
        "type": "Point",
        "coordinates": [
          500731.2428281701,
          6964406.514948741
        ]
      },
      "properties": {
        "junction_id": 39606,
        "veh_id": 11398,
        "sim_time_s": 3009.6,
        "tier": "track-zone",
        "prearm_status": "",
        "focus_role": "none"
      }
    },
    {
      "type": "Feature",
      "geometry": {
        "type": "Point",
        "coordinates": [
          500362.0821364002,
          6966091.69873853
        ]
      },
      "properties": {
        "junction_id": 39578,
        "veh_id": 11426,
        "sim_time_s": 3019.1,
        "tier": "track-section",
        "prearm_status": "",
        "focus_role": "none"
      }
    },
    {
      "type": "Feature",
      "geometry": {
        "type": "Point",
        "coordinates": [
          0.0,
          0.0
        ]
      },
      "properties": {
        "junction_id": 39593,
        "veh_id": 11415,
        "sim_time_s": 3029.8,
        "tier": "harmony-ins-local",
        "prearm_status": "action",
        "focus_role": "none"
      }
    },
    {
      "type": "Feature",
      "geometry": {
        "type": "Point",
        "coordinates": [
          500689.1110497265,
          6964558.953476748
        ]
      },
      "properties": {
        "junction_id": 39590,
        "veh_id": 11425,
        "sim_time_s": 3031.2,
        "tier": "track-zone",
        "prearm_status": "",
        "focus_role": "none"
      }
    },
    {
      "type": "Feature",
      "geometry": {
        "type": "Point",
        "coordinates": [
          500056.0517574459,
          6966464.832187699
        ]
      },
      "properties": {
        "junction_id": 39572,
        "veh_id": 11393,
        "sim_time_s": 3032.6,
        "tier": "track-zone",
        "prearm_status": "",
        "focus_role": "none"
      }
    },
    {
      "type": "Feature",
      "geometry": {
        "type": "Point",
        "coordinates": [
          500017.89813415613,
          6966619.117280271
        ]
      },
      "properties": {
        "junction_id": 11118289,
        "veh_id": 11436,
        "sim_time_s": 3032.6,
        "tier": "track-zone",
        "prearm_status": "",
        "focus_role": "none"
      }
    },
    {
      "type": "Feature",
      "geometry": {
        "type": "Point",
        "coordinates": [
          0.0,
          0.0
        ]
      },
      "properties": {
        "junction_id": 39569,
        "veh_id": 11393,
        "sim_time_s": 3037.9,
        "tier": "harmony-no-ge-local",
        "prearm_status": "skip",
        "focus_role": "none"
      }
    },
    {
      "type": "Feature",
      "geometry": {
        "type": "Point",
        "coordinates": [
          500128.9749148072,
          6966436.591524657
        ]
      },
      "properties": {
        "junction_id": 1043762,
        "veh_id": 11393,
        "sim_time_s": 3043.3,
        "tier": "track-zone",
        "prearm_status": "",
        "focus_role": "none"
      }
    },
    {
      "type": "Feature",
      "geometry": {
        "type": "Point",
        "coordinates": [
          500689.08668367204,
          6964559.977846939
        ]
      },
      "properties": {
        "junction_id": 39590,
        "veh_id": 11404,
        "sim_time_s": 3046.1,
        "tier": "track-zone",
        "prearm_status": "",
        "focus_role": "none"
      }
    },
    {
      "type": "Feature",
      "geometry": {
        "type": "Point",
        "coordinates": [
          499960.4620866769,
          6966796.089991668
        ]
      },
      "properties": {
        "junction_id": 38339,
        "veh_id": 11436,
        "sim_time_s": 3047.4,
        "tier": "track-zone",
        "prearm_status": "",
        "focus_role": "none"
      }
    },
    {
      "type": "Feature",
      "geometry": {
        "type": "Point",
        "coordinates": [
          0.0,
          0.0
        ]
      },
      "properties": {
        "junction_id": 39578,
        "veh_id": 11426,
        "sim_time_s": 3048.8,
        "tier": "harmony-ins-local",
        "prearm_status": "action",
        "focus_role": "none"
      }
    },
    {
      "type": "Feature",
      "geometry": {
        "type": "Point",
        "coordinates": [
          500533.9710234072,
          6965928.677753813
        ]
      },
      "properties": {
        "junction_id": 39576,
        "veh_id": 11426,
        "sim_time_s": 3052.8,
        "tier": "track-zone",
        "prearm_status": "",
        "focus_role": "none"
      }
    },
    {
      "type": "Feature",
      "geometry": {
        "type": "Point",
        "coordinates": [
          0.0,
          0.0
        ]
      },
      "properties": {
        "junction_id": 1043762,
        "veh_id": 11393,
        "sim_time_s": 3056.8,
        "tier": "harmony-ins-local",
        "prearm_status": "action",
        "focus_role": "none"
      }
    },
    {
      "type": "Feature",
      "geometry": {
        "type": "Point",
        "coordinates": [
          0.0,
          0.0
        ]
      },
      "properties": {
        "junction_id": 38339,
        "veh_id": 11436,
        "sim_time_s": 3059.6,
        "tier": "harmony-no-ge-local",
        "prearm_status": "skip",
        "focus_role": "none"
      }
    },
    {
      "type": "Feature",
      "geometry": {
        "type": "Point",
        "coordinates": [
          500362.7374838543,
          6966091.248329157
        ]
      },
      "properties": {
        "junction_id": 39578,
        "veh_id": 11393,
        "sim_time_s": 3070.3,
        "tier": "track-section",
        "prearm_status": "",
        "focus_role": "none"
      }
    },
    {
      "type": "Feature",
      "geometry": {
        "type": "Point",
        "coordinates": [
          0.0,
          0.0
        ]
      },
      "properties": {
        "junction_id": 39590,
        "veh_id": 11398,
        "sim_time_s": 3070.3,
        "tier": "harmony-no-ge-local",
        "prearm_status": "skip",
        "focus_role": "none"
      }
    },
    {
      "type": "Feature",
      "geometry": {
        "type": "Point",
        "coordinates": [
          499787.33559799776,
          6966592.2263591485
        ]
      },
      "properties": {
        "junction_id": 39572,
        "veh_id": 11416,
        "sim_time_s": 3073.1,
        "tier": "IC-detect",
        "prearm_status": "",
        "focus_role": "none"
      }
    },
    {
      "type": "Feature",
      "geometry": {
        "type": "Point",
        "coordinates": [
          0.0,
          0.0
        ]
      },
      "properties": {
        "junction_id": 39576,
        "veh_id": 11426,
        "sim_time_s": 3074.4,
        "tier": "harmony-no-ge-local",
        "prearm_status": "skip",
        "focus_role": "none"
      }
    },
    {
      "type": "Feature",
      "geometry": {
        "type": "Point",
        "coordinates": [
          500532.3848445476,
          6965933.305409653
        ]
      },
      "properties": {
        "junction_id": 39576,
        "veh_id": 11393,
        "sim_time_s": 3085.2,
        "tier": "track-zone",
        "prearm_status": "",
        "focus_role": "none"
      }
    },
    {
      "type": "Feature",
      "geometry": {
        "type": "Point",
        "coordinates": [
          499883.5232521163,
          6966546.412388386
        ]
      },
      "properties": {
        "junction_id": 39569,
        "veh_id": 11416,
        "sim_time_s": 3086.6,
        "tier": "track-zone",
        "prearm_status": "",
        "focus_role": "none"
      }
    },
    {
      "type": "Feature",
      "geometry": {
        "type": "Point",
        "coordinates": [
          0.0,
          0.0
        ]
      },
      "properties": {
        "junction_id": 39606,
        "veh_id": 11398,
        "sim_time_s": 3091.9,
        "tier": "harmony-no-ge-local",
        "prearm_status": "skip",
        "focus_role": "none"
      }
    },
    {
      "type": "Feature",
      "geometry": {
        "type": "Point",
        "coordinates": [
          500731.3819361878,
          6964406.047036608
        ]
      },
      "properties": {
        "junction_id": 39606,
        "veh_id": 11425,
        "sim_time_s": 3105.4,
        "tier": "track-zone",
        "prearm_status": "",
        "focus_role": "none"
      }
    },
    {
      "type": "Feature",
      "geometry": {
        "type": "Point",
        "coordinates": [
          500512.5779946427,
          6965702.33817223
        ]
      },
      "properties": {
        "junction_id": 39587,
        "veh_id": 11426,
        "sim_time_s": 3108.2,
        "tier": "track-zone",
        "prearm_status": "",
        "focus_role": "none"
      }
    },
    {
      "type": "Feature",
      "geometry": {
        "type": "Point",
        "coordinates": [
          500520.8770831943,
          6965641.444472438
        ]
      },
      "properties": {
        "junction_id": 1119660,
        "veh_id": 11426,
        "sim_time_s": 3113.6,
        "tier": "track-zone",
        "prearm_status": "",
        "focus_role": "none"
      }
    },
    {
      "type": "Feature",
      "geometry": {
        "type": "Point",
        "coordinates": [
          500732.0631191618,
          6964404.37149708
        ]
      },
      "properties": {
        "junction_id": 39606,
        "veh_id": 11404,
        "sim_time_s": 3117.6,
        "tier": "track-zone",
        "prearm_status": "",
        "focus_role": "none"
      }
    },
    {
      "type": "Feature",
      "geometry": {
        "type": "Point",
        "coordinates": [
          500716.2292174402,
          6965084.089827788
        ]
      },
      "properties": {
        "junction_id": 36385,
        "veh_id": 11415,
        "sim_time_s": 3117.6,
        "tier": "IC-detect-far",
        "prearm_status": "",
        "focus_role": "none"
      }
    },
    {
      "type": "Feature",
      "geometry": {
        "type": "Point",
        "coordinates": [
          500559.06977794465,
          6965554.770014054
        ]
      },
      "properties": {
        "junction_id": 10157950,
        "veh_id": 11426,
        "sim_time_s": 3120.3,
        "tier": "track-zone",
        "prearm_status": "",
        "focus_role": "none"
      }
    },
    {
      "type": "Feature",
      "geometry": {
        "type": "Point",
        "coordinates": [
          0.0,
          0.0
        ]
      },
      "properties": {
        "junction_id": 39576,
        "veh_id": 11393,
        "sim_time_s": 3123.0,
        "tier": "harmony-ins-local",
        "prearm_status": "action",
        "focus_role": "none"
      }
    },
    {
      "type": "Feature",
      "geometry": {
        "type": "Point",
        "coordinates": [
          0.0,
          0.0
        ]
      },
      "properties": {
        "junction_id": 39587,
        "veh_id": 11426,
        "sim_time_s": 3124.3,
        "tier": "harmony-no-ge-local",
        "prearm_status": "skip",
        "focus_role": "none"
      }
    },
    {
      "type": "Feature",
      "geometry": {
        "type": "Point",
        "coordinates": [
          500043.5117412357,
          6966470.284177217
        ]
      },
      "properties": {
        "junction_id": 39568,
        "veh_id": 11416,
        "sim_time_s": 3129.8,
        "tier": "track-zone",
        "prearm_status": "",
        "focus_role": "none"
      }
    },
    {
      "type": "Feature",
      "geometry": {
        "type": "Point",
        "coordinates": [
          500612.481159794,
          6965396.140653028
        ]
      },
      "properties": {
        "junction_id": 39593,
        "veh_id": 11426,
        "sim_time_s": 3131.1,
        "tier": "track-zone",
        "prearm_status": "",
        "focus_role": "none"
      }
    },
    {
      "type": "Feature",
      "geometry": {
        "type": "Point",
        "coordinates": [
          0.0,
          0.0
        ]
      },
      "properties": {
        "junction_id": 36385,
        "veh_id": 11415,
        "sim_time_s": 3148.7,
        "tier": "harmony-no-ge-local",
        "prearm_status": "skip",
        "focus_role": "none"
      }
    },
    {
      "type": "Feature",
      "geometry": {
        "type": "Point",
        "coordinates": [
          500946.97228876385,
          6964034.668682542
        ]
      },
      "properties": {
        "junction_id": 39606,
        "veh_id": 11437,
        "sim_time_s": 3150.0,
        "tier": "track-section",
        "prearm_status": "",
        "focus_role": "none"
      }
    },
    {
      "type": "Feature",
      "geometry": {
        "type": "Point",
        "coordinates": [
          500753.24511119997,
          6964359.256708722
        ]
      },
      "properties": {
        "junction_id": 39590,
        "veh_id": 11425,
        "sim_time_s": 3151.3,
        "tier": "IC-detect",
        "prearm_status": "",
        "focus_role": "none"
      }
    },
    {
      "type": "Feature",
      "geometry": {
        "type": "Point",
        "coordinates": [
          500729.0395188995,
          6964994.390366099
        ]
      },
      "properties": {
        "junction_id": 36393,
        "veh_id": 11415,
        "sim_time_s": 3155.4,
        "tier": "track-zone",
        "prearm_status": "",
        "focus_role": "none"
      }
    },
    {
      "type": "Feature",
      "geometry": {
        "type": "Point",
        "coordinates": [
          500512.4886399062,
          6965708.293136102
        ]
      },
      "properties": {
        "junction_id": 39587,
        "veh_id": 11393,
        "sim_time_s": 3156.8,
        "tier": "track-zone",
        "prearm_status": "",
        "focus_role": "none"
      }
    },
    {
      "type": "Feature",
      "geometry": {
        "type": "Point",
        "coordinates": [
          500882.6266365488,
          6964125.777855175
        ]
      },
      "properties": {
        "junction_id": 39590,
        "veh_id": 11437,
        "sim_time_s": 3156.8,
        "tier": "track-zone",
        "prearm_status": "",
        "focus_role": "none"
      }
    },
    {
      "type": "Feature",
      "geometry": {
        "type": "Point",
        "coordinates": [
          0.0,
          0.0
        ]
      },
      "properties": {
        "junction_id": 39569,
        "veh_id": 11416,
        "sim_time_s": 3156.8,
        "tier": "harmony-ins-local",
        "prearm_status": "action",
        "focus_role": "none"
      }
    },
    {
      "type": "Feature",
      "geometry": {
        "type": "Point",
        "coordinates": [
          500084.5156972597,
          6967502.374766049
        ]
      },
      "properties": {
        "junction_id": 38339,
        "veh_id": 11427,
        "sim_time_s": 3157.7,
        "tier": "IC-detect",
        "prearm_status": "",
        "focus_role": "none"
      }
    },
    {
      "type": "Feature",
      "geometry": {
        "type": "Point",
        "coordinates": [
          500518.3902520119,
          6965649.634316403
        ]
      },
      "properties": {
        "junction_id": 1119660,
        "veh_id": 11393,
        "sim_time_s": 3162.2,
        "tier": "track-zone",
        "prearm_status": "",
        "focus_role": "none"
      }
    },
    {
      "type": "Feature",
      "geometry": {
        "type": "Point",
        "coordinates": [
          0.0,
          0.0
        ]
      },
      "properties": {
        "junction_id": 39606,
        "veh_id": 11437,
        "sim_time_s": 3163.9,
        "tier": "harmony-no-ge-local",
        "prearm_status": "skip",
        "focus_role": "none"
      }
    },
    {
      "type": "Feature",
      "geometry": {
        "type": "Point",
        "coordinates": [
          500747.39350901684,
          6964365.505401557
        ]
      },
      "properties": {
        "junction_id": 39590,
        "veh_id": 11404,
        "sim_time_s": 3166.2,
        "tier": "IC-detect",
        "prearm_status": "",
        "focus_role": "none"
      }
    },
    {
      "type": "Feature",
      "geometry": {
        "type": "Point",
        "coordinates": [
          500553.68314201484,
          6965566.727675109
        ]
      },
      "properties": {
        "junction_id": 10157950,
        "veh_id": 11393,
        "sim_time_s": 3168.9,
        "tier": "track-zone",
        "prearm_status": "",
        "focus_role": "none"
      }
    },
    {
      "type": "Feature",
      "geometry": {
        "type": "Point",
        "coordinates": [
          500185.120147264,
          6966349.603006892
        ]
      },
      "properties": {
        "junction_id": 1043762,
        "veh_id": 11416,
        "sim_time_s": 3168.9,
        "tier": "IC-detect",
        "prearm_status": "",
        "focus_role": "none"
      }
    },
    {
      "type": "Feature",
      "geometry": {
        "type": "Point",
        "coordinates": [
          0.0,
          0.0
        ]
      },
      "properties": {
        "junction_id": 39587,
        "veh_id": 11393,
        "sim_time_s": 3172.9,
        "tier": "harmony-ins-local",
        "prearm_status": "action",
        "focus_role": "none"
      }
    },
    {
      "type": "Feature",
      "geometry": {
        "type": "Point",
        "coordinates": [
          500950.7888787157,
          6964039.930207144
        ]
      },
      "properties": {
        "junction_id": 39606,
        "veh_id": 11387,
        "sim_time_s": 3180.2,
        "tier": "IC-detect",
        "prearm_status": "",
        "focus_role": "none"
      }
    },
    {
      "type": "Feature",
      "geometry": {
        "type": "Point",
        "coordinates": [
          500720.52106563485,
          6964930.228058116
        ]
      },
      "properties": {
        "junction_id": 39593,
        "veh_id": 11415,
        "sim_time_s": 3181.1,
        "tier": "track-zone",
        "prearm_status": "",
        "focus_role": "none"
      }
    },
    {
      "type": "Feature",
      "geometry": {
        "type": "Point",
        "coordinates": [
          500892.2975402168,
          6964122.4907991355
        ]
      },
      "properties": {
        "junction_id": 39590,
        "veh_id": 11387,
        "sim_time_s": 3186.4,
        "tier": "track-zone",
        "prearm_status": "",
        "focus_role": "none"
      }
    },
    {
      "type": "Feature",
      "geometry": {
        "type": "Point",
        "coordinates": [
          500612.72691026534,
          6965395.622244131
        ]
      },
      "properties": {
        "junction_id": 39593,
        "veh_id": 11393,
        "sim_time_s": 3186.4,
        "tier": "track-zone",
        "prearm_status": "",
        "focus_role": "none"
      }
    },
    {
      "type": "Feature",
      "geometry": {
        "type": "Point",
        "coordinates": [
          500647.71901456395,
          6965257.961699266
        ]
      },
      "properties": {
        "junction_id": 36385,
        "veh_id": 11426,
        "sim_time_s": 3193.2,
        "tier": "track-zone",
        "prearm_status": "",
        "focus_role": "none"
      }
    },
    {
      "type": "Feature",
      "geometry": {
        "type": "Point",
        "coordinates": [
          0.0,
          0.0
        ]
      },
      "properties": {
        "junction_id": 1043762,
        "veh_id": 11416,
        "sim_time_s": 3197.2,
        "tier": "harmony-ins-local",
        "prearm_status": "action",
        "focus_role": "none"
      }
    },
    {
      "type": "Feature",
      "geometry": {
        "type": "Point",
        "coordinates": [
          0.0,
          0.0
        ]
      },
      "properties": {
        "junction_id": 39593,
        "veh_id": 11426,
        "sim_time_s": 3198.6,
        "tier": "harmony-no-ge-local",
        "prearm_status": "skip",
        "focus_role": "none"
      }
    },
    {
      "type": "Feature",
      "geometry": {
        "type": "Point",
        "coordinates": [
          500651.6135391113,
          6965249.179528373
        ]
      },
      "properties": {
        "junction_id": 36385,
        "veh_id": 11393,
        "sim_time_s": 3208.1,
        "tier": "track-zone",
        "prearm_status": "",
        "focus_role": "none"
      }
    },
    {
      "type": "Feature",
      "geometry": {
        "type": "Point",
        "coordinates": [
          0.0,
          0.0
        ]
      },
      "properties": {
        "junction_id": 39590,
        "veh_id": 11437,
        "sim_time_s": 3208.1,
        "tier": "harmony-no-ge-local",
        "prearm_status": "skip",
        "focus_role": "none"
      }
    },
    {
      "type": "Feature",
      "geometry": {
        "type": "Point",
        "coordinates": [
          0.0,
          0.0
        ]
      },
      "properties": {
        "junction_id": 36393,
        "veh_id": 11415,
        "sim_time_s": 3210.8,
        "tier": "harmony-no-ge-local",
        "prearm_status": "skip",
        "focus_role": "none"
      }
    },
    {
      "type": "Feature",
      "geometry": {
        "type": "Point",
        "coordinates": [
          499966.6620827229,
          6967109.469326007
        ]
      },
      "properties": {
        "junction_id": 11118289,
        "veh_id": 11427,
        "sim_time_s": 3218.8,
        "tier": "track-zone",
        "prearm_status": "",
        "focus_role": "none"
      }
    },
    {
      "type": "Feature",
      "geometry": {
        "type": "Point",
        "coordinates": [
          0.0,
          0.0
        ]
      },
      "properties": {
        "junction_id": 39593,
        "veh_id": 11393,
        "sim_time_s": 3220.2,
        "tier": "harmony-no-ge-local",
        "prearm_status": "skip",
        "focus_role": "none"
      }
    },
    {
      "type": "Feature",
      "geometry": {
        "type": "Point",
        "coordinates": [
          0.0,
          0.0
        ]
      },
      "properties": {
        "junction_id": 39606,
        "veh_id": 11425,
        "sim_time_s": 3221.6,
        "tier": "harmony-no-ge-local",
        "prearm_status": "skip",
        "focus_role": "none"
      }
    },
    {
      "type": "Feature",
      "geometry": {
        "type": "Point",
        "coordinates": [
          500680.6537879772,
          6964511.748383391
        ]
      },
      "properties": {
        "junction_id": 36393,
        "veh_id": 11387,
        "sim_time_s": 3225.6,
        "tier": "track-zone",
        "prearm_status": "",
        "focus_role": "none"
      }
    },
    {
      "type": "Feature",
      "geometry": {
        "type": "Point",
        "coordinates": [
          500356.1511718301,
          6966097.17524174
        ]
      },
      "properties": {
        "junction_id": 39578,
        "veh_id": 11416,
        "sim_time_s": 3233.7,
        "tier": "track-section",
        "prearm_status": "",
        "focus_role": "none"
      }
    },
    {
      "type": "Feature",
      "geometry": {
        "type": "Point",
        "coordinates": [
          0.0,
          0.0
        ]
      },
      "properties": {
        "junction_id": 38339,
        "veh_id": 11427,
        "sim_time_s": 3236.4,
        "tier": "harmony-no-ge-local",
        "prearm_status": "skip",
        "focus_role": "none"
      }
    },
    {
      "type": "Feature",
      "geometry": {
        "type": "Point",
        "coordinates": [
          500910.8572417319,
          6964141.392215151
        ]
      },
      "properties": {
        "junction_id": 39606,
        "veh_id": 11404,
        "sim_time_s": 3237.8,
        "tier": "IC-detect-far",
        "prearm_status": "",
        "focus_role": "none"
      }
    },
    {
      "type": "Feature",
      "geometry": {
        "type": "Point",
        "coordinates": [
          500673.3158206619,
          6964520.871970838
        ]
      },
      "properties": {
        "junction_id": 36393,
        "veh_id": 11437,
        "sim_time_s": 3246.8,
        "tier": "IC-detect",
        "prearm_status": "",
        "focus_role": "none"
      }
    },
    {
      "type": "Feature",
      "geometry": {
        "type": "Point",
        "coordinates": [
          0.0,
          0.0
        ]
      },
      "properties": {
        "junction_id": 39578,
        "veh_id": 11416,
        "sim_time_s": 3279.6,
        "tier": "harmony-no-ge-local",
        "prearm_status": "skip",
        "focus_role": "none"
      }
    },
    {
      "type": "Feature",
      "geometry": {
        "type": "Point",
        "coordinates": [
          500534.240542434,
          6965927.981783245
        ]
      },
      "properties": {
        "junction_id": 39576,
        "veh_id": 11416,
        "sim_time_s": 3283.7,
        "tier": "track-zone",
        "prearm_status": "",
        "focus_role": "none"
      }
    },
    {
      "type": "Feature",
      "geometry": {
        "type": "Point",
        "coordinates": [
          500701.30400336767,
          6965131.632509453
        ]
      },
      "properties": {
        "junction_id": 10157950,
        "veh_id": 11393,
        "sim_time_s": 3290.4,
        "tier": "track-zone",
        "prearm_status": "",
        "focus_role": "none"
      }
    },
    {
      "type": "Feature",
      "geometry": {
        "type": "Point",
        "coordinates": [
          0.0,
          0.0
        ]
      },
      "properties": {
        "junction_id": 36385,
        "veh_id": 11426,
        "sim_time_s": 3291.8,
        "tier": "harmony-no-ge-local",
        "prearm_status": "skip",
        "focus_role": "none"
      }
    },
    {
      "type": "Feature",
      "geometry": {
        "type": "Point",
        "coordinates": [
          499961.96172105824,
          6966947.181322263
        ]
      },
      "properties": {
        "junction_id": 39568,
        "veh_id": 11427,
        "sim_time_s": 3295.8,
        "tier": "track-zone",
        "prearm_status": "",
        "focus_role": "none"
      }
    },
    {
      "type": "Feature",
      "geometry": {
        "type": "Point",
        "coordinates": [
          500685.5915431825,
          6964774.79769116
        ]
      },
      "properties": {
        "junction_id": 36385,
        "veh_id": 11387,
        "sim_time_s": 3297.2,
        "tier": "track-zone",
        "prearm_status": "",
        "focus_role": "none"
      }
    },
    {
      "type": "Feature",
      "geometry": {
        "type": "Point",
        "coordinates": [
          500728.9269961328,
          6964992.440710207
        ]
      },
      "properties": {
        "junction_id": 36393,
        "veh_id": 11426,
        "sim_time_s": 3298.5,
        "tier": "track-zone",
        "prearm_status": "",
        "focus_role": "none"
      }
    },
    {
      "type": "Feature",
      "geometry": {
        "type": "Point",
        "coordinates": [
          0.0,
          0.0
        ]
      },
      "properties": {
        "junction_id": 36393,
        "veh_id": 11437,
        "sim_time_s": 3299.8,
        "tier": "harmony-no-ge-local",
        "prearm_status": "skip",
        "focus_role": "none"
      }
    },
    {
      "type": "Feature",
      "geometry": {
        "type": "Point",
        "coordinates": [
          500134.35896903847,
          6965615.236375507
        ]
      },
      "properties": {
        "junction_id": 39576,
        "veh_id": 11405,
        "sim_time_s": 3300.3,
        "tier": "IC-detect",
        "prearm_status": "",
        "focus_role": "none"
      }
    },
    {
      "type": "Feature",
      "geometry": {
        "type": "Point",
        "coordinates": [
          499965.99009437324,
          6966895.8772892635
        ]
      },
      "properties": {
        "junction_id": 39572,
        "veh_id": 11427,
        "sim_time_s": 3301.2,
        "tier": "track-zone",
        "prearm_status": "",
        "focus_role": "none"
      }
    },
    {
      "type": "Feature",
      "geometry": {
        "type": "Point",
        "coordinates": [
          500682.67021922243,
          6964777.909126429
        ]
      },
      "properties": {
        "junction_id": 36385,
        "veh_id": 11437,
        "sim_time_s": 3307.9,
        "tier": "track-zone",
        "prearm_status": "",
        "focus_role": "none"
      }
    },
    {
      "type": "Feature",
      "geometry": {
        "type": "Point",
        "coordinates": [
          500707.7471376446,
          6964931.83624637
        ]
      },
      "properties": {
        "junction_id": 39593,
        "veh_id": 11387,
        "sim_time_s": 3312.0,
        "tier": "track-zone",
        "prearm_status": "",
        "focus_role": "none"
      }
    },
    {
      "type": "Feature",
      "geometry": {
        "type": "Point",
        "coordinates": [
          0.0,
          0.0
        ]
      },
      "properties": {
        "junction_id": 39576,
        "veh_id": 11416,
        "sim_time_s": 3316.1,
        "tier": "harmony-no-ge-local",
        "prearm_status": "skip",
        "focus_role": "none"
      }
    },
    {
      "type": "Feature",
      "geometry": {
        "type": "Point",
        "coordinates": [
          0.0,
          0.0
        ]
      },
      "properties": {
        "junction_id": 39572,
        "veh_id": 11427,
        "sim_time_s": 3320.1,
        "tier": "harmony-no-ge-local",
        "prearm_status": "skip",
        "focus_role": "none"
      }
    },
    {
      "type": "Feature",
      "geometry": {
        "type": "Point",
        "coordinates": [
          500686.3312018682,
          6964557.623460151
        ]
      },
      "properties": {
        "junction_id": 39590,
        "veh_id": 11415,
        "sim_time_s": 3322.8,
        "tier": "track-zone",
        "prearm_status": "",
        "focus_role": "none"
      }
    },
    {
      "type": "Feature",
      "geometry": {
        "type": "Point",
        "coordinates": [
          500701.46160463506,
          6964930.957852599
        ]
      },
      "properties": {
        "junction_id": 39593,
        "veh_id": 11437,
        "sim_time_s": 3324.2,
        "tier": "track-zone",
        "prearm_status": "",
        "focus_role": "none"
      }
    },
    {
      "type": "Feature",
      "geometry": {
        "type": "Point",
        "coordinates": [
          500512.6751491243,
          6965700.670417844
        ]
      },
      "properties": {
        "junction_id": 39587,
        "veh_id": 11416,
        "sim_time_s": 3328.2,
        "tier": "track-zone",
        "prearm_status": "",
        "focus_role": "none"
      }
    },
    {
      "type": "Feature",
      "geometry": {
        "type": "Point",
        "coordinates": [
          500716.2518074417,
          6965084.101656687
        ]
      },
      "properties": {
        "junction_id": 36385,
        "veh_id": 11393,
        "sim_time_s": 3328.2,
        "tier": "IC-detect-far",
        "prearm_status": "",
        "focus_role": "none"
      }
    },
    {
      "type": "Feature",
      "geometry": {
        "type": "Point",
        "coordinates": [
          500687.31724070694,
          6964545.677058415
        ]
      },
      "properties": {
        "junction_id": 36393,
        "veh_id": 11415,
        "sim_time_s": 3330.9,
        "tier": "IC-detect-far",
        "prearm_status": "",
        "focus_role": "none"
      }
    },
    {
      "type": "Feature",
      "geometry": {
        "type": "Point",
        "coordinates": [
          500521.6127780065,
          6965639.379504459
        ]
      },
      "properties": {
        "junction_id": 1119660,
        "veh_id": 11416,
        "sim_time_s": 3333.6,
        "tier": "track-zone",
        "prearm_status": "",
        "focus_role": "none"
      }
    },
    {
      "type": "Feature",
      "geometry": {
        "type": "Point",
        "coordinates": [
          500554.95257254754,
          6965563.752598337
        ]
      },
      "properties": {
        "junction_id": 10157950,
        "veh_id": 11416,
        "sim_time_s": 3340.3,
        "tier": "track-zone",
        "prearm_status": "",
        "focus_role": "none"
      }
    },
    {
      "type": "Feature",
      "geometry": {
        "type": "Point",
        "coordinates": [
          500004.6051847981,
          6966687.636792108
        ]
      },
      "properties": {
        "junction_id": 11118289,
        "veh_id": 11427,
        "sim_time_s": 3340.3,
        "tier": "track-zone",
        "prearm_status": "",
        "focus_role": "none"
      }
    },
    {
      "type": "Feature",
      "geometry": {
        "type": "Point",
        "coordinates": [
          500715.9549457079,
          6965004.020097115
        ]
      },
      "properties": {
        "junction_id": 36393,
        "veh_id": 11387,
        "sim_time_s": 3347.1,
        "tier": "track-zone",
        "prearm_status": "",
        "focus_role": "none"
      }
    },
    {
      "type": "Feature",
      "geometry": {
        "type": "Point",
        "coordinates": [
          0.0,
          0.0
        ]
      },
      "properties": {
        "junction_id": 39587,
        "veh_id": 11416,
        "sim_time_s": 3347.1,
        "tier": "harmony-no-ge-local",
        "prearm_status": "skip",
        "focus_role": "none"
      }
    },
    {
      "type": "Feature",
      "geometry": {
        "type": "Point",
        "coordinates": [
          500012.10778152506,
          6966668.965808152
        ]
      },
      "properties": {
        "junction_id": 39569,
        "veh_id": 11427,
        "sim_time_s": 3348.4,
        "tier": "track-zone",
        "prearm_status": "",
        "focus_role": "none"
      }
    },
    {
      "type": "Feature",
      "geometry": {
        "type": "Point",
        "coordinates": [
          0.0,
          0.0
        ]
      },
      "properties": {
        "junction_id": 36393,
        "veh_id": 11426,
        "sim_time_s": 3348.4,
        "tier": "harmony-no-ge-local",
        "prearm_status": "skip",
        "focus_role": "none"
      }
    },
    {
      "type": "Feature",
      "geometry": {
        "type": "Point",
        "coordinates": [
          0.0,
          0.0
        ]
      },
      "properties": {
        "junction_id": 36385,
        "veh_id": 11437,
        "sim_time_s": 3355.2,
        "tier": "harmony-ins-local",
        "prearm_status": "action",
        "focus_role": "none"
      }
    },
    {
      "type": "Feature",
      "geometry": {
        "type": "Point",
        "coordinates": [
          500682.64842585515,
          6965104.801850324
        ]
      },
      "properties": {
        "junction_id": 10157950,
        "veh_id": 11437,
        "sim_time_s": 3364.7,
        "tier": "track-zone",
        "prearm_status": "",
        "focus_role": "none"
      }
    },
    {
      "type": "Feature",
      "geometry": {
        "type": "Point",
        "coordinates": [
          0.0,
          0.0
        ]
      },
      "properties": {
        "junction_id": 39593,
        "veh_id": 11437,
        "sim_time_s": 3367.3,
        "tier": "harmony-no-ge-local",
        "prearm_status": "skip",
        "focus_role": "none"
      }
    },
    {
      "type": "Feature",
      "geometry": {
        "type": "Point",
        "coordinates": [
          500660.9397987762,
          6965183.834507753
        ]
      },
      "properties": {
        "junction_id": 1119660,
        "veh_id": 11437,
        "sim_time_s": 3370.1,
        "tier": "track-zone",
        "prearm_status": "",
        "focus_role": "none"
      }
    },
    {
      "type": "Feature",
      "geometry": {
        "type": "Point",
        "coordinates": [
          500633.7505762578,
          6965245.40750051
        ]
      },
      "properties": {
        "junction_id": 39587,
        "veh_id": 11437,
        "sim_time_s": 3374.1,
        "tier": "track-zone",
        "prearm_status": "",
        "focus_role": "none"
      }
    },
    {
      "type": "Feature",
      "geometry": {
        "type": "Point",
        "coordinates": [
          500610.3006554131,
          6965404.821888384
        ]
      },
      "properties": {
        "junction_id": 39593,
        "veh_id": 11416,
        "sim_time_s": 3378.2,
        "tier": "track-zone",
        "prearm_status": "",
        "focus_role": "none"
      }
    },
    {
      "type": "Feature",
      "geometry": {
        "type": "Point",
        "coordinates": [
          0.0,
          0.0
        ]
      },
      "properties": {
        "junction_id": 39587,
        "veh_id": 11437,
        "sim_time_s": 3386.2,
        "tier": "harmony-ins-local",
        "prearm_status": "action",
        "focus_role": "none"
      }
    },
    {
      "type": "Feature",
      "geometry": {
        "type": "Point",
        "coordinates": [
          500573.54421659285,
          6965455.856143184
        ]
      },
      "properties": {
        "junction_id": 39576,
        "veh_id": 11437,
        "sim_time_s": 3387.6,
        "tier": "track-zone",
        "prearm_status": "",
        "focus_role": "none"
      }
    },
    {
      "type": "Feature",
      "geometry": {
        "type": "Point",
        "coordinates": [
          500649.668834824,
          6965245.962737807
        ]
      },
      "properties": {
        "junction_id": 36385,
        "veh_id": 11416,
        "sim_time_s": 3388.9,
        "tier": "track-zone",
        "prearm_status": "",
        "focus_role": "none"
      }
    },
    {
      "type": "Feature",
      "geometry": {
        "type": "Point",
        "coordinates": [
          500731.9716683242,
          6964405.009752092
        ]
      },
      "properties": {
        "junction_id": 39606,
        "veh_id": 11415,
        "sim_time_s": 3397.1,
        "tier": "track-zone",
        "prearm_status": "",
        "focus_role": "none"
      }
    },
    {
      "type": "Feature",
      "geometry": {
        "type": "Point",
        "coordinates": [
          0.0,
          0.0
        ]
      },
      "properties": {
        "junction_id": 39576,
        "veh_id": 11437,
        "sim_time_s": 3402.4,
        "tier": "harmony-no-ge-local",
        "prearm_status": "skip",
        "focus_role": "none"
      }
    },
    {
      "type": "Feature",
      "geometry": {
        "type": "Point",
        "coordinates": [
          500492.33704557014,
          6965685.110616852
        ]
      },
      "properties": {
        "junction_id": 39578,
        "veh_id": 11437,
        "sim_time_s": 3405.2,
        "tier": "track-zone",
        "prearm_status": "",
        "focus_role": "none"
      }
    },
    {
      "type": "Feature",
      "geometry": {
        "type": "Point",
        "coordinates": [
          0.0,
          0.0
        ]
      },
      "properties": {
        "junction_id": 39593,
        "veh_id": 11416,
        "sim_time_s": 3407.8,
        "tier": "harmony-ins-local",
        "prearm_status": "action",
        "focus_role": "none"
      }
    },
    {
      "type": "Feature",
      "geometry": {
        "type": "Point",
        "coordinates": [
          0.0,
          0.0
        ]
      },
      "properties": {
        "junction_id": 36385,
        "veh_id": 11393,
        "sim_time_s": 3415.5,
        "tier": "harmony-ins-local",
        "prearm_status": "action",
        "focus_role": "none"
      }
    },
    {
      "type": "Feature",
      "geometry": {
        "type": "Point",
        "coordinates": [
          500058.3422793294,
          6966557.278051297
        ]
      },
      "properties": {
        "junction_id": 39568,
        "veh_id": 11427,
        "sim_time_s": 3417.3,
        "tier": "track-zone",
        "prearm_status": "",
        "focus_role": "none"
      }
    },
    {
      "type": "Feature",
      "geometry": {
        "type": "Point",
        "coordinates": [
          500715.9549457079,
          6965004.020097115
        ]
      },
      "properties": {
        "junction_id": 36385,
        "veh_id": 11387,
        "sim_time_s": 3417.3,
        "tier": "IC-detect",
        "prearm_status": "",
        "focus_role": "none"
      }
    },
    {
      "type": "Feature",
      "geometry": {
        "type": "Point",
        "coordinates": [
          500451.64849866845,
          6965692.5887724785
        ]
      },
      "properties": {
        "junction_id": 39576,
        "veh_id": 11405,
        "sim_time_s": 3420.4,
        "tier": "IC-detect",
        "prearm_status": "",
        "focus_role": "none"
      }
    },
    {
      "type": "Feature",
      "geometry": {
        "type": "Point",
        "coordinates": [
          500946.0468479706,
          6964036.183379185
        ]
      },
      "properties": {
        "junction_id": 39606,
        "veh_id": 11411,
        "sim_time_s": 3420.9,
        "tier": "IC-detect",
        "prearm_status": "",
        "focus_role": "none"
      }
    },
    {
      "type": "Feature",
      "geometry": {
        "type": "Point",
        "coordinates": [
          500729.04055130744,
          6964992.757749714
        ]
      },
      "properties": {
        "junction_id": 36393,
        "veh_id": 11393,
        "sim_time_s": 3424.1,
        "tier": "track-zone",
        "prearm_status": "",
        "focus_role": "none"
      }
    },
    {
      "type": "Feature",
      "geometry": {
        "type": "Point",
        "coordinates": [
          500727.6344652025,
          6964971.712543438
        ]
      },
      "properties": {
        "junction_id": 39593,
        "veh_id": 11393,
        "sim_time_s": 3429.4,
        "tier": "track-zone",
        "prearm_status": "",
        "focus_role": "none"
      }
    },
    {
      "type": "Feature",
      "geometry": {
        "type": "Point",
        "coordinates": [
          0.0,
          0.0
        ]
      },
      "properties": {
        "junction_id": 39569,
        "veh_id": 11427,
        "sim_time_s": 3430.8,
        "tier": "harmony-ins-local",
        "prearm_status": "action",
        "focus_role": "none"
      }
    },
    {
      "type": "Feature",
      "geometry": {
        "type": "Point",
        "coordinates": [
          500715.9549457079,
          6965004.020097115
        ]
      },
      "properties": {
        "junction_id": 39593,
        "veh_id": 11387,
        "sim_time_s": 3433.5,
        "tier": "track-zone",
        "prearm_status": "",
        "focus_role": "none"
      }
    },
    {
      "type": "Feature",
      "geometry": {
        "type": "Point",
        "coordinates": [
          500134.87010090187,
          6966433.446413429
        ]
      },
      "properties": {
        "junction_id": 1043762,
        "veh_id": 11427,
        "sim_time_s": 3434.8,
        "tier": "track-zone",
        "prearm_status": "",
        "focus_role": "none"
      }
    },
    {
      "type": "Feature",
      "geometry": {
        "type": "Point",
        "coordinates": [
          500753.4291981954,
          6964359.334046253
        ]
      },
      "properties": {
        "junction_id": 39590,
        "veh_id": 11415,
        "sim_time_s": 3442.9,
        "tier": "IC-detect",
        "prearm_status": "",
        "focus_role": "none"
      }
    },
    {
      "type": "Feature",
      "geometry": {
        "type": "Point",
        "coordinates": [
          0.0,
          0.0
        ]
      },
      "properties": {
        "junction_id": 39578,
        "veh_id": 11437,
        "sim_time_s": 3444.3,
        "tier": "harmony-no-ge-local",
        "prearm_status": "skip",
        "focus_role": "none"
      }
    },
    {
      "type": "Feature",
      "geometry": {
        "type": "Point",
        "coordinates": [
          0.0,
          0.0
        ]
      },
      "properties": {
        "junction_id": 1043762,
        "veh_id": 11427,
        "sim_time_s": 3448.3,
        "tier": "harmony-ins-local",
        "prearm_status": "action",
        "focus_role": "none"
      }
    },
    {
      "type": "Feature",
      "geometry": {
        "type": "Point",
        "coordinates": [
          500924.47736737673,
          6965248.421136356
        ]
      },
      "properties": {
        "junction_id": 39593,
        "veh_id": 11385,
        "sim_time_s": 3449.2,
        "tier": "IC-detect",
        "prearm_status": "",
        "focus_role": "none"
      }
    },
    {
      "type": "Feature",
      "geometry": {
        "type": "Point",
        "coordinates": [
          500689.21777411475,
          6964558.39006603
        ]
      },
      "properties": {
        "junction_id": 39590,
        "veh_id": 11426,
        "sim_time_s": 3451.1,
        "tier": "track-zone",
        "prearm_status": "",
        "focus_role": "none"
      }
    },
    {
      "type": "Feature",
      "geometry": {
        "type": "Point",
        "coordinates": [
          500395.5945202714,
          6966045.66917564
        ]
      },
      "properties": {
        "junction_id": 1043762,
        "veh_id": 11437,
        "sim_time_s": 3456.4,
        "tier": "track-zone",
        "prearm_status": "",
        "focus_role": "none"
      }
    },
    {
      "type": "Feature",
      "geometry": {
        "type": "Point",
        "coordinates": [
          500354.4992575774,
          6966098.59680296
        ]
      },
      "properties": {
        "junction_id": 39578,
        "veh_id": 11427,
        "sim_time_s": 3461.8,
        "tier": "track-section",
        "prearm_status": "",
        "focus_role": "none"
      }
    },
    {
      "type": "Feature",
      "geometry": {
        "type": "Point",
        "coordinates": [
          500454.36576901516,
          6965696.1476012245
        ]
      },
      "properties": {
        "junction_id": 39578,
        "veh_id": 11405,
        "sim_time_s": 3464.6,
        "tier": "track-zone",
        "prearm_status": "",
        "focus_role": "none"
      }
    },
    {
      "type": "Feature",
      "geometry": {
        "type": "Point",
        "coordinates": [
          500892.86475089594,
          6964114.17079445
        ]
      },
      "properties": {
        "junction_id": 39590,
        "veh_id": 11411,
        "sim_time_s": 3464.6,
        "tier": "track-zone",
        "prearm_status": "",
        "focus_role": "none"
      }
    },
    {
      "type": "Feature",
      "geometry": {
        "type": "Point",
        "coordinates": [
          0.0,
          0.0
        ]
      },
      "properties": {
        "junction_id": 39576,
        "veh_id": 11405,
        "sim_time_s": 3465.0,
        "tier": "harmony-ins-local",
        "prearm_status": "action",
        "focus_role": "none"
      }
    },
    {
      "type": "Feature",
      "geometry": {
        "type": "Point",
        "coordinates": [
          500715.9549457079,
          6965004.020097115
        ]
      },
      "properties": {
        "junction_id": 36393,
        "veh_id": 11387,
        "sim_time_s": 3468.6,
        "tier": "track-zone",
        "prearm_status": "",
        "focus_role": "none"
      }
    },
    {
      "type": "Feature",
      "geometry": {
        "type": "Point",
        "coordinates": [
          0.0,
          0.0
        ]
      },
      "properties": {
        "junction_id": 39606,
        "veh_id": 11411,
        "sim_time_s": 3468.6,
        "tier": "harmony-no-ge-local",
        "prearm_status": "skip",
        "focus_role": "none"
      }
    },
    {
      "type": "Feature",
      "geometry": {
        "type": "Point",
        "coordinates": [
          500693.70496260753,
          6964526.002730558
        ]
      },
      "properties": {
        "junction_id": 36393,
        "veh_id": 11426,
        "sim_time_s": 3468.6,
        "tier": "IC-detect-far",
        "prearm_status": "",
        "focus_role": "none"
      }
    },
    {
      "type": "Feature",
      "geometry": {
        "type": "Point",
        "coordinates": [
          500228.94185869384,
          6966239.438555778
        ]
      },
      "properties": {
        "junction_id": 39569,
        "veh_id": 11437,
        "sim_time_s": 3472.7,
        "tier": "track-zone",
        "prearm_status": "",
        "focus_role": "none"
      }
    },
    {
      "type": "Feature",
      "geometry": {
        "type": "Point",
        "coordinates": [
          0.0,
          0.0
        ]
      },
      "properties": {
        "junction_id": 39590,
        "veh_id": 11415,
        "sim_time_s": 3475.3,
        "tier": "harmony-no-ge-local",
        "prearm_status": "skip",
        "focus_role": "none"
      }
    },
    {
      "type": "Feature",
      "geometry": {
        "type": "Point",
        "coordinates": [
          500120.4055663265,
          6966429.118404863
        ]
      },
      "properties": {
        "junction_id": 39572,
        "veh_id": 11437,
        "sim_time_s": 3487.5,
        "tier": "track-zone",
        "prearm_status": "",
        "focus_role": "none"
      }
    },
    {
      "type": "Feature",
      "geometry": {
        "type": "Point",
        "coordinates": [
          0.0,
          0.0
        ]
      },
      "properties": {
        "junction_id": 39590,
        "veh_id": 11411,
        "sim_time_s": 3490.2,
        "tier": "harmony-no-ge-local",
        "prearm_status": "skip",
        "focus_role": "none"
      }
    },
    {
      "type": "Feature",
      "geometry": {
        "type": "Point",
        "coordinates": [
          0.0,
          0.0
        ]
      },
      "properties": {
        "junction_id": 39569,
        "veh_id": 11437,
        "sim_time_s": 3491.1,
        "tier": "harmony-ins-local",
        "prearm_status": "action",
        "focus_role": "none"
      }
    },
    {
      "type": "Feature",
      "geometry": {
        "type": "Point",
        "coordinates": [
          0.0,
          0.0
        ]
      },
      "properties": {
        "junction_id": 39606,
        "veh_id": 11415,
        "sim_time_s": 3492.9,
        "tier": "harmony-ins-local",
        "prearm_status": "action",
        "focus_role": "none"
      }
    },
    {
      "type": "Feature",
      "geometry": {
        "type": "Point",
        "coordinates": [
          499517.39046187786,
          6966652.513049488
        ]
      },
      "properties": {
        "junction_id": 39572,
        "veh_id": 11394,
        "sim_time_s": 3492.9,
        "tier": "IC-detect",
        "prearm_status": "",
        "focus_role": "none"
      }
    },
    {
      "type": "Feature",
      "geometry": {
        "type": "Point",
        "coordinates": [
          499759.41548489005,
          6966605.690555941
        ]
      },
      "properties": {
        "junction_id": 39568,
        "veh_id": 11394,
        "sim_time_s": 3507.8,
        "tier": "track-zone",
        "prearm_status": "",
        "focus_role": "none"
      }
    },
    {
      "type": "Feature",
      "geometry": {
        "type": "Point",
        "coordinates": [
          0.0,
          0.0
        ]
      },
      "properties": {
        "junction_id": 39578,
        "veh_id": 11427,
        "sim_time_s": 3507.8,
        "tier": "harmony-no-ge-local",
        "prearm_status": "skip",
        "focus_role": "none"
      }
    },
    {
      "type": "Feature",
      "geometry": {
        "type": "Point",
        "coordinates": [
          500716.1625629235,
          6965084.078978249
        ]
      },
      "properties": {
        "junction_id": 36385,
        "veh_id": 11416,
        "sim_time_s": 3509.1,
        "tier": "IC-detect-far",
        "prearm_status": "",
        "focus_role": "none"
      }
    },
    {
      "type": "Feature",
      "geometry": {
        "type": "Point",
        "coordinates": [
          500531.9603813911,
          6965933.95599247
        ]
      },
      "properties": {
        "junction_id": 39576,
        "veh_id": 11427,
        "sim_time_s": 3510.4,
        "tier": "track-zone",
        "prearm_status": "",
        "focus_role": "none"
      }
    },
    {
      "type": "Feature",
      "geometry": {
        "type": "Point",
        "coordinates": [
          0.0,
          0.0
        ]
      },
      "properties": {
        "junction_id": 36393,
        "veh_id": 11393,
        "sim_time_s": 3511.8,
        "tier": "harmony-no-ge-local",
        "prearm_status": "skip",
        "focus_role": "none"
      }
    },
    {
      "type": "Feature",
      "geometry": {
        "type": "Point",
        "coordinates": [
          499891.55523283104,
          6966542.617480954
        ]
      },
      "properties": {
        "junction_id": 39569,
        "veh_id": 11394,
        "sim_time_s": 3517.2,
        "tier": "track-zone",
        "prearm_status": "",
        "focus_role": "none"
      }
    },
    {
      "type": "Feature",
      "geometry": {
        "type": "Point",
        "coordinates": [
          0.0,
          0.0
        ]
      },
      "properties": {
        "junction_id": 36385,
        "veh_id": 11416,
        "sim_time_s": 3526.7,
        "tier": "harmony-no-ge-local",
        "prearm_status": "skip",
        "focus_role": "none"
      }
    },
    {
      "type": "Feature",
      "geometry": {
        "type": "Point",
        "coordinates": [
          500731.14473127184,
          6964406.874409422
        ]
      },
      "properties": {
        "junction_id": 39606,
        "veh_id": 11426,
        "sim_time_s": 3532.1,
        "tier": "track-zone",
        "prearm_status": "",
        "focus_role": "none"
      }
    },
    {
      "type": "Feature",
      "geometry": {
        "type": "Point",
        "coordinates": [
          500673.33976606565,
          6964519.977638704
        ]
      },
      "properties": {
        "junction_id": 36393,
        "veh_id": 11411,
        "sim_time_s": 3533.4,
        "tier": "track-zone",
        "prearm_status": "",
        "focus_role": "none"
      }
    },
    {
      "type": "Feature",
      "geometry": {
        "type": "Point",
        "coordinates": [
          500729.00664034224,
          6964996.75845502
        ]
      },
      "properties": {
        "junction_id": 36393,
        "veh_id": 11416,
        "sim_time_s": 3533.4,
        "tier": "track-zone",
        "prearm_status": "",
        "focus_role": "none"
      }
    },
    {
      "type": "Feature",
      "geometry": {
        "type": "Point",
        "coordinates": [
          0.0,
          0.0
        ]
      },
      "properties": {
        "junction_id": 39576,
        "veh_id": 11427,
        "sim_time_s": 3533.4,
        "tier": "harmony-no-ge-local",
        "prearm_status": "skip",
        "focus_role": "none"
      }
    },
    {
      "type": "Feature",
      "geometry": {
        "type": "Point",
        "coordinates": [
          500888.3279588136,
          6965077.0465320535
        ]
      },
      "properties": {
        "junction_id": 36385,
        "veh_id": 11387,
        "sim_time_s": 3537.4,
        "tier": "IC-detect",
        "prearm_status": "",
        "focus_role": "none"
      }
    },
    {
      "type": "Feature",
      "geometry": {
        "type": "Point",
        "coordinates": [
          500076.0041263045,
          6966489.988321208
        ]
      },
      "properties": {
        "junction_id": 39568,
        "veh_id": 11437,
        "sim_time_s": 3555.0,
        "tier": "track-zone",
        "prearm_status": "",
        "focus_role": "none"
      }
    },
    {
      "type": "Feature",
      "geometry": {
        "type": "Point",
        "coordinates": [
          500512.3718496082,
          6965706.522818266
        ]
      },
      "properties": {
        "junction_id": 39587,
        "veh_id": 11427,
        "sim_time_s": 3559.1,
        "tier": "track-zone",
        "prearm_status": "",
        "focus_role": "none"
      }
    },
    {
      "type": "Feature",
      "geometry": {
        "type": "Point",
        "coordinates": [
          500518.51166284696,
          6965648.623457722
        ]
      },
      "properties": {
        "junction_id": 1119660,
        "veh_id": 11427,
        "sim_time_s": 3564.4,
        "tier": "track-zone",
        "prearm_status": "",
        "focus_role": "none"
      }
    },
    {
      "type": "Feature",
      "geometry": {
        "type": "Point",
        "coordinates": [
          500872.0154778303,
          6965229.3851695405
        ]
      },
      "properties": {
        "junction_id": 39593,
        "veh_id": 11385,
        "sim_time_s": 3569.4,
        "tier": "IC-detect",
        "prearm_status": "",
        "focus_role": "none"
      }
    },
    {
      "type": "Feature",
      "geometry": {
        "type": "Point",
        "coordinates": [
          0.0,
          0.0
        ]
      },
      "properties": {
        "junction_id": 36393,
        "veh_id": 11411,
        "sim_time_s": 3569.8,
        "tier": "harmony-ins-local",
        "prearm_status": "action",
        "focus_role": "none"
      }
    },
    {
      "type": "Feature",
      "geometry": {
        "type": "Point",
        "coordinates": [
          500753.33401116356,
          6964359.301559609
        ]
      },
      "properties": {
        "junction_id": 39590,
        "veh_id": 11426,
        "sim_time_s": 3571.2,
        "tier": "IC-detect",
        "prearm_status": "",
        "focus_role": "none"
      }
    },
    {
      "type": "Feature",
      "geometry": {
        "type": "Point",
        "coordinates": [
          500678.37570151855,
          6964732.23909381
        ]
      },
      "properties": {
        "junction_id": 36385,
        "veh_id": 11411,
        "sim_time_s": 3573.0,
        "tier": "coord-prearm-harmony/SHOCKWAVE",
        "prearm_status": "fired",
        "focus_role": "none"
      }
    },
    {
      "type": "Feature",
      "geometry": {
        "type": "Point",
        "coordinates": [
          0.0,
          0.0
        ]
      },
      "properties": {
        "junction_id": 36385,
        "veh_id": 11411,
        "sim_time_s": 3573.4,
        "tier": "harmony-ins-local",
        "prearm_status": "action",
        "focus_role": "none"
      }
    },
    {
      "type": "Feature",
      "geometry": {
        "type": "Point",
        "coordinates": [
          500715.9750991549,
          6965021.28412977
        ]
      },
      "properties": {
        "junction_id": 36385,
        "veh_id": 11411,
        "sim_time_s": 3573.4,
        "tier": "coord-prearm-success/SHOCKWAVE",
        "prearm_status": "success",
        "focus_role": "none"
      }
    },
    {
      "type": "Feature",
      "geometry": {
        "type": "Point",
        "coordinates": [
          500496.018989036,
          6965703.188230369
        ]
      },
      "properties": {
        "junction_id": 39587,
        "veh_id": 11405,
        "sim_time_s": 3573.9,
        "tier": "track-zone",
        "prearm_status": "",
        "focus_role": "none"
      }
    },
    {
      "type": "Feature",
      "geometry": {
        "type": "Point",
        "coordinates": [
          500552.9717067145,
          6965560.730433563
        ]
      },
      "properties": {
        "junction_id": 10157950,
        "veh_id": 11427,
        "sim_time_s": 3573.9,
        "tier": "track-zone",
        "prearm_status": "",
        "focus_role": "none"
      }
    },
    {
      "type": "Feature",
      "geometry": {
        "type": "Point",
        "coordinates": [
          0.0,
          0.0
        ]
      },
      "properties": {
        "junction_id": 39572,
        "veh_id": 11437,
        "sim_time_s": 3576.6,
        "tier": "harmony-ins-local",
        "prearm_status": "action",
        "focus_role": "none"
      }
    },
    {
      "type": "Feature",
      "geometry": {
        "type": "Point",
        "coordinates": [
          0.0,
          0.0
        ]
      },
      "properties": {
        "junction_id": 39587,
        "veh_id": 11427,
        "sim_time_s": 3579.3,
        "tier": "harmony-no-ge-local",
        "prearm_status": "skip",
        "focus_role": "none"
      }
    },
    {
      "type": "Feature",
      "geometry": {
        "type": "Point",
        "coordinates": [
          500520.573821895,
          6965642.112954805
        ]
      },
      "properties": {
        "junction_id": 1119660,
        "veh_id": 11405,
        "sim_time_s": 3580.7,
        "tier": "track-zone",
        "prearm_status": "",
        "focus_role": "none"
      }
    },
    {
      "type": "Feature",
      "geometry": {
        "type": "Point",
        "coordinates": [
          500540.6853717958,
          6965594.507456044
        ]
      },
      "properties": {
        "junction_id": 39576,
        "veh_id": 11405,
        "sim_time_s": 3585.2,
        "tier": "IC-detect",
        "prearm_status": "",
        "focus_role": "none"
      }
    },
    {
      "type": "Feature",
      "geometry": {
        "type": "Point",
        "coordinates": [
          500603.00320068863,
          6965408.37121953
        ]
      },
      "properties": {
        "junction_id": 39593,
        "veh_id": 11427,
        "sim_time_s": 3588.8,
        "tier": "track-zone",
        "prearm_status": "",
        "focus_role": "none"
      }
    },
    {
      "type": "Feature",
      "geometry": {
        "type": "Point",
        "coordinates": [
          0.0,
          0.0
        ]
      },
      "properties": {
        "junction_id": 39587,
        "veh_id": 11405,
        "sim_time_s": 3591.4,
        "tier": "harmony-no-ge-local",
        "prearm_status": "skip",
        "focus_role": "none"
      }
    },
    {
      "type": "Feature",
      "geometry": {
        "type": "Point",
        "coordinates": [
          0.0,
          0.0
        ]
      },
      "properties": {
        "junction_id": 39590,
        "veh_id": 11426,
        "sim_time_s": 3596.8,
        "tier": "harmony-no-ge-local",
        "prearm_status": "skip",
        "focus_role": "none"
      }
    },
    {
      "type": "Feature",
      "geometry": {
        "type": "Point",
        "coordinates": [
          500946.97228876385,
          6964034.668682542
        ]
      },
      "properties": {
        "junction_id": 39606,
        "veh_id": 11438,
        "sim_time_s": 3600.0,
        "tier": "IC-detect",
        "prearm_status": "",
        "focus_role": "none"
      }
    },
    {
      "type": "Feature",
      "geometry": {
        "type": "Point",
        "coordinates": [
          499461.3430569066,
          6967098.372132457
        ]
      },
      "properties": {
        "junction_id": 38339,
        "veh_id": 11399,
        "sim_time_s": 3603.2,
        "tier": "IC-detect",
        "prearm_status": "",
        "focus_role": "none"
      }
    },
    {
      "type": "Feature",
      "geometry": {
        "type": "Point",
        "coordinates": [
          500887.1324688646,
          6964120.711613731
        ]
      },
      "properties": {
        "junction_id": 39590,
        "veh_id": 11438,
        "sim_time_s": 3606.3,
        "tier": "track-zone",
        "prearm_status": "",
        "focus_role": "none"
      }
    },
    {
      "type": "Feature",
      "geometry": {
        "type": "Point",
        "coordinates": [
          0.0,
          0.0
        ]
      },
      "properties": {
        "junction_id": 39569,
        "veh_id": 11394,
        "sim_time_s": 3609.0,
        "tier": "harmony-no-ge-local",
        "prearm_status": "skip",
        "focus_role": "none"
      }
    },
    {
      "type": "Feature",
      "geometry": {
        "type": "Point",
        "coordinates": [
          0.0,
          0.0
        ]
      },
      "properties": {
        "junction_id": 39606,
        "veh_id": 11438,
        "sim_time_s": 3610.3,
        "tier": "harmony-ins-local",
        "prearm_status": "action",
        "focus_role": "none"
      }
    },
    {
      "type": "Feature",
      "geometry": {
        "type": "Point",
        "coordinates": [
          500641.217914636,
          6965257.863451878
        ]
      },
      "properties": {
        "junction_id": 36385,
        "veh_id": 11427,
        "sim_time_s": 3611.7,
        "tier": "track-zone",
        "prearm_status": "",
        "focus_role": "none"
      }
    },
    {
      "type": "Feature",
      "geometry": {
        "type": "Point",
        "coordinates": [
          500131.47426761244,
          6966433.162174048
        ]
      },
      "properties": {
        "junction_id": 1043762,
        "veh_id": 11394,
        "sim_time_s": 3614.4,
        "tier": "track-zone",
        "prearm_status": "",
        "focus_role": "none"
      }
    },
    {
      "type": "Feature",
      "geometry": {
        "type": "Point",
        "coordinates": [
          500608.6176547362,
          6965410.45551689
        ]
      },
      "properties": {
        "junction_id": 39593,
        "veh_id": 11405,
        "sim_time_s": 3621.2,
        "tier": "track-zone",
        "prearm_status": "",
        "focus_role": "none"
      }
    },
    {
      "type": "Feature",
      "geometry": {
        "type": "Point",
        "coordinates": [
          0.0,
          0.0
        ]
      },
      "properties": {
        "junction_id": 39590,
        "veh_id": 11438,
        "sim_time_s": 3621.2,
        "tier": "harmony-no-ge-local",
        "prearm_status": "skip",
        "focus_role": "none"
      }
    },
    {
      "type": "Feature",
      "geometry": {
        "type": "Point",
        "coordinates": [
          0.0,
          0.0
        ]
      },
      "properties": {
        "junction_id": 39593,
        "veh_id": 11427,
        "sim_time_s": 3622.5,
        "tier": "harmony-ins-local",
        "prearm_status": "action",
        "focus_role": "none"
      }
    },
    {
      "type": "Feature",
      "geometry": {
        "type": "Point",
        "coordinates": [
          500702.0167434484,
          6964934.624659
        ]
      },
      "properties": {
        "junction_id": 39593,
        "veh_id": 11411,
        "sim_time_s": 3625.2,
        "tier": "track-zone",
        "prearm_status": "",
        "focus_role": "none"
      }
    },
    {
      "type": "Feature",
      "geometry": {
        "type": "Point",
        "coordinates": [
          500083.98075190734,
          6967501.795387385
        ]
      },
      "properties": {
        "junction_id": 38339,
        "veh_id": 11428,
        "sim_time_s": 3627.0,
        "tier": "IC-detect",
        "prearm_status": "",
        "focus_role": "none"
      }
    },
    {
      "type": "Feature",
      "geometry": {
        "type": "Point",
        "coordinates": [
          500017.7318654967,
          6966618.3860256495
        ]
      },
      "properties": {
        "junction_id": 11118289,
        "veh_id": 11437,
        "sim_time_s": 3631.9,
        "tier": "track-zone",
        "prearm_status": "",
        "focus_role": "none"
      }
    },
    {
      "type": "Feature",
      "geometry": {
        "type": "Point",
        "coordinates": [
          500689.68963303213,
          6964588.273400922
        ]
      },
      "properties": {
        "junction_id": 36393,
        "veh_id": 11393,
        "sim_time_s": 3631.9,
        "tier": "IC-detect-far",
        "prearm_status": "",
        "focus_role": "none"
      }
    },
    {
      "type": "Feature",
      "geometry": {
        "type": "Point",
        "coordinates": [
          0.0,
          0.0
        ]
      },
      "properties": {
        "junction_id": 1043762,
        "veh_id": 11394,
        "sim_time_s": 3631.9,
        "tier": "harmony-no-ge-local",
        "prearm_status": "skip",
        "focus_role": "none"
      }
    },
    {
      "type": "Feature",
      "geometry": {
        "type": "Point",
        "coordinates": [
          500646.6053591074,
          6965252.746247897
        ]
      },
      "properties": {
        "junction_id": 36385,
        "veh_id": 11405,
        "sim_time_s": 3633.3,
        "tier": "track-zone",
        "prearm_status": "",
        "focus_role": "none"
      }
    },
    {
      "type": "Feature",
      "geometry": {
        "type": "Point",
        "coordinates": [
          500833.64899385057,
          6964212.080680682
        ]
      },
      "properties": {
        "junction_id": 39606,
        "veh_id": 11426,
        "sim_time_s": 3652.2,
        "tier": "IC-detect",
        "prearm_status": "",
        "focus_role": "none"
      }
    },
    {
      "type": "Feature",
      "geometry": {
        "type": "Point",
        "coordinates": [
          500705.83227386506,
          6964866.302103803
        ]
      },
      "properties": {
        "junction_id": 36393,
        "veh_id": 11416,
        "sim_time_s": 3653.6,
        "tier": "IC-detect-far",
        "prearm_status": "",
        "focus_role": "none"
      }
    },
    {
      "type": "Feature",
      "geometry": {
        "type": "Point",
        "coordinates": [
          500689.3316621125,
          6964558.27275909
        ]
      },
      "properties": {
        "junction_id": 39590,
        "veh_id": 11393,
        "sim_time_s": 3657.6,
        "tier": "track-zone",
        "prearm_status": "",
        "focus_role": "none"
      }
    },
    {
      "type": "Feature",
      "geometry": {
        "type": "Point",
        "coordinates": [
          500353.1717228708,
          6966099.9635539
        ]
      },
      "properties": {
        "junction_id": 39578,
        "veh_id": 11394,
        "sim_time_s": 3657.6,
        "tier": "track-section",
        "prearm_status": "",
        "focus_role": "none"
      }
    },
    {
      "type": "Feature",
      "geometry": {
        "type": "Point",
        "coordinates": [
          500681.6701946931,
          6965097.147455089
        ]
      },
      "properties": {
        "junction_id": 10157950,
        "veh_id": 11411,
        "sim_time_s": 3657.6,
        "tier": "track-zone",
        "prearm_status": "",
        "focus_role": "none"
      }
    },
    {
      "type": "Feature",
      "geometry": {
        "type": "Point",
        "coordinates": [
          500674.96249828005,
          6964509.347681215
        ]
      },
      "properties": {
        "junction_id": 36393,
        "veh_id": 11438,
        "sim_time_s": 3661.7,
        "tier": "track-zone",
        "prearm_status": "",
        "focus_role": "none"
      }
    },
    {
      "type": "Feature",
      "geometry": {
        "type": "Point",
        "coordinates": [
          499800.4341583538,
          6967048.131133229
        ]
      },
      "properties": {
        "junction_id": 11118289,
        "veh_id": 11399,
        "sim_time_s": 3664.3,
        "tier": "track-zone",
        "prearm_status": "",
        "focus_role": "none"
      }
    },
    {
      "type": "Feature",
      "geometry": {
        "type": "Point",
        "coordinates": [
          0.0,
          0.0
        ]
      },
      "properties": {
        "junction_id": 39606,
        "veh_id": 11426,
        "sim_time_s": 3670.7,
        "tier": "harmony-no-ge-local",
        "prearm_status": "skip",
        "focus_role": "none"
      }
    },
    {
      "type": "Feature",
      "geometry": {
        "type": "Point",
        "coordinates": [
          0.0,
          0.0
        ]
      },
      "properties": {
        "junction_id": 39578,
        "veh_id": 11394,
        "sim_time_s": 3672.4,
        "tier": "harmony-no-ge-local",
        "prearm_status": "skip",
        "focus_role": "none"
      }
    },
    {
      "type": "Feature",
      "geometry": {
        "type": "Point",
        "coordinates": [
          500536.83252441196,
          6965919.895512405
        ]
      },
      "properties": {
        "junction_id": 39576,
        "veh_id": 11394,
        "sim_time_s": 3675.2,
        "tier": "track-zone",
        "prearm_status": "",
        "focus_role": "none"
      }
    },
    {
      "type": "Feature",
      "geometry": {
        "type": "Point",
        "coordinates": [
          0.0,
          0.0
        ]
      },
      "properties": {
        "junction_id": 36393,
        "veh_id": 11438,
        "sim_time_s": 3675.2,
        "tier": "harmony-no-ge-local",
        "prearm_status": "skip",
        "focus_role": "none"
      }
    },
    {
      "type": "Feature",
      "geometry": {
        "type": "Point",
        "coordinates": [
          499965.83233500505,
          6966765.255386829
        ]
      },
      "properties": {
        "junction_id": 39568,
        "veh_id": 11437,
        "sim_time_s": 3676.5,
        "tier": "track-zone",
        "prearm_status": "",
        "focus_role": "none"
      }
    },
    {
      "type": "Feature",
      "geometry": {
        "type": "Point",
        "coordinates": [
          500679.9481343296,
          6964783.2797635645
        ]
      },
      "properties": {
        "junction_id": 36385,
        "veh_id": 11438,
        "sim_time_s": 3680.6,
        "tier": "track-zone",
        "prearm_status": "",
        "focus_role": "none"
      }
    },
    {
      "type": "Feature",
      "geometry": {
        "type": "Point",
        "coordinates": [
          500659.59388183383,
          6965186.826791867
        ]
      },
      "properties": {
        "junction_id": 1119660,
        "veh_id": 11411,
        "sim_time_s": 3683.2,
        "tier": "track-zone",
        "prearm_status": "",
        "focus_role": "none"
      }
    },
    {
      "type": "Feature",
      "geometry": {
        "type": "Point",
        "coordinates": [
          500679.6408035808,
          6965178.805638738
        ]
      },
      "properties": {
        "junction_id": 1119660,
        "veh_id": 11427,
        "sim_time_s": 3685.9,
        "tier": "track-zone",
        "prearm_status": "",
        "focus_role": "none"
      }
    },
    {
      "type": "Feature",
      "geometry": {
        "type": "Point",
        "coordinates": [
          500633.7582539903,
          6965245.091306759
        ]
      },
      "properties": {
        "junction_id": 39587,
        "veh_id": 11411,
        "sim_time_s": 3687.3,
        "tier": "track-zone",
        "prearm_status": "",
        "focus_role": "none"
      }
    },
    {
      "type": "Feature",
      "geometry": {
        "type": "Point",
        "coordinates": [
          500862.5564515759,
          6965225.811696747
        ]
      },
      "properties": {
        "junction_id": 39593,
        "veh_id": 11385,
        "sim_time_s": 3689.6,
        "tier": "IC-detect",
        "prearm_status": "",
        "focus_role": "none"
      }
    },
    {
      "type": "Feature",
      "geometry": {
        "type": "Point",
        "coordinates": [
          499961.56060934806,
          6967098.958961843
        ]
      },
      "properties": {
        "junction_id": 11118289,
        "veh_id": 11428,
        "sim_time_s": 3691.3,
        "tier": "track-zone",
        "prearm_status": "",
        "focus_role": "none"
      }
    },
    {
      "type": "Feature",
      "geometry": {
        "type": "Point",
        "coordinates": [
          500701.45721896616,
          6964930.508999729
        ]
      },
      "properties": {
        "junction_id": 39593,
        "veh_id": 11438,
        "sim_time_s": 3694.1,
        "tier": "track-zone",
        "prearm_status": "",
        "focus_role": "none"
      }
    },
    {
      "type": "Feature",
      "geometry": {
        "type": "Point",
        "coordinates": [
          500679.6496069085,
          6965178.789229051
        ]
      },
      "properties": {
        "junction_id": 10157950,
        "veh_id": 11427,
        "sim_time_s": 3695.4,
        "tier": "track-zone",
        "prearm_status": "",
        "focus_role": "none"
      }
    },
    {
      "type": "Feature",
      "geometry": {
        "type": "Point",
        "coordinates": [
          0.0,
          0.0
        ]
      },
      "properties": {
        "junction_id": 38339,
        "veh_id": 11428,
        "sim_time_s": 3695.4,
        "tier": "harmony-ins-local",
        "prearm_status": "action",
        "focus_role": "none"
      }
    },
    {
      "type": "Feature",
      "geometry": {
        "type": "Point",
        "coordinates": [
          500675.087841596,
          6965193.588206851
        ]
      },
      "properties": {
        "junction_id": 1119660,
        "veh_id": 11405,
        "sim_time_s": 3702.2,
        "tier": "track-zone",
        "prearm_status": "",
        "focus_role": "none"
      }
    },
    {
      "type": "Feature",
      "geometry": {
        "type": "Point",
        "coordinates": [
          500677.36972305307,
          6965189.334706152
        ]
      },
      "properties": {
        "junction_id": 10157950,
        "veh_id": 11405,
        "sim_time_s": 3708.9,
        "tier": "track-zone",
        "prearm_status": "",
        "focus_role": "none"
      }
    },
    {
      "type": "Feature",
      "geometry": {
        "type": "Point",
        "coordinates": [
          499958.1970203285,
          6966955.836461378
        ]
      },
      "properties": {
        "junction_id": 39568,
        "veh_id": 11428,
        "sim_time_s": 3708.9,
        "tier": "track-zone",
        "prearm_status": "",
        "focus_role": "none"
      }
    },
    {
      "type": "Feature",
      "geometry": {
        "type": "Point",
        "coordinates": [
          499896.84319765994,
          6967034.899665125
        ]
      },
      "properties": {
        "junction_id": 38339,
        "veh_id": 11399,
        "sim_time_s": 3723.3,
        "tier": "IC-detect",
        "prearm_status": "",
        "focus_role": "none"
      }
    },
    {
      "type": "Feature",
      "geometry": {
        "type": "Point",
        "coordinates": [
          0.0,
          0.0
        ]
      },
      "properties": {
        "junction_id": 39587,
        "veh_id": 11411,
        "sim_time_s": 3725.1,
        "tier": "harmony-ins-local",
        "prearm_status": "action",
        "focus_role": "none"
      }
    },
    {
      "type": "Feature",
      "geometry": {
        "type": "Point",
        "coordinates": [
          0.0,
          0.0
        ]
      },
      "properties": {
        "junction_id": 39576,
        "veh_id": 11394,
        "sim_time_s": 3726.4,
        "tier": "harmony-no-ge-local",
        "prearm_status": "skip",
        "focus_role": "none"
      }
    },
    {
      "type": "Feature",
      "geometry": {
        "type": "Point",
        "coordinates": [
          500512.47586381034,
          6965706.676015311
        ]
      },
      "properties": {
        "junction_id": 39587,
        "veh_id": 11394,
        "sim_time_s": 3727.8,
        "tier": "track-zone",
        "prearm_status": "",
        "focus_role": "none"
      }
    },
    {
      "type": "Feature",
      "geometry": {
        "type": "Point",
        "coordinates": [
          500571.9121152948,
          6965460.513636291
        ]
      },
      "properties": {
        "junction_id": 39576,
        "veh_id": 11411,
        "sim_time_s": 3729.2,
        "tier": "track-zone",
        "prearm_status": "",
        "focus_role": "none"
      }
    },
    {
      "type": "Feature",
      "geometry": {
        "type": "Point",
        "coordinates": [
          499965.83233500505,
          6966765.255386829
        ]
      },
      "properties": {
        "junction_id": 39572,
        "veh_id": 11437,
        "sim_time_s": 3730.5,
        "tier": "track-zone",
        "prearm_status": "",
        "focus_role": "none"
      }
    },
    {
      "type": "Feature",
      "geometry": {
        "type": "Point",
        "coordinates": [
          0.0,
          0.0
        ]
      },
      "properties": {
        "junction_id": 36385,
        "veh_id": 11438,
        "sim_time_s": 3730.5,
        "tier": "harmony-no-ge-local",
        "prearm_status": "skip",
        "focus_role": "none"
      }
    },
    {
      "type": "Feature",
      "geometry": {
        "type": "Point",
        "coordinates": [
          500679.6496069085,
          6965178.789229051
        ]
      },
      "properties": {
        "junction_id": 36385,
        "veh_id": 11427,
        "sim_time_s": 3733.2,
        "tier": "track-zone",
        "prearm_status": "",
        "focus_role": "none"
      }
    },
    {
      "type": "Feature",
      "geometry": {
        "type": "Point",
        "coordinates": [
          500522.01702246466,
          6965638.325676927
        ]
      },
      "properties": {
        "junction_id": 1119660,
        "veh_id": 11394,
        "sim_time_s": 3734.6,
        "tier": "track-zone",
        "prearm_status": "",
        "focus_role": "none"
      }
    },
    {
      "type": "Feature",
      "geometry": {
        "type": "Point",
        "coordinates": [
          500556.7145065255,
          6965560.017686437
        ]
      },
      "properties": {
        "junction_id": 10157950,
        "veh_id": 11394,
        "sim_time_s": 3741.3,
        "tier": "track-zone",
        "prearm_status": "",
        "focus_role": "none"
      }
    },
    {
      "type": "Feature",
      "geometry": {
        "type": "Point",
        "coordinates": [
          500677.46120087546,
          6965189.164188539
        ]
      },
      "properties": {
        "junction_id": 39593,
        "veh_id": 11405,
        "sim_time_s": 3741.3,
        "tier": "IC-detect",
        "prearm_status": "",
        "focus_role": "none"
      }
    },
    {
      "type": "Feature",
      "geometry": {
        "type": "Point",
        "coordinates": [
          500731.07941663626,
          6964407.336330377
        ]
      },
      "properties": {
        "junction_id": 39606,
        "veh_id": 11393,
        "sim_time_s": 3742.7,
        "tier": "track-zone",
        "prearm_status": "",
        "focus_role": "none"
      }
    },
    {
      "type": "Feature",
      "geometry": {
        "type": "Point",
        "coordinates": [
          500679.6496069085,
          6965178.789229051
        ]
      },
      "properties": {
        "junction_id": 39593,
        "veh_id": 11427,
        "sim_time_s": 3742.7,
        "tier": "IC-detect",
        "prearm_status": "",
        "focus_role": "none"
      }
    },
    {
      "type": "Feature",
      "geometry": {
        "type": "Point",
        "coordinates": [
          0.0,
          0.0
        ]
      },
      "properties": {
        "junction_id": 39576,
        "veh_id": 11411,
        "sim_time_s": 3748.1,
        "tier": "harmony-no-ge-local",
        "prearm_status": "skip",
        "focus_role": "none"
      }
    },
    {
      "type": "Feature",
      "geometry": {
        "type": "Point",
        "coordinates": [
          0.0,
          0.0
        ]
      },
      "properties": {
        "junction_id": 39590,
        "veh_id": 11393,
        "sim_time_s": 3750.8,
        "tier": "harmony-no-ge-local",
        "prearm_status": "skip",
        "focus_role": "none"
      }
    },
    {
      "type": "Feature",
      "geometry": {
        "type": "Point",
        "coordinates": [
          500491.73432508414,
          6965698.201350261
        ]
      },
      "properties": {
        "junction_id": 39578,
        "veh_id": 11411,
        "sim_time_s": 3752.1,
        "tier": "track-zone",
        "prearm_status": "",
        "focus_role": "none"
      }
    },
    {
      "type": "Feature",
      "geometry": {
        "type": "Point",
        "coordinates": [
          499961.1956155288,
          6966955.844619833
        ]
      },
      "properties": {
        "junction_id": 39568,
        "veh_id": 11399,
        "sim_time_s": 3753.4,
        "tier": "track-zone",
        "prearm_status": "",
        "focus_role": "none"
      }
    },
    {
      "type": "Feature",
      "geometry": {
        "type": "Point",
        "coordinates": [
          499965.83233500505,
          6966765.255386829
        ]
      },
      "properties": {
        "junction_id": 11118289,
        "veh_id": 11437,
        "sim_time_s": 3753.4,
        "tier": "track-zone",
        "prearm_status": "",
        "focus_role": "none"
      }
    },
    {
      "type": "Feature",
      "geometry": {
        "type": "Point",
        "coordinates": [
          500677.46120087546,
          6965189.164188539
        ]
      },
      "properties": {
        "junction_id": 36385,
        "veh_id": 11405,
        "sim_time_s": 3754.8,
        "tier": "track-zone",
        "prearm_status": "",
        "focus_role": "none"
      }
    },
    {
      "type": "Feature",
      "geometry": {
        "type": "Point",
        "coordinates": [
          500859.6225728385,
          6965224.573610651
        ]
      },
      "properties": {
        "junction_id": 36385,
        "veh_id": 11385,
        "sim_time_s": 3760.2,
        "tier": "track-zone",
        "prearm_status": "",
        "focus_role": "none"
      }
    },
    {
      "type": "Feature",
      "geometry": {
        "type": "Point",
        "coordinates": [
          500608.6851011424,
          6965410.6670608455
        ]
      },
      "properties": {
        "junction_id": 39593,
        "veh_id": 11394,
        "sim_time_s": 3769.7,
        "tier": "track-zone",
        "prearm_status": "",
        "focus_role": "none"
      }
    },
    {
      "type": "Feature",
      "geometry": {
        "type": "Point",
        "coordinates": [
          500830.85109978146,
          6965211.580569241
        ]
      },
      "properties": {
        "junction_id": 10157950,
        "veh_id": 11385,
        "sim_time_s": 3772.3,
        "tier": "track-zone",
        "prearm_status": "",
        "focus_role": "none"
      }
    },
    {
      "type": "Feature",
      "geometry": {
        "type": "Point",
        "coordinates": [
          500690.42582710367,
          6964604.406841745
        ]
      },
      "properties": {
        "junction_id": 36393,
        "veh_id": 11416,
        "sim_time_s": 3773.7,
        "tier": "IC-detect-far",
        "prearm_status": "",
        "focus_role": "none"
      }
    },
    {
      "type": "Feature",
      "geometry": {
        "type": "Point",
        "coordinates": [
          0.0,
          0.0
        ]
      },
      "properties": {
        "junction_id": 39593,
        "veh_id": 11405,
        "sim_time_s": 3776.4,
        "tier": "harmony-no-ge-local",
        "prearm_status": "skip",
        "focus_role": "none"
      }
    },
    {
      "type": "Feature",
      "geometry": {
        "type": "Point",
        "coordinates": [
          499961.96948756947,
          6966948.5747369835
        ]
      },
      "properties": {
        "junction_id": 11118289,
        "veh_id": 11399,
        "sim_time_s": 3785.8,
        "tier": "track-zone",
        "prearm_status": "",
        "focus_role": "none"
      }
    },
    {
      "type": "Feature",
      "geometry": {
        "type": "Point",
        "coordinates": [
          0.0,
          0.0
        ]
      },
      "properties": {
        "junction_id": 39606,
        "veh_id": 11393,
        "sim_time_s": 3789.9,
        "tier": "harmony-no-ge-local",
        "prearm_status": "skip",
        "focus_role": "none"
      }
    },
    {
      "type": "Feature",
      "geometry": {
        "type": "Point",
        "coordinates": [
          0.0,
          0.0
        ]
      },
      "properties": {
        "junction_id": 39578,
        "veh_id": 11411,
        "sim_time_s": 3793.9,
        "tier": "harmony-ins-local",
        "prearm_status": "action",
        "focus_role": "none"
      }
    },
    {
      "type": "Feature",
      "geometry": {
        "type": "Point",
        "coordinates": [
          500689.1886144916,
          6964559.5007809345
        ]
      },
      "properties": {
        "junction_id": 39590,
        "veh_id": 11416,
        "sim_time_s": 3796.7,
        "tier": "track-zone",
        "prearm_status": "",
        "focus_role": "none"
      }
    },
    {
      "type": "Feature",
      "geometry": {
        "type": "Point",
        "coordinates": [
          499965.83233500505,
          6966765.255386829
        ]
      },
      "properties": {
        "junction_id": 39568,
        "veh_id": 11437,
        "sim_time_s": 3798.0,
        "tier": "track-zone",
        "prearm_status": "",
        "focus_role": "none"
      }
    },
    {
      "type": "Feature",
      "geometry": {
        "type": "Point",
        "coordinates": [
          500685.73557670455,
          6965106.564827471
        ]
      },
      "properties": {
        "junction_id": 10157950,
        "veh_id": 11438,
        "sim_time_s": 3806.1,
        "tier": "track-zone",
        "prearm_status": "",
        "focus_role": "none"
      }
    },
    {
      "type": "Feature",
      "geometry": {
        "type": "Point",
        "coordinates": [
          0.0,
          0.0
        ]
      },
      "properties": {
        "junction_id": 39593,
        "veh_id": 11438,
        "sim_time_s": 3808.8,
        "tier": "harmony-no-ge-local",
        "prearm_status": "skip",
        "focus_role": "none"
      }
    },
    {
      "type": "Feature",
      "geometry": {
        "type": "Point",
        "coordinates": [
          500800.58335238695,
          6965198.577884592
        ]
      },
      "properties": {
        "junction_id": 39593,
        "veh_id": 11385,
        "sim_time_s": 3809.7,
        "tier": "IC-detect",
        "prearm_status": "",
        "focus_role": "none"
      }
    },
    {
      "type": "Feature",
      "geometry": {
        "type": "Point",
        "coordinates": [
          500664.03430175385,
          6965185.32956367
        ]
      },
      "properties": {
        "junction_id": 1119660,
        "veh_id": 11438,
        "sim_time_s": 3811.5,
        "tier": "track-zone",
        "prearm_status": "",
        "focus_role": "none"
      }
    },
    {
      "type": "Feature",
      "geometry": {
        "type": "Point",
        "coordinates": [
          499962.68047599646,
          6966902.441401775
        ]
      },
      "properties": {
        "junction_id": 11118289,
        "veh_id": 11428,
        "sim_time_s": 3812.8,
        "tier": "track-zone",
        "prearm_status": "",
        "focus_role": "none"
      }
    },
    {
      "type": "Feature",
      "geometry": {
        "type": "Point",
        "coordinates": [
          500702.4272576991,
          6965114.315006358
        ]
      },
      "properties": {
        "junction_id": 10157950,
        "veh_id": 11427,
        "sim_time_s": 3816.9,
        "tier": "track-zone",
        "prearm_status": "",
        "focus_role": "none"
      }
    },
    {
      "type": "Feature",
      "geometry": {
        "type": "Point",
        "coordinates": [
          500582.7314566599,
          6965437.559898353
        ]
      },
      "properties": {
        "junction_id": 39587,
        "veh_id": 11438,
        "sim_time_s": 3827.7,
        "tier": "IC-detect",
        "prearm_status": "",
        "focus_role": "none"
      }
    },
    {
      "type": "Feature",
      "geometry": {
        "type": "Point",
        "coordinates": [
          0.0,
          0.0
        ]
      },
      "properties": {
        "junction_id": 39587,
        "veh_id": 11438,
        "sim_time_s": 3827.7,
        "tier": "harmony-ins-local",
        "prearm_status": "action",
        "focus_role": "none"
      }
    },
    {
      "type": "Feature",
      "geometry": {
        "type": "Point",
        "coordinates": [
          500576.4006182582,
          6965457.194965087
        ]
      },
      "properties": {
        "junction_id": 39576,
        "veh_id": 11438,
        "sim_time_s": 3829.1,
        "tier": "track-zone",
        "prearm_status": "",
        "focus_role": "none"
      }
    },
    {
      "type": "Feature",
      "geometry": {
        "type": "Point",
        "coordinates": [
          500705.9290416231,
          6965112.556002056
        ]
      },
      "properties": {
        "junction_id": 10157950,
        "veh_id": 11405,
        "sim_time_s": 3830.4,
        "tier": "track-zone",
        "prearm_status": "",
        "focus_role": "none"
      }
    },
    {
      "type": "Feature",
      "geometry": {
        "type": "Point",
        "coordinates": [
          499962.68047599646,
          6966902.441401775
        ]
      },
      "properties": {
        "junction_id": 39568,
        "veh_id": 11428,
        "sim_time_s": 3830.4,
        "tier": "track-zone",
        "prearm_status": "",
        "focus_role": "none"
      }
    },
    {
      "type": "Feature",
      "geometry": {
        "type": "Point",
        "coordinates": [
          500393.3738941251,
          6966043.458646688
        ]
      },
      "properties": {
        "junction_id": 1043762,
        "veh_id": 11411,
        "sim_time_s": 3842.6,
        "tier": "track-zone",
        "prearm_status": "",
        "focus_role": "none"
      }
    },
    {
      "type": "Feature",
      "geometry": {
        "type": "Point",
        "coordinates": [
          499961.96948756947,
          6966948.5747369835
        ]
      },
      "properties": {
        "junction_id": 38339,
        "veh_id": 11399,
        "sim_time_s": 3843.4,
        "tier": "IC-detect",
        "prearm_status": "",
        "focus_role": "none"
      }
    },
    {
      "type": "Feature",
      "geometry": {
        "type": "Point",
        "coordinates": [
          0.0,
          0.0
        ]
      },
      "properties": {
        "junction_id": 39576,
        "veh_id": 11438,
        "sim_time_s": 3846.6,
        "tier": "harmony-no-ge-local",
        "prearm_status": "skip",
        "focus_role": "none"
      }
    },
    {
      "type": "Feature",
      "geometry": {
        "type": "Point",
        "coordinates": [
          500624.5374997762,
          6965348.53257355
        ]
      },
      "properties": {
        "junction_id": 39587,
        "veh_id": 11394,
        "sim_time_s": 3849.3,
        "tier": "track-zone",
        "prearm_status": "",
        "focus_role": "none"
      }
    },
    {
      "type": "Feature",
      "geometry": {
        "type": "Point",
        "coordinates": [
          500492.08536516747,
          6965690.668834579
        ]
      },
      "properties": {
        "junction_id": 39578,
        "veh_id": 11438,
        "sim_time_s": 3849.3,
        "tier": "track-zone",
        "prearm_status": "",
        "focus_role": "none"
      }
    },
    {
      "type": "Feature",
      "geometry": {
        "type": "Point",
        "coordinates": [
          499965.83233500505,
          6966765.255386829
        ]
      },
      "properties": {
        "junction_id": 39572,
        "veh_id": 11437,
        "sim_time_s": 3852.0,
        "tier": "track-zone",
        "prearm_status": "",
        "focus_role": "none"
      }
    },
    {
      "type": "Feature",
      "geometry": {
        "type": "Point",
        "coordinates": [
          500716.1005589912,
          6965084.063990086
        ]
      },
      "properties": {
        "junction_id": 36385,
        "veh_id": 11427,
        "sim_time_s": 3853.3,
        "tier": "IC-detect-far",
        "prearm_status": "",
        "focus_role": "none"
      }
    },
    {
      "type": "Feature",
      "geometry": {
        "type": "Point",
        "coordinates": [
          500624.5747123653,
          6965348.3852479495
        ]
      },
      "properties": {
        "junction_id": 1119660,
        "veh_id": 11394,
        "sim_time_s": 3856.1,
        "tier": "track-zone",
        "prearm_status": "",
        "focus_role": "none"
      }
    },
    {
      "type": "Feature",
      "geometry": {
        "type": "Point",
        "coordinates": [
          500625.8357430537,
          6965343.374074201
        ]
      },
      "properties": {
        "junction_id": 10157950,
        "veh_id": 11394,
        "sim_time_s": 3862.8,
        "tier": "track-zone",
        "prearm_status": "",
        "focus_role": "none"
      }
    },
    {
      "type": "Feature",
      "geometry": {
        "type": "Point",
        "coordinates": [
          0.0,
          0.0
        ]
      },
      "properties": {
        "junction_id": 36385,
        "veh_id": 11427,
        "sim_time_s": 3866.8,
        "tier": "harmony-ins-local",
        "prearm_status": "action",
        "focus_role": "none"
      }
    },
    {
      "type": "Feature",
      "geometry": {
        "type": "Point",
        "coordinates": [
          500729.46619521215,
          6964411.177613823
        ]
      },
      "properties": {
        "junction_id": 39606,
        "veh_id": 11416,
        "sim_time_s": 3869.6,
        "tier": "track-zone",
        "prearm_status": "",
        "focus_role": "none"
      }
    },
    {
      "type": "Feature",
      "geometry": {
        "type": "Point",
        "coordinates": [
          500724.0684348494,
          6965033.112608608
        ]
      },
      "properties": {
        "junction_id": 36393,
        "veh_id": 11427,
        "sim_time_s": 3871.8,
        "tier": "coord-prearm-harmony/SHOCKWAVE",
        "prearm_status": "fired",
        "focus_role": "none"
      }
    },
    {
      "type": "Feature",
      "geometry": {
        "type": "Point",
        "coordinates": [
          0.0,
          0.0
        ]
      },
      "properties": {
        "junction_id": 36393,
        "veh_id": 11427,
        "sim_time_s": 3872.2,
        "tier": "harmony-ge-local",
        "prearm_status": "action",
        "focus_role": "none"
      }
    },
    {
      "type": "Feature",
      "geometry": {
        "type": "Point",
        "coordinates": [
          500684.0987813322,
          6964756.319799705
        ]
      },
      "properties": {
        "junction_id": 36393,
        "veh_id": 11427,
        "sim_time_s": 3872.2,
        "tier": "coord-prearm-success/SHOCKWAVE",
        "prearm_status": "success",
        "focus_role": "none"
      }
    },
    {
      "type": "Feature",
      "geometry": {
        "type": "Point",
        "coordinates": [
          500726.87673968414,
          6965019.088373387
        ]
      },
      "properties": {
        "junction_id": 39590,
        "veh_id": 11427,
        "sim_time_s": 3874.5,
        "tier": "coord-prearm-harmony/SHOCKWAVE",
        "prearm_status": "fired",
        "focus_role": "none"
      }
    },
    {
      "type": "Feature",
      "geometry": {
        "type": "Point",
        "coordinates": [
          499961.96948756947,
          6966948.5747369835
        ]
      },
      "properties": {
        "junction_id": 39568,
        "veh_id": 11399,
        "sim_time_s": 3874.9,
        "tier": "track-zone",
        "prearm_status": "",
        "focus_role": "none"
      }
    },
    {
      "type": "Feature",
      "geometry": {
        "type": "Point",
        "coordinates": [
          499965.83233500505,
          6966765.255386829
        ]
      },
      "properties": {
        "junction_id": 11118289,
        "veh_id": 11437,
        "sim_time_s": 3874.9,
        "tier": "track-zone",
        "prearm_status": "",
        "focus_role": "none"
      }
    },
    {
      "type": "Feature",
      "geometry": {
        "type": "Point",
        "coordinates": [
          0.0,
          0.0
        ]
      },
      "properties": {
        "junction_id": 39590,
        "veh_id": 11427,
        "sim_time_s": 3874.9,
        "tier": "harmony-no-ge-local",
        "prearm_status": "skip",
        "focus_role": "none"
      }
    },
    {
      "type": "Feature",
      "geometry": {
        "type": "Point",
        "coordinates": [
          500723.50515305065,
          6965035.729597488
        ]
      },
      "properties": {
        "junction_id": 36385,
        "veh_id": 11405,
        "sim_time_s": 3874.9,
        "tier": "IC-detect",
        "prearm_status": "",
        "focus_role": "none"
      }
    },
    {
      "type": "Feature",
      "geometry": {
        "type": "Point",
        "coordinates": [
          0.0,
          0.0
        ]
      },
      "properties": {
        "junction_id": 1043762,
        "veh_id": 11411,
        "sim_time_s": 3879.0,
        "tier": "harmony-no-ge-local",
        "prearm_status": "skip",
        "focus_role": "none"
      }
    },
    {
      "type": "Feature",
      "geometry": {
        "type": "Point",
        "coordinates": [
          500797.12399456545,
          6965197.27714465
        ]
      },
      "properties": {
        "junction_id": 36385,
        "veh_id": 11385,
        "sim_time_s": 3881.7,
        "tier": "track-zone",
        "prearm_status": "",
        "focus_role": "none"
      }
    },
    {
      "type": "Feature",
      "geometry": {
        "type": "Point",
        "coordinates": [
          500227.9740608788,
          6966235.023134581
        ]
      },
      "properties": {
        "junction_id": 39569,
        "veh_id": 11411,
        "sim_time_s": 3881.7,
        "tier": "track-zone",
        "prearm_status": "",
        "focus_role": "none"
      }
    },
    {
      "type": "Feature",
      "geometry": {
        "type": "Point",
        "coordinates": [
          500728.95461408223,
          6964999.202715254
        ]
      },
      "properties": {
        "junction_id": 36393,
        "veh_id": 11405,
        "sim_time_s": 3883.1,
        "tier": "track-zone",
        "prearm_status": "",
        "focus_role": "none"
      }
    },
    {
      "type": "Feature",
      "geometry": {
        "type": "Point",
        "coordinates": [
          0.0,
          0.0
        ]
      },
      "properties": {
        "junction_id": 39578,
        "veh_id": 11438,
        "sim_time_s": 3889.8,
        "tier": "harmony-ins-local",
        "prearm_status": "action",
        "focus_role": "none"
      }
    },
    {
      "type": "Feature",
      "geometry": {
        "type": "Point",
        "coordinates": [
          500635.10005486046,
          6965296.5337253995
        ]
      },
      "properties": {
        "junction_id": 39593,
        "veh_id": 11394,
        "sim_time_s": 3891.2,
        "tier": "track-zone",
        "prearm_status": "",
        "focus_role": "none"
      }
    },
    {
      "type": "Feature",
      "geometry": {
        "type": "Point",
        "coordinates": [
          0.0,
          0.0
        ]
      },
      "properties": {
        "junction_id": 39590,
        "veh_id": 11416,
        "sim_time_s": 3892.5,
        "tier": "harmony-ge-local",
        "prearm_status": "action",
        "focus_role": "none"
      }
    },
    {
      "type": "Feature",
      "geometry": {
        "type": "Point",
        "coordinates": [
          500740.36197007546,
          6965180.152288171
        ]
      },
      "properties": {
        "junction_id": 10157950,
        "veh_id": 11385,
        "sim_time_s": 3893.8,
        "tier": "track-zone",
        "prearm_status": "",
        "focus_role": "none"
      }
    },
    {
      "type": "Feature",
      "geometry": {
        "type": "Point",
        "coordinates": [
          499961.96948756947,
          6966948.5747369835
        ]
      },
      "properties": {
        "junction_id": 11118289,
        "veh_id": 11399,
        "sim_time_s": 3907.3,
        "tier": "track-zone",
        "prearm_status": "",
        "focus_role": "none"
      }
    },
    {
      "type": "Feature",
      "geometry": {
        "type": "Point",
        "coordinates": [
          0.0,
          0.0
        ]
      },
      "properties": {
        "junction_id": 39593,
        "veh_id": 11385,
        "sim_time_s": 3910.1,
        "tier": "harmony-no-ge-local",
        "prearm_status": "skip",
        "focus_role": "none"
      }
    },
    {
      "type": "Feature",
      "geometry": {
        "type": "Point",
        "coordinates": [
          499965.83233500505,
          6966765.255386829
        ]
      },
      "properties": {
        "junction_id": 39568,
        "veh_id": 11437,
        "sim_time_s": 3919.5,
        "tier": "track-zone",
        "prearm_status": "",
        "focus_role": "none"
      }
    },
    {
      "type": "Feature",
      "geometry": {
        "type": "Point",
        "coordinates": [
          499962.68047599646,
          6966902.441401775
        ]
      },
      "properties": {
        "junction_id": 38339,
        "veh_id": 11428,
        "sim_time_s": 3922.2,
        "tier": "track-zone",
        "prearm_status": "",
        "focus_role": "none"
      }
    },
    {
      "type": "Feature",
      "geometry": {
        "type": "Point",
        "coordinates": [
          500401.0168590036,
          6966037.135743821
        ]
      },
      "properties": {
        "junction_id": 1043762,
        "veh_id": 11438,
        "sim_time_s": 3922.2,
        "tier": "track-zone",
        "prearm_status": "",
        "focus_role": "none"
      }
    },
    {
      "type": "Feature",
      "geometry": {
        "type": "Point",
        "coordinates": [
          0.0,
          0.0
        ]
      },
      "properties": {
        "junction_id": 39606,
        "veh_id": 11416,
        "sim_time_s": 3923.6,
        "tier": "harmony-no-ge-local",
        "prearm_status": "skip",
        "focus_role": "none"
      }
    },
    {
      "type": "Feature",
      "geometry": {
        "type": "Point",
        "coordinates": [
          500649.19641348,
          6965254.629337907
        ]
      },
      "properties": {
        "junction_id": 36385,
        "veh_id": 11394,
        "sim_time_s": 3928.9,
        "tier": "track-zone",
        "prearm_status": "",
        "focus_role": "none"
      }
    },
    {
      "type": "Feature",
      "geometry": {
        "type": "Point",
        "coordinates": [
          0.0,
          0.0
        ]
      },
      "properties": {
        "junction_id": 39569,
        "veh_id": 11411,
        "sim_time_s": 3931.7,
        "tier": "harmony-no-ge-local",
        "prearm_status": "skip",
        "focus_role": "none"
      }
    },
    {
      "type": "Feature",
      "geometry": {
        "type": "Point",
        "coordinates": [
          500102.9113237298,
          6966433.521389573
        ]
      },
      "properties": {
        "junction_id": 39572,
        "veh_id": 11411,
        "sim_time_s": 3933.0,
        "tier": "track-zone",
        "prearm_status": "",
        "focus_role": "none"
      }
    },
    {
      "type": "Feature",
      "geometry": {
        "type": "Point",
        "coordinates": [
          499962.68047599646,
          6966902.441401775
        ]
      },
      "properties": {
        "junction_id": 11118289,
        "veh_id": 11428,
        "sim_time_s": 3934.3,
        "tier": "track-zone",
        "prearm_status": "",
        "focus_role": "none"
      }
    },
    {
      "type": "Feature",
      "geometry": {
        "type": "Point",
        "coordinates": [
          0.0,
          0.0
        ]
      },
      "properties": {
        "junction_id": 39593,
        "veh_id": 11394,
        "sim_time_s": 3935.7,
        "tier": "harmony-no-ge-local",
        "prearm_status": "skip",
        "focus_role": "none"
      }
    },
    {
      "type": "Feature",
      "geometry": {
        "type": "Point",
        "coordinates": [
          0.0,
          0.0
        ]
      },
      "properties": {
        "junction_id": 1043762,
        "veh_id": 11438,
        "sim_time_s": 3935.7,
        "tier": "harmony-ge-local",
        "prearm_status": "action",
        "focus_role": "none"
      }
    },
    {
      "type": "Feature",
      "geometry": {
        "type": "Point",
        "coordinates": [
          500241.90233630984,
          6966211.381180864
        ]
      },
      "properties": {
        "junction_id": 39569,
        "veh_id": 11438,
        "sim_time_s": 3937.9,
        "tier": "coord-prearm-harmony/SHOCKWAVE",
        "prearm_status": "fired",
        "focus_role": "none"
      }
    },
    {
      "type": "Feature",
      "geometry": {
        "type": "Point",
        "coordinates": [
          0.0,
          0.0
        ]
      },
      "properties": {
        "junction_id": 39569,
        "veh_id": 11438,
        "sim_time_s": 3938.4,
        "tier": "harmony-ins-local",
        "prearm_status": "action",
        "focus_role": "none"
      }
    },
    {
      "type": "Feature",
      "geometry": {
        "type": "Point",
        "coordinates": [
          500105.3249690746,
          6966447.427635936
        ]
      },
      "properties": {
        "junction_id": 39569,
        "veh_id": 11438,
        "sim_time_s": 3938.4,
        "tier": "coord-prearm-success/SHOCKWAVE",
        "prearm_status": "success",
        "focus_role": "none"
      }
    },
    {
      "type": "Feature",
      "geometry": {
        "type": "Point",
        "coordinates": [
          500029.75945786334,
          6966466.148321087
        ]
      },
      "properties": {
        "junction_id": 39568,
        "veh_id": 11411,
        "sim_time_s": 3941.1,
        "tier": "track-zone",
        "prearm_status": "",
        "focus_role": "none"
      }
    },
    {
      "type": "Feature",
      "geometry": {
        "type": "Point",
        "coordinates": [
          500199.39531803434,
          6966286.250741936
        ]
      },
      "properties": {
        "junction_id": 39572,
        "veh_id": 11438,
        "sim_time_s": 3942.4,
        "tier": "coord-prearm-harmony/SHOCKWAVE",
        "prearm_status": "fired",
        "focus_role": "none"
      }
    },
    {
      "type": "Feature",
      "geometry": {
        "type": "Point",
        "coordinates": [
          0.0,
          0.0
        ]
      },
      "properties": {
        "junction_id": 39572,
        "veh_id": 11438,
        "sim_time_s": 3942.9,
        "tier": "harmony-ins-local",
        "prearm_status": "action",
        "focus_role": "none"
      }
    },
    {
      "type": "Feature",
      "geometry": {
        "type": "Point",
        "coordinates": [
          500012.2556836752,
          6966653.44887729
        ]
      },
      "properties": {
        "junction_id": 39572,
        "veh_id": 11438,
        "sim_time_s": 3942.9,
        "tier": "coord-prearm-success/SHOCKWAVE",
        "prearm_status": "success",
        "focus_role": "none"
      }
    },
    {
      "type": "Feature",
      "geometry": {
        "type": "Point",
        "coordinates": [
          500756.59727603965,
          6964319.360583137
        ]
      },
      "properties": {
        "junction_id": 39590,
        "veh_id": 11427,
        "sim_time_s": 3945.2,
        "tier": "coord-prearm-missed/SHOCKWAVE",
        "prearm_status": "missed",
        "focus_role": "none"
      }
    },
    {
      "type": "Feature",
      "geometry": {
        "type": "Point",
        "coordinates": [
          499962.68047599646,
          6966902.441401775
        ]
      },
      "properties": {
        "junction_id": 39568,
        "veh_id": 11428,
        "sim_time_s": 3951.9,
        "tier": "track-zone",
        "prearm_status": "",
        "focus_role": "none"
      }
    },
    {
      "type": "Feature",
      "geometry": {
        "type": "Point",
        "coordinates": [
          499961.96948756947,
          6966948.5747369835
        ]
      },
      "properties": {
        "junction_id": 38339,
        "veh_id": 11399,
        "sim_time_s": 3963.6,
        "tier": "IC-detect",
        "prearm_status": "",
        "focus_role": "none"
      }
    },
    {
      "type": "Feature",
      "geometry": {
        "type": "Point",
        "coordinates": [
          499965.83233500505,
          6966765.255386829
        ]
      },
      "properties": {
        "junction_id": 39572,
        "veh_id": 11437,
        "sim_time_s": 3973.5,
        "tier": "track-zone",
        "prearm_status": "",
        "focus_role": "none"
      }
    },
    {
      "type": "Feature",
      "geometry": {
        "type": "Point",
        "coordinates": [
          500685.02479643974,
          6965181.675405221
        ]
      },
      "properties": {
        "junction_id": 1119660,
        "veh_id": 11394,
        "sim_time_s": 3977.6,
        "tier": "track-zone",
        "prearm_status": "",
        "focus_role": "none"
      }
    },
    {
      "type": "Feature",
      "geometry": {
        "type": "Point",
        "coordinates": [
          500685.02479643974,
          6965181.675405221
        ]
      },
      "properties": {
        "junction_id": 10157950,
        "veh_id": 11394,
        "sim_time_s": 3984.3,
        "tier": "track-zone",
        "prearm_status": "",
        "focus_role": "none"
      }
    },
    {
      "type": "Feature",
      "geometry": {
        "type": "Point",
        "coordinates": [
          500698.5739141261,
          6964799.479819804
        ]
      },
      "properties": {
        "junction_id": 36393,
        "veh_id": 11427,
        "sim_time_s": 3992.4,
        "tier": "IC-detect",
        "prearm_status": "",
        "focus_role": "none"
      }
    },
    {
      "type": "Feature",
      "geometry": {
        "type": "Point",
        "coordinates": [
          499961.96948756947,
          6966948.5747369835
        ]
      },
      "properties": {
        "junction_id": 39568,
        "veh_id": 11399,
        "sim_time_s": 3996.4,
        "tier": "track-zone",
        "prearm_status": "",
        "focus_role": "none"
      }
    },
    {
      "type": "Feature",
      "geometry": {
        "type": "Point",
        "coordinates": [
          499965.83233500505,
          6966765.255386829
        ]
      },
      "properties": {
        "junction_id": 11118289,
        "veh_id": 11437,
        "sim_time_s": 3996.4,
        "tier": "track-zone",
        "prearm_status": "",
        "focus_role": "none"
      }
    },
    {
      "type": "Feature",
      "geometry": {
        "type": "Point",
        "coordinates": [
          500698.6411247147,
          6964802.178235927
        ]
      },
      "properties": {
        "junction_id": 36385,
        "veh_id": 11405,
        "sim_time_s": 3997.8,
        "tier": "track-zone",
        "prearm_status": "",
        "focus_role": "none"
      }
    },
    {
      "type": "Feature",
      "geometry": {
        "type": "Point",
        "coordinates": [
          500080.59541539,
          6966480.620224288
        ]
      },
      "properties": {
        "junction_id": 39568,
        "veh_id": 11438,
        "sim_time_s": 4000.5,
        "tier": "track-zone",
        "prearm_status": "",
        "focus_role": "none"
      }
    },
    {
      "type": "Feature",
      "geometry": {
        "type": "Point",
        "coordinates": [
          500702.828926754,
          6965125.138283064
        ]
      },
      "properties": {
        "junction_id": 36385,
        "veh_id": 11385,
        "sim_time_s": 4003.2,
        "tier": "track-zone",
        "prearm_status": "",
        "focus_role": "none"
      }
    },
    {
      "type": "Feature",
      "geometry": {
        "type": "Point",
        "coordinates": [
          500698.0148377493,
          6964783.389979938
        ]
      },
      "properties": {
        "junction_id": 36393,
        "veh_id": 11405,
        "sim_time_s": 4003.2,
        "tier": "IC-detect",
        "prearm_status": "",
        "focus_role": "none"
      }
    },
    {
      "type": "Feature",
      "geometry": {
        "type": "Point",
        "coordinates": [
          0.0,
          0.0
        ]
      },
      "properties": {
        "junction_id": 36393,
        "veh_id": 11405,
        "sim_time_s": 4003.2,
        "tier": "harmony-no-ge-local",
        "prearm_status": "skip",
        "focus_role": "none"
      }
    },
    {
      "type": "Feature",
      "geometry": {
        "type": "Point",
        "coordinates": [
          499961.96948756947,
          6966948.5747369835
        ]
      },
      "properties": {
        "junction_id": 11118289,
        "veh_id": 11399,
        "sim_time_s": 4028.8,
        "tier": "track-zone",
        "prearm_status": "",
        "focus_role": "none"
      }
    },
    {
      "type": "Feature",
      "geometry": {
        "type": "Point",
        "coordinates": [
          499965.83233500505,
          6966765.255386829
        ]
      },
      "properties": {
        "junction_id": 39568,
        "veh_id": 11437,
        "sim_time_s": 4041.0,
        "tier": "track-zone",
        "prearm_status": "",
        "focus_role": "none"
      }
    },
    {
      "type": "Feature",
      "geometry": {
        "type": "Point",
        "coordinates": [
          499962.68047599646,
          6966902.441401775
        ]
      },
      "properties": {
        "junction_id": 38339,
        "veh_id": 11428,
        "sim_time_s": 4043.7,
        "tier": "track-zone",
        "prearm_status": "",
        "focus_role": "none"
      }
    },
    {
      "type": "Feature",
      "geometry": {
        "type": "Point",
        "coordinates": [
          500712.9547535618,
          6965097.186283609
        ]
      },
      "properties": {
        "junction_id": 36385,
        "veh_id": 11394,
        "sim_time_s": 4049.1,
        "tier": "IC-detect-far",
        "prearm_status": "",
        "focus_role": "none"
      }
    },
    {
      "type": "Feature",
      "geometry": {
        "type": "Point",
        "coordinates": [
          500946.97228876385,
          6964034.668682542
        ]
      },
      "properties": {
        "junction_id": 39606,
        "veh_id": 11439,
        "sim_time_s": 4050.0,
        "tier": "IC-detect",
        "prearm_status": "",
        "focus_role": "none"
      }
    },
    {
      "type": "Feature",
      "geometry": {
        "type": "Point",
        "coordinates": [
          499559.91110167804,
          6966632.838108159
        ]
      },
      "properties": {
        "junction_id": 39572,
        "veh_id": 11411,
        "sim_time_s": 4053.2,
        "tier": "IC-detect-far",
        "prearm_status": "",
        "focus_role": "none"
      }
    },
    {
      "type": "Feature",
      "geometry": {
        "type": "Point",
        "coordinates": [
          499962.68047599646,
          6966902.441401775
        ]
      },
      "properties": {
        "junction_id": 11118289,
        "veh_id": 11428,
        "sim_time_s": 4055.8,
        "tier": "track-zone",
        "prearm_status": "",
        "focus_role": "none"
      }
    },
    {
      "type": "Feature",
      "geometry": {
        "type": "Point",
        "coordinates": [
          500892.21553534636,
          6964114.996345105
        ]
      },
      "properties": {
        "junction_id": 39590,
        "veh_id": 11439,
        "sim_time_s": 4055.8,
        "tier": "track-zone",
        "prearm_status": "",
        "focus_role": "none"
      }
    },
    {
      "type": "Feature",
      "geometry": {
        "type": "Point",
        "coordinates": [
          500712.9547535618,
          6965097.186283609
        ]
      },
      "properties": {
        "junction_id": 39593,
        "veh_id": 11394,
        "sim_time_s": 4055.8,
        "tier": "IC-detect",
        "prearm_status": "",
        "focus_role": "none"
      }
    },
    {
      "type": "Feature",
      "geometry": {
        "type": "Point",
        "coordinates": [
          500716.1354393119,
          6965084.070022711
        ]
      },
      "properties": {
        "junction_id": 39593,
        "veh_id": 11385,
        "sim_time_s": 4057.2,
        "tier": "track-zone",
        "prearm_status": "",
        "focus_role": "none"
      }
    },
    {
      "type": "Feature",
      "geometry": {
        "type": "Point",
        "coordinates": [
          500044.5664279542,
          6966567.155798247
        ]
      },
      "properties": {
        "junction_id": 39569,
        "veh_id": 11438,
        "sim_time_s": 4061.2,
        "tier": "track-zone",
        "prearm_status": "",
        "focus_role": "none"
      }
    },
    {
      "type": "Feature",
      "geometry": {
        "type": "Point",
        "coordinates": [
          0.0,
          0.0
        ]
      },
      "properties": {
        "junction_id": 39606,
        "veh_id": 11439,
        "sim_time_s": 4062.6,
        "tier": "harmony-no-ge-local",
        "prearm_status": "skip",
        "focus_role": "none"
      }
    },
    {
      "type": "Feature",
      "geometry": {
        "type": "Point",
        "coordinates": [
          500044.5664279542,
          6966567.155798247
        ]
      },
      "properties": {
        "junction_id": 39572,
        "veh_id": 11438,
        "sim_time_s": 4063.1,
        "tier": "IC-detect",
        "prearm_status": "",
        "focus_role": "none"
      }
    },
    {
      "type": "Feature",
      "geometry": {
        "type": "Point",
        "coordinates": [
          499962.68047599646,
          6966902.441401775
        ]
      },
      "properties": {
        "junction_id": 39568,
        "veh_id": 11428,
        "sim_time_s": 4073.4,
        "tier": "track-zone",
        "prearm_status": "",
        "focus_role": "none"
      }
    },
    {
      "type": "Feature",
      "geometry": {
        "type": "Point",
        "coordinates": [
          499961.96948756947,
          6966948.5747369835
        ]
      },
      "properties": {
        "junction_id": 38339,
        "veh_id": 11399,
        "sim_time_s": 4083.8,
        "tier": "IC-detect",
        "prearm_status": "",
        "focus_role": "none"
      }
    },
    {
      "type": "Feature",
      "geometry": {
        "type": "Point",
        "coordinates": [
          500689.1269598115,
          6964559.447962017
        ]
      },
      "properties": {
        "junction_id": 39590,
        "veh_id": 11427,
        "sim_time_s": 4090.9,
        "tier": "track-zone",
        "prearm_status": "",
        "focus_role": "none"
      }
    },
    {
      "type": "Feature",
      "geometry": {
        "type": "Point",
        "coordinates": [
          499965.83233500505,
          6966765.255386829
        ]
      },
      "properties": {
        "junction_id": 39572,
        "veh_id": 11437,
        "sim_time_s": 4095.0,
        "tier": "track-zone",
        "prearm_status": "",
        "focus_role": "none"
      }
    },
    {
      "type": "Feature",
      "geometry": {
        "type": "Point",
        "coordinates": [
          500086.6337452833,
          6967504.668742114
        ]
      },
      "properties": {
        "junction_id": 38339,
        "veh_id": 11429,
        "sim_time_s": 4096.8,
        "tier": "IC-detect",
        "prearm_status": "",
        "focus_role": "none"
      }
    },
    {
      "type": "Feature",
      "geometry": {
        "type": "Point",
        "coordinates": [
          499961.96948756947,
          6966948.5747369835
        ]
      },
      "properties": {
        "junction_id": 39568,
        "veh_id": 11399,
        "sim_time_s": 4117.9,
        "tier": "track-zone",
        "prearm_status": "",
        "focus_role": "none"
      }
    },
    {
      "type": "Feature",
      "geometry": {
        "type": "Point",
        "coordinates": [
          500689.0814065111,
          6964559.973066175
        ]
      },
      "properties": {
        "junction_id": 39590,
        "veh_id": 11405,
        "sim_time_s": 4117.9,
        "tier": "track-zone",
        "prearm_status": "",
        "focus_role": "none"
      }
    },
    {
      "type": "Feature",
      "geometry": {
        "type": "Point",
        "coordinates": [
          499965.83233500505,
          6966765.255386829
        ]
      },
      "properties": {
        "junction_id": 11118289,
        "veh_id": 11437,
        "sim_time_s": 4117.9,
        "tier": "track-zone",
        "prearm_status": "",
        "focus_role": "none"
      }
    },
    {
      "type": "Feature",
      "geometry": {
        "type": "Point",
        "coordinates": [
          500044.5664279542,
          6966567.155798247
        ]
      },
      "properties": {
        "junction_id": 39568,
        "veh_id": 11438,
        "sim_time_s": 4122.0,
        "tier": "track-zone",
        "prearm_status": "",
        "focus_role": "none"
      }
    },
    {
      "type": "Feature",
      "geometry": {
        "type": "Point",
        "coordinates": [
          500689.45957478584,
          6964553.215394298
        ]
      },
      "properties": {
        "junction_id": 36393,
        "veh_id": 11405,
        "sim_time_s": 4123.4,
        "tier": "IC-detect-far",
        "prearm_status": "",
        "focus_role": "none"
      }
    },
    {
      "type": "Feature",
      "geometry": {
        "type": "Point",
        "coordinates": [
          500716.1370196844,
          6965084.06364155
        ]
      },
      "properties": {
        "junction_id": 36385,
        "veh_id": 11385,
        "sim_time_s": 4123.4,
        "tier": "IC-detect-far",
        "prearm_status": "",
        "focus_role": "none"
      }
    },
    {
      "type": "Feature",
      "geometry": {
        "type": "Point",
        "coordinates": [
          0.0,
          0.0
        ]
      },
      "properties": {
        "junction_id": 39590,
        "veh_id": 11439,
        "sim_time_s": 4127.4,
        "tier": "harmony-no-ge-local",
        "prearm_status": "skip",
        "focus_role": "none"
      }
    },
    {
      "type": "Feature",
      "geometry": {
        "type": "Point",
        "coordinates": [
          0.0,
          0.0
        ]
      },
      "properties": {
        "junction_id": 36385,
        "veh_id": 11385,
        "sim_time_s": 4134.1,
        "tier": "harmony-no-ge-local",
        "prearm_status": "skip",
        "focus_role": "none"
      }
    },
    {
      "type": "Feature",
      "geometry": {
        "type": "Point",
        "coordinates": [
          0.0,
          0.0
        ]
      },
      "properties": {
        "junction_id": 36385,
        "veh_id": 11394,
        "sim_time_s": 4139.6,
        "tier": "harmony-no-ge-local",
        "prearm_status": "skip",
        "focus_role": "none"
      }
    },
    {
      "type": "Feature",
      "geometry": {
        "type": "Point",
        "coordinates": [
          500728.97196191683,
          6964996.3324922845
        ]
      },
      "properties": {
        "junction_id": 36393,
        "veh_id": 11385,
        "sim_time_s": 4140.9,
        "tier": "track-zone",
        "prearm_status": "",
        "focus_role": "none"
      }
    },
    {
      "type": "Feature",
      "geometry": {
        "type": "Point",
        "coordinates": [
          500729.02252215124,
          6964995.288785131
        ]
      },
      "properties": {
        "junction_id": 36393,
        "veh_id": 11394,
        "sim_time_s": 4150.4,
        "tier": "track-zone",
        "prearm_status": "",
        "focus_role": "none"
      }
    },
    {
      "type": "Feature",
      "geometry": {
        "type": "Point",
        "coordinates": [
          499961.96948756947,
          6966948.5747369835
        ]
      },
      "properties": {
        "junction_id": 11118289,
        "veh_id": 11399,
        "sim_time_s": 4150.4,
        "tier": "track-zone",
        "prearm_status": "",
        "focus_role": "none"
      }
    },
    {
      "type": "Feature",
      "geometry": {
        "type": "Point",
        "coordinates": [
          499512.512419305,
          6966653.6669520615
        ]
      },
      "properties": {
        "junction_id": 39572,
        "veh_id": 11417,
        "sim_time_s": 4152.6,
        "tier": "IC-detect",
        "prearm_status": "",
        "focus_role": "none"
      }
    },
    {
      "type": "Feature",
      "geometry": {
        "type": "Point",
        "coordinates": [
          499965.83233500505,
          6966765.255386829
        ]
      },
      "properties": {
        "junction_id": 39568,
        "veh_id": 11437,
        "sim_time_s": 4162.5,
        "tier": "track-zone",
        "prearm_status": "",
        "focus_role": "none"
      }
    },
    {
      "type": "Feature",
      "geometry": {
        "type": "Point",
        "coordinates": [
          499962.68047599646,
          6966902.441401775
        ]
      },
      "properties": {
        "junction_id": 38339,
        "veh_id": 11428,
        "sim_time_s": 4165.2,
        "tier": "track-zone",
        "prearm_status": "",
        "focus_role": "none"
      }
    },
    {
      "type": "Feature",
      "geometry": {
        "type": "Point",
        "coordinates": [
          500674.75247386505,
          6964509.929319447
        ]
      },
      "properties": {
        "junction_id": 36393,
        "veh_id": 11439,
        "sim_time_s": 4169.2,
        "tier": "track-zone",
        "prearm_status": "",
        "focus_role": "none"
      }
    },
    {
      "type": "Feature",
      "geometry": {
        "type": "Point",
        "coordinates": [
          500733.4327516667,
          6964400.953467577
        ]
      },
      "properties": {
        "junction_id": 39606,
        "veh_id": 11427,
        "sim_time_s": 4171.9,
        "tier": "track-zone",
        "prearm_status": "",
        "focus_role": "none"
      }
    },
    {
      "type": "Feature",
      "geometry": {
        "type": "Point",
        "coordinates": [
          499962.68047599646,
          6966902.441401775
        ]
      },
      "properties": {
        "junction_id": 11118289,
        "veh_id": 11428,
        "sim_time_s": 4177.4,
        "tier": "track-zone",
        "prearm_status": "",
        "focus_role": "none"
      }
    },
    {
      "type": "Feature",
      "geometry": {
        "type": "Point",
        "coordinates": [
          500044.5664279542,
          6966567.155798247
        ]
      },
      "properties": {
        "junction_id": 39569,
        "veh_id": 11438,
        "sim_time_s": 4182.8,
        "tier": "track-zone",
        "prearm_status": "",
        "focus_role": "none"
      }
    },
    {
      "type": "Feature",
      "geometry": {
        "type": "Point",
        "coordinates": [
          500044.5664279542,
          6966567.155798247
        ]
      },
      "properties": {
        "junction_id": 39572,
        "veh_id": 11438,
        "sim_time_s": 4183.2,
        "tier": "IC-detect",
        "prearm_status": "",
        "focus_role": "none"
      }
    },
    {
      "type": "Feature",
      "geometry": {
        "type": "Point",
        "coordinates": [
          500730.94522075297,
          6964407.187076883
        ]
      },
      "properties": {
        "junction_id": 39606,
        "veh_id": 11405,
        "sim_time_s": 4186.8,
        "tier": "track-zone",
        "prearm_status": "",
        "focus_role": "none"
      }
    },
    {
      "type": "Feature",
      "geometry": {
        "type": "Point",
        "coordinates": [
          499962.68047599646,
          6966902.441401775
        ]
      },
      "properties": {
        "junction_id": 39568,
        "veh_id": 11428,
        "sim_time_s": 4194.9,
        "tier": "track-zone",
        "prearm_status": "",
        "focus_role": "none"
      }
    },
    {
      "type": "Feature",
      "geometry": {
        "type": "Point",
        "coordinates": [
          0.0,
          0.0
        ]
      },
      "properties": {
        "junction_id": 36393,
        "veh_id": 11439,
        "sim_time_s": 4194.9,
        "tier": "harmony-ins-local",
        "prearm_status": "action",
        "focus_role": "none"
      }
    },
    {
      "type": "Feature",
      "geometry": {
        "type": "Point",
        "coordinates": [
          500677.89298216684,
          6964718.575581963
        ]
      },
      "properties": {
        "junction_id": 36385,
        "veh_id": 11439,
        "sim_time_s": 4198.1,
        "tier": "coord-prearm-harmony/SHOCKWAVE",
        "prearm_status": "fired",
        "focus_role": "none"
      }
    },
    {
      "type": "Feature",
      "geometry": {
        "type": "Point",
        "coordinates": [
          0.0,
          0.0
        ]
      },
      "properties": {
        "junction_id": 36385,
        "veh_id": 11439,
        "sim_time_s": 4198.5,
        "tier": "harmony-ins-local",
        "prearm_status": "action",
        "focus_role": "none"
      }
    },
    {
      "type": "Feature",
      "geometry": {
        "type": "Point",
        "coordinates": [
          500715.9750991549,
          6965021.28412977
        ]
      },
      "properties": {
        "junction_id": 36385,
        "veh_id": 11439,
        "sim_time_s": 4198.5,
        "tier": "coord-prearm-success/SHOCKWAVE",
        "prearm_status": "success",
        "focus_role": "none"
      }
    },
    {
      "type": "Feature",
      "geometry": {
        "type": "Point",
        "coordinates": [
          500135.29643570684,
          6965615.390449117
        ]
      },
      "properties": {
        "junction_id": 39576,
        "veh_id": 11406,
        "sim_time_s": 4200.8,
        "tier": "IC-detect",
        "prearm_status": "",
        "focus_role": "none"
      }
    },
    {
      "type": "Feature",
      "geometry": {
        "type": "Point",
        "coordinates": [
          499961.96948756947,
          6966948.5747369835
        ]
      },
      "properties": {
        "junction_id": 38339,
        "veh_id": 11399,
        "sim_time_s": 4203.9,
        "tier": "IC-detect",
        "prearm_status": "",
        "focus_role": "none"
      }
    },
    {
      "type": "Feature",
      "geometry": {
        "type": "Point",
        "coordinates": [
          499759.15480099106,
          6966605.816125419
        ]
      },
      "properties": {
        "junction_id": 39568,
        "veh_id": 11417,
        "sim_time_s": 4208.4,
        "tier": "track-zone",
        "prearm_status": "",
        "focus_role": "none"
      }
    },
    {
      "type": "Feature",
      "geometry": {
        "type": "Point",
        "coordinates": [
          500753.2849288294,
          6964359.273892155
        ]
      },
      "properties": {
        "junction_id": 39590,
        "veh_id": 11427,
        "sim_time_s": 4211.1,
        "tier": "IC-detect",
        "prearm_status": "",
        "focus_role": "none"
      }
    },
    {
      "type": "Feature",
      "geometry": {
        "type": "Point",
        "coordinates": [
          499963.7384432211,
          6966787.778151589
        ]
      },
      "properties": {
        "junction_id": 38339,
        "veh_id": 11437,
        "sim_time_s": 4215.1,
        "tier": "track-zone",
        "prearm_status": "",
        "focus_role": "none"
      }
    },
    {
      "type": "Feature",
      "geometry": {
        "type": "Point",
        "coordinates": [
          499963.4960739094,
          6966799.990210468
        ]
      },
      "properties": {
        "junction_id": 39572,
        "veh_id": 11437,
        "sim_time_s": 4216.5,
        "tier": "track-zone",
        "prearm_status": "",
        "focus_role": "none"
      }
    },
    {
      "type": "Feature",
      "geometry": {
        "type": "Point",
        "coordinates": [
          499999.46596445487,
          6967278.179460341
        ]
      },
      "properties": {
        "junction_id": 38339,
        "veh_id": 11429,
        "sim_time_s": 4216.9,
        "tier": "IC-detect-far",
        "prearm_status": "",
        "focus_role": "none"
      }
    },
    {
      "type": "Feature",
      "geometry": {
        "type": "Point",
        "coordinates": [
          499963.02562744974,
          6966897.670032824
        ]
      },
      "properties": {
        "junction_id": 39572,
        "veh_id": 11428,
        "sim_time_s": 4223.2,
        "tier": "track-zone",
        "prearm_status": "",
        "focus_role": "none"
      }
    },
    {
      "type": "Feature",
      "geometry": {
        "type": "Point",
        "coordinates": [
          500748.23819591274,
          6964371.787986288
        ]
      },
      "properties": {
        "junction_id": 39590,
        "veh_id": 11405,
        "sim_time_s": 4238.1,
        "tier": "IC-detect-far",
        "prearm_status": "",
        "focus_role": "none"
      }
    },
    {
      "type": "Feature",
      "geometry": {
        "type": "Point",
        "coordinates": [
          499968.7886755626,
          6966900.921327988
        ]
      },
      "properties": {
        "junction_id": 39568,
        "veh_id": 11399,
        "sim_time_s": 4239.4,
        "tier": "track-zone",
        "prearm_status": "",
        "focus_role": "none"
      }
    },
    {
      "type": "Feature",
      "geometry": {
        "type": "Point",
        "coordinates": [
          499957.766759689,
          6966856.342306592
        ]
      },
      "properties": {
        "junction_id": 11118289,
        "veh_id": 11437,
        "sim_time_s": 4239.4,
        "tier": "track-zone",
        "prearm_status": "",
        "focus_role": "none"
      }
    },
    {
      "type": "Feature",
      "geometry": {
        "type": "Point",
        "coordinates": [
          499969.1272240845,
          6966896.241237869
        ]
      },
      "properties": {
        "junction_id": 39572,
        "veh_id": 11399,
        "sim_time_s": 4240.8,
        "tier": "track-zone",
        "prearm_status": "",
        "focus_role": "none"
      }
    },
    {
      "type": "Feature",
      "geometry": {
        "type": "Point",
        "coordinates": [
          500044.5664279542,
          6966567.155798247
        ]
      },
      "properties": {
        "junction_id": 39568,
        "veh_id": 11438,
        "sim_time_s": 4243.5,
        "tier": "track-zone",
        "prearm_status": "",
        "focus_role": "none"
      }
    },
    {
      "type": "Feature",
      "geometry": {
        "type": "Point",
        "coordinates": [
          0.0,
          0.0
        ]
      },
      "properties": {
        "junction_id": 38339,
        "veh_id": 11437,
        "sim_time_s": 4250.2,
        "tier": "harmony-ins-local",
        "prearm_status": "action",
        "focus_role": "none"
      }
    },
    {
      "type": "Feature",
      "geometry": {
        "type": "Point",
        "coordinates": [
          0.0,
          0.0
        ]
      },
      "properties": {
        "junction_id": 39590,
        "veh_id": 11427,
        "sim_time_s": 4251.6,
        "tier": "harmony-no-ge-local",
        "prearm_status": "skip",
        "focus_role": "none"
      }
    },
    {
      "type": "Feature",
      "geometry": {
        "type": "Point",
        "coordinates": [
          500699.0684729682,
          6964810.969594467
        ]
      },
      "properties": {
        "junction_id": 36393,
        "veh_id": 11385,
        "sim_time_s": 4261.1,
        "tier": "IC-detect",
        "prearm_status": "",
        "focus_role": "none"
      }
    },
    {
      "type": "Feature",
      "geometry": {
        "type": "Point",
        "coordinates": [
          0.0,
          0.0
        ]
      },
      "properties": {
        "junction_id": 39590,
        "veh_id": 11405,
        "sim_time_s": 4262.4,
        "tier": "harmony-no-ge-local",
        "prearm_status": "skip",
        "focus_role": "none"
      }
    },
    {
      "type": "Feature",
      "geometry": {
        "type": "Point",
        "coordinates": [
          0.0,
          0.0
        ]
      },
      "properties": {
        "junction_id": 39606,
        "veh_id": 11427,
        "sim_time_s": 4263.8,
        "tier": "harmony-no-ge-local",
        "prearm_status": "skip",
        "focus_role": "none"
      }
    },
    {
      "type": "Feature",
      "geometry": {
        "type": "Point",
        "coordinates": [
          500702.7442499401,
          6964938.702535235
        ]
      },
      "properties": {
        "junction_id": 39593,
        "veh_id": 11439,
        "sim_time_s": 4269.1,
        "tier": "track-zone",
        "prearm_status": "",
        "focus_role": "none"
      }
    },
    {
      "type": "Feature",
      "geometry": {
        "type": "Point",
        "coordinates": [
          500699.3609929436,
          6964815.118239632
        ]
      },
      "properties": {
        "junction_id": 36393,
        "veh_id": 11394,
        "sim_time_s": 4270.5,
        "tier": "IC-detect",
        "prearm_status": "",
        "focus_role": "none"
      }
    },
    {
      "type": "Feature",
      "geometry": {
        "type": "Point",
        "coordinates": [
          499969.4422872683,
          6966891.099814796
        ]
      },
      "properties": {
        "junction_id": 11118289,
        "veh_id": 11399,
        "sim_time_s": 4271.9,
        "tier": "track-zone",
        "prearm_status": "",
        "focus_role": "none"
      }
    },
    {
      "type": "Feature",
      "geometry": {
        "type": "Point",
        "coordinates": [
          499787.34157909616,
          6966592.238765887
        ]
      },
      "properties": {
        "junction_id": 39572,
        "veh_id": 11417,
        "sim_time_s": 4272.8,
        "tier": "IC-detect",
        "prearm_status": "",
        "focus_role": "none"
      }
    },
    {
      "type": "Feature",
      "geometry": {
        "type": "Point",
        "coordinates": [
          0.0,
          0.0
        ]
      },
      "properties": {
        "junction_id": 36393,
        "veh_id": 11394,
        "sim_time_s": 4274.6,
        "tier": "harmony-no-ge-local",
        "prearm_status": "skip",
        "focus_role": "none"
      }
    },
    {
      "type": "Feature",
      "geometry": {
        "type": "Point",
        "coordinates": [
          500457.2776177097,
          6965696.669186185
        ]
      },
      "properties": {
        "junction_id": 39578,
        "veh_id": 11406,
        "sim_time_s": 4282.6,
        "tier": "track-zone",
        "prearm_status": "",
        "focus_role": "none"
      }
    },
    {
      "type": "Feature",
      "geometry": {
        "type": "Point",
        "coordinates": [
          0.0,
          0.0
        ]
      },
      "properties": {
        "junction_id": 39576,
        "veh_id": 11406,
        "sim_time_s": 4282.6,
        "tier": "harmony-ins-local",
        "prearm_status": "action",
        "focus_role": "none"
      }
    },
    {
      "type": "Feature",
      "geometry": {
        "type": "Point",
        "coordinates": [
          499883.5291591858,
          6966546.424830542
        ]
      },
      "properties": {
        "junction_id": 39569,
        "veh_id": 11417,
        "sim_time_s": 4286.7,
        "tier": "track-zone",
        "prearm_status": "",
        "focus_role": "none"
      }
    },
    {
      "type": "Feature",
      "geometry": {
        "type": "Point",
        "coordinates": [
          499966.6302052584,
          6966824.807043347
        ]
      },
      "properties": {
        "junction_id": 38339,
        "veh_id": 11428,
        "sim_time_s": 4286.7,
        "tier": "track-zone",
        "prearm_status": "",
        "focus_role": "none"
      }
    },
    {
      "type": "Feature",
      "geometry": {
        "type": "Point",
        "coordinates": [
          499966.6302052584,
          6966824.807043347
        ]
      },
      "properties": {
        "junction_id": 11118289,
        "veh_id": 11428,
        "sim_time_s": 4298.9,
        "tier": "track-zone",
        "prearm_status": "",
        "focus_role": "none"
      }
    },
    {
      "type": "Feature",
      "geometry": {
        "type": "Point",
        "coordinates": [
          500038.113161902,
          6966581.454179137
        ]
      },
      "properties": {
        "junction_id": 39572,
        "veh_id": 11438,
        "sim_time_s": 4303.4,
        "tier": "IC-detect",
        "prearm_status": "",
        "focus_role": "none"
      }
    },
    {
      "type": "Feature",
      "geometry": {
        "type": "Point",
        "coordinates": [
          500036.21303776285,
          6966585.537213491
        ]
      },
      "properties": {
        "junction_id": 39569,
        "veh_id": 11438,
        "sim_time_s": 4304.2,
        "tier": "track-zone",
        "prearm_status": "",
        "focus_role": "none"
      }
    },
    {
      "type": "Feature",
      "geometry": {
        "type": "Point",
        "coordinates": [
          500683.87726045086,
          6965099.811344106
        ]
      },
      "properties": {
        "junction_id": 10157950,
        "veh_id": 11439,
        "sim_time_s": 4304.2,
        "tier": "track-zone",
        "prearm_status": "",
        "focus_role": "none"
      }
    },
    {
      "type": "Feature",
      "geometry": {
        "type": "Point",
        "coordinates": [
          500910.85375789634,
          6964141.387831638
        ]
      },
      "properties": {
        "junction_id": 39606,
        "veh_id": 11405,
        "sim_time_s": 4306.9,
        "tier": "IC-detect-far",
        "prearm_status": "",
        "focus_role": "none"
      }
    },
    {
      "type": "Feature",
      "geometry": {
        "type": "Point",
        "coordinates": [
          0.0,
          0.0
        ]
      },
      "properties": {
        "junction_id": 39593,
        "veh_id": 11439,
        "sim_time_s": 4308.3,
        "tier": "harmony-no-ge-local",
        "prearm_status": "skip",
        "focus_role": "none"
      }
    },
    {
      "type": "Feature",
      "geometry": {
        "type": "Point",
        "coordinates": [
          500663.3810702903,
          6965177.646288769
        ]
      },
      "properties": {
        "junction_id": 1119660,
        "veh_id": 11439,
        "sim_time_s": 4309.6,
        "tier": "track-zone",
        "prearm_status": "",
        "focus_role": "none"
      }
    },
    {
      "type": "Feature",
      "geometry": {
        "type": "Point",
        "coordinates": [
          500636.48386513017,
          6965239.275090633
        ]
      },
      "properties": {
        "junction_id": 39587,
        "veh_id": 11439,
        "sim_time_s": 4313.7,
        "tier": "track-zone",
        "prearm_status": "",
        "focus_role": "none"
      }
    },
    {
      "type": "Feature",
      "geometry": {
        "type": "Point",
        "coordinates": [
          0.0,
          0.0
        ]
      },
      "properties": {
        "junction_id": 39572,
        "veh_id": 11438,
        "sim_time_s": 4313.7,
        "tier": "harmony-no-ge-local",
        "prearm_status": "skip",
        "focus_role": "none"
      }
    },
    {
      "type": "Feature",
      "geometry": {
        "type": "Point",
        "coordinates": [
          499966.6302052584,
          6966824.807043347
        ]
      },
      "properties": {
        "junction_id": 39568,
        "veh_id": 11428,
        "sim_time_s": 4316.4,
        "tier": "track-zone",
        "prearm_status": "",
        "focus_role": "none"
      }
    },
    {
      "type": "Feature",
      "geometry": {
        "type": "Point",
        "coordinates": [
          500946.97228876385,
          6964034.668682542
        ]
      },
      "properties": {
        "junction_id": 39606,
        "veh_id": 11412,
        "sim_time_s": 4320.0,
        "tier": "IC-detect",
        "prearm_status": "",
        "focus_role": "none"
      }
    },
    {
      "type": "Feature",
      "geometry": {
        "type": "Point",
        "coordinates": [
          500043.51732223894,
          6966470.296769003
        ]
      },
      "properties": {
        "junction_id": 39568,
        "veh_id": 11417,
        "sim_time_s": 4329.9,
        "tier": "track-zone",
        "prearm_status": "",
        "focus_role": "none"
      }
    },
    {
      "type": "Feature",
      "geometry": {
        "type": "Point",
        "coordinates": [
          500689.21968876885,
          6964558.0630482
        ]
      },
      "properties": {
        "junction_id": 39590,
        "veh_id": 11385,
        "sim_time_s": 4336.6,
        "tier": "track-zone",
        "prearm_status": "",
        "focus_role": "none"
      }
    },
    {
      "type": "Feature",
      "geometry": {
        "type": "Point",
        "coordinates": [
          499999.46596445487,
          6967278.179460341
        ]
      },
      "properties": {
        "junction_id": 38339,
        "veh_id": 11429,
        "sim_time_s": 4337.1,
        "tier": "IC-detect-far",
        "prearm_status": "",
        "focus_role": "none"
      }
    },
    {
      "type": "Feature",
      "geometry": {
        "type": "Point",
        "coordinates": [
          0.0,
          0.0
        ]
      },
      "properties": {
        "junction_id": 39587,
        "veh_id": 11439,
        "sim_time_s": 4342.1,
        "tier": "harmony-no-ge-local",
        "prearm_status": "skip",
        "focus_role": "none"
      }
    },
    {
      "type": "Feature",
      "geometry": {
        "type": "Point",
        "coordinates": [
          0.0,
          0.0
        ]
      },
      "properties": {
        "junction_id": 39569,
        "veh_id": 11417,
        "sim_time_s": 4342.1,
        "tier": "harmony-no-ge-local",
        "prearm_status": "skip",
        "focus_role": "none"
      }
    },
    {
      "type": "Feature",
      "geometry": {
        "type": "Point",
        "coordinates": [
          499966.6302052584,
          6966824.807043347
        ]
      },
      "properties": {
        "junction_id": 39572,
        "veh_id": 11428,
        "sim_time_s": 4344.8,
        "tier": "track-zone",
        "prearm_status": "",
        "focus_role": "none"
      }
    },
    {
      "type": "Feature",
      "geometry": {
        "type": "Point",
        "coordinates": [
          500569.5664730711,
          6965468.018192431
        ]
      },
      "properties": {
        "junction_id": 39576,
        "veh_id": 11439,
        "sim_time_s": 4344.8,
        "tier": "track-zone",
        "prearm_status": "",
        "focus_role": "none"
      }
    },
    {
      "type": "Feature",
      "geometry": {
        "type": "Point",
        "coordinates": [
          500137.5744854972,
          6966429.497117871
        ]
      },
      "properties": {
        "junction_id": 1043762,
        "veh_id": 11417,
        "sim_time_s": 4347.4,
        "tier": "track-zone",
        "prearm_status": "",
        "focus_role": "none"
      }
    },
    {
      "type": "Feature",
      "geometry": {
        "type": "Point",
        "coordinates": [
          500689.21442855283,
          6964559.777508479
        ]
      },
      "properties": {
        "junction_id": 39590,
        "veh_id": 11394,
        "sim_time_s": 4355.6,
        "tier": "track-zone",
        "prearm_status": "",
        "focus_role": "none"
      }
    },
    {
      "type": "Feature",
      "geometry": {
        "type": "Point",
        "coordinates": [
          499969.4426170927,
          6966891.0943338815
        ]
      },
      "properties": {
        "junction_id": 39568,
        "veh_id": 11399,
        "sim_time_s": 4360.9,
        "tier": "track-zone",
        "prearm_status": "",
        "focus_role": "none"
      }
    },
    {
      "type": "Feature",
      "geometry": {
        "type": "Point",
        "coordinates": [
          499969.4426170927,
          6966891.0943338815
        ]
      },
      "properties": {
        "junction_id": 39572,
        "veh_id": 11399,
        "sim_time_s": 4362.3,
        "tier": "track-zone",
        "prearm_status": "",
        "focus_role": "none"
      }
    },
    {
      "type": "Feature",
      "geometry": {
        "type": "Point",
        "coordinates": [
          0.0,
          0.0
        ]
      },
      "properties": {
        "junction_id": 39576,
        "veh_id": 11439,
        "sim_time_s": 4362.3,
        "tier": "harmony-no-ge-local",
        "prearm_status": "skip",
        "focus_role": "none"
      }
    },
    {
      "type": "Feature",
      "geometry": {
        "type": "Point",
        "coordinates": [
          500884.9553390637,
          6964123.192510837
        ]
      },
      "properties": {
        "junction_id": 39590,
        "veh_id": 11412,
        "sim_time_s": 4365.0,
        "tier": "track-zone",
        "prearm_status": "",
        "focus_role": "none"
      }
    },
    {
      "type": "Feature",
      "geometry": {
        "type": "Point",
        "coordinates": [
          500017.46564677986,
          6966617.993497316
        ]
      },
      "properties": {
        "junction_id": 39568,
        "veh_id": 11438,
        "sim_time_s": 4365.0,
        "tier": "track-zone",
        "prearm_status": "",
        "focus_role": "none"
      }
    },
    {
      "type": "Feature",
      "geometry": {
        "type": "Point",
        "coordinates": [
          500491.85361217277,
          6965694.344065726
        ]
      },
      "properties": {
        "junction_id": 39578,
        "veh_id": 11439,
        "sim_time_s": 4366.4,
        "tier": "track-zone",
        "prearm_status": "",
        "focus_role": "none"
      }
    },
    {
      "type": "Feature",
      "geometry": {
        "type": "Point",
        "coordinates": [
          0.0,
          0.0
        ]
      },
      "properties": {
        "junction_id": 39606,
        "veh_id": 11412,
        "sim_time_s": 4369.1,
        "tier": "harmony-no-ge-local",
        "prearm_status": "skip",
        "focus_role": "none"
      }
    },
    {
      "type": "Feature",
      "geometry": {
        "type": "Point",
        "coordinates": [
          500944.51358507737,
          6964038.69291645
        ]
      },
      "properties": {
        "junction_id": 39606,
        "veh_id": 11401,
        "sim_time_s": 4380.3,
        "tier": "IC-detect",
        "prearm_status": "",
        "focus_role": "none"
      }
    },
    {
      "type": "Feature",
      "geometry": {
        "type": "Point",
        "coordinates": [
          500496.28862309584,
          6965703.116250536
        ]
      },
      "properties": {
        "junction_id": 39587,
        "veh_id": 11406,
        "sim_time_s": 4386.6,
        "tier": "track-zone",
        "prearm_status": "",
        "focus_role": "none"
      }
    },
    {
      "type": "Feature",
      "geometry": {
        "type": "Point",
        "coordinates": [
          0.0,
          0.0
        ]
      },
      "properties": {
        "junction_id": 39590,
        "veh_id": 11412,
        "sim_time_s": 4386.6,
        "tier": "harmony-no-ge-local",
        "prearm_status": "skip",
        "focus_role": "none"
      }
    },
    {
      "type": "Feature",
      "geometry": {
        "type": "Point",
        "coordinates": [
          499969.4426170927,
          6966891.0943338815
        ]
      },
      "properties": {
        "junction_id": 38339,
        "veh_id": 11399,
        "sim_time_s": 4387.9,
        "tier": "track-zone",
        "prearm_status": "",
        "focus_role": "none"
      }
    },
    {
      "type": "Feature",
      "geometry": {
        "type": "Point",
        "coordinates": [
          0.0,
          0.0
        ]
      },
      "properties": {
        "junction_id": 1043762,
        "veh_id": 11417,
        "sim_time_s": 4387.9,
        "tier": "harmony-no-ge-local",
        "prearm_status": "skip",
        "focus_role": "none"
      }
    },
    {
      "type": "Feature",
      "geometry": {
        "type": "Point",
        "coordinates": [
          499969.4426170927,
          6966891.0943338815
        ]
      },
      "properties": {
        "junction_id": 11118289,
        "veh_id": 11399,
        "sim_time_s": 4393.4,
        "tier": "track-zone",
        "prearm_status": "",
        "focus_role": "none"
      }
    },
    {
      "type": "Feature",
      "geometry": {
        "type": "Point",
        "coordinates": [
          500520.0006099045,
          6965643.685911014
        ]
      },
      "properties": {
        "junction_id": 1119660,
        "veh_id": 11406,
        "sim_time_s": 4393.4,
        "tier": "track-zone",
        "prearm_status": "",
        "focus_role": "none"
      }
    },
    {
      "type": "Feature",
      "geometry": {
        "type": "Point",
        "coordinates": [
          500553.31278689095,
          6965567.03411261
        ]
      },
      "properties": {
        "junction_id": 10157950,
        "veh_id": 11406,
        "sim_time_s": 4400.1,
        "tier": "track-zone",
        "prearm_status": "",
        "focus_role": "none"
      }
    },
    {
      "type": "Feature",
      "geometry": {
        "type": "Point",
        "coordinates": [
          500009.50987567584,
          6966675.866986301
        ]
      },
      "properties": {
        "junction_id": 39569,
        "veh_id": 11428,
        "sim_time_s": 4400.1,
        "tier": "track-zone",
        "prearm_status": "",
        "focus_role": "none"
      }
    },
    {
      "type": "Feature",
      "geometry": {
        "type": "Point",
        "coordinates": [
          0.0,
          0.0
        ]
      },
      "properties": {
        "junction_id": 39587,
        "veh_id": 11406,
        "sim_time_s": 4405.5,
        "tier": "harmony-ins-local",
        "prearm_status": "action",
        "focus_role": "none"
      }
    },
    {
      "type": "Feature",
      "geometry": {
        "type": "Point",
        "coordinates": [
          0.0,
          0.0
        ]
      },
      "properties": {
        "junction_id": 39578,
        "veh_id": 11439,
        "sim_time_s": 4405.5,
        "tier": "harmony-no-ge-local",
        "prearm_status": "skip",
        "focus_role": "none"
      }
    },
    {
      "type": "Feature",
      "geometry": {
        "type": "Point",
        "coordinates": [
          500731.9059098445,
          6964404.91548492
        ]
      },
      "properties": {
        "junction_id": 39606,
        "veh_id": 11385,
        "sim_time_s": 4410.9,
        "tier": "track-zone",
        "prearm_status": "",
        "focus_role": "none"
      }
    },
    {
      "type": "Feature",
      "geometry": {
        "type": "Point",
        "coordinates": [
          500390.62936684524,
          6966045.913401114
        ]
      },
      "properties": {
        "junction_id": 1043762,
        "veh_id": 11439,
        "sim_time_s": 4417.6,
        "tier": "track-zone",
        "prearm_status": "",
        "focus_role": "none"
      }
    },
    {
      "type": "Feature",
      "geometry": {
        "type": "Point",
        "coordinates": [
          500018.15721358586,
          6966619.962377086
        ]
      },
      "properties": {
        "junction_id": 11118289,
        "veh_id": 11438,
        "sim_time_s": 4421.7,
        "tier": "track-zone",
        "prearm_status": "",
        "focus_role": "none"
      }
    },
    {
      "type": "Feature",
      "geometry": {
        "type": "Point",
        "coordinates": [
          500360.9567703694,
          6966092.77822841
        ]
      },
      "properties": {
        "junction_id": 39578,
        "veh_id": 11417,
        "sim_time_s": 4423.1,
        "tier": "track-section",
        "prearm_status": "",
        "focus_role": "none"
      }
    },
    {
      "type": "Feature",
      "geometry": {
        "type": "Point",
        "coordinates": [
          500888.5566744096,
          6964119.131017802
        ]
      },
      "properties": {
        "junction_id": 39590,
        "veh_id": 11401,
        "sim_time_s": 4425.8,
        "tier": "track-zone",
        "prearm_status": "",
        "focus_role": "none"
      }
    },
    {
      "type": "Feature",
      "geometry": {
        "type": "Point",
        "coordinates": [
          500008.45136880997,
          6966646.547420771
        ]
      },
      "properties": {
        "junction_id": 39569,
        "veh_id": 11438,
        "sim_time_s": 4425.8,
        "tier": "track-zone",
        "prearm_status": "",
        "focus_role": "none"
      }
    },
    {
      "type": "Feature",
      "geometry": {
        "type": "Point",
        "coordinates": [
          500731.1309828958,
          6964407.056505429
        ]
      },
      "properties": {
        "junction_id": 39606,
        "veh_id": 11394,
        "sim_time_s": 4427.1,
        "tier": "track-zone",
        "prearm_status": "",
        "focus_role": "none"
      }
    },
    {
      "type": "Feature",
      "geometry": {
        "type": "Point",
        "coordinates": [
          0.0,
          0.0
        ]
      },
      "properties": {
        "junction_id": 39606,
        "veh_id": 11401,
        "sim_time_s": 4429.8,
        "tier": "harmony-ins-local",
        "prearm_status": "action",
        "focus_role": "none"
      }
    },
    {
      "type": "Feature",
      "geometry": {
        "type": "Point",
        "coordinates": [
          500673.4535131733,
          6964519.757206162
        ]
      },
      "properties": {
        "junction_id": 36393,
        "veh_id": 11412,
        "sim_time_s": 4431.1,
        "tier": "track-zone",
        "prearm_status": "",
        "focus_role": "none"
      }
    },
    {
      "type": "Feature",
      "geometry": {
        "type": "Point",
        "coordinates": [
          0.0,
          0.0
        ]
      },
      "properties": {
        "junction_id": 1043762,
        "veh_id": 11439,
        "sim_time_s": 4431.1,
        "tier": "harmony-ins-local",
        "prearm_status": "action",
        "focus_role": "none"
      }
    },
    {
      "type": "Feature",
      "geometry": {
        "type": "Point",
        "coordinates": [
          500610.42936940445,
          6965403.875121026
        ]
      },
      "properties": {
        "junction_id": 39593,
        "veh_id": 11406,
        "sim_time_s": 4433.9,
        "tier": "track-zone",
        "prearm_status": "",
        "focus_role": "none"
      }
    },
    {
      "type": "Feature",
      "geometry": {
        "type": "Point",
        "coordinates": [
          500228.1293747194,
          6966240.665357778
        ]
      },
      "properties": {
        "junction_id": 39569,
        "veh_id": 11439,
        "sim_time_s": 4433.9,
        "tier": "track-zone",
        "prearm_status": "",
        "focus_role": "none"
      }
    },
    {
      "type": "Feature",
      "geometry": {
        "type": "Point",
        "coordinates": [
          499996.9962158859,
          6966674.652224344
        ]
      },
      "properties": {
        "junction_id": 39572,
        "veh_id": 11438,
        "sim_time_s": 4433.9,
        "tier": "IC-detect",
        "prearm_status": "",
        "focus_role": "none"
      }
    },
    {
      "type": "Feature",
      "geometry": {
        "type": "Point",
        "coordinates": [
          500228.1293747194,
          6966240.665357778
        ]
      },
      "properties": {
        "junction_id": 39569,
        "veh_id": 11439,
        "sim_time_s": 4434.3,
        "tier": "coord-prearm-harmony/SHOCKWAVE",
        "prearm_status": "fired",
        "focus_role": "none"
      }
    },
    {
      "type": "Feature",
      "geometry": {
        "type": "Point",
        "coordinates": [
          0.0,
          0.0
        ]
      },
      "properties": {
        "junction_id": 39569,
        "veh_id": 11439,
        "sim_time_s": 4434.8,
        "tier": "harmony-no-ge-local",
        "prearm_status": "skip",
        "focus_role": "none"
      }
    },
    {
      "type": "Feature",
      "geometry": {
        "type": "Point",
        "coordinates": [
          0.0,
          0.0
        ]
      },
      "properties": {
        "junction_id": 39590,
        "veh_id": 11394,
        "sim_time_s": 4435.2,
        "tier": "harmony-ins-local",
        "prearm_status": "action",
        "focus_role": "none"
      }
    },
    {
      "type": "Feature",
      "geometry": {
        "type": "Point",
        "coordinates": [
          500036.3928313657,
          6966611.793338994
        ]
      },
      "properties": {
        "junction_id": 39568,
        "veh_id": 11428,
        "sim_time_s": 4437.9,
        "tier": "track-zone",
        "prearm_status": "",
        "focus_role": "none"
      }
    },
    {
      "type": "Feature",
      "geometry": {
        "type": "Point",
        "coordinates": [
          499960.8104277897,
          6966787.916405334
        ]
      },
      "properties": {
        "junction_id": 38339,
        "veh_id": 11438,
        "sim_time_s": 4448.7,
        "tier": "track-zone",
        "prearm_status": "",
        "focus_role": "none"
      }
    },
    {
      "type": "Feature",
      "geometry": {
        "type": "Point",
        "coordinates": [
          0.0,
          0.0
        ]
      },
      "properties": {
        "junction_id": 39572,
        "veh_id": 11399,
        "sim_time_s": 4454.1,
        "tier": "harmony-ins-local",
        "prearm_status": "action",
        "focus_role": "none"
      }
    },
    {
      "type": "Feature",
      "geometry": {
        "type": "Point",
        "coordinates": [
          0.0,
          0.0
        ]
      },
      "properties": {
        "junction_id": 39578,
        "veh_id": 11417,
        "sim_time_s": 4455.4,
        "tier": "harmony-ins-local",
        "prearm_status": "action",
        "focus_role": "none"
      }
    },
    {
      "type": "Feature",
      "geometry": {
        "type": "Point",
        "coordinates": [
          500011.21945943,
          6966671.592782297
        ]
      },
      "properties": {
        "junction_id": 39569,
        "veh_id": 11399,
        "sim_time_s": 4456.8,
        "tier": "track-zone",
        "prearm_status": "",
        "focus_role": "none"
      }
    },
    {
      "type": "Feature",
      "geometry": {
        "type": "Point",
        "coordinates": [
          500529.87024525995,
          6965939.21934355
        ]
      },
      "properties": {
        "junction_id": 39576,
        "veh_id": 11417,
        "sim_time_s": 4456.8,
        "tier": "track-zone",
        "prearm_status": "",
        "focus_role": "none"
      }
    },
    {
      "type": "Feature",
      "geometry": {
        "type": "Point",
        "coordinates": [
          499994.4460212655,
          6967270.5704643335
        ]
      },
      "properties": {
        "junction_id": 38339,
        "veh_id": 11429,
        "sim_time_s": 4457.2,
        "tier": "IC-detect",
        "prearm_status": "",
        "focus_role": "none"
      }
    },
    {
      "type": "Feature",
      "geometry": {
        "type": "Point",
        "coordinates": [
          500648.9264319435,
          6965254.868408684
        ]
      },
      "properties": {
        "junction_id": 36385,
        "veh_id": 11406,
        "sim_time_s": 4463.6,
        "tier": "track-zone",
        "prearm_status": "",
        "focus_role": "none"
      }
    },
    {
      "type": "Feature",
      "geometry": {
        "type": "Point",
        "coordinates": [
          500080.5778267769,
          6966506.579888854
        ]
      },
      "properties": {
        "junction_id": 39572,
        "veh_id": 11428,
        "sim_time_s": 4466.2,
        "tier": "track-zone",
        "prearm_status": "",
        "focus_role": "none"
      }
    },
    {
      "type": "Feature",
      "geometry": {
        "type": "Point",
        "coordinates": [
          0.0,
          0.0
        ]
      },
      "properties": {
        "junction_id": 39593,
        "veh_id": 11406,
        "sim_time_s": 4474.4,
        "tier": "harmony-no-ge-local",
        "prearm_status": "skip",
        "focus_role": "none"
      }
    },
    {
      "type": "Feature",
      "geometry": {
        "type": "Point",
        "coordinates": [
          0.0,
          0.0
        ]
      },
      "properties": {
        "junction_id": 36393,
        "veh_id": 11412,
        "sim_time_s": 4475.7,
        "tier": "harmony-ge-local",
        "prearm_status": "action",
        "focus_role": "none"
      }
    },
    {
      "type": "Feature",
      "geometry": {
        "type": "Point",
        "coordinates": [
          0.0,
          0.0
        ]
      },
      "properties": {
        "junction_id": 39576,
        "veh_id": 11417,
        "sim_time_s": 4477.1,
        "tier": "harmony-ins-local",
        "prearm_status": "action",
        "focus_role": "none"
      }
    },
    {
      "type": "Feature",
      "geometry": {
        "type": "Point",
        "coordinates": [
          500679.14669139986,
          6964750.533300921
        ]
      },
      "properties": {
        "junction_id": 36385,
        "veh_id": 11412,
        "sim_time_s": 4478.9,
        "tier": "coord-prearm-harmony/SHOCKWAVE",
        "prearm_status": "fired",
        "focus_role": "none"
      }
    },
    {
      "type": "Feature",
      "geometry": {
        "type": "Point",
        "coordinates": [
          0.0,
          0.0
        ]
      },
      "properties": {
        "junction_id": 36385,
        "veh_id": 11412,
        "sim_time_s": 4479.3,
        "tier": "harmony-no-ge-local",
        "prearm_status": "skip",
        "focus_role": "none"
      }
    },
    {
      "type": "Feature",
      "geometry": {
        "type": "Point",
        "coordinates": [
          500036.3855108641,
          6966611.791815594
        ]
      },
      "properties": {
        "junction_id": 39568,
        "veh_id": 11399,
        "sim_time_s": 4482.4,
        "tier": "track-zone",
        "prearm_status": "",
        "focus_role": "none"
      }
    },
    {
      "type": "Feature",
      "geometry": {
        "type": "Point",
        "coordinates": [
          500193.3306249109,
          6965100.812686762
        ]
      },
      "properties": {
        "junction_id": 39593,
        "veh_id": 11408,
        "sim_time_s": 4483.4,
        "tier": "IC-detect",
        "prearm_status": "",
        "focus_role": "none"
      }
    },
    {
      "type": "Feature",
      "geometry": {
        "type": "Point",
        "coordinates": [
          500128.48249150324,
          6966437.284889167
        ]
      },
      "properties": {
        "junction_id": 1043762,
        "veh_id": 11428,
        "sim_time_s": 4483.8,
        "tier": "track-zone",
        "prearm_status": "",
        "focus_role": "none"
      }
    },
    {
      "type": "Feature",
      "geometry": {
        "type": "Point",
        "coordinates": [
          0.0,
          0.0
        ]
      },
      "properties": {
        "junction_id": 38339,
        "veh_id": 11438,
        "sim_time_s": 4483.8,
        "tier": "harmony-no-ge-local",
        "prearm_status": "skip",
        "focus_role": "none"
      }
    },
    {
      "type": "Feature",
      "geometry": {
        "type": "Point",
        "coordinates": [
          500674.8263502979,
          6964509.7245532395
        ]
      },
      "properties": {
        "junction_id": 36393,
        "veh_id": 11401,
        "sim_time_s": 4487.9,
        "tier": "track-zone",
        "prearm_status": "",
        "focus_role": "none"
      }
    },
    {
      "type": "Feature",
      "geometry": {
        "type": "Point",
        "coordinates": [
          500293.9444947927,
          6965084.817309987
        ]
      },
      "properties": {
        "junction_id": 36385,
        "veh_id": 11408,
        "sim_time_s": 4491.0,
        "tier": "IC-detect",
        "prearm_status": "",
        "focus_role": "none"
      }
    },
    {
      "type": "Feature",
      "geometry": {
        "type": "Point",
        "coordinates": [
          0.0,
          0.0
        ]
      },
      "properties": {
        "junction_id": 39606,
        "veh_id": 11394,
        "sim_time_s": 4493.2,
        "tier": "harmony-no-ge-local",
        "prearm_status": "skip",
        "focus_role": "none"
      }
    },
    {
      "type": "Feature",
      "geometry": {
        "type": "Point",
        "coordinates": [
          0.0,
          0.0
        ]
      },
      "properties": {
        "junction_id": 1043762,
        "veh_id": 11428,
        "sim_time_s": 4497.3,
        "tier": "harmony-ins-local",
        "prearm_status": "action",
        "focus_role": "none"
      }
    }
  ]
}