{
  "type": "FeatureCollection",
  "features": [
    {
      "type": "Feature",
      "geometry": {
        "type": "Point",
        "coordinates": [
          500949.05099526537,
          6964042.774652999
        ]
      },
      "properties": {
        "junction_id": 39606,
        "veh_id": 11573,
        "sim_time_s": 0.5,
        "tier": "track-section"
      }
    },
    {
      "type": "Feature",
      "geometry": {
        "type": "Point",
        "coordinates": [
          500949.05099526537,
          6964042.774652999
        ]
      },
      "properties": {
        "junction_id": 39590,
        "veh_id": 11573,
        "sim_time_s": 0.5,
        "tier": "IC-detect"
      }
    },
    {
      "type": "Feature",
      "geometry": {
        "type": "Point",
        "coordinates": [
          500135.181270669,
          6965615.371521625
        ]
      },
      "properties": {
        "junction_id": 39587,
        "veh_id": 11545,
        "sim_time_s": 0.5,
        "tier": "IC-detect"
      }
    },
    {
      "type": "Feature",
      "geometry": {
        "type": "Point",
        "coordinates": [
          500135.181270669,
          6965615.371521625
        ]
      },
      "properties": {
        "junction_id": 39576,
        "veh_id": 11545,
        "sim_time_s": 0.5,
        "tier": "IC-detect"
      }
    },
    {
      "type": "Feature",
      "geometry": {
        "type": "Point",
        "coordinates": [
          500149.9827000172,
          6965617.804151733
        ]
      },
      "properties": {
        "junction_id": 39578,
        "veh_id": 11545,
        "sim_time_s": 1.4,
        "tier": "IC-detect"
      }
    },
    {
      "type": "Feature",
      "geometry": {
        "type": "Point",
        "coordinates": [
          500084.01474659465,
          6967501.832205719
        ]
      },
      "properties": {
        "junction_id": 38339,
        "veh_id": 11563,
        "sim_time_s": 3.6,
        "tier": "IC-detect"
      }
    },
    {
      "type": "Feature",
      "geometry": {
        "type": "Point",
        "coordinates": [
          500774.1867469939,
          6964266.503191629
        ]
      },
      "properties": {
        "junction_id": 36393,
        "veh_id": 11573,
        "sim_time_s": 18.9,
        "tier": "IC-detect"
      }
    },
    {
      "type": "Feature",
      "geometry": {
        "type": "Point",
        "coordinates": [
          499518.6267495349,
          6966649.137813559
        ]
      },
      "properties": {
        "junction_id": 39572,
        "veh_id": 11538,
        "sim_time_s": 30.1,
        "tier": "IC-detect"
      }
    },
    {
      "type": "Feature",
      "geometry": {
        "type": "Point",
        "coordinates": [
          499641.308945696,
          6966628.503760569
        ]
      },
      "properties": {
        "junction_id": 39569,
        "veh_id": 11538,
        "sim_time_s": 38.2,
        "tier": "IC-detect"
      }
    },
    {
      "type": "Feature",
      "geometry": {
        "type": "Point",
        "coordinates": [
          499654.58339546877,
          6966627.056014069
        ]
      },
      "properties": {
        "junction_id": 38339,
        "veh_id": 11538,
        "sim_time_s": 39.1,
        "tier": "IC-detect"
      }
    },
    {
      "type": "Feature",
      "geometry": {
        "type": "Point",
        "coordinates": [
          499972.70390326175,
          6967146.751308697
        ]
      },
      "properties": {
        "junction_id": 39572,
        "veh_id": 11563,
        "sim_time_s": 68.4,
        "tier": "IC-detect"
      }
    },
    {
      "type": "Feature",
      "geometry": {
        "type": "Point",
        "coordinates": [
          500672.9262273065,
          6964524.465533502
        ]
      },
      "properties": {
        "junction_id": 36385,
        "veh_id": 11573,
        "sim_time_s": 85.0,
        "tier": "IC-detect"
      }
    },
    {
      "type": "Feature",
      "geometry": {
        "type": "Point",
        "coordinates": [
          499874.5561604529,
          6966550.6993303625
        ]
      },
      "properties": {
        "junction_id": 1043762,
        "veh_id": 11538,
        "sim_time_s": 88.2,
        "tier": "IC-detect"
      }
    },
    {
      "type": "Feature",
      "geometry": {
        "type": "Point",
        "coordinates": [
          500676.529973523,
          6964679.324312325
        ]
      },
      "properties": {
        "junction_id": 39593,
        "veh_id": 11573,
        "sim_time_s": 94.5,
        "tier": "IC-detect"
      }
    },
    {
      "type": "Feature",
      "geometry": {
        "type": "Point",
        "coordinates": [
          500209.5354867179,
          6966308.485360998
        ]
      },
      "properties": {
        "junction_id": 39578,
        "veh_id": 11538,
        "sim_time_s": 116.5,
        "tier": "IC-detect"
      }
    },
    {
      "type": "Feature",
      "geometry": {
        "type": "Point",
        "coordinates": [
          500472.5969160754,
          6965699.797473562
        ]
      },
      "properties": {
        "junction_id": 39587,
        "veh_id": 11545,
        "sim_time_s": 120.6,
        "tier": "IC-detect"
      }
    },
    {
      "type": "Feature",
      "geometry": {
        "type": "Point",
        "coordinates": [
          500472.5969160754,
          6965699.797473562
        ]
      },
      "properties": {
        "junction_id": 39576,
        "veh_id": 11545,
        "sim_time_s": 120.6,
        "tier": "IC-detect"
      }
    },
    {
      "type": "Feature",
      "geometry": {
        "type": "Point",
        "coordinates": [
          500472.5969160754,
          6965699.797473562
        ]
      },
      "properties": {
        "junction_id": 39578,
        "veh_id": 11545,
        "sim_time_s": 121.5,
        "tier": "IC-detect"
      }
    },
    {
      "type": "Feature",
      "geometry": {
        "type": "Point",
        "coordinates": [
          499959.3826176822,
          6967058.998362451
        ]
      },
      "properties": {
        "junction_id": 38339,
        "veh_id": 11563,
        "sim_time_s": 123.8,
        "tier": "IC-detect"
      }
    },
    {
      "type": "Feature",
      "geometry": {
        "type": "Point",
        "coordinates": [
          500309.39493189554,
          6966152.785969451
        ]
      },
      "properties": {
        "junction_id": 39576,
        "veh_id": 11538,
        "sim_time_s": 128.7,
        "tier": "IC-detect"
      }
    },
    {
      "type": "Feature",
      "geometry": {
        "type": "Point",
        "coordinates": [
          499963.87673216104,
          6966923.828330128
        ]
      },
      "properties": {
        "junction_id": 39569,
        "veh_id": 11563,
        "sim_time_s": 137.7,
        "tier": "IC-detect"
      }
    },
    {
      "type": "Feature",
      "geometry": {
        "type": "Point",
        "coordinates": [
          500705.14525285084,
          6964955.194692433
        ]
      },
      "properties": {
        "junction_id": 36393,
        "veh_id": 11573,
        "sim_time_s": 139.1,
        "tier": "IC-detect"
      }
    },
    {
      "type": "Feature",
      "geometry": {
        "type": "Point",
        "coordinates": [
          500513.38102780964,
          6965963.513012725
        ]
      },
      "properties": {
        "junction_id": 39587,
        "veh_id": 11538,
        "sim_time_s": 146.7,
        "tier": "IC-detect"
      }
    },
    {
      "type": "Feature",
      "geometry": {
        "type": "Point",
        "coordinates": [
          500707.150266027,
          6964986.71493037
        ]
      },
      "properties": {
        "junction_id": 39587,
        "veh_id": 11573,
        "sim_time_s": 158.4,
        "tier": "IC-detect"
      }
    },
    {
      "type": "Feature",
      "geometry": {
        "type": "Point",
        "coordinates": [
          500519.6138229549,
          6965645.196005625
        ]
      },
      "properties": {
        "junction_id": 39593,
        "veh_id": 11545,
        "sim_time_s": 170.1,
        "tier": "IC-detect"
      }
    },
    {
      "type": "Feature",
      "geometry": {
        "type": "Point",
        "coordinates": [
          500013.51189492986,
          6966665.293708331
        ]
      },
      "properties": {
        "junction_id": 1043762,
        "veh_id": 11563,
        "sim_time_s": 170.6,
        "tier": "IC-detect"
      }
    },
    {
      "type": "Feature",
      "geometry": {
        "type": "Point",
        "coordinates": [
          500644.27296644036,
          6965222.459511733
        ]
      },
      "properties": {
        "junction_id": 39576,
        "veh_id": 11573,
        "sim_time_s": 177.3,
        "tier": "IC-detect"
      }
    },
    {
      "type": "Feature",
      "geometry": {
        "type": "Point",
        "coordinates": [
          500578.852813429,
          6965500.271709441
        ]
      },
      "properties": {
        "junction_id": 36385,
        "veh_id": 11545,
        "sim_time_s": 183.6,
        "tier": "IC-detect"
      }
    },
    {
      "type": "Feature",
      "geometry": {
        "type": "Point",
        "coordinates": [
          500036.11990953924,
          6966611.790984587
        ]
      },
      "properties": {
        "junction_id": 39572,
        "veh_id": 11563,
        "sim_time_s": 188.6,
        "tier": "IC-detect"
      }
    },
    {
      "type": "Feature",
      "geometry": {
        "type": "Point",
        "coordinates": [
          500580.2099571731,
          6965435.379064417
        ]
      },
      "properties": {
        "junction_id": 39578,
        "veh_id": 11573,
        "sim_time_s": 191.7,
        "tier": "IC-detect"
      }
    },
    {
      "type": "Feature",
      "geometry": {
        "type": "Point",
        "coordinates": [
          500519.034195813,
          6965647.404337149
        ]
      },
      "properties": {
        "junction_id": 39593,
        "veh_id": 11538,
        "sim_time_s": 216.9,
        "tier": "IC-detect"
      }
    },
    {
      "type": "Feature",
      "geometry": {
        "type": "Point",
        "coordinates": [
          500651.05943379103,
          6965250.159858701
        ]
      },
      "properties": {
        "junction_id": 36393,
        "veh_id": 11545,
        "sim_time_s": 227.7,
        "tier": "IC-detect"
      }
    },
    {
      "type": "Feature",
      "geometry": {
        "type": "Point",
        "coordinates": [
          500578.48374453234,
          6965501.6411055615
        ]
      },
      "properties": {
        "junction_id": 36385,
        "veh_id": 11538,
        "sim_time_s": 235.8,
        "tier": "IC-detect"
      }
    },
    {
      "type": "Feature",
      "geometry": {
        "type": "Point",
        "coordinates": [
          500578.78974612866,
          6965500.787991675
        ]
      },
      "properties": {
        "junction_id": 39578,
        "veh_id": 11538,
        "sim_time_s": 236.7,
        "tier": "IC-detect"
      }
    },
    {
      "type": "Feature",
      "geometry": {
        "type": "Point",
        "coordinates": [
          500717.92945322854,
          6965062.745384515
        ]
      },
      "properties": {
        "junction_id": 39587,
        "veh_id": 11545,
        "sim_time_s": 240.8,
        "tier": "IC-detect"
      }
    },
    {
      "type": "Feature",
      "geometry": {
        "type": "Point",
        "coordinates": [
          500498.8373241197,
          6965797.181618221
        ]
      },
      "properties": {
        "junction_id": 1043762,
        "veh_id": 11573,
        "sim_time_s": 247.5,
        "tier": "IC-detect"
      }
    },
    {
      "type": "Feature",
      "geometry": {
        "type": "Point",
        "coordinates": [
          500581.01042381854,
          6965494.596876992
        ]
      },
      "properties": {
        "junction_id": 39576,
        "veh_id": 11538,
        "sim_time_s": 248.8,
        "tier": "IC-detect"
      }
    },
    {
      "type": "Feature",
      "geometry": {
        "type": "Point",
        "coordinates": [
          500096.4574464639,
          6966479.831875989
        ]
      },
      "properties": {
        "junction_id": 39569,
        "veh_id": 11563,
        "sim_time_s": 257.9,
        "tier": "IC-detect"
      }
    },
    {
      "type": "Feature",
      "geometry": {
        "type": "Point",
        "coordinates": [
          500635.97301842034,
          6965293.549584992
        ]
      },
      "properties": {
        "junction_id": 39587,
        "veh_id": 11538,
        "sim_time_s": 266.9,
        "tier": "IC-detect"
      }
    },
    {
      "type": "Feature",
      "geometry": {
        "type": "Point",
        "coordinates": [
          500649.6707578395,
          6965253.671965953
        ]
      },
      "properties": {
        "junction_id": 36393,
        "veh_id": 11538,
        "sim_time_s": 268.6,
        "tier": "IC-detect"
      }
    },
    {
      "type": "Feature",
      "geometry": {
        "type": "Point",
        "coordinates": [
          500394.70598661096,
          6966046.514200218
        ]
      },
      "properties": {
        "junction_id": 39569,
        "veh_id": 11573,
        "sim_time_s": 268.6,
        "tier": "IC-detect"
      }
    },
    {
      "type": "Feature",
      "geometry": {
        "type": "Point",
        "coordinates": [
          500211.5601756059,
          6966304.659068793
        ]
      },
      "properties": {
        "junction_id": 39578,
        "veh_id": 11563,
        "sim_time_s": 283.9,
        "tier": "IC-detect"
      }
    },
    {
      "type": "Feature",
      "geometry": {
        "type": "Point",
        "coordinates": [
          500722.99892595154,
          6965038.516921481
        ]
      },
      "properties": {
        "junction_id": 39593,
        "veh_id": 11545,
        "sim_time_s": 290.2,
        "tier": "IC-detect"
      }
    },
    {
      "type": "Feature",
      "geometry": {
        "type": "Point",
        "coordinates": [
          500224.55474724266,
          6966282.517062975
        ]
      },
      "properties": {
        "junction_id": 1043762,
        "veh_id": 11563,
        "sim_time_s": 290.7,
        "tier": "IC-detect"
      }
    },
    {
      "type": "Feature",
      "geometry": {
        "type": "Point",
        "coordinates": [
          500945.67046802037,
          6964036.799411514
        ]
      },
      "properties": {
        "junction_id": 39606,
        "veh_id": 11552,
        "sim_time_s": 300.1,
        "tier": "IC-detect"
      }
    },
    {
      "type": "Feature",
      "geometry": {
        "type": "Point",
        "coordinates": [
          500945.67046802037,
          6964036.799411514
        ]
      },
      "properties": {
        "junction_id": 39590,
        "veh_id": 11552,
        "sim_time_s": 300.1,
        "tier": "IC-detect"
      }
    },
    {
      "type": "Feature",
      "geometry": {
        "type": "Point",
        "coordinates": [
          500704.14849469636,
          6964857.167348936
        ]
      },
      "properties": {
        "junction_id": 36385,
        "veh_id": 11545,
        "sim_time_s": 303.8,
        "tier": "IC-detect"
      }
    },
    {
      "type": "Feature",
      "geometry": {
        "type": "Point",
        "coordinates": [
          500247.5181762776,
          6966213.831175901
        ]
      },
      "properties": {
        "junction_id": 39572,
        "veh_id": 11573,
        "sim_time_s": 304.6,
        "tier": "IC-detect"
      }
    },
    {
      "type": "Feature",
      "geometry": {
        "type": "Point",
        "coordinates": [
          500699.1439550404,
          6964812.42399669
        ]
      },
      "properties": {
        "junction_id": 39590,
        "veh_id": 11545,
        "sim_time_s": 307.8,
        "tier": "IC-detect"
      }
    },
    {
      "type": "Feature",
      "geometry": {
        "type": "Point",
        "coordinates": [
          500235.6101978973,
          6966263.101563159
        ]
      },
      "properties": {
        "junction_id": 39572,
        "veh_id": 11563,
        "sim_time_s": 308.7,
        "tier": "IC-detect"
      }
    },
    {
      "type": "Feature",
      "geometry": {
        "type": "Point",
        "coordinates": [
          500196.8238660289,
          6966297.0418094
        ]
      },
      "properties": {
        "junction_id": 39578,
        "veh_id": 11573,
        "sim_time_s": 311.9,
        "tier": "IC-detect"
      }
    },
    {
      "type": "Feature",
      "geometry": {
        "type": "Point",
        "coordinates": [
          499517.98841592675,
          6966652.267301873
        ]
      },
      "properties": {
        "junction_id": 39572,
        "veh_id": 11531,
        "sim_time_s": 313.6,
        "tier": "IC-detect"
      }
    },
    {
      "type": "Feature",
      "geometry": {
        "type": "Point",
        "coordinates": [
          499642.98843276384,
          6966628.1485934025
        ]
      },
      "properties": {
        "junction_id": 39569,
        "veh_id": 11531,
        "sim_time_s": 321.3,
        "tier": "IC-detect"
      }
    },
    {
      "type": "Feature",
      "geometry": {
        "type": "Point",
        "coordinates": [
          499650.4474629818,
          6966627.383688205
        ]
      },
      "properties": {
        "junction_id": 38339,
        "veh_id": 11531,
        "sim_time_s": 321.8,
        "tier": "IC-detect"
      }
    },
    {
      "type": "Feature",
      "geometry": {
        "type": "Point",
        "coordinates": [
          500310.45980182604,
          6966151.008768415
        ]
      },
      "properties": {
        "junction_id": 39576,
        "veh_id": 11563,
        "sim_time_s": 322.2,
        "tier": "IC-detect"
      }
    },
    {
      "type": "Feature",
      "geometry": {
        "type": "Point",
        "coordinates": [
          500055.27665414376,
          6966540.590619949
        ]
      },
      "properties": {
        "junction_id": 38339,
        "veh_id": 11573,
        "sim_time_s": 329.9,
        "tier": "IC-detect"
      }
    },
    {
      "type": "Feature",
      "geometry": {
        "type": "Point",
        "coordinates": [
          500727.454649837,
          6965016.846133495
        ]
      },
      "properties": {
        "junction_id": 39593,
        "veh_id": 11538,
        "sim_time_s": 337.1,
        "tier": "IC-detect"
      }
    },
    {
      "type": "Feature",
      "geometry": {
        "type": "Point",
        "coordinates": [
          500515.2146074669,
          6965961.256973432
        ]
      },
      "properties": {
        "junction_id": 39587,
        "veh_id": 11563,
        "sim_time_s": 341.1,
        "tier": "IC-detect"
      }
    },
    {
      "type": "Feature",
      "geometry": {
        "type": "Point",
        "coordinates": [
          499872.8092620409,
          6966551.3149634
        ]
      },
      "properties": {
        "junction_id": 1043762,
        "veh_id": 11531,
        "sim_time_s": 344.7,
        "tier": "IC-detect"
      }
    },
    {
      "type": "Feature",
      "geometry": {
        "type": "Point",
        "coordinates": [
          500696.81944240065,
          6964684.855193311
        ]
      },
      "properties": {
        "junction_id": 36393,
        "veh_id": 11545,
        "sim_time_s": 347.9,
        "tier": "IC-detect"
      }
    },
    {
      "type": "Feature",
      "geometry": {
        "type": "Point",
        "coordinates": [
          500692.9548586016,
          6964664.914626628
        ]
      },
      "properties": {
        "junction_id": 39606,
        "veh_id": 11545,
        "sim_time_s": 349.6,
        "tier": "IC-detect"
      }
    },
    {
      "type": "Feature",
      "geometry": {
        "type": "Point",
        "coordinates": [
          500699.2648900265,
          6964812.5907135485
        ]
      },
      "properties": {
        "junction_id": 39590,
        "veh_id": 11538,
        "sim_time_s": 354.1,
        "tier": "IC-detect"
      }
    },
    {
      "type": "Feature",
      "geometry": {
        "type": "Point",
        "coordinates": [
          500773.97304130084,
          6964266.770462579
        ]
      },
      "properties": {
        "junction_id": 36393,
        "veh_id": 11552,
        "sim_time_s": 354.6,
        "tier": "IC-detect"
      }
    },
    {
      "type": "Feature",
      "geometry": {
        "type": "Point",
        "coordinates": [
          500698.71190414525,
          6964838.681962704
        ]
      },
      "properties": {
        "junction_id": 36385,
        "veh_id": 11538,
        "sim_time_s": 355.9,
        "tier": "IC-detect"
      }
    },
    {
      "type": "Feature",
      "geometry": {
        "type": "Point",
        "coordinates": [
          500017.4564294455,
          6966617.982610656
        ]
      },
      "properties": {
        "junction_id": 1043762,
        "veh_id": 11573,
        "sim_time_s": 367.6,
        "tier": "IC-detect"
      }
    },
    {
      "type": "Feature",
      "geometry": {
        "type": "Point",
        "coordinates": [
          500693.2721504922,
          6964668.17901316
        ]
      },
      "properties": {
        "junction_id": 39606,
        "veh_id": 11538,
        "sim_time_s": 369.4,
        "tier": "IC-detect"
      }
    },
    {
      "type": "Feature",
      "geometry": {
        "type": "Point",
        "coordinates": [
          500209.9958340643,
          6966301.454367418
        ]
      },
      "properties": {
        "junction_id": 39578,
        "veh_id": 11531,
        "sim_time_s": 375.3,
        "tier": "IC-detect"
      }
    },
    {
      "type": "Feature",
      "geometry": {
        "type": "Point",
        "coordinates": [
          499516.11596848787,
          6966652.920581126
        ]
      },
      "properties": {
        "junction_id": 39572,
        "veh_id": 11556,
        "sim_time_s": 375.3,
        "tier": "IC-detect"
      }
    },
    {
      "type": "Feature",
      "geometry": {
        "type": "Point",
        "coordinates": [
          500307.3130255589,
          6966150.252634557
        ]
      },
      "properties": {
        "junction_id": 39576,
        "veh_id": 11531,
        "sim_time_s": 387.0,
        "tier": "IC-detect"
      }
    },
    {
      "type": "Feature",
      "geometry": {
        "type": "Point",
        "coordinates": [
          500731.4858347767,
          6964406.306969976
        ]
      },
      "properties": {
        "junction_id": 36393,
        "veh_id": 11538,
        "sim_time_s": 388.8,
        "tier": "IC-detect"
      }
    },
    {
      "type": "Feature",
      "geometry": {
        "type": "Point",
        "coordinates": [
          500013.0808543001,
          6966635.2318115495
        ]
      },
      "properties": {
        "junction_id": 39569,
        "veh_id": 11573,
        "sim_time_s": 388.8,
        "tier": "IC-detect"
      }
    },
    {
      "type": "Feature",
      "geometry": {
        "type": "Point",
        "coordinates": [
          500672.74730564485,
          6964525.4717692025
        ]
      },
      "properties": {
        "junction_id": 36385,
        "veh_id": 11552,
        "sim_time_s": 399.1,
        "tier": "IC-detect"
      }
    },
    {
      "type": "Feature",
      "geometry": {
        "type": "Point",
        "coordinates": [
          500512.1119068526,
          6965718.844681782
        ]
      },
      "properties": {
        "junction_id": 39578,
        "veh_id": 11563,
        "sim_time_s": 404.1,
        "tier": "IC-detect"
      }
    },
    {
      "type": "Feature",
      "geometry": {
        "type": "Point",
        "coordinates": [
          499643.5427439598,
          6966628.298884363
        ]
      },
      "properties": {
        "junction_id": 39569,
        "veh_id": 11556,
        "sim_time_s": 419.9,
        "tier": "IC-detect"
      }
    },
    {
      "type": "Feature",
      "geometry": {
        "type": "Point",
        "coordinates": [
          500675.7757483399,
          6964660.702201816
        ]
      },
      "properties": {
        "junction_id": 39606,
        "veh_id": 11552,
        "sim_time_s": 420.3,
        "tier": "IC-detect"
      }
    },
    {
      "type": "Feature",
      "geometry": {
        "type": "Point",
        "coordinates": [
          500675.7757483399,
          6964660.702201816
        ]
      },
      "properties": {
        "junction_id": 39590,
        "veh_id": 11552,
        "sim_time_s": 420.3,
        "tier": "IC-detect"
      }
    },
    {
      "type": "Feature",
      "geometry": {
        "type": "Point",
        "coordinates": [
          499650.5739972124,
          6966627.575029405
        ]
      },
      "properties": {
        "junction_id": 38339,
        "veh_id": 11556,
        "sim_time_s": 420.3,
        "tier": "IC-detect"
      }
    },
    {
      "type": "Feature",
      "geometry": {
        "type": "Point",
        "coordinates": [
          499941.57562368637,
          6966993.813319739
        ]
      },
      "properties": {
        "junction_id": 39572,
        "veh_id": 11573,
        "sim_time_s": 424.8,
        "tier": "IC-detect"
      }
    },
    {
      "type": "Feature",
      "geometry": {
        "type": "Point",
        "coordinates": [
          500753.1914031221,
          6964351.605446268
        ]
      },
      "properties": {
        "junction_id": 39590,
        "veh_id": 11545,
        "sim_time_s": 427.9,
        "tier": "IC-detect"
      }
    },
    {
      "type": "Feature",
      "geometry": {
        "type": "Point",
        "coordinates": [
          500676.47308222105,
          6964679.210212888
        ]
      },
      "properties": {
        "junction_id": 39593,
        "veh_id": 11552,
        "sim_time_s": 434.7,
        "tier": "IC-detect"
      }
    },
    {
      "type": "Feature",
      "geometry": {
        "type": "Point",
        "coordinates": [
          500509.183606475,
          6965963.251352829
        ]
      },
      "properties": {
        "junction_id": 39587,
        "veh_id": 11531,
        "sim_time_s": 436.1,
        "tier": "IC-detect"
      }
    },
    {
      "type": "Feature",
      "geometry": {
        "type": "Point",
        "coordinates": [
          500512.1212316301,
          6965718.251896184
        ]
      },
      "properties": {
        "junction_id": 39576,
        "veh_id": 11563,
        "sim_time_s": 442.4,
        "tier": "IC-detect"
      }
    },
    {
      "type": "Feature",
      "geometry": {
        "type": "Point",
        "coordinates": [
          500952.09229130344,
          6964037.796872752
        ]
      },
      "properties": {
        "junction_id": 39606,
        "veh_id": 11574,
        "sim_time_s": 450.0,
        "tier": "IC-detect"
      }
    },
    {
      "type": "Feature",
      "geometry": {
        "type": "Point",
        "coordinates": [
          500952.09229130344,
          6964037.796872752
        ]
      },
      "properties": {
        "junction_id": 39590,
        "veh_id": 11574,
        "sim_time_s": 450.0,
        "tier": "IC-detect"
      }
    },
    {
      "type": "Feature",
      "geometry": {
        "type": "Point",
        "coordinates": [
          499940.8216402943,
          6967002.838666988
        ]
      },
      "properties": {
        "junction_id": 38339,
        "veh_id": 11573,
        "sim_time_s": 450.0,
        "tier": "IC-detect"
      }
    },
    {
      "type": "Feature",
      "geometry": {
        "type": "Point",
        "coordinates": [
          500519.651026746,
          6965644.78960685
        ]
      },
      "properties": {
        "junction_id": 39593,
        "veh_id": 11563,
        "sim_time_s": 450.4,
        "tier": "IC-detect"
      }
    },
    {
      "type": "Feature",
      "geometry": {
        "type": "Point",
        "coordinates": [
          500087.97191681445,
          6967506.11806405
        ]
      },
      "properties": {
        "junction_id": 38339,
        "veh_id": 11564,
        "sim_time_s": 453.1,
        "tier": "IC-detect"
      }
    },
    {
      "type": "Feature",
      "geometry": {
        "type": "Point",
        "coordinates": [
          500569.4138550019,
          6965526.322663401
        ]
      },
      "properties": {
        "junction_id": 39587,
        "veh_id": 11563,
        "sim_time_s": 461.2,
        "tier": "IC-detect"
      }
    },
    {
      "type": "Feature",
      "geometry": {
        "type": "Point",
        "coordinates": [
          500578.2240912689,
          6965501.760259157
        ]
      },
      "properties": {
        "junction_id": 36385,
        "veh_id": 11563,
        "sim_time_s": 461.7,
        "tier": "IC-detect"
      }
    },
    {
      "type": "Feature",
      "geometry": {
        "type": "Point",
        "coordinates": [
          500791.42145756906,
          6964276.175162773
        ]
      },
      "properties": {
        "junction_id": 36393,
        "veh_id": 11545,
        "sim_time_s": 468.0,
        "tier": "IC-detect"
      }
    },
    {
      "type": "Feature",
      "geometry": {
        "type": "Point",
        "coordinates": [
          500769.06868746615,
          6964316.551244415
        ]
      },
      "properties": {
        "junction_id": 39606,
        "veh_id": 11545,
        "sim_time_s": 469.8,
        "tier": "IC-detect"
      }
    },
    {
      "type": "Feature",
      "geometry": {
        "type": "Point",
        "coordinates": [
          499870.9408605365,
          6966552.411261402
        ]
      },
      "properties": {
        "junction_id": 1043762,
        "veh_id": 11556,
        "sim_time_s": 472.1,
        "tier": "IC-detect"
      }
    },
    {
      "type": "Feature",
      "geometry": {
        "type": "Point",
        "coordinates": [
          500515.9651780705,
          6965646.564336588
        ]
      },
      "properties": {
        "junction_id": 39593,
        "veh_id": 11531,
        "sim_time_s": 473.9,
        "tier": "IC-detect"
      }
    },
    {
      "type": "Feature",
      "geometry": {
        "type": "Point",
        "coordinates": [
          500678.5354708691,
          6964822.707069332
        ]
      },
      "properties": {
        "junction_id": 36393,
        "veh_id": 11552,
        "sim_time_s": 474.8,
        "tier": "IC-detect"
      }
    },
    {
      "type": "Feature",
      "geometry": {
        "type": "Point",
        "coordinates": [
          500774.1690976877,
          6964266.533941974
        ]
      },
      "properties": {
        "junction_id": 36393,
        "veh_id": 11574,
        "sim_time_s": 481.1,
        "tier": "IC-detect"
      }
    },
    {
      "type": "Feature",
      "geometry": {
        "type": "Point",
        "coordinates": [
          500564.09224074316,
          6965523.454658053
        ]
      },
      "properties": {
        "junction_id": 39578,
        "veh_id": 11531,
        "sim_time_s": 495.4,
        "tier": "IC-detect"
      }
    },
    {
      "type": "Feature",
      "geometry": {
        "type": "Point",
        "coordinates": [
          500043.3250045591,
          6966470.4948935285
        ]
      },
      "properties": {
        "junction_id": 39572,
        "veh_id": 11556,
        "sim_time_s": 495.4,
        "tier": "IC-detect"
      }
    },
    {
      "type": "Feature",
      "geometry": {
        "type": "Point",
        "coordinates": [
          500649.4406621197,
          6965253.689966355
        ]
      },
      "properties": {
        "junction_id": 36393,
        "veh_id": 11563,
        "sim_time_s": 499.9,
        "tier": "IC-detect"
      }
    },
    {
      "type": "Feature",
      "geometry": {
        "type": "Point",
        "coordinates": [
          500573.51534028654,
          6965497.183628174
        ]
      },
      "properties": {
        "junction_id": 36385,
        "veh_id": 11531,
        "sim_time_s": 499.9,
        "tier": "IC-detect"
      }
    },
    {
      "type": "Feature",
      "geometry": {
        "type": "Point",
        "coordinates": [
          499461.8203094985,
          6967098.302397873
        ]
      },
      "properties": {
        "junction_id": 38339,
        "veh_id": 11540,
        "sim_time_s": 506.7,
        "tier": "IC-detect"
      }
    },
    {
      "type": "Feature",
      "geometry": {
        "type": "Point",
        "coordinates": [
          500584.77991266263,
          6965464.812606127
        ]
      },
      "properties": {
        "junction_id": 39576,
        "veh_id": 11531,
        "sim_time_s": 507.1,
        "tier": "IC-detect"
      }
    },
    {
      "type": "Feature",
      "geometry": {
        "type": "Point",
        "coordinates": [
          499972.97758235206,
          6967146.70192702
        ]
      },
      "properties": {
        "junction_id": 39572,
        "veh_id": 11564,
        "sim_time_s": 516.1,
        "tier": "IC-detect"
      }
    },
    {
      "type": "Feature",
      "geometry": {
        "type": "Point",
        "coordinates": [
          500643.09078730637,
          6965253.320604643
        ]
      },
      "properties": {
        "junction_id": 36393,
        "veh_id": 11531,
        "sim_time_s": 517.0,
        "tier": "IC-detect"
      }
    },
    {
      "type": "Feature",
      "geometry": {
        "type": "Point",
        "coordinates": [
          500705.09364095266,
          6964955.205304448
        ]
      },
      "properties": {
        "junction_id": 36385,
        "veh_id": 11552,
        "sim_time_s": 519.3,
        "tier": "IC-detect"
      }
    },
    {
      "type": "Feature",
      "geometry": {
        "type": "Point",
        "coordinates": [
          500672.9272246808,
          6964524.457362647
        ]
      },
      "properties": {
        "junction_id": 36385,
        "veh_id": 11574,
        "sim_time_s": 527.0,
        "tier": "IC-detect"
      }
    },
    {
      "type": "Feature",
      "geometry": {
        "type": "Point",
        "coordinates": [
          500679.5243845372,
          6964679.120182343
        ]
      },
      "properties": {
        "junction_id": 39593,
        "veh_id": 11574,
        "sim_time_s": 537.8,
        "tier": "IC-detect"
      }
    },
    {
      "type": "Feature",
      "geometry": {
        "type": "Point",
        "coordinates": [
          500063.58155142923,
          6966461.848046601
        ]
      },
      "properties": {
        "junction_id": 39569,
        "veh_id": 11556,
        "sim_time_s": 540.0,
        "tier": "IC-detect"
      }
    },
    {
      "type": "Feature",
      "geometry": {
        "type": "Point",
        "coordinates": [
          500706.7296761799,
          6964978.6417061435
        ]
      },
      "properties": {
        "junction_id": 39593,
        "veh_id": 11552,
        "sim_time_s": 554.9,
        "tier": "IC-detect"
      }
    },
    {
      "type": "Feature",
      "geometry": {
        "type": "Point",
        "coordinates": [
          500665.2759520315,
          6965206.287183395
        ]
      },
      "properties": {
        "junction_id": 39587,
        "veh_id": 11531,
        "sim_time_s": 556.2,
        "tier": "IC-detect"
      }
    },
    {
      "type": "Feature",
      "geometry": {
        "type": "Point",
        "coordinates": [
          499726.09856247006,
          6967059.194570248
        ]
      },
      "properties": {
        "junction_id": 39572,
        "veh_id": 11540,
        "sim_time_s": 557.5,
        "tier": "IC-detect"
      }
    },
    {
      "type": "Feature",
      "geometry": {
        "type": "Point",
        "coordinates": [
          500707.150126998,
          6964988.192325194
        ]
      },
      "properties": {
        "junction_id": 39587,
        "veh_id": 11552,
        "sim_time_s": 565.6,
        "tier": "IC-detect"
      }
    },
    {
      "type": "Feature",
      "geometry": {
        "type": "Point",
        "coordinates": [
          500684.4136527141,
          6964729.207836251
        ]
      },
      "properties": {
        "junction_id": 39590,
        "veh_id": 11574,
        "sim_time_s": 570.1,
        "tier": "IC-detect"
      }
    },
    {
      "type": "Feature",
      "geometry": {
        "type": "Point",
        "coordinates": [
          500712.5476632643,
          6965096.222453415
        ]
      },
      "properties": {
        "junction_id": 39593,
        "veh_id": 11563,
        "sim_time_s": 570.6,
        "tier": "IC-detect"
      }
    },
    {
      "type": "Feature",
      "geometry": {
        "type": "Point",
        "coordinates": [
          499952.8578429737,
          6967032.529805922
        ]
      },
      "properties": {
        "junction_id": 38339,
        "veh_id": 11564,
        "sim_time_s": 573.3,
        "tier": "IC-detect"
      }
    },
    {
      "type": "Feature",
      "geometry": {
        "type": "Point",
        "coordinates": [
          499961.3320694955,
          6966921.279403885
        ]
      },
      "properties": {
        "junction_id": 39569,
        "veh_id": 11564,
        "sim_time_s": 581.0,
        "tier": "IC-detect"
      }
    },
    {
      "type": "Feature",
      "geometry": {
        "type": "Point",
        "coordinates": [
          500716.055516785,
          6965084.052454734
        ]
      },
      "properties": {
        "junction_id": 39587,
        "veh_id": 11563,
        "sim_time_s": 581.4,
        "tier": "IC-detect"
      }
    },
    {
      "type": "Feature",
      "geometry": {
        "type": "Point",
        "coordinates": [
          500716.0516046648,
          6965084.068250926
        ]
      },
      "properties": {
        "junction_id": 36385,
        "veh_id": 11563,
        "sim_time_s": 581.9,
        "tier": "IC-detect"
      }
    },
    {
      "type": "Feature",
      "geometry": {
        "type": "Point",
        "coordinates": [
          500152.3190635332,
          6966405.914067412
        ]
      },
      "properties": {
        "junction_id": 1043762,
        "veh_id": 11556,
        "sim_time_s": 592.2,
        "tier": "IC-detect"
      }
    },
    {
      "type": "Feature",
      "geometry": {
        "type": "Point",
        "coordinates": [
          500702.90549920016,
          6964867.421667964
        ]
      },
      "properties": {
        "junction_id": 39593,
        "veh_id": 11531,
        "sim_time_s": 594.0,
        "tier": "IC-detect"
      }
    },
    {
      "type": "Feature",
      "geometry": {
        "type": "Point",
        "coordinates": [
          500671.90925349796,
          6965146.579522034
        ]
      },
      "properties": {
        "junction_id": 36393,
        "veh_id": 11552,
        "sim_time_s": 594.9,
        "tier": "IC-detect"
      }
    },
    {
      "type": "Feature",
      "geometry": {
        "type": "Point",
        "coordinates": [
          500208.99975473207,
          6966309.436987436
        ]
      },
      "properties": {
        "junction_id": 39578,
        "veh_id": 11556,
        "sim_time_s": 597.1,
        "tier": "IC-detect"
      }
    },
    {
      "type": "Feature",
      "geometry": {
        "type": "Point",
        "coordinates": [
          500696.114859489,
          6964813.298920957
        ]
      },
      "properties": {
        "junction_id": 39590,
        "veh_id": 11531,
        "sim_time_s": 599.4,
        "tier": "IC-detect"
      }
    },
    {
      "type": "Feature",
      "geometry": {
        "type": "Point",
        "coordinates": [
          500644.14846911776,
          6965222.6501621455
        ]
      },
      "properties": {
        "junction_id": 39576,
        "veh_id": 11552,
        "sim_time_s": 599.9,
        "tier": "IC-detect"
      }
    },
    {
      "type": "Feature",
      "geometry": {
        "type": "Point",
        "coordinates": [
          500704.3419233907,
          6964949.088280146
        ]
      },
      "properties": {
        "junction_id": 36393,
        "veh_id": 11574,
        "sim_time_s": 601.2,
        "tier": "IC-detect"
      }
    },
    {
      "type": "Feature",
      "geometry": {
        "type": "Point",
        "coordinates": [
          500692.87766578776,
          6964664.726339889
        ]
      },
      "properties": {
        "junction_id": 39606,
        "veh_id": 11531,
        "sim_time_s": 614.7,
        "tier": "IC-detect"
      }
    },
    {
      "type": "Feature",
      "geometry": {
        "type": "Point",
        "coordinates": [
          500216.86209575395,
          6966296.13667454
        ]
      },
      "properties": {
        "junction_id": 39572,
        "veh_id": 11556,
        "sim_time_s": 615.6,
        "tier": "IC-detect"
      }
    },
    {
      "type": "Feature",
      "geometry": {
        "type": "Point",
        "coordinates": [
          500728.6983248774,
          6964987.963283127
        ]
      },
      "properties": {
        "junction_id": 36393,
        "veh_id": 11563,
        "sim_time_s": 620.1,
        "tier": "IC-detect"
      }
    },
    {
      "type": "Feature",
      "geometry": {
        "type": "Point",
        "coordinates": [
          500689.35881071957,
          6964585.336894022
        ]
      },
      "properties": {
        "junction_id": 36385,
        "veh_id": 11531,
        "sim_time_s": 620.1,
        "tier": "IC-detect"
      }
    },
    {
      "type": "Feature",
      "geometry": {
        "type": "Point",
        "coordinates": [
          499899.199917946,
          6967034.784051633
        ]
      },
      "properties": {
        "junction_id": 38339,
        "veh_id": 11540,
        "sim_time_s": 626.9,
        "tier": "IC-detect"
      }
    },
    {
      "type": "Feature",
      "geometry": {
        "type": "Point",
        "coordinates": [
          500707.22649836674,
          6964988.987243265
        ]
      },
      "properties": {
        "junction_id": 39587,
        "veh_id": 11574,
        "sim_time_s": 629.1,
        "tier": "IC-detect"
      }
    },
    {
      "type": "Feature",
      "geometry": {
        "type": "Point",
        "coordinates": [
          500012.410934491,
          6966668.6805965835
        ]
      },
      "properties": {
        "junction_id": 1043762,
        "veh_id": 11564,
        "sim_time_s": 631.4,
        "tier": "IC-detect"
      }
    },
    {
      "type": "Feature",
      "geometry": {
        "type": "Point",
        "coordinates": [
          500579.91248261055,
          6965436.190095107
        ]
      },
      "properties": {
        "junction_id": 39578,
        "veh_id": 11552,
        "sim_time_s": 633.6,
        "tier": "IC-detect"
      }
    },
    {
      "type": "Feature",
      "geometry": {
        "type": "Point",
        "coordinates": [
          500699.07426917495,
          6964812.843842374
        ]
      },
      "properties": {
        "junction_id": 39590,
        "veh_id": 11563,
        "sim_time_s": 634.5,
        "tier": "IC-detect"
      }
    },
    {
      "type": "Feature",
      "geometry": {
        "type": "Point",
        "coordinates": [
          500015.77097443497,
          6966660.859770638
        ]
      },
      "properties": {
        "junction_id": 39572,
        "veh_id": 11564,
        "sim_time_s": 636.3,
        "tier": "IC-detect"
      }
    },
    {
      "type": "Feature",
      "geometry": {
        "type": "Point",
        "coordinates": [
          500753.44615164655,
          6964342.818426425
        ]
      },
      "properties": {
        "junction_id": 36393,
        "veh_id": 11531,
        "sim_time_s": 637.2,
        "tier": "IC-detect"
      }
    },
    {
      "type": "Feature",
      "geometry": {
        "type": "Point",
        "coordinates": [
          500706.9842135323,
          6965003.641688837
        ]
      },
      "properties": {
        "junction_id": 36385,
        "veh_id": 11574,
        "sim_time_s": 647.1,
        "tier": "IC-detect"
      }
    },
    {
      "type": "Feature",
      "geometry": {
        "type": "Point",
        "coordinates": [
          499964.12015193456,
          6966925.5757334875
        ]
      },
      "properties": {
        "junction_id": 39569,
        "veh_id": 11540,
        "sim_time_s": 649.8,
        "tier": "IC-detect"
      }
    },
    {
      "type": "Feature",
      "geometry": {
        "type": "Point",
        "coordinates": [
          500692.9943146406,
          6964667.066069082
        ]
      },
      "properties": {
        "junction_id": 39606,
        "veh_id": 11563,
        "sim_time_s": 651.1,
        "tier": "IC-detect"
      }
    },
    {
      "type": "Feature",
      "geometry": {
        "type": "Point",
        "coordinates": [
          500706.9842135323,
          6965003.641688837
        ]
      },
      "properties": {
        "junction_id": 39593,
        "veh_id": 11574,
        "sim_time_s": 657.9,
        "tier": "IC-detect"
      }
    },
    {
      "type": "Feature",
      "geometry": {
        "type": "Point",
        "coordinates": [
          500242.1015827495,
          6966252.248423136
        ]
      },
      "properties": {
        "junction_id": 39569,
        "veh_id": 11556,
        "sim_time_s": 660.1,
        "tier": "IC-detect"
      }
    },
    {
      "type": "Feature",
      "geometry": {
        "type": "Point",
        "coordinates": [
          500307.7500393923,
          6966155.040752458
        ]
      },
      "properties": {
        "junction_id": 39576,
        "veh_id": 11556,
        "sim_time_s": 674.5,
        "tier": "IC-detect"
      }
    },
    {
      "type": "Feature",
      "geometry": {
        "type": "Point",
        "coordinates": [
          500508.5063746075,
          6965622.703471375
        ]
      },
      "properties": {
        "junction_id": 39593,
        "veh_id": 11552,
        "sim_time_s": 675.0,
        "tier": "IC-detect"
      }
    },
    {
      "type": "Feature",
      "geometry": {
        "type": "Point",
        "coordinates": [
          499969.5644554306,
          6966891.10804449
        ]
      },
      "properties": {
        "junction_id": 39572,
        "veh_id": 11540,
        "sim_time_s": 677.7,
        "tier": "IC-detect"
      }
    },
    {
      "type": "Feature",
      "geometry": {
        "type": "Point",
        "coordinates": [
          500508.5063746075,
          6965622.703471375
        ]
      },
      "properties": {
        "junction_id": 39587,
        "veh_id": 11552,
        "sim_time_s": 685.8,
        "tier": "IC-detect"
      }
    },
    {
      "type": "Feature",
      "geometry": {
        "type": "Point",
        "coordinates": [
          500211.17645941523,
          6966305.58675373
        ]
      },
      "properties": {
        "junction_id": 39578,
        "veh_id": 11564,
        "sim_time_s": 693.5,
        "tier": "IC-detect"
      }
    },
    {
      "type": "Feature",
      "geometry": {
        "type": "Point",
        "coordinates": [
          500236.2133668154,
          6966256.308920778
        ]
      },
      "properties": {
        "junction_id": 39569,
        "veh_id": 11564,
        "sim_time_s": 701.1,
        "tier": "IC-detect"
      }
    },
    {
      "type": "Feature",
      "geometry": {
        "type": "Point",
        "coordinates": [
          500304.1506301383,
          6966149.679698066
        ]
      },
      "properties": {
        "junction_id": 39576,
        "veh_id": 11564,
        "sim_time_s": 706.0,
        "tier": "IC-detect"
      }
    },
    {
      "type": "Feature",
      "geometry": {
        "type": "Point",
        "coordinates": [
          500644.7646125921,
          6965221.380428742
        ]
      },
      "properties": {
        "junction_id": 39576,
        "veh_id": 11574,
        "sim_time_s": 712.4,
        "tier": "IC-detect"
      }
    },
    {
      "type": "Feature",
      "geometry": {
        "type": "Point",
        "coordinates": [
          500401.79275523714,
          6966057.47466078
        ]
      },
      "properties": {
        "junction_id": 1043762,
        "veh_id": 11556,
        "sim_time_s": 712.4,
        "tier": "IC-detect"
      }
    },
    {
      "type": "Feature",
      "geometry": {
        "type": "Point",
        "coordinates": [
          500464.8452303534,
          6966005.355522002
        ]
      },
      "properties": {
        "junction_id": 39578,
        "veh_id": 11556,
        "sim_time_s": 717.3,
        "tier": "IC-detect"
      }
    },
    {
      "type": "Feature",
      "geometry": {
        "type": "Point",
        "coordinates": [
          500924.5189433935,
          6965248.436222348
        ]
      },
      "properties": {
        "junction_id": 36385,
        "veh_id": 11527,
        "sim_time_s": 720.0,
        "tier": "IC-detect"
      }
    },
    {
      "type": "Feature",
      "geometry": {
        "type": "Point",
        "coordinates": [
          500924.5189433935,
          6965248.436222348
        ]
      },
      "properties": {
        "junction_id": 39593,
        "veh_id": 11527,
        "sim_time_s": 720.0,
        "tier": "IC-detect"
      }
    },
    {
      "type": "Feature",
      "geometry": {
        "type": "Point",
        "coordinates": [
          500924.5189433935,
          6965248.436222348
        ]
      },
      "properties": {
        "junction_id": 39587,
        "veh_id": 11527,
        "sim_time_s": 720.0,
        "tier": "IC-detect"
      }
    },
    {
      "type": "Feature",
      "geometry": {
        "type": "Point",
        "coordinates": [
          500491.3373352359,
          6965741.456208114
        ]
      },
      "properties": {
        "junction_id": 39576,
        "veh_id": 11552,
        "sim_time_s": 720.0,
        "tier": "IC-detect"
      }
    },
    {
      "type": "Feature",
      "geometry": {
        "type": "Point",
        "coordinates": [
          500510.45653304755,
          6965962.140701123
        ]
      },
      "properties": {
        "junction_id": 39587,
        "veh_id": 11564,
        "sim_time_s": 723.6,
        "tier": "IC-detect"
      }
    },
    {
      "type": "Feature",
      "geometry": {
        "type": "Point",
        "coordinates": [
          500855.4979714847,
          6965222.888735903
        ]
      },
      "properties": {
        "junction_id": 36393,
        "veh_id": 11527,
        "sim_time_s": 724.5,
        "tier": "IC-detect"
      }
    },
    {
      "type": "Feature",
      "geometry": {
        "type": "Point",
        "coordinates": [
          500581.33568146994,
          6965431.887549024
        ]
      },
      "properties": {
        "junction_id": 39578,
        "veh_id": 11574,
        "sim_time_s": 726.8,
        "tier": "IC-detect"
      }
    },
    {
      "type": "Feature",
      "geometry": {
        "type": "Point",
        "coordinates": [
          500495.3186855511,
          6965794.5685586715
        ]
      },
      "properties": {
        "junction_id": 1043762,
        "veh_id": 11552,
        "sim_time_s": 727.2,
        "tier": "IC-detect"
      }
    },
    {
      "type": "Feature",
      "geometry": {
        "type": "Point",
        "coordinates": [
          500512.4483142972,
          6965964.513497676
        ]
      },
      "properties": {
        "junction_id": 39587,
        "veh_id": 11556,
        "sim_time_s": 737.1,
        "tier": "IC-detect"
      }
    },
    {
      "type": "Feature",
      "geometry": {
        "type": "Point",
        "coordinates": [
          500753.2338724596,
          6964359.25229603
        ]
      },
      "properties": {
        "junction_id": 36393,
        "veh_id": 11563,
        "sim_time_s": 740.2,
        "tier": "IC-detect"
      }
    },
    {
      "type": "Feature",
      "geometry": {
        "type": "Point",
        "coordinates": [
          499995.54536996636,
          6966710.73941876
        ]
      },
      "properties": {
        "junction_id": 38339,
        "veh_id": 11540,
        "sim_time_s": 747.0,
        "tier": "IC-detect"
      }
    },
    {
      "type": "Feature",
      "geometry": {
        "type": "Point",
        "coordinates": [
          500516.3617022278,
          6965606.264333437
        ]
      },
      "properties": {
        "junction_id": 39587,
        "veh_id": 11574,
        "sim_time_s": 749.2,
        "tier": "IC-detect"
      }
    },
    {
      "type": "Feature",
      "geometry": {
        "type": "Point",
        "coordinates": [
          500421.27400247735,
          6966019.783742694
        ]
      },
      "properties": {
        "junction_id": 39578,
        "veh_id": 11552,
        "sim_time_s": 753.8,
        "tier": "IC-detect"
      }
    },
    {
      "type": "Feature",
      "geometry": {
        "type": "Point",
        "coordinates": [
          500012.71321438195,
          6966668.203809045
        ]
      },
      "properties": {
        "junction_id": 1043762,
        "veh_id": 11540,
        "sim_time_s": 753.8,
        "tier": "IC-detect"
      }
    },
    {
      "type": "Feature",
      "geometry": {
        "type": "Point",
        "coordinates": [
          500760.028211985,
          6964335.11187957
        ]
      },
      "properties": {
        "junction_id": 39590,
        "veh_id": 11563,
        "sim_time_s": 754.6,
        "tier": "IC-detect"
      }
    },
    {
      "type": "Feature",
      "geometry": {
        "type": "Point",
        "coordinates": [
          500036.4609713216,
          6966611.931476615
        ]
      },
      "properties": {
        "junction_id": 39569,
        "veh_id": 11540,
        "sim_time_s": 770.0,
        "tier": "IC-detect"
      }
    },
    {
      "type": "Feature",
      "geometry": {
        "type": "Point",
        "coordinates": [
          500871.9940910515,
          6964176.556619953
        ]
      },
      "properties": {
        "junction_id": 39606,
        "veh_id": 11563,
        "sim_time_s": 771.3,
        "tier": "IC-detect"
      }
    },
    {
      "type": "Feature",
      "geometry": {
        "type": "Point",
        "coordinates": [
          500393.4734256559,
          6966043.57119329
        ]
      },
      "properties": {
        "junction_id": 39569,
        "veh_id": 11552,
        "sim_time_s": 785.2,
        "tier": "IC-detect"
      }
    },
    {
      "type": "Feature",
      "geometry": {
        "type": "Point",
        "coordinates": [
          500519.2200527801,
          6965646.58960903
        ]
      },
      "properties": {
        "junction_id": 39593,
        "veh_id": 11564,
        "sim_time_s": 794.2,
        "tier": "IC-detect"
      }
    },
    {
      "type": "Feature",
      "geometry": {
        "type": "Point",
        "coordinates": [
          500512.25637520064,
          6965724.109495402
        ]
      },
      "properties": {
        "junction_id": 39576,
        "veh_id": 11556,
        "sim_time_s": 794.7,
        "tier": "IC-detect"
      }
    },
    {
      "type": "Feature",
      "geometry": {
        "type": "Point",
        "coordinates": [
          500043.7546879109,
          6966593.959912547
        ]
      },
      "properties": {
        "junction_id": 39572,
        "veh_id": 11540,
        "sim_time_s": 797.9,
        "tier": "IC-detect"
      }
    },
    {
      "type": "Feature",
      "geometry": {
        "type": "Point",
        "coordinates": [
          500519.5433631246,
          6965645.864712479
        ]
      },
      "properties": {
        "junction_id": 39593,
        "veh_id": 11556,
        "sim_time_s": 801.9,
        "tier": "IC-detect"
      }
    },
    {
      "type": "Feature",
      "geometry": {
        "type": "Point",
        "coordinates": [
          500579.2805433214,
          6965499.235085184
        ]
      },
      "properties": {
        "junction_id": 36385,
        "veh_id": 11564,
        "sim_time_s": 806.9,
        "tier": "IC-detect"
      }
    },
    {
      "type": "Feature",
      "geometry": {
        "type": "Point",
        "coordinates": [
          500579.59945141827,
          6965498.598944714
        ]
      },
      "properties": {
        "junction_id": 36385,
        "veh_id": 11556,
        "sim_time_s": 814.5,
        "tier": "IC-detect"
      }
    },
    {
      "type": "Feature",
      "geometry": {
        "type": "Point",
        "coordinates": [
          500209.8324428255,
          6966308.094950037
        ]
      },
      "properties": {
        "junction_id": 39578,
        "veh_id": 11540,
        "sim_time_s": 816.8,
        "tier": "IC-detect"
      }
    },
    {
      "type": "Feature",
      "geometry": {
        "type": "Point",
        "coordinates": [
          500242.32343126385,
          6966210.5589908315
        ]
      },
      "properties": {
        "junction_id": 39572,
        "veh_id": 11552,
        "sim_time_s": 822.6,
        "tier": "IC-detect"
      }
    },
    {
      "type": "Feature",
      "geometry": {
        "type": "Point",
        "coordinates": [
          500649.863872534,
          6965253.066491574
        ]
      },
      "properties": {
        "junction_id": 36393,
        "veh_id": 11564,
        "sim_time_s": 825.3,
        "tier": "IC-detect"
      }
    },
    {
      "type": "Feature",
      "geometry": {
        "type": "Point",
        "coordinates": [
          500652.7476043092,
          6965246.507312104
        ]
      },
      "properties": {
        "junction_id": 39576,
        "veh_id": 11564,
        "sim_time_s": 826.2,
        "tier": "IC-detect"
      }
    },
    {
      "type": "Feature",
      "geometry": {
        "type": "Point",
        "coordinates": [
          500495.9145089433,
          6965797.890249673
        ]
      },
      "properties": {
        "junction_id": 1043762,
        "veh_id": 11574,
        "sim_time_s": 831.1,
        "tier": "IC-detect"
      }
    },
    {
      "type": "Feature",
      "geometry": {
        "type": "Point",
        "coordinates": [
          500497.8893974581,
          6965807.614428416
        ]
      },
      "properties": {
        "junction_id": 39576,
        "veh_id": 11574,
        "sim_time_s": 832.5,
        "tier": "IC-detect"
      }
    },
    {
      "type": "Feature",
      "geometry": {
        "type": "Point",
        "coordinates": [
          500599.84667664475,
          6965438.48572986
        ]
      },
      "properties": {
        "junction_id": 39578,
        "veh_id": 11556,
        "sim_time_s": 837.5,
        "tier": "IC-detect"
      }
    },
    {
      "type": "Feature",
      "geometry": {
        "type": "Point",
        "coordinates": [
          500756.4514671155,
          6965184.464057814
        ]
      },
      "properties": {
        "junction_id": 36385,
        "veh_id": 11527,
        "sim_time_s": 840.1,
        "tier": "IC-detect"
      }
    },
    {
      "type": "Feature",
      "geometry": {
        "type": "Point",
        "coordinates": [
          500756.4514671155,
          6965184.464057814
        ]
      },
      "properties": {
        "junction_id": 39593,
        "veh_id": 11527,
        "sim_time_s": 840.1,
        "tier": "IC-detect"
      }
    },
    {
      "type": "Feature",
      "geometry": {
        "type": "Point",
        "coordinates": [
          500752.54064386635,
          6965183.336926917
        ]
      },
      "properties": {
        "junction_id": 39587,
        "veh_id": 11527,
        "sim_time_s": 840.1,
        "tier": "IC-detect"
      }
    },
    {
      "type": "Feature",
      "geometry": {
        "type": "Point",
        "coordinates": [
          500678.4302497135,
          6965193.955839676
        ]
      },
      "properties": {
        "junction_id": 39587,
        "veh_id": 11564,
        "sim_time_s": 843.8,
        "tier": "IC-detect"
      }
    },
    {
      "type": "Feature",
      "geometry": {
        "type": "Point",
        "coordinates": [
          500749.38957474637,
          6965182.428763305
        ]
      },
      "properties": {
        "junction_id": 36393,
        "veh_id": 11527,
        "sim_time_s": 844.6,
        "tier": "IC-detect"
      }
    },
    {
      "type": "Feature",
      "geometry": {
        "type": "Point",
        "coordinates": [
          500502.37237665005,
          6965946.892218666
        ]
      },
      "properties": {
        "junction_id": 39578,
        "veh_id": 11574,
        "sim_time_s": 846.9,
        "tier": "IC-detect"
      }
    },
    {
      "type": "Feature",
      "geometry": {
        "type": "Point",
        "coordinates": [
          500191.06321513245,
          6966301.170148038
        ]
      },
      "properties": {
        "junction_id": 1043762,
        "veh_id": 11552,
        "sim_time_s": 847.4,
        "tier": "IC-detect"
      }
    },
    {
      "type": "Feature",
      "geometry": {
        "type": "Point",
        "coordinates": [
          500398.29688953905,
          6966043.421039414
        ]
      },
      "properties": {
        "junction_id": 39569,
        "veh_id": 11574,
        "sim_time_s": 851.4,
        "tier": "IC-detect"
      }
    },
    {
      "type": "Feature",
      "geometry": {
        "type": "Point",
        "coordinates": [
          500308.8845733002,
          6966153.569111863
        ]
      },
      "properties": {
        "junction_id": 39576,
        "veh_id": 11540,
        "sim_time_s": 855.0,
        "tier": "IC-detect"
      }
    },
    {
      "type": "Feature",
      "geometry": {
        "type": "Point",
        "coordinates": [
          500649.1131852034,
          6965255.023839071
        ]
      },
      "properties": {
        "junction_id": 36393,
        "veh_id": 11556,
        "sim_time_s": 856.4,
        "tier": "IC-detect"
      }
    },
    {
      "type": "Feature",
      "geometry": {
        "type": "Point",
        "coordinates": [
          500634.93722875917,
          6965297.479421391
        ]
      },
      "properties": {
        "junction_id": 39587,
        "veh_id": 11556,
        "sim_time_s": 857.2,
        "tier": "IC-detect"
      }
    },
    {
      "type": "Feature",
      "geometry": {
        "type": "Point",
        "coordinates": [
          500244.715160653,
          6966212.584982291
        ]
      },
      "properties": {
        "junction_id": 39572,
        "veh_id": 11574,
        "sim_time_s": 865.8,
        "tier": "IC-detect"
      }
    },
    {
      "type": "Feature",
      "geometry": {
        "type": "Point",
        "coordinates": [
          500320.9816891584,
          6966137.764613836
        ]
      },
      "properties": {
        "junction_id": 1043762,
        "veh_id": 11540,
        "sim_time_s": 873.9,
        "tier": "IC-detect"
      }
    },
    {
      "type": "Feature",
      "geometry": {
        "type": "Point",
        "coordinates": [
          500946.97228876385,
          6964034.668682542
        ]
      },
      "properties": {
        "junction_id": 39606,
        "veh_id": 11575,
        "sim_time_s": 900.0,
        "tier": "IC-detect"
      }
    },
    {
      "type": "Feature",
      "geometry": {
        "type": "Point",
        "coordinates": [
          500946.97228876385,
          6964034.668682542
        ]
      },
      "properties": {
        "junction_id": 39590,
        "veh_id": 11575,
        "sim_time_s": 900.0,
        "tier": "IC-detect"
      }
    },
    {
      "type": "Feature",
      "geometry": {
        "type": "Point",
        "coordinates": [
          500055.2180411186,
          6966540.739997126
        ]
      },
      "properties": {
        "junction_id": 38339,
        "veh_id": 11574,
        "sim_time_s": 905.0,
        "tier": "IC-detect"
      }
    },
    {
      "type": "Feature",
      "geometry": {
        "type": "Point",
        "coordinates": [
          500113.84875326644,
          6966425.23366407
        ]
      },
      "properties": {
        "junction_id": 39569,
        "veh_id": 11552,
        "sim_time_s": 905.4,
        "tier": "IC-detect"
      }
    },
    {
      "type": "Feature",
      "geometry": {
        "type": "Point",
        "coordinates": [
          500087.1853115687,
          6967505.2661222685
        ]
      },
      "properties": {
        "junction_id": 38339,
        "veh_id": 11565,
        "sim_time_s": 906.8,
        "tier": "IC-detect"
      }
    },
    {
      "type": "Feature",
      "geometry": {
        "type": "Point",
        "coordinates": [
          499512.5247422402,
          6966653.6640370665
        ]
      },
      "properties": {
        "junction_id": 39572,
        "veh_id": 11539,
        "sim_time_s": 912.6,
        "tier": "IC-detect"
      }
    },
    {
      "type": "Feature",
      "geometry": {
        "type": "Point",
        "coordinates": [
          500699.18408978736,
          6964812.157877031
        ]
      },
      "properties": {
        "junction_id": 39590,
        "veh_id": 11564,
        "sim_time_s": 913.5,
        "tier": "IC-detect"
      }
    },
    {
      "type": "Feature",
      "geometry": {
        "type": "Point",
        "coordinates": [
          500698.7677089929,
          6964802.400038078
        ]
      },
      "properties": {
        "junction_id": 39593,
        "veh_id": 11564,
        "sim_time_s": 914.4,
        "tier": "IC-detect"
      }
    },
    {
      "type": "Feature",
      "geometry": {
        "type": "Point",
        "coordinates": [
          500512.8209547597,
          6965964.186721769
        ]
      },
      "properties": {
        "junction_id": 39587,
        "veh_id": 11540,
        "sim_time_s": 918.0,
        "tier": "IC-detect"
      }
    },
    {
      "type": "Feature",
      "geometry": {
        "type": "Point",
        "coordinates": [
          500772.6702986852,
          6964268.980321519
        ]
      },
      "properties": {
        "junction_id": 36393,
        "veh_id": 11575,
        "sim_time_s": 918.9,
        "tier": "IC-detect"
      }
    },
    {
      "type": "Feature",
      "geometry": {
        "type": "Point",
        "coordinates": [
          499644.8718349031,
          6966628.064279662
        ]
      },
      "properties": {
        "junction_id": 39569,
        "veh_id": 11539,
        "sim_time_s": 920.7,
        "tier": "IC-detect"
      }
    },
    {
      "type": "Feature",
      "geometry": {
        "type": "Point",
        "coordinates": [
          499652.32793958054,
          6966627.256976678
        ]
      },
      "properties": {
        "junction_id": 38339,
        "veh_id": 11539,
        "sim_time_s": 921.1,
        "tier": "IC-detect"
      }
    },
    {
      "type": "Feature",
      "geometry": {
        "type": "Point",
        "coordinates": [
          500726.5685239954,
          6964963.0311313905
        ]
      },
      "properties": {
        "junction_id": 39593,
        "veh_id": 11556,
        "sim_time_s": 922.0,
        "tier": "IC-detect"
      }
    },
    {
      "type": "Feature",
      "geometry": {
        "type": "Point",
        "coordinates": [
          500694.6176747055,
          6964689.008192069
        ]
      },
      "properties": {
        "junction_id": 36385,
        "veh_id": 11564,
        "sim_time_s": 927.0,
        "tier": "IC-detect"
      }
    },
    {
      "type": "Feature",
      "geometry": {
        "type": "Point",
        "coordinates": [
          500693.10583942133,
          6964666.613433842
        ]
      },
      "properties": {
        "junction_id": 39606,
        "veh_id": 11564,
        "sim_time_s": 929.2,
        "tier": "IC-detect"
      }
    },
    {
      "type": "Feature",
      "geometry": {
        "type": "Point",
        "coordinates": [
          500699.4444175531,
          6964815.1729047345
        ]
      },
      "properties": {
        "junction_id": 39590,
        "veh_id": 11556,
        "sim_time_s": 934.2,
        "tier": "IC-detect"
      }
    },
    {
      "type": "Feature",
      "geometry": {
        "type": "Point",
        "coordinates": [
          500699.3067507049,
          6964812.950176118
        ]
      },
      "properties": {
        "junction_id": 36385,
        "veh_id": 11556,
        "sim_time_s": 934.6,
        "tier": "IC-detect"
      }
    },
    {
      "type": "Feature",
      "geometry": {
        "type": "Point",
        "coordinates": [
          500514.8417978989,
          6965804.89808161
        ]
      },
      "properties": {
        "junction_id": 39578,
        "veh_id": 11540,
        "sim_time_s": 936.9,
        "tier": "IC-detect"
      }
    },
    {
      "type": "Feature",
      "geometry": {
        "type": "Point",
        "coordinates": [
          499872.2193005173,
          6966551.7017961005
        ]
      },
      "properties": {
        "junction_id": 1043762,
        "veh_id": 11539,
        "sim_time_s": 938.2,
        "tier": "IC-detect"
      }
    },
    {
      "type": "Feature",
      "geometry": {
        "type": "Point",
        "coordinates": [
          500025.1442147756,
          6966468.493407785
        ]
      },
      "properties": {
        "junction_id": 39572,
        "veh_id": 11552,
        "sim_time_s": 942.8,
        "tier": "IC-detect"
      }
    },
    {
      "type": "Feature",
      "geometry": {
        "type": "Point",
        "coordinates": [
          500710.47378253273,
          6964460.3576474935
        ]
      },
      "properties": {
        "junction_id": 36393,
        "veh_id": 11564,
        "sim_time_s": 945.5,
        "tier": "IC-detect"
      }
    },
    {
      "type": "Feature",
      "geometry": {
        "type": "Point",
        "coordinates": [
          499516.2802838487,
          6966652.714126882
        ]
      },
      "properties": {
        "junction_id": 39572,
        "veh_id": 11532,
        "sim_time_s": 947.7,
        "tier": "IC-detect"
      }
    },
    {
      "type": "Feature",
      "geometry": {
        "type": "Point",
        "coordinates": [
          500015.9836735685,
          6966628.485355239
        ]
      },
      "properties": {
        "junction_id": 1043762,
        "veh_id": 11574,
        "sim_time_s": 951.3,
        "tier": "IC-detect"
      }
    },
    {
      "type": "Feature",
      "geometry": {
        "type": "Point",
        "coordinates": [
          499641.2573025312,
          6966628.37043644
        ]
      },
      "properties": {
        "junction_id": 39569,
        "veh_id": 11532,
        "sim_time_s": 955.4,
        "tier": "IC-detect"
      }
    },
    {
      "type": "Feature",
      "geometry": {
        "type": "Point",
        "coordinates": [
          499648.7195026796,
          6966627.617576344
        ]
      },
      "properties": {
        "junction_id": 38339,
        "veh_id": 11532,
        "sim_time_s": 955.8,
        "tier": "IC-detect"
      }
    },
    {
      "type": "Feature",
      "geometry": {
        "type": "Point",
        "coordinates": [
          500703.2695553186,
          6965123.356043028
        ]
      },
      "properties": {
        "junction_id": 36385,
        "veh_id": 11527,
        "sim_time_s": 960.3,
        "tier": "IC-detect"
      }
    },
    {
      "type": "Feature",
      "geometry": {
        "type": "Point",
        "coordinates": [
          500703.2695553186,
          6965123.356043028
        ]
      },
      "properties": {
        "junction_id": 39593,
        "veh_id": 11527,
        "sim_time_s": 960.3,
        "tier": "IC-detect"
      }
    },
    {
      "type": "Feature",
      "geometry": {
        "type": "Point",
        "coordinates": [
          500714.20791710814,
          6965092.535925112
        ]
      },
      "properties": {
        "junction_id": 39587,
        "veh_id": 11527,
        "sim_time_s": 960.3,
        "tier": "IC-detect"
      }
    },
    {
      "type": "Feature",
      "geometry": {
        "type": "Point",
        "coordinates": [
          499895.24254802935,
          6966530.757234573
        ]
      },
      "properties": {
        "junction_id": 38339,
        "veh_id": 11552,
        "sim_time_s": 961.2,
        "tier": "IC-detect"
      }
    },
    {
      "type": "Feature",
      "geometry": {
        "type": "Point",
        "coordinates": [
          499973.73062199855,
          6967151.659375699
        ]
      },
      "properties": {
        "junction_id": 39572,
        "veh_id": 11565,
        "sim_time_s": 963.9,
        "tier": "IC-detect"
      }
    },
    {
      "type": "Feature",
      "geometry": {
        "type": "Point",
        "coordinates": [
          500716.1056173247,
          6965084.873471998
        ]
      },
      "properties": {
        "junction_id": 36393,
        "veh_id": 11527,
        "sim_time_s": 964.8,
        "tier": "IC-detect"
      }
    },
    {
      "type": "Feature",
      "geometry": {
        "type": "Point",
        "coordinates": [
          500672.77337698056,
          6964525.471509037
        ]
      },
      "properties": {
        "junction_id": 36385,
        "veh_id": 11575,
        "sim_time_s": 964.8,
        "tier": "IC-detect"
      }
    },
    {
      "type": "Feature",
      "geometry": {
        "type": "Point",
        "coordinates": [
          500209.0442901627,
          6966303.352798607
        ]
      },
      "properties": {
        "junction_id": 39578,
        "veh_id": 11539,
        "sim_time_s": 969.3,
        "tier": "IC-detect"
      }
    },
    {
      "type": "Feature",
      "geometry": {
        "type": "Point",
        "coordinates": [
          499870.285282303,
          6966552.536773725
        ]
      },
      "properties": {
        "junction_id": 1043762,
        "veh_id": 11532,
        "sim_time_s": 971.1,
        "tier": "IC-detect"
      }
    },
    {
      "type": "Feature",
      "geometry": {
        "type": "Point",
        "coordinates": [
          500009.3395482351,
          6966644.412667208
        ]
      },
      "properties": {
        "junction_id": 39569,
        "veh_id": 11574,
        "sim_time_s": 971.5,
        "tier": "IC-detect"
      }
    },
    {
      "type": "Feature",
      "geometry": {
        "type": "Point",
        "coordinates": [
          499517.17489504704,
          6966652.564041892
        ]
      },
      "properties": {
        "junction_id": 39572,
        "veh_id": 11557,
        "sim_time_s": 972.9,
        "tier": "IC-detect"
      }
    },
    {
      "type": "Feature",
      "geometry": {
        "type": "Point",
        "coordinates": [
          500678.4578259523,
          6964678.590291317
        ]
      },
      "properties": {
        "junction_id": 39593,
        "veh_id": 11575,
        "sim_time_s": 974.2,
        "tier": "IC-detect"
      }
    },
    {
      "type": "Feature",
      "geometry": {
        "type": "Point",
        "coordinates": [
          500512.32874601375,
          6965721.66284968
        ]
      },
      "properties": {
        "junction_id": 39576,
        "veh_id": 11540,
        "sim_time_s": 975.1,
        "tier": "IC-detect"
      }
    },
    {
      "type": "Feature",
      "geometry": {
        "type": "Point",
        "coordinates": [
          500698.65192375204,
          6964796.429701795
        ]
      },
      "properties": {
        "junction_id": 36393,
        "veh_id": 11556,
        "sim_time_s": 976.5,
        "tier": "IC-detect"
      }
    },
    {
      "type": "Feature",
      "geometry": {
        "type": "Point",
        "coordinates": [
          500309.64486647036,
          6966152.391060465
        ]
      },
      "properties": {
        "junction_id": 39576,
        "veh_id": 11539,
        "sim_time_s": 981.5,
        "tier": "IC-detect"
      }
    },
    {
      "type": "Feature",
      "geometry": {
        "type": "Point",
        "coordinates": [
          499963.7765758567,
          6966790.295797386
        ]
      },
      "properties": {
        "junction_id": 39572,
        "veh_id": 11574,
        "sim_time_s": 986.0,
        "tier": "IC-detect"
      }
    },
    {
      "type": "Feature",
      "geometry": {
        "type": "Point",
        "coordinates": [
          500513.34552243544,
          6965963.500058179
        ]
      },
      "properties": {
        "junction_id": 39587,
        "veh_id": 11539,
        "sim_time_s": 999.0,
        "tier": "IC-detect"
      }
    },
    {
      "type": "Feature",
      "geometry": {
        "type": "Point",
        "coordinates": [
          500209.1174221301,
          6966308.914543576
        ]
      },
      "properties": {
        "junction_id": 39578,
        "veh_id": 11532,
        "sim_time_s": 999.0,
        "tier": "IC-detect"
      }
    },
    {
      "type": "Feature",
      "geometry": {
        "type": "Point",
        "coordinates": [
          499643.52868484636,
          6966628.196573828
        ]
      },
      "properties": {
        "junction_id": 39569,
        "veh_id": 11557,
        "sim_time_s": 1017.0,
        "tier": "IC-detect"
      }
    },
    {
      "type": "Feature",
      "geometry": {
        "type": "Point",
        "coordinates": [
          499650.5582677538,
          6966627.472962328
        ]
      },
      "properties": {
        "junction_id": 38339,
        "veh_id": 11557,
        "sim_time_s": 1017.5,
        "tier": "IC-detect"
      }
    },
    {
      "type": "Feature",
      "geometry": {
        "type": "Point",
        "coordinates": [
          500519.8995057795,
          6965644.86992631
        ]
      },
      "properties": {
        "junction_id": 39593,
        "veh_id": 11540,
        "sim_time_s": 1018.4,
        "tier": "IC-detect"
      }
    },
    {
      "type": "Feature",
      "geometry": {
        "type": "Point",
        "coordinates": [
          499963.76609950996,
          6966791.4839047715
        ]
      },
      "properties": {
        "junction_id": 38339,
        "veh_id": 11574,
        "sim_time_s": 1025.1,
        "tier": "IC-detect"
      }
    },
    {
      "type": "Feature",
      "geometry": {
        "type": "Point",
        "coordinates": [
          499785.93954305217,
          6966582.60296264
        ]
      },
      "properties": {
        "junction_id": 39569,
        "veh_id": 11552,
        "sim_time_s": 1025.5,
        "tier": "IC-detect"
      }
    },
    {
      "type": "Feature",
      "geometry": {
        "type": "Point",
        "coordinates": [
          500693.0928185099,
          6964664.909597415
        ]
      },
      "properties": {
        "junction_id": 39606,
        "veh_id": 11556,
        "sim_time_s": 1026.5,
        "tier": "IC-detect"
      }
    },
    {
      "type": "Feature",
      "geometry": {
        "type": "Point",
        "coordinates": [
          499955.287495389,
          6966982.719804301
        ]
      },
      "properties": {
        "junction_id": 38339,
        "veh_id": 11565,
        "sim_time_s": 1026.9,
        "tier": "IC-detect"
      }
    },
    {
      "type": "Feature",
      "geometry": {
        "type": "Point",
        "coordinates": [
          500578.4698521961,
          6965501.848546024
        ]
      },
      "properties": {
        "junction_id": 36385,
        "veh_id": 11540,
        "sim_time_s": 1029.6,
        "tier": "IC-detect"
      }
    },
    {
      "type": "Feature",
      "geometry": {
        "type": "Point",
        "coordinates": [
          499961.26658352447,
          6966921.327979847
        ]
      },
      "properties": {
        "junction_id": 39569,
        "veh_id": 11565,
        "sim_time_s": 1030.5,
        "tier": "IC-detect"
      }
    },
    {
      "type": "Feature",
      "geometry": {
        "type": "Point",
        "coordinates": [
          499514.2320769479,
          6966650.177374803
        ]
      },
      "properties": {
        "junction_id": 39572,
        "veh_id": 11533,
        "sim_time_s": 1032.8,
        "tier": "IC-detect"
      }
    },
    {
      "type": "Feature",
      "geometry": {
        "type": "Point",
        "coordinates": [
          500875.644526943,
          6964173.6275629
        ]
      },
      "properties": {
        "junction_id": 39590,
        "veh_id": 11564,
        "sim_time_s": 1033.7,
        "tier": "IC-detect"
      }
    },
    {
      "type": "Feature",
      "geometry": {
        "type": "Point",
        "coordinates": [
          500598.3268345996,
          6965443.278883954
        ]
      },
      "properties": {
        "junction_id": 39587,
        "veh_id": 11540,
        "sim_time_s": 1038.2,
        "tier": "IC-detect"
      }
    },
    {
      "type": "Feature",
      "geometry": {
        "type": "Point",
        "coordinates": [
          500705.159907796,
          6964955.510567836
        ]
      },
      "properties": {
        "junction_id": 36393,
        "veh_id": 11575,
        "sim_time_s": 1039.0,
        "tier": "IC-detect"
      }
    },
    {
      "type": "Feature",
      "geometry": {
        "type": "Point",
        "coordinates": [
          499639.1691194933,
          6966625.647168015
        ]
      },
      "properties": {
        "junction_id": 39569,
        "veh_id": 11533,
        "sim_time_s": 1040.4,
        "tier": "IC-detect"
      }
    },
    {
      "type": "Feature",
      "geometry": {
        "type": "Point",
        "coordinates": [
          499653.59128367575,
          6966624.077294418
        ]
      },
      "properties": {
        "junction_id": 38339,
        "veh_id": 11533,
        "sim_time_s": 1041.3,
        "tier": "IC-detect"
      }
    },
    {
      "type": "Feature",
      "geometry": {
        "type": "Point",
        "coordinates": [
          500707.1413210497,
          6964987.189304794
        ]
      },
      "properties": {
        "junction_id": 39587,
        "veh_id": 11575,
        "sim_time_s": 1042.2,
        "tier": "IC-detect"
      }
    },
    {
      "type": "Feature",
      "geometry": {
        "type": "Point",
        "coordinates": [
          500309.14485729777,
          6966152.885492841
        ]
      },
      "properties": {
        "junction_id": 39576,
        "veh_id": 11532,
        "sim_time_s": 1044.9,
        "tier": "IC-detect"
      }
    },
    {
      "type": "Feature",
      "geometry": {
        "type": "Point",
        "coordinates": [
          500699.3791455071,
          6964813.872349735
        ]
      },
      "properties": {
        "junction_id": 39590,
        "veh_id": 11527,
        "sim_time_s": 1052.1,
        "tier": "IC-detect"
      }
    },
    {
      "type": "Feature",
      "geometry": {
        "type": "Point",
        "coordinates": [
          500707.6442984175,
          6964469.623483668
        ]
      },
      "properties": {
        "junction_id": 39590,
        "veh_id": 11556,
        "sim_time_s": 1054.3,
        "tier": "IC-detect"
      }
    },
    {
      "type": "Feature",
      "geometry": {
        "type": "Point",
        "coordinates": [
          500600.1735866866,
          6965437.5881168265
        ]
      },
      "properties": {
        "junction_id": 39578,
        "veh_id": 11540,
        "sim_time_s": 1057.0,
        "tier": "IC-detect"
      }
    },
    {
      "type": "Feature",
      "geometry": {
        "type": "Point",
        "coordinates": [
          500518.84069655533,
          6965647.951049411
        ]
      },
      "properties": {
        "junction_id": 39593,
        "veh_id": 11539,
        "sim_time_s": 1060.2,
        "tier": "IC-detect"
      }
    },
    {
      "type": "Feature",
      "geometry": {
        "type": "Point",
        "coordinates": [
          499559.59755760746,
          6966633.066063341
        ]
      },
      "properties": {
        "junction_id": 39572,
        "veh_id": 11552,
        "sim_time_s": 1062.9,
        "tier": "IC-detect"
      }
    },
    {
      "type": "Feature",
      "geometry": {
        "type": "Point",
        "coordinates": [
          500513.7142692433,
          6965962.955752322
        ]
      },
      "properties": {
        "junction_id": 39587,
        "veh_id": 11532,
        "sim_time_s": 1066.0,
        "tier": "IC-detect"
      }
    },
    {
      "type": "Feature",
      "geometry": {
        "type": "Point",
        "coordinates": [
          499869.72729764663,
          6966549.553683999
        ]
      },
      "properties": {
        "junction_id": 1043762,
        "veh_id": 11533,
        "sim_time_s": 1066.0,
        "tier": "IC-detect"
      }
    },
    {
      "type": "Feature",
      "geometry": {
        "type": "Point",
        "coordinates": [
          500693.04482931044,
          6964663.702738491
        ]
      },
      "properties": {
        "junction_id": 39606,
        "veh_id": 11527,
        "sim_time_s": 1066.5,
        "tier": "IC-detect"
      }
    },
    {
      "type": "Feature",
      "geometry": {
        "type": "Point",
        "coordinates": [
          499872.1042400201,
          6966551.755401688
        ]
      },
      "properties": {
        "junction_id": 1043762,
        "veh_id": 11557,
        "sim_time_s": 1069.7,
        "tier": "IC-detect"
      }
    },
    {
      "type": "Feature",
      "geometry": {
        "type": "Point",
        "coordinates": [
          500650.2352617376,
          6965252.506223931
        ]
      },
      "properties": {
        "junction_id": 36393,
        "veh_id": 11540,
        "sim_time_s": 1072.3,
        "tier": "IC-detect"
      }
    },
    {
      "type": "Feature",
      "geometry": {
        "type": "Point",
        "coordinates": [
          499872.1042400201,
          6966551.755401688
        ]
      },
      "properties": {
        "junction_id": 39587,
        "veh_id": 11557,
        "sim_time_s": 1073.2,
        "tier": "coord-prearm-harmony/KALMAN"
      }
    },
    {
      "type": "Feature",
      "geometry": {
        "type": "Point",
        "coordinates": [
          500578.4151703908,
          6965501.7295656605
        ]
      },
      "properties": {
        "junction_id": 36385,
        "veh_id": 11539,
        "sim_time_s": 1080.5,
        "tier": "IC-detect"
      }
    },
    {
      "type": "Feature",
      "geometry": {
        "type": "Point",
        "coordinates": [
          499994.4118718878,
          6966705.2932847915
        ]
      },
      "properties": {
        "junction_id": 39572,
        "veh_id": 11565,
        "sim_time_s": 1084.0,
        "tier": "IC-detect"
      }
    },
    {
      "type": "Feature",
      "geometry": {
        "type": "Point",
        "coordinates": [
          500728.2004162595,
          6964397.9303418845
        ]
      },
      "properties": {
        "junction_id": 36393,
        "veh_id": 11527,
        "sim_time_s": 1085.0,
        "tier": "IC-detect"
      }
    },
    {
      "type": "Feature",
      "geometry": {
        "type": "Point",
        "coordinates": [
          500706.95760913676,
          6965003.640260753
        ]
      },
      "properties": {
        "junction_id": 36385,
        "veh_id": 11575,
        "sim_time_s": 1085.0,
        "tier": "IC-detect"
      }
    },
    {
      "type": "Feature",
      "geometry": {
        "type": "Point",
        "coordinates": [
          500580.01741306897,
          6965497.262610273
        ]
      },
      "properties": {
        "junction_id": 39578,
        "veh_id": 11539,
        "sim_time_s": 1089.5,
        "tier": "IC-detect"
      }
    },
    {
      "type": "Feature",
      "geometry": {
        "type": "Point",
        "coordinates": [
          500012.9725348526,
          6966667.190572336
        ]
      },
      "properties": {
        "junction_id": 1043762,
        "veh_id": 11565,
        "sim_time_s": 1091.7,
        "tier": "IC-detect"
      }
    },
    {
      "type": "Feature",
      "geometry": {
        "type": "Point",
        "coordinates": [
          500043.1322068746,
          6966470.467461951
        ]
      },
      "properties": {
        "junction_id": 39572,
        "veh_id": 11557,
        "sim_time_s": 1093.0,
        "tier": "IC-detect"
      }
    },
    {
      "type": "Feature",
      "geometry": {
        "type": "Point",
        "coordinates": [
          500706.95760913676,
          6965003.640260753
        ]
      },
      "properties": {
        "junction_id": 39593,
        "veh_id": 11575,
        "sim_time_s": 1094.4,
        "tier": "IC-detect"
      }
    },
    {
      "type": "Feature",
      "geometry": {
        "type": "Point",
        "coordinates": [
          500207.08484224376,
          6966306.636000164
        ]
      },
      "properties": {
        "junction_id": 39578,
        "veh_id": 11533,
        "sim_time_s": 1094.8,
        "tier": "IC-detect"
      }
    },
    {
      "type": "Feature",
      "geometry": {
        "type": "Point",
        "coordinates": [
          500753.4810205037,
          6964359.363604192
        ]
      },
      "properties": {
        "junction_id": 36393,
        "veh_id": 11556,
        "sim_time_s": 1096.7,
        "tier": "IC-detect"
      }
    },
    {
      "type": "Feature",
      "geometry": {
        "type": "Point",
        "coordinates": [
          500580.0294089633,
          6965497.229166447
        ]
      },
      "properties": {
        "junction_id": 39576,
        "veh_id": 11539,
        "sim_time_s": 1101.6,
        "tier": "IC-detect"
      }
    },
    {
      "type": "Feature",
      "geometry": {
        "type": "Point",
        "coordinates": [
          500306.12237533473,
          6966152.076368377
        ]
      },
      "properties": {
        "junction_id": 39576,
        "veh_id": 11533,
        "sim_time_s": 1106.5,
        "tier": "IC-detect"
      }
    },
    {
      "type": "Feature",
      "geometry": {
        "type": "Point",
        "coordinates": [
          500638.9550600529,
          6965282.74668845
        ]
      },
      "properties": {
        "junction_id": 39587,
        "veh_id": 11539,
        "sim_time_s": 1119.2,
        "tier": "IC-detect"
      }
    },
    {
      "type": "Feature",
      "geometry": {
        "type": "Point",
        "coordinates": [
          500511.77716761595,
          6965744.110250873
        ]
      },
      "properties": {
        "junction_id": 39578,
        "veh_id": 11532,
        "sim_time_s": 1119.2,
        "tier": "IC-detect"
      }
    },
    {
      "type": "Feature",
      "geometry": {
        "type": "Point",
        "coordinates": [
          500645.18039803416,
          6965220.403646036
        ]
      },
      "properties": {
        "junction_id": 39576,
        "veh_id": 11575,
        "sim_time_s": 1122.3,
        "tier": "IC-detect"
      }
    },
    {
      "type": "Feature",
      "geometry": {
        "type": "Point",
        "coordinates": [
          500650.0384533325,
          6965252.731299999
        ]
      },
      "properties": {
        "junction_id": 36393,
        "veh_id": 11539,
        "sim_time_s": 1123.7,
        "tier": "IC-detect"
      }
    },
    {
      "type": "Feature",
      "geometry": {
        "type": "Point",
        "coordinates": [
          500508.86107632256,
          6965963.761224394
        ]
      },
      "properties": {
        "junction_id": 39587,
        "veh_id": 11533,
        "sim_time_s": 1126.3,
        "tier": "IC-detect"
      }
    },
    {
      "type": "Feature",
      "geometry": {
        "type": "Point",
        "coordinates": [
          500580.2852123622,
          6965435.058754212
        ]
      },
      "properties": {
        "junction_id": 39578,
        "veh_id": 11575,
        "sim_time_s": 1137.2,
        "tier": "IC-detect"
      }
    },
    {
      "type": "Feature",
      "geometry": {
        "type": "Point",
        "coordinates": [
          500072.65649884957,
          6966458.458197382
        ]
      },
      "properties": {
        "junction_id": 39569,
        "veh_id": 11557,
        "sim_time_s": 1137.2,
        "tier": "IC-detect"
      }
    },
    {
      "type": "Feature",
      "geometry": {
        "type": "Point",
        "coordinates": [
          500716.28683721874,
          6965084.156606402
        ]
      },
      "properties": {
        "junction_id": 39593,
        "veh_id": 11540,
        "sim_time_s": 1138.5,
        "tier": "IC-detect"
      }
    },
    {
      "type": "Feature",
      "geometry": {
        "type": "Point",
        "coordinates": [
          500519.7915040487,
          6965644.558057583
        ]
      },
      "properties": {
        "junction_id": 39593,
        "veh_id": 11532,
        "sim_time_s": 1142.1,
        "tier": "IC-detect"
      }
    },
    {
      "type": "Feature",
      "geometry": {
        "type": "Point",
        "coordinates": [
          500757.4139389799,
          6964341.951010295
        ]
      },
      "properties": {
        "junction_id": 39606,
        "veh_id": 11556,
        "sim_time_s": 1146.6,
        "tier": "IC-detect"
      }
    },
    {
      "type": "Feature",
      "geometry": {
        "type": "Point",
        "coordinates": [
          500716.297335547,
          6965084.1142167
        ]
      },
      "properties": {
        "junction_id": 36385,
        "veh_id": 11540,
        "sim_time_s": 1149.8,
        "tier": "IC-detect"
      }
    },
    {
      "type": "Feature",
      "geometry": {
        "type": "Point",
        "coordinates": [
          500094.85044340923,
          6966482.633222211
        ]
      },
      "properties": {
        "junction_id": 39569,
        "veh_id": 11565,
        "sim_time_s": 1150.7,
        "tier": "track-section"
      }
    },
    {
      "type": "Feature",
      "geometry": {
        "type": "Point",
        "coordinates": [
          500716.297335547,
          6965084.1142167
        ]
      },
      "properties": {
        "junction_id": 39587,
        "veh_id": 11540,
        "sim_time_s": 1158.3,
        "tier": "IC-detect"
      }
    },
    {
      "type": "Feature",
      "geometry": {
        "type": "Point",
        "coordinates": [
          500558.8543013215,
          6965500.808731621
        ]
      },
      "properties": {
        "junction_id": 39587,
        "veh_id": 11575,
        "sim_time_s": 1162.3,
        "tier": "IC-detect"
      }
    },
    {
      "type": "Feature",
      "geometry": {
        "type": "Point",
        "coordinates": [
          500578.82339871785,
          6965500.275109679
        ]
      },
      "properties": {
        "junction_id": 36385,
        "veh_id": 11532,
        "sim_time_s": 1164.2,
        "tier": "IC-detect"
      }
    },
    {
      "type": "Feature",
      "geometry": {
        "type": "Point",
        "coordinates": [
          500576.01960136014,
          6965508.091926622
        ]
      },
      "properties": {
        "junction_id": 39576,
        "veh_id": 11532,
        "sim_time_s": 1165.0,
        "tier": "IC-detect"
      }
    },
    {
      "type": "Feature",
      "geometry": {
        "type": "Point",
        "coordinates": [
          500209.21916574053,
          6966308.833382445
        ]
      },
      "properties": {
        "junction_id": 39578,
        "veh_id": 11565,
        "sim_time_s": 1167.3,
        "tier": "IC-detect"
      }
    },
    {
      "type": "Feature",
      "geometry": {
        "type": "Point",
        "coordinates": [
          500887.3600756913,
          6964162.614587143
        ]
      },
      "properties": {
        "junction_id": 39590,
        "veh_id": 11556,
        "sim_time_s": 1174.5,
        "tier": "IC-detect"
      }
    },
    {
      "type": "Feature",
      "geometry": {
        "type": "Point",
        "coordinates": [
          500693.2890353556,
          6964813.858039859
        ]
      },
      "properties": {
        "junction_id": 39590,
        "veh_id": 11539,
        "sim_time_s": 1178.1,
        "tier": "IC-detect"
      }
    },
    {
      "type": "Feature",
      "geometry": {
        "type": "Point",
        "coordinates": [
          500692.39333821635,
          6964790.576585547
        ]
      },
      "properties": {
        "junction_id": 39593,
        "veh_id": 11539,
        "sim_time_s": 1180.3,
        "tier": "IC-detect"
      }
    },
    {
      "type": "Feature",
      "geometry": {
        "type": "Point",
        "coordinates": [
          500650.2830488643,
          6965251.894016734
        ]
      },
      "properties": {
        "junction_id": 36393,
        "veh_id": 11532,
        "sim_time_s": 1184.0,
        "tier": "IC-detect"
      }
    },
    {
      "type": "Feature",
      "geometry": {
        "type": "Point",
        "coordinates": [
          500305.23804594314,
          6966153.195250504
        ]
      },
      "properties": {
        "junction_id": 39576,
        "veh_id": 11565,
        "sim_time_s": 1184.8,
        "tier": "IC-detect"
      }
    },
    {
      "type": "Feature",
      "geometry": {
        "type": "Point",
        "coordinates": [
          500645.9009611503,
          6965262.330888064
        ]
      },
      "properties": {
        "junction_id": 39587,
        "veh_id": 11532,
        "sim_time_s": 1186.2,
        "tier": "IC-detect"
      }
    },
    {
      "type": "Feature",
      "geometry": {
        "type": "Point",
        "coordinates": [
          500517.1317253316,
          6965643.326793007
        ]
      },
      "properties": {
        "junction_id": 39593,
        "veh_id": 11533,
        "sim_time_s": 1186.7,
        "tier": "IC-detect"
      }
    },
    {
      "type": "Feature",
      "geometry": {
        "type": "Point",
        "coordinates": [
          500129.50142719515,
          6966440.924003169
        ]
      },
      "properties": {
        "junction_id": 1043762,
        "veh_id": 11557,
        "sim_time_s": 1189.8,
        "tier": "IC-detect"
      }
    },
    {
      "type": "Feature",
      "geometry": {
        "type": "Point",
        "coordinates": [
          500715.7412279566,
          6965083.844670361
        ]
      },
      "properties": {
        "junction_id": 36393,
        "veh_id": 11540,
        "sim_time_s": 1192.5,
        "tier": "IC-detect"
      }
    },
    {
      "type": "Feature",
      "geometry": {
        "type": "Point",
        "coordinates": [
          500686.84742438036,
          6964661.685247588
        ]
      },
      "properties": {
        "junction_id": 39606,
        "veh_id": 11539,
        "sim_time_s": 1193.0,
        "tier": "IC-detect"
      }
    },
    {
      "type": "Feature",
      "geometry": {
        "type": "Point",
        "coordinates": [
          500683.55846613704,
          6964553.6093997555
        ]
      },
      "properties": {
        "junction_id": 36385,
        "veh_id": 11539,
        "sim_time_s": 1200.6,
        "tier": "IC-detect"
      }
    },
    {
      "type": "Feature",
      "geometry": {
        "type": "Point",
        "coordinates": [
          500208.95663450693,
          6966309.307128526
        ]
      },
      "properties": {
        "junction_id": 39578,
        "veh_id": 11557,
        "sim_time_s": 1200.6,
        "tier": "IC-detect"
      }
    },
    {
      "type": "Feature",
      "geometry": {
        "type": "Point",
        "coordinates": [
          500133.26578911545,
          6965615.056710265
        ]
      },
      "properties": {
        "junction_id": 39587,
        "veh_id": 11546,
        "sim_time_s": 1201.0,
        "tier": "IC-detect"
      }
    },
    {
      "type": "Feature",
      "geometry": {
        "type": "Point",
        "coordinates": [
          500133.26578911545,
          6965615.056710265
        ]
      },
      "properties": {
        "junction_id": 39576,
        "veh_id": 11546,
        "sim_time_s": 1201.0,
        "tier": "IC-detect"
      }
    },
    {
      "type": "Feature",
      "geometry": {
        "type": "Point",
        "coordinates": [
          500575.4834594425,
          6965500.969953389
        ]
      },
      "properties": {
        "junction_id": 36385,
        "veh_id": 11533,
        "sim_time_s": 1201.5,
        "tier": "IC-detect"
      }
    },
    {
      "type": "Feature",
      "geometry": {
        "type": "Point",
        "coordinates": [
          500148.06721846375,
          6965617.489340373
        ]
      },
      "properties": {
        "junction_id": 39578,
        "veh_id": 11546,
        "sim_time_s": 1202.0,
        "tier": "IC-detect"
      }
    },
    {
      "type": "Feature",
      "geometry": {
        "type": "Point",
        "coordinates": [
          500512.0758273138,
          6965960.392535608
        ]
      },
      "properties": {
        "junction_id": 39587,
        "veh_id": 11565,
        "sim_time_s": 1202.8,
        "tier": "IC-detect"
      }
    },
    {
      "type": "Feature",
      "geometry": {
        "type": "Point",
        "coordinates": [
          500495.54222768534,
          6965795.846874758
        ]
      },
      "properties": {
        "junction_id": 1043762,
        "veh_id": 11575,
        "sim_time_s": 1208.2,
        "tier": "IC-detect"
      }
    },
    {
      "type": "Feature",
      "geometry": {
        "type": "Point",
        "coordinates": [
          500530.46747515444,
          6965855.938732333
        ]
      },
      "properties": {
        "junction_id": 1043762,
        "veh_id": 11565,
        "sim_time_s": 1211.8,
        "tier": "IC-detect"
      }
    },
    {
      "type": "Feature",
      "geometry": {
        "type": "Point",
        "coordinates": [
          500216.77332861436,
          6966296.084034138
        ]
      },
      "properties": {
        "junction_id": 39572,
        "veh_id": 11557,
        "sim_time_s": 1213.2,
        "tier": "IC-detect"
      }
    },
    {
      "type": "Feature",
      "geometry": {
        "type": "Point",
        "coordinates": [
          500580.154943357,
          6965487.946139628
        ]
      },
      "properties": {
        "junction_id": 39578,
        "veh_id": 11533,
        "sim_time_s": 1215.0,
        "tier": "IC-detect"
      }
    },
    {
      "type": "Feature",
      "geometry": {
        "type": "Point",
        "coordinates": [
          500605.0145423818,
          6965412.453511456
        ]
      },
      "properties": {
        "junction_id": 39576,
        "veh_id": 11533,
        "sim_time_s": 1226.7,
        "tier": "IC-detect"
      }
    },
    {
      "type": "Feature",
      "geometry": {
        "type": "Point",
        "coordinates": [
          500396.1047972588,
          6966045.274096487
        ]
      },
      "properties": {
        "junction_id": 39569,
        "veh_id": 11575,
        "sim_time_s": 1229.0,
        "tier": "IC-detect"
      }
    },
    {
      "type": "Feature",
      "geometry": {
        "type": "Point",
        "coordinates": [
          500308.97498097725,
          6966153.217314758
        ]
      },
      "properties": {
        "junction_id": 39576,
        "veh_id": 11557,
        "sim_time_s": 1235.7,
        "tier": "IC-detect"
      }
    },
    {
      "type": "Feature",
      "geometry": {
        "type": "Point",
        "coordinates": [
          500645.8677072245,
          6965254.787904736
        ]
      },
      "properties": {
        "junction_id": 36393,
        "veh_id": 11533,
        "sim_time_s": 1239.8,
        "tier": "IC-detect"
      }
    },
    {
      "type": "Feature",
      "geometry": {
        "type": "Point",
        "coordinates": [
          500649.3621956085,
          6965246.750741124
        ]
      },
      "properties": {
        "junction_id": 39587,
        "veh_id": 11533,
        "sim_time_s": 1246.5,
        "tier": "IC-detect"
      }
    },
    {
      "type": "Feature",
      "geometry": {
        "type": "Point",
        "coordinates": [
          500252.37506626133,
          6966201.439879533
        ]
      },
      "properties": {
        "junction_id": 39578,
        "veh_id": 11575,
        "sim_time_s": 1257.3,
        "tier": "IC-detect"
      }
    },
    {
      "type": "Feature",
      "geometry": {
        "type": "Point",
        "coordinates": [
          500327.67241296766,
          6966129.214537354
        ]
      },
      "properties": {
        "junction_id": 39569,
        "veh_id": 11557,
        "sim_time_s": 1257.3,
        "tier": "IC-detect"
      }
    },
    {
      "type": "Feature",
      "geometry": {
        "type": "Point",
        "coordinates": [
          500707.23782670667,
          6964872.20080044
        ]
      },
      "properties": {
        "junction_id": 39593,
        "veh_id": 11540,
        "sim_time_s": 1258.7,
        "tier": "IC-detect"
      }
    },
    {
      "type": "Feature",
      "geometry": {
        "type": "Point",
        "coordinates": [
          500949.53229003365,
          6964036.232777647
        ]
      },
      "properties": {
        "junction_id": 39606,
        "veh_id": 11529,
        "sim_time_s": 1260.0,
        "tier": "IC-detect"
      }
    },
    {
      "type": "Feature",
      "geometry": {
        "type": "Point",
        "coordinates": [
          500949.53229003365,
          6964036.232777647
        ]
      },
      "properties": {
        "junction_id": 39590,
        "veh_id": 11529,
        "sim_time_s": 1260.0,
        "tier": "IC-detect"
      }
    },
    {
      "type": "Feature",
      "geometry": {
        "type": "Point",
        "coordinates": [
          500723.39665733906,
          6965036.454362509
        ]
      },
      "properties": {
        "junction_id": 39593,
        "veh_id": 11532,
        "sim_time_s": 1262.2,
        "tier": "IC-detect"
      }
    },
    {
      "type": "Feature",
      "geometry": {
        "type": "Point",
        "coordinates": [
          500699.5233404386,
          6964816.048018999
        ]
      },
      "properties": {
        "junction_id": 39590,
        "veh_id": 11540,
        "sim_time_s": 1268.1,
        "tier": "IC-detect"
      }
    },
    {
      "type": "Feature",
      "geometry": {
        "type": "Point",
        "coordinates": [
          500699.4309284934,
          6964814.618183109
        ]
      },
      "properties": {
        "junction_id": 36385,
        "veh_id": 11540,
        "sim_time_s": 1269.9,
        "tier": "IC-detect"
      }
    },
    {
      "type": "Feature",
      "geometry": {
        "type": "Point",
        "coordinates": [
          500244.3657069172,
          6966213.13334788
        ]
      },
      "properties": {
        "junction_id": 39572,
        "veh_id": 11575,
        "sim_time_s": 1274.4,
        "tier": "IC-detect"
      }
    },
    {
      "type": "Feature",
      "geometry": {
        "type": "Point",
        "coordinates": [
          500701.9805932683,
          6964842.16824084
        ]
      },
      "properties": {
        "junction_id": 36385,
        "veh_id": 11532,
        "sim_time_s": 1284.3,
        "tier": "IC-detect"
      }
    },
    {
      "type": "Feature",
      "geometry": {
        "type": "Point",
        "coordinates": [
          500699.1759824637,
          6964813.57112046
        ]
      },
      "properties": {
        "junction_id": 39590,
        "veh_id": 11532,
        "sim_time_s": 1284.8,
        "tier": "IC-detect"
      }
    },
    {
      "type": "Feature",
      "geometry": {
        "type": "Point",
        "coordinates": [
          500512.17780813825,
          6965721.659986246
        ]
      },
      "properties": {
        "junction_id": 39578,
        "veh_id": 11565,
        "sim_time_s": 1287.5,
        "tier": "IC-detect"
      }
    },
    {
      "type": "Feature",
      "geometry": {
        "type": "Point",
        "coordinates": [
          500514.2316968571,
          6965962.49904207
        ]
      },
      "properties": {
        "junction_id": 39587,
        "veh_id": 11557,
        "sim_time_s": 1295.5,
        "tier": "IC-detect"
      }
    },
    {
      "type": "Feature",
      "geometry": {
        "type": "Point",
        "coordinates": [
          500055.04055831186,
          6966541.119570726
        ]
      },
      "properties": {
        "junction_id": 38339,
        "veh_id": 11575,
        "sim_time_s": 1299.6,
        "tier": "IC-detect"
      }
    },
    {
      "type": "Feature",
      "geometry": {
        "type": "Point",
        "coordinates": [
          500693.1261358014,
          6964668.087970499
        ]
      },
      "properties": {
        "junction_id": 39606,
        "veh_id": 11532,
        "sim_time_s": 1302.8,
        "tier": "IC-detect"
      }
    },
    {
      "type": "Feature",
      "geometry": {
        "type": "Point",
        "coordinates": [
          500693.6554257446,
          6964675.928322179
        ]
      },
      "properties": {
        "junction_id": 36393,
        "veh_id": 11532,
        "sim_time_s": 1304.1,
        "tier": "IC-detect"
      }
    },
    {
      "type": "Feature",
      "geometry": {
        "type": "Point",
        "coordinates": [
          500513.2981316446,
          6965690.751568247
        ]
      },
      "properties": {
        "junction_id": 39576,
        "veh_id": 11565,
        "sim_time_s": 1305.0,
        "tier": "IC-detect"
      }
    },
    {
      "type": "Feature",
      "geometry": {
        "type": "Point",
        "coordinates": [
          500519.4013665928,
          6965645.923626517
        ]
      },
      "properties": {
        "junction_id": 39593,
        "veh_id": 11565,
        "sim_time_s": 1305.9,
        "tier": "IC-detect"
      }
    },
    {
      "type": "Feature",
      "geometry": {
        "type": "Point",
        "coordinates": [
          500716.2039465153,
          6965084.088570322
        ]
      },
      "properties": {
        "junction_id": 39593,
        "veh_id": 11533,
        "sim_time_s": 1306.8,
        "tier": "IC-detect"
      }
    },
    {
      "type": "Feature",
      "geometry": {
        "type": "Point",
        "coordinates": [
          500695.2283674609,
          6964682.228151048
        ]
      },
      "properties": {
        "junction_id": 36393,
        "veh_id": 11540,
        "sim_time_s": 1312.7,
        "tier": "track-section"
      }
    },
    {
      "type": "Feature",
      "geometry": {
        "type": "Point",
        "coordinates": [
          500693.1149441606,
          6964664.905527462
        ]
      },
      "properties": {
        "junction_id": 39606,
        "veh_id": 11540,
        "sim_time_s": 1314.9,
        "tier": "IC-detect"
      }
    },
    {
      "type": "Feature",
      "geometry": {
        "type": "Point",
        "coordinates": [
          500774.33790531586,
          6964265.919999445
        ]
      },
      "properties": {
        "junction_id": 36393,
        "veh_id": 11529,
        "sim_time_s": 1316.7,
        "tier": "IC-detect"
      }
    },
    {
      "type": "Feature",
      "geometry": {
        "type": "Point",
        "coordinates": [
          500578.3839234078,
          6965501.640975551
        ]
      },
      "properties": {
        "junction_id": 36385,
        "veh_id": 11565,
        "sim_time_s": 1320.8,
        "tier": "IC-detect"
      }
    },
    {
      "type": "Feature",
      "geometry": {
        "type": "Point",
        "coordinates": [
          500511.9271211798,
          6965738.479058159
        ]
      },
      "properties": {
        "junction_id": 39578,
        "veh_id": 11557,
        "sim_time_s": 1320.8,
        "tier": "IC-detect"
      }
    },
    {
      "type": "Feature",
      "geometry": {
        "type": "Point",
        "coordinates": [
          500512.6289203664,
          6965690.694907212
        ]
      },
      "properties": {
        "junction_id": 39587,
        "veh_id": 11546,
        "sim_time_s": 1321.2,
        "tier": "IC-detect"
      }
    },
    {
      "type": "Feature",
      "geometry": {
        "type": "Point",
        "coordinates": [
          500488.9373457773,
          6965702.9514169805
        ]
      },
      "properties": {
        "junction_id": 39576,
        "veh_id": 11546,
        "sim_time_s": 1321.2,
        "tier": "IC-detect"
      }
    },
    {
      "type": "Feature",
      "geometry": {
        "type": "Point",
        "coordinates": [
          500716.2039465153,
          6965084.088570322
        ]
      },
      "properties": {
        "junction_id": 36385,
        "veh_id": 11533,
        "sim_time_s": 1321.7,
        "tier": "IC-detect"
      }
    },
    {
      "type": "Feature",
      "geometry": {
        "type": "Point",
        "coordinates": [
          500488.9373457773,
          6965702.9514169805
        ]
      },
      "properties": {
        "junction_id": 39578,
        "veh_id": 11546,
        "sim_time_s": 1322.1,
        "tier": "IC-detect"
      }
    },
    {
      "type": "Feature",
      "geometry": {
        "type": "Point",
        "coordinates": [
          500573.38523335976,
          6965515.577020162
        ]
      },
      "properties": {
        "junction_id": 39587,
        "veh_id": 11565,
        "sim_time_s": 1323.0,
        "tier": "IC-detect"
      }
    },
    {
      "type": "Feature",
      "geometry": {
        "type": "Point",
        "coordinates": [
          500518.7465407832,
          6965647.747637851
        ]
      },
      "properties": {
        "junction_id": 39593,
        "veh_id": 11546,
        "sim_time_s": 1325.7,
        "tier": "IC-detect"
      }
    },
    {
      "type": "Feature",
      "geometry": {
        "type": "Point",
        "coordinates": [
          500017.434025459,
          6966617.967562268
        ]
      },
      "properties": {
        "junction_id": 1043762,
        "veh_id": 11575,
        "sim_time_s": 1328.4,
        "tier": "IC-detect"
      }
    },
    {
      "type": "Feature",
      "geometry": {
        "type": "Point",
        "coordinates": [
          500672.5736953536,
          6964526.077944186
        ]
      },
      "properties": {
        "junction_id": 36385,
        "veh_id": 11529,
        "sim_time_s": 1340.1,
        "tier": "IC-detect"
      }
    },
    {
      "type": "Feature",
      "geometry": {
        "type": "Point",
        "coordinates": [
          499971.99798108323,
          6966739.563589333
        ]
      },
      "properties": {
        "junction_id": 39569,
        "veh_id": 11575,
        "sim_time_s": 1349.1,
        "tier": "IC-detect"
      }
    },
    {
      "type": "Feature",
      "geometry": {
        "type": "Point",
        "coordinates": [
          500952.09229130344,
          6964037.796872752
        ]
      },
      "properties": {
        "junction_id": 39606,
        "veh_id": 11576,
        "sim_time_s": 1350.0,
        "tier": "IC-detect"
      }
    },
    {
      "type": "Feature",
      "geometry": {
        "type": "Point",
        "coordinates": [
          500952.09229130344,
          6964037.796872752
        ]
      },
      "properties": {
        "junction_id": 39590,
        "veh_id": 11576,
        "sim_time_s": 1350.0,
        "tier": "IC-detect"
      }
    },
    {
      "type": "Feature",
      "geometry": {
        "type": "Point",
        "coordinates": [
          500578.87950238946,
          6965500.000353724
        ]
      },
      "properties": {
        "junction_id": 36385,
        "veh_id": 11546,
        "sim_time_s": 1353.2,
        "tier": "IC-detect"
      }
    },
    {
      "type": "Feature",
      "geometry": {
        "type": "Point",
        "coordinates": [
          500087.97191681445,
          6967506.11806405
        ]
      },
      "properties": {
        "junction_id": 38339,
        "veh_id": 11566,
        "sim_time_s": 1353.2,
        "tier": "IC-detect"
      }
    },
    {
      "type": "Feature",
      "geometry": {
        "type": "Point",
        "coordinates": [
          500676.3254583914,
          6964678.11321788
        ]
      },
      "properties": {
        "junction_id": 39593,
        "veh_id": 11529,
        "sim_time_s": 1353.6,
        "tier": "IC-detect"
      }
    },
    {
      "type": "Feature",
      "geometry": {
        "type": "Point",
        "coordinates": [
          500512.14714422665,
          6965724.491969128
        ]
      },
      "properties": {
        "junction_id": 39576,
        "veh_id": 11557,
        "sim_time_s": 1355.8,
        "tier": "track-section"
      }
    },
    {
      "type": "Feature",
      "geometry": {
        "type": "Point",
        "coordinates": [
          500721.0661618729,
          6965048.2158497
        ]
      },
      "properties": {
        "junction_id": 36393,
        "veh_id": 11533,
        "sim_time_s": 1359.9,
        "tier": "IC-detect"
      }
    },
    {
      "type": "Feature",
      "geometry": {
        "type": "Point",
        "coordinates": [
          500518.95870366815,
          6965647.376956177
        ]
      },
      "properties": {
        "junction_id": 39593,
        "veh_id": 11557,
        "sim_time_s": 1364.0,
        "tier": "IC-detect"
      }
    },
    {
      "type": "Feature",
      "geometry": {
        "type": "Point",
        "coordinates": [
          500721.0661618729,
          6965048.2158497
        ]
      },
      "properties": {
        "junction_id": 39587,
        "veh_id": 11533,
        "sim_time_s": 1366.7,
        "tier": "IC-detect"
      }
    },
    {
      "type": "Feature",
      "geometry": {
        "type": "Point",
        "coordinates": [
          500649.1515367576,
          6965254.639069638
        ]
      },
      "properties": {
        "junction_id": 36393,
        "veh_id": 11565,
        "sim_time_s": 1368.9,
        "tier": "IC-detect"
      }
    },
    {
      "type": "Feature",
      "geometry": {
        "type": "Point",
        "coordinates": [
          500775.14511502086,
          6964264.907645567
        ]
      },
      "properties": {
        "junction_id": 36393,
        "veh_id": 11576,
        "sim_time_s": 1368.9,
        "tier": "IC-detect"
      }
    },
    {
      "type": "Feature",
      "geometry": {
        "type": "Point",
        "coordinates": [
          500677.44068321044,
          6964707.7130386755
        ]
      },
      "properties": {
        "junction_id": 39590,
        "veh_id": 11529,
        "sim_time_s": 1380.2,
        "tier": "IC-detect"
      }
    },
    {
      "type": "Feature",
      "geometry": {
        "type": "Point",
        "coordinates": [
          500578.29207591485,
          6965501.938159395
        ]
      },
      "properties": {
        "junction_id": 36385,
        "veh_id": 11557,
        "sim_time_s": 1380.6,
        "tier": "IC-detect"
      }
    },
    {
      "type": "Feature",
      "geometry": {
        "type": "Point",
        "coordinates": [
          500753.50556834537,
          6964359.373871021
        ]
      },
      "properties": {
        "junction_id": 39590,
        "veh_id": 11540,
        "sim_time_s": 1388.2,
        "tier": "track-section"
      }
    },
    {
      "type": "Feature",
      "geometry": {
        "type": "Point",
        "coordinates": [
          500644.3713015575,
          6965250.360710422
        ]
      },
      "properties": {
        "junction_id": 36393,
        "veh_id": 11546,
        "sim_time_s": 1398.6,
        "tier": "IC-detect"
      }
    },
    {
      "type": "Feature",
      "geometry": {
        "type": "Point",
        "coordinates": [
          500699.39114358556,
          6964815.503712295
        ]
      },
      "properties": {
        "junction_id": 39590,
        "veh_id": 11533,
        "sim_time_s": 1409.0,
        "tier": "IC-detect"
      }
    },
    {
      "type": "Feature",
      "geometry": {
        "type": "Point",
        "coordinates": [
          499972.991753843,
          6967147.455814274
        ]
      },
      "properties": {
        "junction_id": 39572,
        "veh_id": 11566,
        "sim_time_s": 1412.5,
        "tier": "IC-detect"
      }
    },
    {
      "type": "Feature",
      "geometry": {
        "type": "Point",
        "coordinates": [
          500599.47037745465,
          6965439.310953487
        ]
      },
      "properties": {
        "junction_id": 39587,
        "veh_id": 11557,
        "sim_time_s": 1415.7,
        "tier": "IC-detect"
      }
    },
    {
      "type": "Feature",
      "geometry": {
        "type": "Point",
        "coordinates": [
          499985.24686403084,
          6967313.201845318
        ]
      },
      "properties": {
        "junction_id": 38339,
        "veh_id": 11575,
        "sim_time_s": 1419.8,
        "tier": "IC-detect"
      }
    },
    {
      "type": "Feature",
      "geometry": {
        "type": "Point",
        "coordinates": [
          500716.16265773296,
          6965084.078447365
        ]
      },
      "properties": {
        "junction_id": 39593,
        "veh_id": 11565,
        "sim_time_s": 1426.0,
        "tier": "IC-detect"
      }
    },
    {
      "type": "Feature",
      "geometry": {
        "type": "Point",
        "coordinates": [
          500695.009782489,
          6964694.653152785
        ]
      },
      "properties": {
        "junction_id": 39593,
        "veh_id": 11533,
        "sim_time_s": 1427.0,
        "tier": "IC-detect"
      }
    },
    {
      "type": "Feature",
      "geometry": {
        "type": "Point",
        "coordinates": [
          500693.0740132922,
          6964665.918418741
        ]
      },
      "properties": {
        "junction_id": 39606,
        "veh_id": 11533,
        "sim_time_s": 1430.5,
        "tier": "IC-detect"
      }
    },
    {
      "type": "Feature",
      "geometry": {
        "type": "Point",
        "coordinates": [
          500757.43941263494,
          6964341.959066947
        ]
      },
      "properties": {
        "junction_id": 36393,
        "veh_id": 11540,
        "sim_time_s": 1432.8,
        "tier": "IC-detect"
      }
    },
    {
      "type": "Feature",
      "geometry": {
        "type": "Point",
        "coordinates": [
          500716.1041373343,
          6964989.787025106
        ]
      },
      "properties": {
        "junction_id": 39587,
        "veh_id": 11529,
        "sim_time_s": 1433.7,
        "tier": "IC-detect"
      }
    },
    {
      "type": "Feature",
      "geometry": {
        "type": "Point",
        "coordinates": [
          500757.43941263494,
          6964341.959066947
        ]
      },
      "properties": {
        "junction_id": 39606,
        "veh_id": 11540,
        "sim_time_s": 1435.0,
        "tier": "IC-detect"
      }
    },
    {
      "type": "Feature",
      "geometry": {
        "type": "Point",
        "coordinates": [
          500716.01831757545,
          6964997.150563262
        ]
      },
      "properties": {
        "junction_id": 36393,
        "veh_id": 11529,
        "sim_time_s": 1436.8,
        "tier": "IC-detect"
      }
    },
    {
      "type": "Feature",
      "geometry": {
        "type": "Point",
        "coordinates": [
          500716.16265773296,
          6965084.078447365
        ]
      },
      "properties": {
        "junction_id": 36385,
        "veh_id": 11565,
        "sim_time_s": 1440.9,
        "tier": "IC-detect"
      }
    },
    {
      "type": "Feature",
      "geometry": {
        "type": "Point",
        "coordinates": [
          500712.83728232165,
          6965097.158657654
        ]
      },
      "properties": {
        "junction_id": 39587,
        "veh_id": 11546,
        "sim_time_s": 1441.3,
        "tier": "IC-detect"
      }
    },
    {
      "type": "Feature",
      "geometry": {
        "type": "Point",
        "coordinates": [
          500716.1640918585,
          6965084.072656714
        ]
      },
      "properties": {
        "junction_id": 39587,
        "veh_id": 11565,
        "sim_time_s": 1443.2,
        "tier": "IC-detect"
      }
    },
    {
      "type": "Feature",
      "geometry": {
        "type": "Point",
        "coordinates": [
          500650.48850461154,
          6965251.572389356
        ]
      },
      "properties": {
        "junction_id": 36393,
        "veh_id": 11557,
        "sim_time_s": 1445.4,
        "tier": "IC-detect"
      }
    },
    {
      "type": "Feature",
      "geometry": {
        "type": "Point",
        "coordinates": [
          500712.83728232165,
          6965097.158657654
        ]
      },
      "properties": {
        "junction_id": 39593,
        "veh_id": 11546,
        "sim_time_s": 1445.8,
        "tier": "IC-detect"
      }
    },
    {
      "type": "Feature",
      "geometry": {
        "type": "Point",
        "coordinates": [
          500715.9922009654,
          6964998.978469539
        ]
      },
      "properties": {
        "junction_id": 36385,
        "veh_id": 11529,
        "sim_time_s": 1460.2,
        "tier": "IC-detect"
      }
    },
    {
      "type": "Feature",
      "geometry": {
        "type": "Point",
        "coordinates": [
          500699.16817447223,
          6964812.491963548
        ]
      },
      "properties": {
        "junction_id": 39590,
        "veh_id": 11565,
        "sim_time_s": 1466.5,
        "tier": "IC-detect"
      }
    },
    {
      "type": "Feature",
      "geometry": {
        "type": "Point",
        "coordinates": [
          500714.5864688937,
          6964389.344238456
        ]
      },
      "properties": {
        "junction_id": 39606,
        "veh_id": 11576,
        "sim_time_s": 1470.2,
        "tier": "IC-detect"
      }
    },
    {
      "type": "Feature",
      "geometry": {
        "type": "Point",
        "coordinates": [
          500714.5864688937,
          6964389.344238456
        ]
      },
      "properties": {
        "junction_id": 39590,
        "veh_id": 11576,
        "sim_time_s": 1470.2,
        "tier": "IC-detect"
      }
    },
    {
      "type": "Feature",
      "geometry": {
        "type": "Point",
        "coordinates": [
          500712.83728232165,
          6965097.158657654
        ]
      },
      "properties": {
        "junction_id": 36385,
        "veh_id": 11546,
        "sim_time_s": 1473.3,
        "tier": "IC-detect"
      }
    },
    {
      "type": "Feature",
      "geometry": {
        "type": "Point",
        "coordinates": [
          499961.5331031289,
          6967073.7811316345
        ]
      },
      "properties": {
        "junction_id": 38339,
        "veh_id": 11566,
        "sim_time_s": 1473.3,
        "tier": "IC-detect"
      }
    },
    {
      "type": "Feature",
      "geometry": {
        "type": "Point",
        "coordinates": [
          500715.9922009654,
          6964998.978469539
        ]
      },
      "properties": {
        "junction_id": 39593,
        "veh_id": 11529,
        "sim_time_s": 1473.8,
        "tier": "IC-detect"
      }
    },
    {
      "type": "Feature",
      "geometry": {
        "type": "Point",
        "coordinates": [
          500693.0510286835,
          6964666.269362172
        ]
      },
      "properties": {
        "junction_id": 39606,
        "veh_id": 11565,
        "sim_time_s": 1480.5,
        "tier": "IC-detect"
      }
    },
    {
      "type": "Feature",
      "geometry": {
        "type": "Point",
        "coordinates": [
          500713.031808788,
          6965094.249939817
        ]
      },
      "properties": {
        "junction_id": 39593,
        "veh_id": 11557,
        "sim_time_s": 1484.1,
        "tier": "IC-detect"
      }
    },
    {
      "type": "Feature",
      "geometry": {
        "type": "Point",
        "coordinates": [
          500672.96438977367,
          6964524.469329896
        ]
      },
      "properties": {
        "junction_id": 36385,
        "veh_id": 11576,
        "sim_time_s": 1486.8,
        "tier": "IC-detect"
      }
    },
    {
      "type": "Feature",
      "geometry": {
        "type": "Point",
        "coordinates": [
          500687.2006521255,
          6964600.099098168
        ]
      },
      "properties": {
        "junction_id": 36393,
        "veh_id": 11565,
        "sim_time_s": 1489.0,
        "tier": "IC-detect"
      }
    },
    {
      "type": "Feature",
      "geometry": {
        "type": "Point",
        "coordinates": [
          500671.84820402355,
          6964561.724905615
        ]
      },
      "properties": {
        "junction_id": 36393,
        "veh_id": 11576,
        "sim_time_s": 1489.0,
        "tier": "IC-detect"
      }
    },
    {
      "type": "Feature",
      "geometry": {
        "type": "Point",
        "coordinates": [
          499964.0881401567,
          6966923.2572321035
        ]
      },
      "properties": {
        "junction_id": 39569,
        "veh_id": 11566,
        "sim_time_s": 1496.2,
        "tier": "IC-detect"
      }
    },
    {
      "type": "Feature",
      "geometry": {
        "type": "Point",
        "coordinates": [
          500676.6160602435,
          6964680.590907747
        ]
      },
      "properties": {
        "junction_id": 39593,
        "veh_id": 11576,
        "sim_time_s": 1497.6,
        "tier": "IC-detect"
      }
    },
    {
      "type": "Feature",
      "geometry": {
        "type": "Point",
        "coordinates": [
          500716.0504489812,
          6965084.051735591
        ]
      },
      "properties": {
        "junction_id": 36385,
        "veh_id": 11557,
        "sim_time_s": 1500.8,
        "tier": "IC-detect"
      }
    },
    {
      "type": "Feature",
      "geometry": {
        "type": "Point",
        "coordinates": [
          501121.60241575295,
          6964207.842189076
        ]
      },
      "properties": {
        "junction_id": 39590,
        "veh_id": 11540,
        "sim_time_s": 1508.4,
        "tier": "IC-detect"
      }
    },
    {
      "type": "Feature",
      "geometry": {
        "type": "Point",
        "coordinates": [
          500722.37256071356,
          6965041.248808741
        ]
      },
      "properties": {
        "junction_id": 36393,
        "veh_id": 11546,
        "sim_time_s": 1518.8,
        "tier": "IC-detect"
      }
    },
    {
      "type": "Feature",
      "geometry": {
        "type": "Point",
        "coordinates": [
          499967.0810191267,
          6966873.332557507
        ]
      },
      "properties": {
        "junction_id": 39572,
        "veh_id": 11566,
        "sim_time_s": 1532.7,
        "tier": "IC-detect"
      }
    },
    {
      "type": "Feature",
      "geometry": {
        "type": "Point",
        "coordinates": [
          500194.4909337783,
          6965100.592864177
        ]
      },
      "properties": {
        "junction_id": 39593,
        "veh_id": 11550,
        "sim_time_s": 1544.0,
        "tier": "IC-detect"
      }
    },
    {
      "type": "Feature",
      "geometry": {
        "type": "Point",
        "coordinates": [
          500699.23674105376,
          6964815.066676599
        ]
      },
      "properties": {
        "junction_id": 39590,
        "veh_id": 11546,
        "sim_time_s": 1545.8,
        "tier": "IC-detect"
      }
    },
    {
      "type": "Feature",
      "geometry": {
        "type": "Point",
        "coordinates": [
          500221.9994218319,
          6965096.219623873
        ]
      },
      "properties": {
        "junction_id": 36385,
        "veh_id": 11550,
        "sim_time_s": 1546.7,
        "tier": "IC-detect"
      }
    },
    {
      "type": "Feature",
      "geometry": {
        "type": "Point",
        "coordinates": [
          500254.1620241565,
          6965091.106482485
        ]
      },
      "properties": {
        "junction_id": 39587,
        "veh_id": 11550,
        "sim_time_s": 1548.9,
        "tier": "IC-detect"
      }
    },
    {
      "type": "Feature",
      "geometry": {
        "type": "Point",
        "coordinates": [
          500013.52782504197,
          6966665.693087216
        ]
      },
      "properties": {
        "junction_id": 1043762,
        "veh_id": 11566,
        "sim_time_s": 1549.8,
        "tier": "IC-detect"
      }
    },
    {
      "type": "Feature",
      "geometry": {
        "type": "Point",
        "coordinates": [
          500311.3812773067,
          6965082.009888606
        ]
      },
      "properties": {
        "junction_id": 36393,
        "veh_id": 11550,
        "sim_time_s": 1552.5,
        "tier": "IC-detect"
      }
    },
    {
      "type": "Feature",
      "geometry": {
        "type": "Point",
        "coordinates": [
          500885.48543056526,
          6965076.266099562
        ]
      },
      "properties": {
        "junction_id": 39587,
        "veh_id": 11529,
        "sim_time_s": 1553.8,
        "tier": "IC-detect"
      }
    },
    {
      "type": "Feature",
      "geometry": {
        "type": "Point",
        "coordinates": [
          500699.1485750601,
          6964814.19802527
        ]
      },
      "properties": {
        "junction_id": 39590,
        "veh_id": 11557,
        "sim_time_s": 1555.2,
        "tier": "IC-detect"
      }
    },
    {
      "type": "Feature",
      "geometry": {
        "type": "Point",
        "coordinates": [
          500932.3130653677,
          6965092.043976284
        ]
      },
      "properties": {
        "junction_id": 36393,
        "veh_id": 11529,
        "sim_time_s": 1557.0,
        "tier": "IC-detect"
      }
    },
    {
      "type": "Feature",
      "geometry": {
        "type": "Point",
        "coordinates": [
          500697.78258351784,
          6964777.526361785
        ]
      },
      "properties": {
        "junction_id": 36393,
        "veh_id": 11557,
        "sim_time_s": 1565.5,
        "tier": "IC-detect"
      }
    },
    {
      "type": "Feature",
      "geometry": {
        "type": "Point",
        "coordinates": [
          500697.72775761713,
          6964692.243482962
        ]
      },
      "properties": {
        "junction_id": 39593,
        "veh_id": 11546,
        "sim_time_s": 1566.0,
        "tier": "IC-detect"
      }
    },
    {
      "type": "Feature",
      "geometry": {
        "type": "Point",
        "coordinates": [
          500793.18205521035,
          6964273.099880851
        ]
      },
      "properties": {
        "junction_id": 39590,
        "veh_id": 11565,
        "sim_time_s": 1586.7,
        "tier": "IC-detect"
      }
    },
    {
      "type": "Feature",
      "geometry": {
        "type": "Point",
        "coordinates": [
          500697.2450327256,
          6964685.092897612
        ]
      },
      "properties": {
        "junction_id": 36385,
        "veh_id": 11546,
        "sim_time_s": 1593.5,
        "tier": "IC-detect"
      }
    },
    {
      "type": "Feature",
      "geometry": {
        "type": "Point",
        "coordinates": [
          500707.2230559839,
          6964987.655577107
        ]
      },
      "properties": {
        "junction_id": 39587,
        "veh_id": 11576,
        "sim_time_s": 1593.5,
        "tier": "IC-detect"
      }
    },
    {
      "type": "Feature",
      "geometry": {
        "type": "Point",
        "coordinates": [
          500055.59853938915,
          6966564.247186163
        ]
      },
      "properties": {
        "junction_id": 38339,
        "veh_id": 11566,
        "sim_time_s": 1593.5,
        "tier": "IC-detect"
      }
    },
    {
      "type": "Feature",
      "geometry": {
        "type": "Point",
        "coordinates": [
          500693.0178842749,
          6964667.490805455
        ]
      },
      "properties": {
        "junction_id": 39606,
        "veh_id": 11557,
        "sim_time_s": 1594.3,
        "tier": "IC-detect"
      }
    },
    {
      "type": "Feature",
      "geometry": {
        "type": "Point",
        "coordinates": [
          500953.863945997,
          6964074.84901359
        ]
      },
      "properties": {
        "junction_id": 39606,
        "veh_id": 11565,
        "sim_time_s": 1600.7,
        "tier": "IC-detect"
      }
    },
    {
      "type": "Feature",
      "geometry": {
        "type": "Point",
        "coordinates": [
          500692.8927285623,
          6964664.920609686
        ]
      },
      "properties": {
        "junction_id": 39606,
        "veh_id": 11546,
        "sim_time_s": 1601.1,
        "tier": "IC-detect"
      }
    },
    {
      "type": "Feature",
      "geometry": {
        "type": "Point",
        "coordinates": [
          500707.02419655287,
          6965003.609262215
        ]
      },
      "properties": {
        "junction_id": 36385,
        "veh_id": 11576,
        "sim_time_s": 1607.0,
        "tier": "IC-detect"
      }
    },
    {
      "type": "Feature",
      "geometry": {
        "type": "Point",
        "coordinates": [
          500707.02419655287,
          6965003.609262215
        ]
      },
      "properties": {
        "junction_id": 36393,
        "veh_id": 11576,
        "sim_time_s": 1609.2,
        "tier": "IC-detect"
      }
    },
    {
      "type": "Feature",
      "geometry": {
        "type": "Point",
        "coordinates": [
          500058.4139533303,
          6966557.310065506
        ]
      },
      "properties": {
        "junction_id": 39569,
        "veh_id": 11566,
        "sim_time_s": 1616.4,
        "tier": "IC-detect"
      }
    },
    {
      "type": "Feature",
      "geometry": {
        "type": "Point",
        "coordinates": [
          500707.02251619485,
          6965003.643901692
        ]
      },
      "properties": {
        "junction_id": 39593,
        "veh_id": 11576,
        "sim_time_s": 1617.8,
        "tier": "IC-detect"
      }
    },
    {
      "type": "Feature",
      "geometry": {
        "type": "Point",
        "coordinates": [
          500742.01578490296,
          6964382.140593552
        ]
      },
      "properties": {
        "junction_id": 36393,
        "veh_id": 11546,
        "sim_time_s": 1638.9,
        "tier": "IC-detect"
      }
    },
    {
      "type": "Feature",
      "geometry": {
        "type": "Point",
        "coordinates": [
          500205.0148940577,
          6966304.110659078
        ]
      },
      "properties": {
        "junction_id": 39578,
        "veh_id": 11566,
        "sim_time_s": 1652.4,
        "tier": "IC-detect"
      }
    },
    {
      "type": "Feature",
      "geometry": {
        "type": "Point",
        "coordinates": [
          500206.2994828041,
          6966301.937587188
        ]
      },
      "properties": {
        "junction_id": 39572,
        "veh_id": 11566,
        "sim_time_s": 1652.8,
        "tier": "IC-detect"
      }
    },
    {
      "type": "Feature",
      "geometry": {
        "type": "Point",
        "coordinates": [
          500693.8083718096,
          6965025.9783961475
        ]
      },
      "properties": {
        "junction_id": 39593,
        "veh_id": 11550,
        "sim_time_s": 1664.1,
        "tier": "IC-detect"
      }
    },
    {
      "type": "Feature",
      "geometry": {
        "type": "Point",
        "coordinates": [
          500753.13752265414,
          6964351.541613169
        ]
      },
      "properties": {
        "junction_id": 39590,
        "veh_id": 11546,
        "sim_time_s": 1665.9,
        "tier": "IC-detect"
      }
    },
    {
      "type": "Feature",
      "geometry": {
        "type": "Point",
        "coordinates": [
          500693.8083718096,
          6965025.9783961475
        ]
      },
      "properties": {
        "junction_id": 36385,
        "veh_id": 11550,
        "sim_time_s": 1666.8,
        "tier": "IC-detect"
      }
    },
    {
      "type": "Feature",
      "geometry": {
        "type": "Point",
        "coordinates": [
          500302.2848471767,
          6966152.100615977
        ]
      },
      "properties": {
        "junction_id": 39576,
        "veh_id": 11566,
        "sim_time_s": 1666.8,
        "tier": "IC-detect"
      }
    },
    {
      "type": "Feature",
      "geometry": {
        "type": "Point",
        "coordinates": [
          500645.38325856725,
          6965220.115210609
        ]
      },
      "properties": {
        "junction_id": 39576,
        "veh_id": 11576,
        "sim_time_s": 1668.6,
        "tier": "IC-detect"
      }
    },
    {
      "type": "Feature",
      "geometry": {
        "type": "Point",
        "coordinates": [
          500693.8083718096,
          6965025.9783961475
        ]
      },
      "properties": {
        "junction_id": 39587,
        "veh_id": 11550,
        "sim_time_s": 1669.0,
        "tier": "IC-detect"
      }
    },
    {
      "type": "Feature",
      "geometry": {
        "type": "Point",
        "coordinates": [
          500322.7287587998,
          6966125.728161055
        ]
      },
      "properties": {
        "junction_id": 1043762,
        "veh_id": 11566,
        "sim_time_s": 1670.0,
        "tier": "IC-detect"
      }
    },
    {
      "type": "Feature",
      "geometry": {
        "type": "Point",
        "coordinates": [
          500693.8083718096,
          6965025.9783961475
        ]
      },
      "properties": {
        "junction_id": 36393,
        "veh_id": 11550,
        "sim_time_s": 1672.7,
        "tier": "IC-detect"
      }
    },
    {
      "type": "Feature",
      "geometry": {
        "type": "Point",
        "coordinates": [
          500819.7034596433,
          6964229.060991639
        ]
      },
      "properties": {
        "junction_id": 39590,
        "veh_id": 11557,
        "sim_time_s": 1675.3,
        "tier": "IC-detect"
      }
    },
    {
      "type": "Feature",
      "geometry": {
        "type": "Point",
        "coordinates": [
          500924.00238890067,
          6965248.248788875
        ]
      },
      "properties": {
        "junction_id": 36385,
        "veh_id": 11561,
        "sim_time_s": 1682.1,
        "tier": "IC-detect"
      }
    },
    {
      "type": "Feature",
      "geometry": {
        "type": "Point",
        "coordinates": [
          500924.00238890067,
          6965248.248788875
        ]
      },
      "properties": {
        "junction_id": 39593,
        "veh_id": 11561,
        "sim_time_s": 1682.1,
        "tier": "IC-detect"
      }
    },
    {
      "type": "Feature",
      "geometry": {
        "type": "Point",
        "coordinates": [
          500924.00238890067,
          6965248.248788875
        ]
      },
      "properties": {
        "junction_id": 39587,
        "veh_id": 11561,
        "sim_time_s": 1682.1,
        "tier": "IC-detect"
      }
    },
    {
      "type": "Feature",
      "geometry": {
        "type": "Point",
        "coordinates": [
          500580.8292268446,
          6965433.583336314
        ]
      },
      "properties": {
        "junction_id": 39578,
        "veh_id": 11576,
        "sim_time_s": 1682.5,
        "tier": "IC-detect"
      }
    },
    {
      "type": "Feature",
      "geometry": {
        "type": "Point",
        "coordinates": [
          500510.82018049515,
          6965961.682774756
        ]
      },
      "properties": {
        "junction_id": 39587,
        "veh_id": 11566,
        "sim_time_s": 1687.5,
        "tier": "IC-detect"
      }
    },
    {
      "type": "Feature",
      "geometry": {
        "type": "Point",
        "coordinates": [
          499517.39046187786,
          6966652.513049488
        ]
      },
      "properties": {
        "junction_id": 39572,
        "veh_id": 11534,
        "sim_time_s": 1692.9,
        "tier": "IC-detect"
      }
    },
    {
      "type": "Feature",
      "geometry": {
        "type": "Point",
        "coordinates": [
          499642.3841525129,
          6966628.31211781
        ]
      },
      "properties": {
        "junction_id": 39569,
        "veh_id": 11534,
        "sim_time_s": 1700.5,
        "tier": "IC-detect"
      }
    },
    {
      "type": "Feature",
      "geometry": {
        "type": "Point",
        "coordinates": [
          499649.84575068066,
          6966627.554695368
        ]
      },
      "properties": {
        "junction_id": 38339,
        "veh_id": 11534,
        "sim_time_s": 1701.0,
        "tier": "IC-detect"
      }
    },
    {
      "type": "Feature",
      "geometry": {
        "type": "Point",
        "coordinates": [
          500550.2339364542,
          6965527.1747493325
        ]
      },
      "properties": {
        "junction_id": 39587,
        "veh_id": 11576,
        "sim_time_s": 1713.6,
        "tier": "IC-detect"
      }
    },
    {
      "type": "Feature",
      "geometry": {
        "type": "Point",
        "coordinates": [
          500910.8330719908,
          6964141.369188235
        ]
      },
      "properties": {
        "junction_id": 39606,
        "veh_id": 11557,
        "sim_time_s": 1714.5,
        "tier": "IC-detect"
      }
    },
    {
      "type": "Feature",
      "geometry": {
        "type": "Point",
        "coordinates": [
          499871.3144105182,
          6966552.123375714
        ]
      },
      "properties": {
        "junction_id": 1043762,
        "veh_id": 11534,
        "sim_time_s": 1715.8,
        "tier": "IC-detect"
      }
    },
    {
      "type": "Feature",
      "geometry": {
        "type": "Point",
        "coordinates": [
          500755.53212633065,
          6964345.825016069
        ]
      },
      "properties": {
        "junction_id": 39606,
        "veh_id": 11546,
        "sim_time_s": 1721.2,
        "tier": "IC-detect"
      }
    },
    {
      "type": "Feature",
      "geometry": {
        "type": "Point",
        "coordinates": [
          500699.0103929025,
          6964811.198506496
        ]
      },
      "properties": {
        "junction_id": 39590,
        "veh_id": 11550,
        "sim_time_s": 1757.7,
        "tier": "IC-detect"
      }
    },
    {
      "type": "Feature",
      "geometry": {
        "type": "Point",
        "coordinates": [
          500495.5020889852,
          6965795.219131598
        ]
      },
      "properties": {
        "junction_id": 1043762,
        "veh_id": 11576,
        "sim_time_s": 1757.7,
        "tier": "IC-detect"
      }
    },
    {
      "type": "Feature",
      "geometry": {
        "type": "Point",
        "coordinates": [
          500512.2077078428,
          6965718.253424557
        ]
      },
      "properties": {
        "junction_id": 39578,
        "veh_id": 11566,
        "sim_time_s": 1772.5,
        "tier": "IC-detect"
      }
    },
    {
      "type": "Feature",
      "geometry": {
        "type": "Point",
        "coordinates": [
          500396.5036499645,
          6966041.056818263
        ]
      },
      "properties": {
        "junction_id": 39569,
        "veh_id": 11576,
        "sim_time_s": 1778.4,
        "tier": "IC-detect"
      }
    },
    {
      "type": "Feature",
      "geometry": {
        "type": "Point",
        "coordinates": [
          500697.23126419954,
          6964685.093501544
        ]
      },
      "properties": {
        "junction_id": 39593,
        "veh_id": 11550,
        "sim_time_s": 1784.2,
        "tier": "IC-detect"
      }
    },
    {
      "type": "Feature",
      "geometry": {
        "type": "Point",
        "coordinates": [
          500858.51311823336,
          6965224.110542902
        ]
      },
      "properties": {
        "junction_id": 36393,
        "veh_id": 11561,
        "sim_time_s": 1787.0,
        "tier": "IC-detect"
      }
    },
    {
      "type": "Feature",
      "geometry": {
        "type": "Point",
        "coordinates": [
          500697.23126419954,
          6964685.093501544
        ]
      },
      "properties": {
        "junction_id": 36385,
        "veh_id": 11550,
        "sim_time_s": 1787.0,
        "tier": "IC-detect"
      }
    },
    {
      "type": "Feature",
      "geometry": {
        "type": "Point",
        "coordinates": [
          500512.2077078428,
          6965718.253424557
        ]
      },
      "properties": {
        "junction_id": 39576,
        "veh_id": 11566,
        "sim_time_s": 1787.0,
        "tier": "IC-detect"
      }
    },
    {
      "type": "Feature",
      "geometry": {
        "type": "Point",
        "coordinates": [
          500697.23126419954,
          6964685.093501544
        ]
      },
      "properties": {
        "junction_id": 36393,
        "veh_id": 11550,
        "sim_time_s": 1792.8,
        "tier": "IC-detect"
      }
    },
    {
      "type": "Feature",
      "geometry": {
        "type": "Point",
        "coordinates": [
          500242.88845999993,
          6966215.80501513
        ]
      },
      "properties": {
        "junction_id": 39572,
        "veh_id": 11576,
        "sim_time_s": 1793.2,
        "tier": "IC-detect"
      }
    },
    {
      "type": "Feature",
      "geometry": {
        "type": "Point",
        "coordinates": [
          500689.9197891438,
          6964665.742134026
        ]
      },
      "properties": {
        "junction_id": 39606,
        "veh_id": 11550,
        "sim_time_s": 1794.2,
        "tier": "IC-detect"
      }
    },
    {
      "type": "Feature",
      "geometry": {
        "type": "Point",
        "coordinates": [
          500946.97228876385,
          6964034.668682542
        ]
      },
      "properties": {
        "junction_id": 39606,
        "veh_id": 11577,
        "sim_time_s": 1800.0,
        "tier": "IC-detect"
      }
    },
    {
      "type": "Feature",
      "geometry": {
        "type": "Point",
        "coordinates": [
          500946.97228876385,
          6964034.668682542
        ]
      },
      "properties": {
        "junction_id": 39590,
        "veh_id": 11577,
        "sim_time_s": 1800.0,
        "tier": "IC-detect"
      }
    },
    {
      "type": "Feature",
      "geometry": {
        "type": "Point",
        "coordinates": [
          500835.00989737175,
          6965213.765087954
        ]
      },
      "properties": {
        "junction_id": 36385,
        "veh_id": 11561,
        "sim_time_s": 1802.2,
        "tier": "IC-detect"
      }
    },
    {
      "type": "Feature",
      "geometry": {
        "type": "Point",
        "coordinates": [
          500835.00989737175,
          6965213.765087954
        ]
      },
      "properties": {
        "junction_id": 39593,
        "veh_id": 11561,
        "sim_time_s": 1802.2,
        "tier": "IC-detect"
      }
    },
    {
      "type": "Feature",
      "geometry": {
        "type": "Point",
        "coordinates": [
          500828.5746013855,
          6965210.384778093
        ]
      },
      "properties": {
        "junction_id": 39587,
        "veh_id": 11561,
        "sim_time_s": 1802.2,
        "tier": "IC-detect"
      }
    },
    {
      "type": "Feature",
      "geometry": {
        "type": "Point",
        "coordinates": [
          500519.7332965532,
          6965644.81629299
        ]
      },
      "properties": {
        "junction_id": 39593,
        "veh_id": 11566,
        "sim_time_s": 1805.4,
        "tier": "IC-detect"
      }
    },
    {
      "type": "Feature",
      "geometry": {
        "type": "Point",
        "coordinates": [
          500211.00080393703,
          6966305.9871764835
        ]
      },
      "properties": {
        "junction_id": 39578,
        "veh_id": 11534,
        "sim_time_s": 1807.2,
        "tier": "IC-detect"
      }
    },
    {
      "type": "Feature",
      "geometry": {
        "type": "Point",
        "coordinates": [
          500516.3561096074,
          6965659.4110495215
        ]
      },
      "properties": {
        "junction_id": 39587,
        "veh_id": 11566,
        "sim_time_s": 1807.7,
        "tier": "IC-detect"
      }
    },
    {
      "type": "Feature",
      "geometry": {
        "type": "Point",
        "coordinates": [
          500255.359084687,
          6966229.376060851
        ]
      },
      "properties": {
        "junction_id": 39572,
        "veh_id": 11534,
        "sim_time_s": 1813.0,
        "tier": "IC-detect"
      }
    },
    {
      "type": "Feature",
      "geometry": {
        "type": "Point",
        "coordinates": [
          500085.17414149945,
          6967503.087901591
        ]
      },
      "properties": {
        "junction_id": 38339,
        "veh_id": 11567,
        "sim_time_s": 1813.5,
        "tier": "IC-detect"
      }
    },
    {
      "type": "Feature",
      "geometry": {
        "type": "Point",
        "coordinates": [
          500578.3054721262,
          6965501.789544085
        ]
      },
      "properties": {
        "junction_id": 36385,
        "veh_id": 11566,
        "sim_time_s": 1816.7,
        "tier": "IC-detect"
      }
    },
    {
      "type": "Feature",
      "geometry": {
        "type": "Point",
        "coordinates": [
          500309.6412683028,
          6966152.437546544
        ]
      },
      "properties": {
        "junction_id": 39576,
        "veh_id": 11534,
        "sim_time_s": 1819.3,
        "tier": "IC-detect"
      }
    },
    {
      "type": "Feature",
      "geometry": {
        "type": "Point",
        "coordinates": [
          500321.4283376856,
          6966137.101735906
        ]
      },
      "properties": {
        "junction_id": 39569,
        "veh_id": 11534,
        "sim_time_s": 1820.7,
        "tier": "IC-detect"
      }
    },
    {
      "type": "Feature",
      "geometry": {
        "type": "Point",
        "coordinates": [
          500495.4899968308,
          6965979.890685552
        ]
      },
      "properties": {
        "junction_id": 1043762,
        "veh_id": 11534,
        "sim_time_s": 1836.0,
        "tier": "IC-detect"
      }
    },
    {
      "type": "Feature",
      "geometry": {
        "type": "Point",
        "coordinates": [
          500512.93502150004,
          6965963.9692347115
        ]
      },
      "properties": {
        "junction_id": 39587,
        "veh_id": 11534,
        "sim_time_s": 1838.7,
        "tier": "IC-detect"
      }
    },
    {
      "type": "Feature",
      "geometry": {
        "type": "Point",
        "coordinates": [
          500649.55889029166,
          6965253.634179496
        ]
      },
      "properties": {
        "junction_id": 36393,
        "veh_id": 11566,
        "sim_time_s": 1842.3,
        "tier": "IC-detect"
      }
    },
    {
      "type": "Feature",
      "geometry": {
        "type": "Point",
        "coordinates": [
          500944.51358507737,
          6964038.69291645
        ]
      },
      "properties": {
        "junction_id": 39606,
        "veh_id": 11553,
        "sim_time_s": 1860.3,
        "tier": "IC-detect"
      }
    },
    {
      "type": "Feature",
      "geometry": {
        "type": "Point",
        "coordinates": [
          500944.51358507737,
          6964038.69291645
        ]
      },
      "properties": {
        "junction_id": 39590,
        "veh_id": 11553,
        "sim_time_s": 1860.3,
        "tier": "IC-detect"
      }
    },
    {
      "type": "Feature",
      "geometry": {
        "type": "Point",
        "coordinates": [
          500775.05615333334,
          6964264.816229255
        ]
      },
      "properties": {
        "junction_id": 36393,
        "veh_id": 11577,
        "sim_time_s": 1868.4,
        "tier": "IC-detect"
      }
    },
    {
      "type": "Feature",
      "geometry": {
        "type": "Point",
        "coordinates": [
          500054.7495562201,
          6966542.03962006
        ]
      },
      "properties": {
        "junction_id": 38339,
        "veh_id": 11576,
        "sim_time_s": 1873.3,
        "tier": "IC-detect"
      }
    },
    {
      "type": "Feature",
      "geometry": {
        "type": "Point",
        "coordinates": [
          499973.02936348156,
          6967146.471951213
        ]
      },
      "properties": {
        "junction_id": 39572,
        "veh_id": 11567,
        "sim_time_s": 1875.6,
        "tier": "IC-detect"
      }
    },
    {
      "type": "Feature",
      "geometry": {
        "type": "Point",
        "coordinates": [
          500703.1636688305,
          6964207.337046356
        ]
      },
      "properties": {
        "junction_id": 39590,
        "veh_id": 11550,
        "sim_time_s": 1877.8,
        "tier": "IC-detect"
      }
    },
    {
      "type": "Feature",
      "geometry": {
        "type": "Point",
        "coordinates": [
          500031.54193264083,
          6966595.425940268
        ]
      },
      "properties": {
        "junction_id": 1043762,
        "veh_id": 11576,
        "sim_time_s": 1877.8,
        "tier": "IC-detect"
      }
    },
    {
      "type": "Feature",
      "geometry": {
        "type": "Point",
        "coordinates": [
          500017.4923605933,
          6966617.996279134
        ]
      },
      "properties": {
        "junction_id": 39569,
        "veh_id": 11576,
        "sim_time_s": 1898.5,
        "tier": "IC-detect"
      }
    },
    {
      "type": "Feature",
      "geometry": {
        "type": "Point",
        "coordinates": [
          500796.1584548309,
          6965196.914095737
        ]
      },
      "properties": {
        "junction_id": 36393,
        "veh_id": 11561,
        "sim_time_s": 1907.1,
        "tier": "IC-detect"
      }
    },
    {
      "type": "Feature",
      "geometry": {
        "type": "Point",
        "coordinates": [
          500017.4923605933,
          6966617.996279134
        ]
      },
      "properties": {
        "junction_id": 39572,
        "veh_id": 11576,
        "sim_time_s": 1913.4,
        "tier": "IC-detect"
      }
    },
    {
      "type": "Feature",
      "geometry": {
        "type": "Point",
        "coordinates": [
          500774.50221997226,
          6964265.695141338
        ]
      },
      "properties": {
        "junction_id": 36393,
        "veh_id": 11553,
        "sim_time_s": 1916.1,
        "tier": "IC-detect"
      }
    },
    {
      "type": "Feature",
      "geometry": {
        "type": "Point",
        "coordinates": [
          500672.88648925076,
          6964524.46058436
        ]
      },
      "properties": {
        "junction_id": 36385,
        "veh_id": 11577,
        "sim_time_s": 1919.2,
        "tier": "IC-detect"
      }
    },
    {
      "type": "Feature",
      "geometry": {
        "type": "Point",
        "coordinates": [
          500671.7152248414,
          6964539.311562602
        ]
      },
      "properties": {
        "junction_id": 39606,
        "veh_id": 11577,
        "sim_time_s": 1920.2,
        "tier": "IC-detect"
      }
    },
    {
      "type": "Feature",
      "geometry": {
        "type": "Point",
        "coordinates": [
          500678.26481778006,
          6964495.384049227
        ]
      },
      "properties": {
        "junction_id": 39590,
        "veh_id": 11577,
        "sim_time_s": 1920.2,
        "tier": "IC-detect"
      }
    },
    {
      "type": "Feature",
      "geometry": {
        "type": "Point",
        "coordinates": [
          500519.5732973871,
          6965645.6643970385
        ]
      },
      "properties": {
        "junction_id": 39593,
        "veh_id": 11534,
        "sim_time_s": 1920.2,
        "tier": "IC-detect"
      }
    },
    {
      "type": "Feature",
      "geometry": {
        "type": "Point",
        "coordinates": [
          500779.900529109,
          6965191.222267175
        ]
      },
      "properties": {
        "junction_id": 36385,
        "veh_id": 11561,
        "sim_time_s": 1922.4,
        "tier": "IC-detect"
      }
    },
    {
      "type": "Feature",
      "geometry": {
        "type": "Point",
        "coordinates": [
          500779.900529109,
          6965191.222267175
        ]
      },
      "properties": {
        "junction_id": 39593,
        "veh_id": 11561,
        "sim_time_s": 1922.4,
        "tier": "IC-detect"
      }
    },
    {
      "type": "Feature",
      "geometry": {
        "type": "Point",
        "coordinates": [
          500771.0437464108,
          6965188.669670753
        ]
      },
      "properties": {
        "junction_id": 39587,
        "veh_id": 11561,
        "sim_time_s": 1922.4,
        "tier": "IC-detect"
      }
    },
    {
      "type": "Feature",
      "geometry": {
        "type": "Point",
        "coordinates": [
          500720.9939010759,
          6965048.238172842
        ]
      },
      "properties": {
        "junction_id": 39593,
        "veh_id": 11566,
        "sim_time_s": 1925.5,
        "tier": "IC-detect"
      }
    },
    {
      "type": "Feature",
      "geometry": {
        "type": "Point",
        "coordinates": [
          500559.0921522065,
          6965554.969270565
        ]
      },
      "properties": {
        "junction_id": 39578,
        "veh_id": 11534,
        "sim_time_s": 1927.3,
        "tier": "IC-detect"
      }
    },
    {
      "type": "Feature",
      "geometry": {
        "type": "Point",
        "coordinates": [
          500720.9939010759,
          6965048.238172842
        ]
      },
      "properties": {
        "junction_id": 39587,
        "veh_id": 11566,
        "sim_time_s": 1927.8,
        "tier": "IC-detect"
      }
    },
    {
      "type": "Feature",
      "geometry": {
        "type": "Point",
        "coordinates": [
          500679.5753409177,
          6964681.535552016
        ]
      },
      "properties": {
        "junction_id": 39593,
        "veh_id": 11577,
        "sim_time_s": 1929.6,
        "tier": "IC-detect"
      }
    },
    {
      "type": "Feature",
      "geometry": {
        "type": "Point",
        "coordinates": [
          500578.3807413881,
          6965501.899056619
        ]
      },
      "properties": {
        "junction_id": 36385,
        "veh_id": 11534,
        "sim_time_s": 1932.3,
        "tier": "IC-detect"
      }
    },
    {
      "type": "Feature",
      "geometry": {
        "type": "Point",
        "coordinates": [
          499961.1372599869,
          6967069.341458099
        ]
      },
      "properties": {
        "junction_id": 38339,
        "veh_id": 11567,
        "sim_time_s": 1933.7,
        "tier": "track-section"
      }
    },
    {
      "type": "Feature",
      "geometry": {
        "type": "Point",
        "coordinates": [
          500725.0867668505,
          6965028.340171804
        ]
      },
      "properties": {
        "junction_id": 36385,
        "veh_id": 11566,
        "sim_time_s": 1936.8,
        "tier": "IC-detect"
      }
    },
    {
      "type": "Feature",
      "geometry": {
        "type": "Point",
        "coordinates": [
          500584.481381624,
          6965484.890841734
        ]
      },
      "properties": {
        "junction_id": 39576,
        "veh_id": 11534,
        "sim_time_s": 1939.5,
        "tier": "IC-detect"
      }
    },
    {
      "type": "Feature",
      "geometry": {
        "type": "Point",
        "coordinates": [
          500699.30267624155,
          6964815.162397361
        ]
      },
      "properties": {
        "junction_id": 39590,
        "veh_id": 11566,
        "sim_time_s": 1953.5,
        "tier": "IC-detect"
      }
    },
    {
      "type": "Feature",
      "geometry": {
        "type": "Point",
        "coordinates": [
          499964.2205512733,
          6966924.155066149
        ]
      },
      "properties": {
        "junction_id": 39569,
        "veh_id": 11567,
        "sim_time_s": 1953.5,
        "tier": "IC-detect"
      }
    },
    {
      "type": "Feature",
      "geometry": {
        "type": "Point",
        "coordinates": [
          500591.58052691066,
          6965463.851141733
        ]
      },
      "properties": {
        "junction_id": 39587,
        "veh_id": 11534,
        "sim_time_s": 1958.8,
        "tier": "IC-detect"
      }
    },
    {
      "type": "Feature",
      "geometry": {
        "type": "Point",
        "coordinates": [
          500698.30447474046,
          6964790.303165615
        ]
      },
      "properties": {
        "junction_id": 36393,
        "veh_id": 11566,
        "sim_time_s": 1962.5,
        "tier": "IC-detect"
      }
    },
    {
      "type": "Feature",
      "geometry": {
        "type": "Point",
        "coordinates": [
          500650.3437372195,
          6965252.085740764
        ]
      },
      "properties": {
        "junction_id": 36393,
        "veh_id": 11534,
        "sim_time_s": 1969.7,
        "tier": "IC-detect"
      }
    },
    {
      "type": "Feature",
      "geometry": {
        "type": "Point",
        "coordinates": [
          500693.1679436527,
          6964668.353946465
        ]
      },
      "properties": {
        "junction_id": 39606,
        "veh_id": 11566,
        "sim_time_s": 1974.2,
        "tier": "IC-detect"
      }
    },
    {
      "type": "Feature",
      "geometry": {
        "type": "Point",
        "coordinates": [
          500759.111161135,
          6964292.557544328
        ]
      },
      "properties": {
        "junction_id": 39606,
        "veh_id": 11553,
        "sim_time_s": 1980.5,
        "tier": "IC-detect"
      }
    },
    {
      "type": "Feature",
      "geometry": {
        "type": "Point",
        "coordinates": [
          500759.111161135,
          6964292.557544328
        ]
      },
      "properties": {
        "junction_id": 39590,
        "veh_id": 11553,
        "sim_time_s": 1980.5,
        "tier": "IC-detect"
      }
    },
    {
      "type": "Feature",
      "geometry": {
        "type": "Point",
        "coordinates": [
          500700.21410634066,
          6964923.736804975
        ]
      },
      "properties": {
        "junction_id": 36393,
        "veh_id": 11577,
        "sim_time_s": 1988.5,
        "tier": "IC-detect"
      }
    },
    {
      "type": "Feature",
      "geometry": {
        "type": "Point",
        "coordinates": [
          499985.37160842074,
          6967313.175343251
        ]
      },
      "properties": {
        "junction_id": 38339,
        "veh_id": 11576,
        "sim_time_s": 1993.5,
        "tier": "IC-detect"
      }
    },
    {
      "type": "Feature",
      "geometry": {
        "type": "Point",
        "coordinates": [
          499969.6236527066,
          6966836.451274663
        ]
      },
      "properties": {
        "junction_id": 39572,
        "veh_id": 11567,
        "sim_time_s": 1995.8,
        "tier": "IC-detect"
      }
    },
    {
      "type": "Feature",
      "geometry": {
        "type": "Point",
        "coordinates": [
          500699.2874560332,
          6964813.242704997
        ]
      },
      "properties": {
        "junction_id": 39590,
        "veh_id": 11534,
        "sim_time_s": 2003.4,
        "tier": "IC-detect"
      }
    },
    {
      "type": "Feature",
      "geometry": {
        "type": "Point",
        "coordinates": [
          500707.13367616944,
          6964987.349231133
        ]
      },
      "properties": {
        "junction_id": 39587,
        "veh_id": 11577,
        "sim_time_s": 2018.2,
        "tier": "IC-detect"
      }
    },
    {
      "type": "Feature",
      "geometry": {
        "type": "Point",
        "coordinates": [
          500693.1233660325,
          6964666.058241654
        ]
      },
      "properties": {
        "junction_id": 39606,
        "veh_id": 11534,
        "sim_time_s": 2020.0,
        "tier": "IC-detect"
      }
    },
    {
      "type": "Feature",
      "geometry": {
        "type": "Point",
        "coordinates": [
          500717.3845372051,
          6965173.813711124
        ]
      },
      "properties": {
        "junction_id": 36393,
        "veh_id": 11561,
        "sim_time_s": 2027.2,
        "tier": "IC-detect"
      }
    },
    {
      "type": "Feature",
      "geometry": {
        "type": "Point",
        "coordinates": [
          500012.9380668363,
          6966667.637903616
        ]
      },
      "properties": {
        "junction_id": 1043762,
        "veh_id": 11567,
        "sim_time_s": 2029.5,
        "tier": "IC-detect"
      }
    },
    {
      "type": "Feature",
      "geometry": {
        "type": "Point",
        "coordinates": [
          500714.11371147516,
          6964398.197649295
        ]
      },
      "properties": {
        "junction_id": 36393,
        "veh_id": 11553,
        "sim_time_s": 2036.2,
        "tier": "IC-detect"
      }
    },
    {
      "type": "Feature",
      "geometry": {
        "type": "Point",
        "coordinates": [
          500706.9442405389,
          6965003.639780952
        ]
      },
      "properties": {
        "junction_id": 36385,
        "veh_id": 11577,
        "sim_time_s": 2039.4,
        "tier": "IC-detect"
      }
    },
    {
      "type": "Feature",
      "geometry": {
        "type": "Point",
        "coordinates": [
          500695.0099346843,
          6965156.764286989
        ]
      },
      "properties": {
        "junction_id": 36385,
        "veh_id": 11561,
        "sim_time_s": 2042.5,
        "tier": "IC-detect"
      }
    },
    {
      "type": "Feature",
      "geometry": {
        "type": "Point",
        "coordinates": [
          500695.0099346843,
          6965156.764286989
        ]
      },
      "properties": {
        "junction_id": 39593,
        "veh_id": 11561,
        "sim_time_s": 2042.5,
        "tier": "IC-detect"
      }
    },
    {
      "type": "Feature",
      "geometry": {
        "type": "Point",
        "coordinates": [
          500696.84114783455,
          6965149.357455807
        ]
      },
      "properties": {
        "junction_id": 39587,
        "veh_id": 11561,
        "sim_time_s": 2042.5,
        "tier": "IC-detect"
      }
    },
    {
      "type": "Feature",
      "geometry": {
        "type": "Point",
        "coordinates": [
          500672.80024574185,
          6964524.441541492
        ]
      },
      "properties": {
        "junction_id": 36385,
        "veh_id": 11553,
        "sim_time_s": 2045.7,
        "tier": "IC-detect"
      }
    },
    {
      "type": "Feature",
      "geometry": {
        "type": "Point",
        "coordinates": [
          500706.9442405389,
          6965003.639780952
        ]
      },
      "properties": {
        "junction_id": 39593,
        "veh_id": 11577,
        "sim_time_s": 2049.8,
        "tier": "IC-detect"
      }
    },
    {
      "type": "Feature",
      "geometry": {
        "type": "Point",
        "coordinates": [
          500036.4969659264,
          6966611.836503655
        ]
      },
      "properties": {
        "junction_id": 38339,
        "veh_id": 11567,
        "sim_time_s": 2053.8,
        "tier": "IC-detect"
      }
    },
    {
      "type": "Feature",
      "geometry": {
        "type": "Point",
        "coordinates": [
          499461.0704243222,
          6967098.411968635
        ]
      },
      "properties": {
        "junction_id": 38339,
        "veh_id": 11541,
        "sim_time_s": 2067.8,
        "tier": "IC-detect"
      }
    },
    {
      "type": "Feature",
      "geometry": {
        "type": "Point",
        "coordinates": [
          500820.4904152385,
          6964228.099534586
        ]
      },
      "properties": {
        "junction_id": 39590,
        "veh_id": 11566,
        "sim_time_s": 2073.6,
        "tier": "IC-detect"
      }
    },
    {
      "type": "Feature",
      "geometry": {
        "type": "Point",
        "coordinates": [
          500053.09642783744,
          6966570.935779096
        ]
      },
      "properties": {
        "junction_id": 39569,
        "veh_id": 11567,
        "sim_time_s": 2073.6,
        "tier": "IC-detect"
      }
    },
    {
      "type": "Feature",
      "geometry": {
        "type": "Point",
        "coordinates": [
          500676.4168022184,
          6964679.7199624935
        ]
      },
      "properties": {
        "junction_id": 39593,
        "veh_id": 11553,
        "sim_time_s": 2083.1,
        "tier": "IC-detect"
      }
    },
    {
      "type": "Feature",
      "geometry": {
        "type": "Point",
        "coordinates": [
          500645.85785860004,
          6965218.884558578
        ]
      },
      "properties": {
        "junction_id": 39576,
        "veh_id": 11577,
        "sim_time_s": 2083.1,
        "tier": "IC-detect"
      }
    },
    {
      "type": "Feature",
      "geometry": {
        "type": "Point",
        "coordinates": [
          500794.7658140705,
          6964270.464283151
        ]
      },
      "properties": {
        "junction_id": 36393,
        "veh_id": 11534,
        "sim_time_s": 2089.8,
        "tier": "IC-detect"
      }
    },
    {
      "type": "Feature",
      "geometry": {
        "type": "Point",
        "coordinates": [
          500822.96289422794,
          6964224.635830285
        ]
      },
      "properties": {
        "junction_id": 39606,
        "veh_id": 11566,
        "sim_time_s": 2094.3,
        "tier": "IC-detect"
      }
    },
    {
      "type": "Feature",
      "geometry": {
        "type": "Point",
        "coordinates": [
          500579.7074789412,
          6965436.8070026655
        ]
      },
      "properties": {
        "junction_id": 39578,
        "veh_id": 11577,
        "sim_time_s": 2097.0,
        "tier": "IC-detect"
      }
    },
    {
      "type": "Feature",
      "geometry": {
        "type": "Point",
        "coordinates": [
          500676.96189650014,
          6964694.18762209
        ]
      },
      "properties": {
        "junction_id": 39590,
        "veh_id": 11553,
        "sim_time_s": 2100.6,
        "tier": "IC-detect"
      }
    },
    {
      "type": "Feature",
      "geometry": {
        "type": "Point",
        "coordinates": [
          500699.3813250762,
          6964815.796823209
        ]
      },
      "properties": {
        "junction_id": 39590,
        "veh_id": 11561,
        "sim_time_s": 2106.0,
        "tier": "IC-detect"
      }
    },
    {
      "type": "Feature",
      "geometry": {
        "type": "Point",
        "coordinates": [
          500210.3971325706,
          6966307.00505923
        ]
      },
      "properties": {
        "junction_id": 39578,
        "veh_id": 11567,
        "sim_time_s": 2112.8,
        "tier": "IC-detect"
      }
    },
    {
      "type": "Feature",
      "geometry": {
        "type": "Point",
        "coordinates": [
          500217.72690260987,
          6966294.605668933
        ]
      },
      "properties": {
        "junction_id": 39572,
        "veh_id": 11567,
        "sim_time_s": 2115.9,
        "tier": "IC-detect"
      }
    },
    {
      "type": "Feature",
      "geometry": {
        "type": "Point",
        "coordinates": [
          499726.9658944858,
          6967059.065484404
        ]
      },
      "properties": {
        "junction_id": 39572,
        "veh_id": 11541,
        "sim_time_s": 2120.4,
        "tier": "IC-detect"
      }
    },
    {
      "type": "Feature",
      "geometry": {
        "type": "Point",
        "coordinates": [
          500912.45861416956,
          6964134.947298014
        ]
      },
      "properties": {
        "junction_id": 39590,
        "veh_id": 11534,
        "sim_time_s": 2123.6,
        "tier": "IC-detect"
      }
    },
    {
      "type": "Feature",
      "geometry": {
        "type": "Point",
        "coordinates": [
          500693.0056901847,
          6964665.2030045185
        ]
      },
      "properties": {
        "junction_id": 39606,
        "veh_id": 11561,
        "sim_time_s": 2124.0,
        "tier": "IC-detect"
      }
    },
    {
      "type": "Feature",
      "geometry": {
        "type": "Point",
        "coordinates": [
          500492.8893008223,
          6965678.728950675
        ]
      },
      "properties": {
        "junction_id": 39587,
        "veh_id": 11577,
        "sim_time_s": 2138.4,
        "tier": "IC-detect"
      }
    },
    {
      "type": "Feature",
      "geometry": {
        "type": "Point",
        "coordinates": [
          500308.4189175271,
          6966154.081509243
        ]
      },
      "properties": {
        "junction_id": 39576,
        "veh_id": 11567,
        "sim_time_s": 2144.2,
        "tier": "IC-detect"
      }
    },
    {
      "type": "Feature",
      "geometry": {
        "type": "Point",
        "coordinates": [
          500720.146899651,
          6964426.342543536
        ]
      },
      "properties": {
        "junction_id": 36393,
        "veh_id": 11561,
        "sim_time_s": 2147.4,
        "tier": "IC-detect"
      }
    },
    {
      "type": "Feature",
      "geometry": {
        "type": "Point",
        "coordinates": [
          500357.7396916451,
          6966095.8274249835
        ]
      },
      "properties": {
        "junction_id": 1043762,
        "veh_id": 11567,
        "sim_time_s": 2149.7,
        "tier": "IC-detect"
      }
    },
    {
      "type": "Feature",
      "geometry": {
        "type": "Point",
        "coordinates": [
          500704.3571549128,
          6964950.185155773
        ]
      },
      "properties": {
        "junction_id": 36393,
        "veh_id": 11553,
        "sim_time_s": 2156.4,
        "tier": "IC-detect"
      }
    },
    {
      "type": "Feature",
      "geometry": {
        "type": "Point",
        "coordinates": [
          500705.01880525454,
          6964955.214779031
        ]
      },
      "properties": {
        "junction_id": 36385,
        "veh_id": 11553,
        "sim_time_s": 2165.8,
        "tier": "IC-detect"
      }
    },
    {
      "type": "Feature",
      "geometry": {
        "type": "Point",
        "coordinates": [
          500495.69380901515,
          6965796.82427189
        ]
      },
      "properties": {
        "junction_id": 1043762,
        "veh_id": 11577,
        "sim_time_s": 2166.8,
        "tier": "IC-detect"
      }
    },
    {
      "type": "Feature",
      "geometry": {
        "type": "Point",
        "coordinates": [
          500514.1338182664,
          6965962.701985839
        ]
      },
      "properties": {
        "junction_id": 39587,
        "veh_id": 11567,
        "sim_time_s": 2167.2,
        "tier": "IC-detect"
      }
    },
    {
      "type": "Feature",
      "geometry": {
        "type": "Point",
        "coordinates": [
          500707.0343401252,
          6964987.036555212
        ]
      },
      "properties": {
        "junction_id": 39587,
        "veh_id": 11553,
        "sim_time_s": 2186.6,
        "tier": "IC-detect"
      }
    },
    {
      "type": "Feature",
      "geometry": {
        "type": "Point",
        "coordinates": [
          499913.010584557,
          6967033.698461626
        ]
      },
      "properties": {
        "junction_id": 38339,
        "veh_id": 11541,
        "sim_time_s": 2187.9,
        "tier": "IC-detect"
      }
    },
    {
      "type": "Feature",
      "geometry": {
        "type": "Point",
        "coordinates": [
          500394.31860934745,
          6966046.795025592
        ]
      },
      "properties": {
        "junction_id": 39569,
        "veh_id": 11577,
        "sim_time_s": 2188.8,
        "tier": "IC-detect"
      }
    },
    {
      "type": "Feature",
      "geometry": {
        "type": "Point",
        "coordinates": [
          500707.11146576033,
          6964992.721686811
        ]
      },
      "properties": {
        "junction_id": 39593,
        "veh_id": 11553,
        "sim_time_s": 2203.2,
        "tier": "IC-detect"
      }
    },
    {
      "type": "Feature",
      "geometry": {
        "type": "Point",
        "coordinates": [
          500243.3217482168,
          6966214.903330963
        ]
      },
      "properties": {
        "junction_id": 39572,
        "veh_id": 11577,
        "sim_time_s": 2203.2,
        "tier": "IC-detect"
      }
    },
    {
      "type": "Feature",
      "geometry": {
        "type": "Point",
        "coordinates": [
          500944.51358507737,
          6964038.69291645
        ]
      },
      "properties": {
        "junction_id": 39606,
        "veh_id": 11543,
        "sim_time_s": 2220.3,
        "tier": "IC-detect"
      }
    },
    {
      "type": "Feature",
      "geometry": {
        "type": "Point",
        "coordinates": [
          500944.51358507737,
          6964038.69291645
        ]
      },
      "properties": {
        "junction_id": 39590,
        "veh_id": 11543,
        "sim_time_s": 2220.3,
        "tier": "IC-detect"
      }
    },
    {
      "type": "Feature",
      "geometry": {
        "type": "Point",
        "coordinates": [
          500512.31378266495,
          6965718.258146417
        ]
      },
      "properties": {
        "junction_id": 39578,
        "veh_id": 11567,
        "sim_time_s": 2232.9,
        "tier": "IC-detect"
      }
    },
    {
      "type": "Feature",
      "geometry": {
        "type": "Point",
        "coordinates": [
          500055.3397155389,
          6966540.320149959
        ]
      },
      "properties": {
        "junction_id": 38339,
        "veh_id": 11577,
        "sim_time_s": 2235.6,
        "tier": "IC-detect"
      }
    },
    {
      "type": "Feature",
      "geometry": {
        "type": "Point",
        "coordinates": [
          499931.5847878933,
          6967033.173093967
        ]
      },
      "properties": {
        "junction_id": 39572,
        "veh_id": 11541,
        "sim_time_s": 2240.6,
        "tier": "IC-detect"
      }
    },
    {
      "type": "Feature",
      "geometry": {
        "type": "Point",
        "coordinates": [
          500952.09229130344,
          6964037.796872752
        ]
      },
      "properties": {
        "junction_id": 39606,
        "veh_id": 11578,
        "sim_time_s": 2250.0,
        "tier": "IC-detect"
      }
    },
    {
      "type": "Feature",
      "geometry": {
        "type": "Point",
        "coordinates": [
          500952.09229130344,
          6964037.796872752
        ]
      },
      "properties": {
        "junction_id": 39590,
        "veh_id": 11578,
        "sim_time_s": 2250.0,
        "tier": "IC-detect"
      }
    },
    {
      "type": "Feature",
      "geometry": {
        "type": "Point",
        "coordinates": [
          499964.04130376806,
          6966925.458537403
        ]
      },
      "properties": {
        "junction_id": 39569,
        "veh_id": 11541,
        "sim_time_s": 2250.4,
        "tier": "IC-detect"
      }
    },
    {
      "type": "Feature",
      "geometry": {
        "type": "Point",
        "coordinates": [
          500643.9895822554,
          6965222.711987784
        ]
      },
      "properties": {
        "junction_id": 39576,
        "veh_id": 11553,
        "sim_time_s": 2253.2,
        "tier": "IC-detect"
      }
    },
    {
      "type": "Feature",
      "geometry": {
        "type": "Point",
        "coordinates": [
          500519.83413074986,
          6965644.849424234
        ]
      },
      "properties": {
        "junction_id": 39593,
        "veh_id": 11567,
        "sim_time_s": 2254.5,
        "tier": "IC-detect"
      }
    },
    {
      "type": "Feature",
      "geometry": {
        "type": "Point",
        "coordinates": [
          500567.3237831277,
          6965532.720186534
        ]
      },
      "properties": {
        "junction_id": 39576,
        "veh_id": 11567,
        "sim_time_s": 2264.4,
        "tier": "IC-detect"
      }
    },
    {
      "type": "Feature",
      "geometry": {
        "type": "Point",
        "coordinates": [
          500580.0547078142,
          6965497.227140823
        ]
      },
      "properties": {
        "junction_id": 36385,
        "veh_id": 11567,
        "sim_time_s": 2265.8,
        "tier": "IC-detect"
      }
    },
    {
      "type": "Feature",
      "geometry": {
        "type": "Point",
        "coordinates": [
          500650.7270771994,
          6965251.192131804
        ]
      },
      "properties": {
        "junction_id": 36393,
        "veh_id": 11567,
        "sim_time_s": 2281.5,
        "tier": "IC-detect"
      }
    },
    {
      "type": "Feature",
      "geometry": {
        "type": "Point",
        "coordinates": [
          500589.98746659525,
          6965401.135053624
        ]
      },
      "properties": {
        "junction_id": 36385,
        "veh_id": 11553,
        "sim_time_s": 2286.0,
        "tier": "IC-detect"
      }
    },
    {
      "type": "Feature",
      "geometry": {
        "type": "Point",
        "coordinates": [
          500017.4170694149,
          6966617.972246177
        ]
      },
      "properties": {
        "junction_id": 1043762,
        "veh_id": 11577,
        "sim_time_s": 2286.9,
        "tier": "IC-detect"
      }
    },
    {
      "type": "Feature",
      "geometry": {
        "type": "Point",
        "coordinates": [
          500675.66002689034,
          6965199.354855086
        ]
      },
      "properties": {
        "junction_id": 39587,
        "veh_id": 11567,
        "sim_time_s": 2287.3,
        "tier": "IC-detect"
      }
    },
    {
      "type": "Feature",
      "geometry": {
        "type": "Point",
        "coordinates": [
          500775.11814931314,
          6964264.749860919
        ]
      },
      "properties": {
        "junction_id": 36393,
        "veh_id": 11578,
        "sim_time_s": 2288.7,
        "tier": "IC-detect"
      }
    },
    {
      "type": "Feature",
      "geometry": {
        "type": "Point",
        "coordinates": [
          500579.9178021364,
          6965435.78596908
        ]
      },
      "properties": {
        "junction_id": 39578,
        "veh_id": 11553,
        "sim_time_s": 2289.6,
        "tier": "IC-detect"
      }
    },
    {
      "type": "Feature",
      "geometry": {
        "type": "Point",
        "coordinates": [
          500773.9001358048,
          6964266.888599473
        ]
      },
      "properties": {
        "junction_id": 36393,
        "veh_id": 11543,
        "sim_time_s": 2291.8,
        "tier": "IC-detect"
      }
    },
    {
      "type": "Feature",
      "geometry": {
        "type": "Point",
        "coordinates": [
          499514.957602059,
          6966653.088543277
        ]
      },
      "properties": {
        "junction_id": 39572,
        "veh_id": 11535,
        "sim_time_s": 2292.8,
        "tier": "IC-detect"
      }
    },
    {
      "type": "Feature",
      "geometry": {
        "type": "Point",
        "coordinates": [
          500083.7622236945,
          6967501.558707912
        ]
      },
      "properties": {
        "junction_id": 38339,
        "veh_id": 11568,
        "sim_time_s": 2295.9,
        "tier": "IC-detect"
      }
    },
    {
      "type": "Feature",
      "geometry": {
        "type": "Point",
        "coordinates": [
          499639.89879834116,
          6966628.582159921
        ]
      },
      "properties": {
        "junction_id": 39569,
        "veh_id": 11535,
        "sim_time_s": 2300.4,
        "tier": "IC-detect"
      }
    },
    {
      "type": "Feature",
      "geometry": {
        "type": "Point",
        "coordinates": [
          499654.8089288502,
          6966626.949255629
        ]
      },
      "properties": {
        "junction_id": 38339,
        "veh_id": 11535,
        "sim_time_s": 2301.3,
        "tier": "IC-detect"
      }
    },
    {
      "type": "Feature",
      "geometry": {
        "type": "Point",
        "coordinates": [
          500500.1429767196,
          6965643.6975060245
        ]
      },
      "properties": {
        "junction_id": 39587,
        "veh_id": 11553,
        "sim_time_s": 2306.7,
        "tier": "IC-detect"
      }
    },
    {
      "type": "Feature",
      "geometry": {
        "type": "Point",
        "coordinates": [
          499986.42915150494,
          6966730.738142763
        ]
      },
      "properties": {
        "junction_id": 38339,
        "veh_id": 11541,
        "sim_time_s": 2308.1,
        "tier": "IC-detect"
      }
    },
    {
      "type": "Feature",
      "geometry": {
        "type": "Point",
        "coordinates": [
          500017.4170694149,
          6966617.972246177
        ]
      },
      "properties": {
        "junction_id": 39569,
        "veh_id": 11577,
        "sim_time_s": 2308.9,
        "tier": "IC-detect"
      }
    },
    {
      "type": "Feature",
      "geometry": {
        "type": "Point",
        "coordinates": [
          499873.13023236615,
          6966551.277401646
        ]
      },
      "properties": {
        "junction_id": 1043762,
        "veh_id": 11535,
        "sim_time_s": 2316.2,
        "tier": "IC-detect"
      }
    },
    {
      "type": "Feature",
      "geometry": {
        "type": "Point",
        "coordinates": [
          500015.29972401157,
          6966629.9524027845
        ]
      },
      "properties": {
        "junction_id": 39572,
        "veh_id": 11577,
        "sim_time_s": 2323.3,
        "tier": "IC-detect"
      }
    },
    {
      "type": "Feature",
      "geometry": {
        "type": "Point",
        "coordinates": [
          500702.43309937284,
          6964429.382261546
        ]
      },
      "properties": {
        "junction_id": 39606,
        "veh_id": 11543,
        "sim_time_s": 2340.4,
        "tier": "IC-detect"
      }
    },
    {
      "type": "Feature",
      "geometry": {
        "type": "Point",
        "coordinates": [
          500710.99987128103,
          6964406.215831245
        ]
      },
      "properties": {
        "junction_id": 39590,
        "veh_id": 11543,
        "sim_time_s": 2340.4,
        "tier": "IC-detect"
      }
    },
    {
      "type": "Feature",
      "geometry": {
        "type": "Point",
        "coordinates": [
          500672.86452391127,
          6964524.447235439
        ]
      },
      "properties": {
        "junction_id": 36385,
        "veh_id": 11578,
        "sim_time_s": 2340.9,
        "tier": "IC-detect"
      }
    },
    {
      "type": "Feature",
      "geometry": {
        "type": "Point",
        "coordinates": [
          500014.4086680801,
          6966663.92794806
        ]
      },
      "properties": {
        "junction_id": 1043762,
        "veh_id": 11541,
        "sim_time_s": 2340.9,
        "tier": "IC-detect"
      }
    },
    {
      "type": "Feature",
      "geometry": {
        "type": "Point",
        "coordinates": [
          500672.7240670724,
          6964525.64143944
        ]
      },
      "properties": {
        "junction_id": 36385,
        "veh_id": 11543,
        "sim_time_s": 2347.7,
        "tier": "IC-detect"
      }
    },
    {
      "type": "Feature",
      "geometry": {
        "type": "Point",
        "coordinates": [
          500679.5765558069,
          6964682.190770996
        ]
      },
      "properties": {
        "junction_id": 39593,
        "veh_id": 11578,
        "sim_time_s": 2350.8,
        "tier": "IC-detect"
      }
    },
    {
      "type": "Feature",
      "geometry": {
        "type": "Point",
        "coordinates": [
          499973.04030570504,
          6967147.045913959
        ]
      },
      "properties": {
        "junction_id": 39572,
        "veh_id": 11568,
        "sim_time_s": 2353.9,
        "tier": "IC-detect"
      }
    },
    {
      "type": "Feature",
      "geometry": {
        "type": "Point",
        "coordinates": [
          499940.8408188062,
          6967002.090027296
        ]
      },
      "properties": {
        "junction_id": 38339,
        "veh_id": 11577,
        "sim_time_s": 2355.8,
        "tier": "IC-detect"
      }
    },
    {
      "type": "Feature",
      "geometry": {
        "type": "Point",
        "coordinates": [
          500036.4196257367,
          6966611.801741923
        ]
      },
      "properties": {
        "junction_id": 39572,
        "veh_id": 11541,
        "sim_time_s": 2360.7,
        "tier": "IC-detect"
      }
    },
    {
      "type": "Feature",
      "geometry": {
        "type": "Point",
        "coordinates": [
          500681.025573043,
          6964720.649967548
        ]
      },
      "properties": {
        "junction_id": 39590,
        "veh_id": 11578,
        "sim_time_s": 2370.2,
        "tier": "IC-detect"
      }
    },
    {
      "type": "Feature",
      "geometry": {
        "type": "Point",
        "coordinates": [
          500036.4196257367,
          6966611.801741923
        ]
      },
      "properties": {
        "junction_id": 39569,
        "veh_id": 11541,
        "sim_time_s": 2370.6,
        "tier": "IC-detect"
      }
    },
    {
      "type": "Feature",
      "geometry": {
        "type": "Point",
        "coordinates": [
          500491.18260064675,
          6965734.894368457
        ]
      },
      "properties": {
        "junction_id": 39576,
        "veh_id": 11553,
        "sim_time_s": 2373.3,
        "tier": "IC-detect"
      }
    },
    {
      "type": "Feature",
      "geometry": {
        "type": "Point",
        "coordinates": [
          500727.7745054128,
          6964973.158066206
        ]
      },
      "properties": {
        "junction_id": 39593,
        "veh_id": 11567,
        "sim_time_s": 2374.7,
        "tier": "IC-detect"
      }
    },
    {
      "type": "Feature",
      "geometry": {
        "type": "Point",
        "coordinates": [
          500676.46952584456,
          6964679.236070784
        ]
      },
      "properties": {
        "junction_id": 39593,
        "veh_id": 11543,
        "sim_time_s": 2383.2,
        "tier": "IC-detect"
      }
    },
    {
      "type": "Feature",
      "geometry": {
        "type": "Point",
        "coordinates": [
          500709.21803641744,
          6964880.536274998
        ]
      },
      "properties": {
        "junction_id": 36385,
        "veh_id": 11567,
        "sim_time_s": 2385.9,
        "tier": "IC-detect"
      }
    },
    {
      "type": "Feature",
      "geometry": {
        "type": "Point",
        "coordinates": [
          500699.39815105166,
          6964815.083695838
        ]
      },
      "properties": {
        "junction_id": 39590,
        "veh_id": 11567,
        "sim_time_s": 2392.7,
        "tier": "IC-detect"
      }
    },
    {
      "type": "Feature",
      "geometry": {
        "type": "Point",
        "coordinates": [
          500495.6060780871,
          6965796.984189167
        ]
      },
      "properties": {
        "junction_id": 1043762,
        "veh_id": 11553,
        "sim_time_s": 2395.8,
        "tier": "IC-detect"
      }
    },
    {
      "type": "Feature",
      "geometry": {
        "type": "Point",
        "coordinates": [
          500134.35896903847,
          6965615.236375507
        ]
      },
      "properties": {
        "junction_id": 39587,
        "veh_id": 11547,
        "sim_time_s": 2400.3,
        "tier": "IC-detect"
      }
    },
    {
      "type": "Feature",
      "geometry": {
        "type": "Point",
        "coordinates": [
          500134.35896903847,
          6965615.236375507
        ]
      },
      "properties": {
        "junction_id": 39576,
        "veh_id": 11547,
        "sim_time_s": 2400.3,
        "tier": "IC-detect"
      }
    },
    {
      "type": "Feature",
      "geometry": {
        "type": "Point",
        "coordinates": [
          500149.16039838677,
          6965617.669005617
        ]
      },
      "properties": {
        "junction_id": 39578,
        "veh_id": 11547,
        "sim_time_s": 2401.2,
        "tier": "IC-detect"
      }
    },
    {
      "type": "Feature",
      "geometry": {
        "type": "Point",
        "coordinates": [
          500698.0719382629,
          6964780.107502046
        ]
      },
      "properties": {
        "junction_id": 36393,
        "veh_id": 11567,
        "sim_time_s": 2401.7,
        "tier": "IC-detect"
      }
    },
    {
      "type": "Feature",
      "geometry": {
        "type": "Point",
        "coordinates": [
          500704.92071586015,
          6964953.974707384
        ]
      },
      "properties": {
        "junction_id": 36393,
        "veh_id": 11578,
        "sim_time_s": 2408.8,
        "tier": "IC-detect"
      }
    },
    {
      "type": "Feature",
      "geometry": {
        "type": "Point",
        "coordinates": [
          500487.7731632844,
          6965962.348690571
        ]
      },
      "properties": {
        "junction_id": 39578,
        "veh_id": 11553,
        "sim_time_s": 2409.8,
        "tier": "IC-detect"
      }
    },
    {
      "type": "Feature",
      "geometry": {
        "type": "Point",
        "coordinates": [
          500210.5290419107,
          6966306.752849943
        ]
      },
      "properties": {
        "junction_id": 39578,
        "veh_id": 11535,
        "sim_time_s": 2409.8,
        "tier": "IC-detect"
      }
    },
    {
      "type": "Feature",
      "geometry": {
        "type": "Point",
        "coordinates": [
          499964.22213870357,
          6966922.714233829
        ]
      },
      "properties": {
        "junction_id": 39569,
        "veh_id": 11568,
        "sim_time_s": 2409.8,
        "tier": "IC-detect"
      }
    },
    {
      "type": "Feature",
      "geometry": {
        "type": "Point",
        "coordinates": [
          500678.52445098135,
          6964822.637055207
        ]
      },
      "properties": {
        "junction_id": 36393,
        "veh_id": 11543,
        "sim_time_s": 2412.0,
        "tier": "IC-detect"
      }
    },
    {
      "type": "Feature",
      "geometry": {
        "type": "Point",
        "coordinates": [
          500693.2359179848,
          6964667.870953789
        ]
      },
      "properties": {
        "junction_id": 39606,
        "veh_id": 11567,
        "sim_time_s": 2412.9,
        "tier": "IC-detect"
      }
    },
    {
      "type": "Feature",
      "geometry": {
        "type": "Point",
        "coordinates": [
          500234.96695236897,
          6966264.579505835
        ]
      },
      "properties": {
        "junction_id": 39572,
        "veh_id": 11535,
        "sim_time_s": 2412.9,
        "tier": "IC-detect"
      }
    },
    {
      "type": "Feature",
      "geometry": {
        "type": "Point",
        "coordinates": [
          499969.0740661511,
          6966849.108401623
        ]
      },
      "properties": {
        "junction_id": 38339,
        "veh_id": 11568,
        "sim_time_s": 2416.1,
        "tier": "IC-detect"
      }
    },
    {
      "type": "Feature",
      "geometry": {
        "type": "Point",
        "coordinates": [
          500296.9546888979,
          6966169.501710274
        ]
      },
      "properties": {
        "junction_id": 39569,
        "veh_id": 11535,
        "sim_time_s": 2420.6,
        "tier": "IC-detect"
      }
    },
    {
      "type": "Feature",
      "geometry": {
        "type": "Point",
        "coordinates": [
          500310.23576282326,
          6966151.608974878
        ]
      },
      "properties": {
        "junction_id": 39576,
        "veh_id": 11535,
        "sim_time_s": 2421.9,
        "tier": "IC-detect"
      }
    },
    {
      "type": "Feature",
      "geometry": {
        "type": "Point",
        "coordinates": [
          500484.9663152224,
          6965988.659323206
        ]
      },
      "properties": {
        "junction_id": 1043762,
        "veh_id": 11535,
        "sim_time_s": 2436.3,
        "tier": "IC-detect"
      }
    },
    {
      "type": "Feature",
      "geometry": {
        "type": "Point",
        "coordinates": [
          500707.12720988237,
          6964987.835104936
        ]
      },
      "properties": {
        "junction_id": 39587,
        "veh_id": 11578,
        "sim_time_s": 2437.7,
        "tier": "IC-detect"
      }
    },
    {
      "type": "Feature",
      "geometry": {
        "type": "Point",
        "coordinates": [
          500515.55802954955,
          6965961.142346812
        ]
      },
      "properties": {
        "junction_id": 39587,
        "veh_id": 11535,
        "sim_time_s": 2439.0,
        "tier": "IC-detect"
      }
    },
    {
      "type": "Feature",
      "geometry": {
        "type": "Point",
        "coordinates": [
          500012.72251727653,
          6966667.899758642
        ]
      },
      "properties": {
        "junction_id": 1043762,
        "veh_id": 11568,
        "sim_time_s": 2440.3,
        "tier": "IC-detect"
      }
    },
    {
      "type": "Feature",
      "geometry": {
        "type": "Point",
        "coordinates": [
          500393.3961300603,
          6966043.4807783
        ]
      },
      "properties": {
        "junction_id": 39569,
        "veh_id": 11553,
        "sim_time_s": 2452.5,
        "tier": "IC-detect"
      }
    },
    {
      "type": "Feature",
      "geometry": {
        "type": "Point",
        "coordinates": [
          500208.9473699136,
          6966309.39830081
        ]
      },
      "properties": {
        "junction_id": 39578,
        "veh_id": 11541,
        "sim_time_s": 2458.8,
        "tier": "IC-detect"
      }
    },
    {
      "type": "Feature",
      "geometry": {
        "type": "Point",
        "coordinates": [
          500707.1314539256,
          6964995.836647774
        ]
      },
      "properties": {
        "junction_id": 36385,
        "veh_id": 11578,
        "sim_time_s": 2461.1,
        "tier": "IC-detect"
      }
    },
    {
      "type": "Feature",
      "geometry": {
        "type": "Point",
        "coordinates": [
          500203.59541596944,
          6966318.451922609
        ]
      },
      "properties": {
        "junction_id": 1043762,
        "veh_id": 11541,
        "sim_time_s": 2461.1,
        "tier": "IC-detect"
      }
    },
    {
      "type": "Feature",
      "geometry": {
        "type": "Point",
        "coordinates": [
          500705.0891112623,
          6964955.205583594
        ]
      },
      "properties": {
        "junction_id": 36385,
        "veh_id": 11543,
        "sim_time_s": 2467.8,
        "tier": "IC-detect"
      }
    },
    {
      "type": "Feature",
      "geometry": {
        "type": "Point",
        "coordinates": [
          500707.1314539256,
          6964995.836647774
        ]
      },
      "properties": {
        "junction_id": 39593,
        "veh_id": 11578,
        "sim_time_s": 2470.9,
        "tier": "IC-detect"
      }
    },
    {
      "type": "Feature",
      "geometry": {
        "type": "Point",
        "coordinates": [
          500036.4028982428,
          6966611.79605962
        ]
      },
      "properties": {
        "junction_id": 39572,
        "veh_id": 11568,
        "sim_time_s": 2474.1,
        "tier": "IC-detect"
      }
    },
    {
      "type": "Feature",
      "geometry": {
        "type": "Point",
        "coordinates": [
          500216.806334563,
          6966296.103699547
        ]
      },
      "properties": {
        "junction_id": 39572,
        "veh_id": 11541,
        "sim_time_s": 2480.8,
        "tier": "IC-detect"
      }
    },
    {
      "type": "Feature",
      "geometry": {
        "type": "Point",
        "coordinates": [
          500707.16303567553,
          6964988.760453478
        ]
      },
      "properties": {
        "junction_id": 39587,
        "veh_id": 11543,
        "sim_time_s": 2486.7,
        "tier": "IC-detect"
      }
    },
    {
      "type": "Feature",
      "geometry": {
        "type": "Point",
        "coordinates": [
          500241.8722184805,
          6966211.1014267225
        ]
      },
      "properties": {
        "junction_id": 39572,
        "veh_id": 11553,
        "sim_time_s": 2490.3,
        "tier": "IC-detect"
      }
    },
    {
      "type": "Feature",
      "geometry": {
        "type": "Point",
        "coordinates": [
          500224.4615018903,
          6966283.019156217
        ]
      },
      "properties": {
        "junction_id": 39569,
        "veh_id": 11541,
        "sim_time_s": 2490.8,
        "tier": "IC-detect"
      }
    },
    {
      "type": "Feature",
      "geometry": {
        "type": "Point",
        "coordinates": [
          500519.9484634986,
          6965644.446379098
        ]
      },
      "properties": {
        "junction_id": 39593,
        "veh_id": 11535,
        "sim_time_s": 2491.7,
        "tier": "IC-detect"
      }
    },
    {
      "type": "Feature",
      "geometry": {
        "type": "Point",
        "coordinates": [
          500646.49859072757,
          6965217.421771196
        ]
      },
      "properties": {
        "junction_id": 39576,
        "veh_id": 11578,
        "sim_time_s": 2500.2,
        "tier": "IC-detect"
      }
    },
    {
      "type": "Feature",
      "geometry": {
        "type": "Point",
        "coordinates": [
          500678.5907514514,
          6965107.399652805
        ]
      },
      "properties": {
        "junction_id": 39593,
        "veh_id": 11543,
        "sim_time_s": 2503.3,
        "tier": "IC-detect"
      }
    },
    {
      "type": "Feature",
      "geometry": {
        "type": "Point",
        "coordinates": [
          500206.9147189384,
          6966306.906831117
        ]
      },
      "properties": {
        "junction_id": 39578,
        "veh_id": 11568,
        "sim_time_s": 2503.3,
        "tier": "IC-detect"
      }
    },
    {
      "type": "Feature",
      "geometry": {
        "type": "Point",
        "coordinates": [
          500307.5835700982,
          6966155.156334588
        ]
      },
      "properties": {
        "junction_id": 39576,
        "veh_id": 11541,
        "sim_time_s": 2506.9,
        "tier": "IC-detect"
      }
    },
    {
      "type": "Feature",
      "geometry": {
        "type": "Point",
        "coordinates": [
          500578.64755413274,
          6965501.106392392
        ]
      },
      "properties": {
        "junction_id": 36385,
        "veh_id": 11535,
        "sim_time_s": 2511.9,
        "tier": "IC-detect"
      }
    },
    {
      "type": "Feature",
      "geometry": {
        "type": "Point",
        "coordinates": [
          500753.4363923011,
          6964359.345418642
        ]
      },
      "properties": {
        "junction_id": 39590,
        "veh_id": 11567,
        "sim_time_s": 2512.8,
        "tier": "IC-detect"
      }
    },
    {
      "type": "Feature",
      "geometry": {
        "type": "Point",
        "coordinates": [
          500302.3813246356,
          6966152.070732949
        ]
      },
      "properties": {
        "junction_id": 39576,
        "veh_id": 11568,
        "sim_time_s": 2515.9,
        "tier": "IC-detect"
      }
    },
    {
      "type": "Feature",
      "geometry": {
        "type": "Point",
        "coordinates": [
          500190.9578963193,
          6966301.114790303
        ]
      },
      "properties": {
        "junction_id": 1043762,
        "veh_id": 11553,
        "sim_time_s": 2515.9,
        "tier": "IC-detect"
      }
    },
    {
      "type": "Feature",
      "geometry": {
        "type": "Point",
        "coordinates": [
          500580.1999488933,
          6965435.203176035
        ]
      },
      "properties": {
        "junction_id": 39578,
        "veh_id": 11578,
        "sim_time_s": 2516.4,
        "tier": "IC-detect"
      }
    },
    {
      "type": "Feature",
      "geometry": {
        "type": "Point",
        "coordinates": [
          500476.68925663934,
          6965700.630922487
        ]
      },
      "properties": {
        "junction_id": 39587,
        "veh_id": 11547,
        "sim_time_s": 2520.4,
        "tier": "IC-detect"
      }
    },
    {
      "type": "Feature",
      "geometry": {
        "type": "Point",
        "coordinates": [
          500476.68925663934,
          6965700.630922487
        ]
      },
      "properties": {
        "junction_id": 39576,
        "veh_id": 11547,
        "sim_time_s": 2520.4,
        "tier": "IC-detect"
      }
    },
    {
      "type": "Feature",
      "geometry": {
        "type": "Point",
        "coordinates": [
          500476.68925663934,
          6965700.630922487
        ]
      },
      "properties": {
        "junction_id": 39578,
        "veh_id": 11547,
        "sim_time_s": 2521.3,
        "tier": "IC-detect"
      }
    },
    {
      "type": "Feature",
      "geometry": {
        "type": "Point",
        "coordinates": [
          500751.2960899792,
          6964356.431322655
        ]
      },
      "properties": {
        "junction_id": 36393,
        "veh_id": 11567,
        "sim_time_s": 2521.8,
        "tier": "IC-detect"
      }
    },
    {
      "type": "Feature",
      "geometry": {
        "type": "Point",
        "coordinates": [
          500644.71797079185,
          6965221.383054545
        ]
      },
      "properties": {
        "junction_id": 39576,
        "veh_id": 11543,
        "sim_time_s": 2523.2,
        "tier": "IC-detect"
      }
    },
    {
      "type": "Feature",
      "geometry": {
        "type": "Point",
        "coordinates": [
          500650.42278432776,
          6965251.860722491
        ]
      },
      "properties": {
        "junction_id": 36393,
        "veh_id": 11535,
        "sim_time_s": 2532.2,
        "tier": "IC-detect"
      }
    },
    {
      "type": "Feature",
      "geometry": {
        "type": "Point",
        "coordinates": [
          499512.512419305,
          6966653.6669520615
        ]
      },
      "properties": {
        "junction_id": 39572,
        "veh_id": 11558,
        "sim_time_s": 2532.6,
        "tier": "IC-detect"
      }
    },
    {
      "type": "Feature",
      "geometry": {
        "type": "Point",
        "coordinates": [
          500751.5239080022,
          6964355.887456519
        ]
      },
      "properties": {
        "junction_id": 39606,
        "veh_id": 11567,
        "sim_time_s": 2533.1,
        "tier": "IC-detect"
      }
    },
    {
      "type": "Feature",
      "geometry": {
        "type": "Point",
        "coordinates": [
          500514.9510359239,
          6965961.764382465
        ]
      },
      "properties": {
        "junction_id": 39587,
        "veh_id": 11568,
        "sim_time_s": 2534.4,
        "tier": "IC-detect"
      }
    },
    {
      "type": "Feature",
      "geometry": {
        "type": "Point",
        "coordinates": [
          500518.7413815858,
          6965648.089701162
        ]
      },
      "properties": {
        "junction_id": 39593,
        "veh_id": 11547,
        "sim_time_s": 2547.0,
        "tier": "IC-detect"
      }
    },
    {
      "type": "Feature",
      "geometry": {
        "type": "Point",
        "coordinates": [
          500494.04645828786,
          6965669.161286306
        ]
      },
      "properties": {
        "junction_id": 39587,
        "veh_id": 11578,
        "sim_time_s": 2557.8,
        "tier": "IC-detect"
      }
    },
    {
      "type": "Feature",
      "geometry": {
        "type": "Point",
        "coordinates": [
          500684.8146308237,
          6965182.13125964
        ]
      },
      "properties": {
        "junction_id": 39587,
        "veh_id": 11535,
        "sim_time_s": 2559.2,
        "tier": "IC-detect"
      }
    },
    {
      "type": "Feature",
      "geometry": {
        "type": "Point",
        "coordinates": [
          500580.1486744442,
          6965435.434281971
        ]
      },
      "properties": {
        "junction_id": 39578,
        "veh_id": 11543,
        "sim_time_s": 2564.6,
        "tier": "IC-detect"
      }
    },
    {
      "type": "Feature",
      "geometry": {
        "type": "Point",
        "coordinates": [
          500513.725073137,
          6965963.089407394
        ]
      },
      "properties": {
        "junction_id": 39587,
        "veh_id": 11541,
        "sim_time_s": 2569.5,
        "tier": "IC-detect"
      }
    },
    {
      "type": "Feature",
      "geometry": {
        "type": "Point",
        "coordinates": [
          500579.1802400884,
          6965499.427547466
        ]
      },
      "properties": {
        "junction_id": 36385,
        "veh_id": 11547,
        "sim_time_s": 2572.2,
        "tier": "IC-detect"
      }
    },
    {
      "type": "Feature",
      "geometry": {
        "type": "Point",
        "coordinates": [
          500025.09455078206,
          6966468.385313828
        ]
      },
      "properties": {
        "junction_id": 39569,
        "veh_id": 11553,
        "sim_time_s": 2572.7,
        "tier": "IC-detect"
      }
    },
    {
      "type": "Feature",
      "geometry": {
        "type": "Point",
        "coordinates": [
          499574.19750286173,
          6966639.075325273
        ]
      },
      "properties": {
        "junction_id": 38339,
        "veh_id": 11558,
        "sim_time_s": 2574.4,
        "tier": "coord-prearm-harmony/KALMAN"
      }
    },
    {
      "type": "Feature",
      "geometry": {
        "type": "Point",
        "coordinates": [
          499643.5303136512,
          6966628.196410946
        ]
      },
      "properties": {
        "junction_id": 39569,
        "veh_id": 11558,
        "sim_time_s": 2577.2,
        "tier": "IC-detect"
      }
    },
    {
      "type": "Feature",
      "geometry": {
        "type": "Point",
        "coordinates": [
          500526.1179707833,
          6965946.633770962
        ]
      },
      "properties": {
        "junction_id": 39578,
        "veh_id": 11541,
        "sim_time_s": 2578.9,
        "tier": "IC-detect"
      }
    },
    {
      "type": "Feature",
      "geometry": {
        "type": "Point",
        "coordinates": [
          500526.2987459054,
          6965946.317428407
        ]
      },
      "properties": {
        "junction_id": 1043762,
        "veh_id": 11541,
        "sim_time_s": 2581.2,
        "tier": "IC-detect"
      }
    },
    {
      "type": "Feature",
      "geometry": {
        "type": "Point",
        "coordinates": [
          499892.6421682043,
          6966531.881964339
        ]
      },
      "properties": {
        "junction_id": 38339,
        "veh_id": 11553,
        "sim_time_s": 2595.2,
        "tier": "IC-detect"
      }
    },
    {
      "type": "Feature",
      "geometry": {
        "type": "Point",
        "coordinates": [
          500417.9946793314,
          6965679.590468021
        ]
      },
      "properties": {
        "junction_id": 39587,
        "veh_id": 11543,
        "sim_time_s": 2606.8,
        "tier": "IC-detect"
      }
    },
    {
      "type": "Feature",
      "geometry": {
        "type": "Point",
        "coordinates": [
          499832.10755308013,
          6966560.885748074
        ]
      },
      "properties": {
        "junction_id": 39572,
        "veh_id": 11553,
        "sim_time_s": 2610.4,
        "tier": "IC-detect"
      }
    },
    {
      "type": "Feature",
      "geometry": {
        "type": "Point",
        "coordinates": [
          500716.21454015496,
          6965084.1501052
        ]
      },
      "properties": {
        "junction_id": 39593,
        "veh_id": 11535,
        "sim_time_s": 2611.8,
        "tier": "IC-detect"
      }
    },
    {
      "type": "Feature",
      "geometry": {
        "type": "Point",
        "coordinates": [
          500649.37925270473,
          6965254.116446823
        ]
      },
      "properties": {
        "junction_id": 36393,
        "veh_id": 11547,
        "sim_time_s": 2613.2,
        "tier": "IC-detect"
      }
    },
    {
      "type": "Feature",
      "geometry": {
        "type": "Point",
        "coordinates": [
          500491.41935479664,
          6965748.097333215
        ]
      },
      "properties": {
        "junction_id": 39576,
        "veh_id": 11578,
        "sim_time_s": 2620.3,
        "tier": "IC-detect"
      }
    },
    {
      "type": "Feature",
      "geometry": {
        "type": "Point",
        "coordinates": [
          500512.21243102616,
          6965721.663017745
        ]
      },
      "properties": {
        "junction_id": 39578,
        "veh_id": 11568,
        "sim_time_s": 2623.5,
        "tier": "IC-detect"
      }
    },
    {
      "type": "Feature",
      "geometry": {
        "type": "Point",
        "coordinates": [
          500495.47398399666,
          6965795.664054146
        ]
      },
      "properties": {
        "junction_id": 1043762,
        "veh_id": 11578,
        "sim_time_s": 2624.4,
        "tier": "IC-detect"
      }
    },
    {
      "type": "Feature",
      "geometry": {
        "type": "Point",
        "coordinates": [
          500512.12951069657,
          6965728.055656969
        ]
      },
      "properties": {
        "junction_id": 39576,
        "veh_id": 11541,
        "sim_time_s": 2627.1,
        "tier": "IC-detect"
      }
    },
    {
      "type": "Feature",
      "geometry": {
        "type": "Point",
        "coordinates": [
          500520.06347902014,
          6965643.981858673
        ]
      },
      "properties": {
        "junction_id": 39593,
        "veh_id": 11568,
        "sim_time_s": 2629.8,
        "tier": "IC-detect"
      }
    },
    {
      "type": "Feature",
      "geometry": {
        "type": "Point",
        "coordinates": [
          499873.6500915255,
          6966551.035204225
        ]
      },
      "properties": {
        "junction_id": 1043762,
        "veh_id": 11558,
        "sim_time_s": 2629.8,
        "tier": "IC-detect"
      }
    },
    {
      "type": "Feature",
      "geometry": {
        "type": "Point",
        "coordinates": [
          500716.22813644045,
          6965084.0952066975
        ]
      },
      "properties": {
        "junction_id": 36385,
        "veh_id": 11535,
        "sim_time_s": 2632.1,
        "tier": "IC-detect"
      }
    },
    {
      "type": "Feature",
      "geometry": {
        "type": "Point",
        "coordinates": [
          500550.05875475495,
          6965574.456224086
        ]
      },
      "properties": {
        "junction_id": 39576,
        "veh_id": 11568,
        "sim_time_s": 2636.1,
        "tier": "IC-detect"
      }
    },
    {
      "type": "Feature",
      "geometry": {
        "type": "Point",
        "coordinates": [
          500508.7392757261,
          6965936.716783851
        ]
      },
      "properties": {
        "junction_id": 39578,
        "veh_id": 11578,
        "sim_time_s": 2636.6,
        "tier": "IC-detect"
      }
    },
    {
      "type": "Feature",
      "geometry": {
        "type": "Point",
        "coordinates": [
          500712.87410443573,
          6965097.365866164
        ]
      },
      "properties": {
        "junction_id": 39587,
        "veh_id": 11547,
        "sim_time_s": 2640.6,
        "tier": "IC-detect"
      }
    },
    {
      "type": "Feature",
      "geometry": {
        "type": "Point",
        "coordinates": [
          500264.1359711486,
          6965632.432171027
        ]
      },
      "properties": {
        "junction_id": 39576,
        "veh_id": 11543,
        "sim_time_s": 2643.3,
        "tier": "IC-detect"
      }
    },
    {
      "type": "Feature",
      "geometry": {
        "type": "Point",
        "coordinates": [
          500580.1996687835,
          6965496.681464228
        ]
      },
      "properties": {
        "junction_id": 36385,
        "veh_id": 11568,
        "sim_time_s": 2645.1,
        "tier": "IC-detect"
      }
    },
    {
      "type": "Feature",
      "geometry": {
        "type": "Point",
        "coordinates": [
          500396.2086345322,
          6966045.136042189
        ]
      },
      "properties": {
        "junction_id": 39569,
        "veh_id": 11578,
        "sim_time_s": 2645.1,
        "tier": "IC-detect"
      }
    },
    {
      "type": "Feature",
      "geometry": {
        "type": "Point",
        "coordinates": [
          500716.22813644045,
          6965084.0952066975
        ]
      },
      "properties": {
        "junction_id": 36393,
        "veh_id": 11535,
        "sim_time_s": 2652.3,
        "tier": "IC-detect"
      }
    },
    {
      "type": "Feature",
      "geometry": {
        "type": "Point",
        "coordinates": [
          500021.21366999205,
          6966480.490588626
        ]
      },
      "properties": {
        "junction_id": 39572,
        "veh_id": 11558,
        "sim_time_s": 2652.8,
        "tier": "IC-detect"
      }
    },
    {
      "type": "Feature",
      "geometry": {
        "type": "Point",
        "coordinates": [
          500612.3123693566,
          6965397.033269114
        ]
      },
      "properties": {
        "junction_id": 39587,
        "veh_id": 11568,
        "sim_time_s": 2654.6,
        "tier": "IC-detect"
      }
    },
    {
      "type": "Feature",
      "geometry": {
        "type": "Point",
        "coordinates": [
          500517.1086679842,
          6965643.4277170645
        ]
      },
      "properties": {
        "junction_id": 39593,
        "veh_id": 11541,
        "sim_time_s": 2656.3,
        "tier": "IC-detect"
      }
    },
    {
      "type": "Feature",
      "geometry": {
        "type": "Point",
        "coordinates": [
          500243.6630179635,
          6966214.269335971
        ]
      },
      "properties": {
        "junction_id": 39572,
        "veh_id": 11578,
        "sim_time_s": 2659.5,
        "tier": "IC-detect"
      }
    },
    {
      "type": "Feature",
      "geometry": {
        "type": "Point",
        "coordinates": [
          500650.6971176399,
          6965251.140915366
        ]
      },
      "properties": {
        "junction_id": 36393,
        "veh_id": 11568,
        "sim_time_s": 2661.3,
        "tier": "IC-detect"
      }
    },
    {
      "type": "Feature",
      "geometry": {
        "type": "Point",
        "coordinates": [
          500712.9200160766,
          6965097.180486096
        ]
      },
      "properties": {
        "junction_id": 39593,
        "veh_id": 11547,
        "sim_time_s": 2667.2,
        "tier": "IC-detect"
      }
    },
    {
      "type": "Feature",
      "geometry": {
        "type": "Point",
        "coordinates": [
          500578.7156669796,
          6965500.871008073
        ]
      },
      "properties": {
        "junction_id": 36385,
        "veh_id": 11541,
        "sim_time_s": 2668.9,
        "tier": "IC-detect"
      }
    },
    {
      "type": "Feature",
      "geometry": {
        "type": "Point",
        "coordinates": [
          500714.9269897338,
          6965078.912287188
        ]
      },
      "properties": {
        "junction_id": 39587,
        "veh_id": 11535,
        "sim_time_s": 2679.3,
        "tier": "IC-detect"
      }
    },
    {
      "type": "Feature",
      "geometry": {
        "type": "Point",
        "coordinates": [
          500586.1583641136,
          6965480.12121997
        ]
      },
      "properties": {
        "junction_id": 39587,
        "veh_id": 11541,
        "sim_time_s": 2689.7,
        "tier": "track-section"
      }
    },
    {
      "type": "Feature",
      "geometry": {
        "type": "Point",
        "coordinates": [
          500728.99144436663,
          6964995.566493911
        ]
      },
      "properties": {
        "junction_id": 36385,
        "veh_id": 11547,
        "sim_time_s": 2692.3,
        "tier": "IC-detect"
      }
    },
    {
      "type": "Feature",
      "geometry": {
        "type": "Point",
        "coordinates": [
          500067.4265158735,
          6966460.266647394
        ]
      },
      "properties": {
        "junction_id": 39569,
        "veh_id": 11558,
        "sim_time_s": 2697.3,
        "tier": "IC-detect"
      }
    },
    {
      "type": "Feature",
      "geometry": {
        "type": "Point",
        "coordinates": [
          500599.5731360002,
          6965439.118772491
        ]
      },
      "properties": {
        "junction_id": 39578,
        "veh_id": 11541,
        "sim_time_s": 2699.1,
        "tier": "IC-detect"
      }
    },
    {
      "type": "Feature",
      "geometry": {
        "type": "Point",
        "coordinates": [
          500952.09229130344,
          6964037.796872752
        ]
      },
      "properties": {
        "junction_id": 39606,
        "veh_id": 11579,
        "sim_time_s": 2700.0,
        "tier": "IC-detect"
      }
    },
    {
      "type": "Feature",
      "geometry": {
        "type": "Point",
        "coordinates": [
          500952.09229130344,
          6964037.796872752
        ]
      },
      "properties": {
        "junction_id": 39590,
        "veh_id": 11579,
        "sim_time_s": 2700.0,
        "tier": "IC-detect"
      }
    },
    {
      "type": "Feature",
      "geometry": {
        "type": "Point",
        "coordinates": [
          500085.89676515205,
          6967503.870547378
        ]
      },
      "properties": {
        "junction_id": 38339,
        "veh_id": 11569,
        "sim_time_s": 2704.5,
        "tier": "IC-detect"
      }
    },
    {
      "type": "Feature",
      "geometry": {
        "type": "Point",
        "coordinates": [
          500696.416326662,
          6964815.558724859
        ]
      },
      "properties": {
        "junction_id": 39590,
        "veh_id": 11535,
        "sim_time_s": 2706.8,
        "tier": "IC-detect"
      }
    },
    {
      "type": "Feature",
      "geometry": {
        "type": "Point",
        "coordinates": [
          500699.23333981016,
          6964813.687546044
        ]
      },
      "properties": {
        "junction_id": 39590,
        "veh_id": 11547,
        "sim_time_s": 2710.8,
        "tier": "IC-detect"
      }
    },
    {
      "type": "Feature",
      "geometry": {
        "type": "Point",
        "coordinates": [
          500053.9658445028,
          6966543.759042669
        ]
      },
      "properties": {
        "junction_id": 38339,
        "veh_id": 11578,
        "sim_time_s": 2716.2,
        "tier": "IC-detect"
      }
    },
    {
      "type": "Feature",
      "geometry": {
        "type": "Point",
        "coordinates": [
          500773.33350594813,
          6964267.998052401
        ]
      },
      "properties": {
        "junction_id": 36393,
        "veh_id": 11579,
        "sim_time_s": 2720.2,
        "tier": "IC-detect"
      }
    },
    {
      "type": "Feature",
      "geometry": {
        "type": "Point",
        "coordinates": [
          500690.1096220001,
          6964666.141202264
        ]
      },
      "properties": {
        "junction_id": 39606,
        "veh_id": 11535,
        "sim_time_s": 2725.7,
        "tier": "IC-detect"
      }
    },
    {
      "type": "Feature",
      "geometry": {
        "type": "Point",
        "coordinates": [
          500650.5767001592,
          6965251.46483845
        ]
      },
      "properties": {
        "junction_id": 36393,
        "veh_id": 11541,
        "sim_time_s": 2731.1,
        "tier": "IC-detect"
      }
    },
    {
      "type": "Feature",
      "geometry": {
        "type": "Point",
        "coordinates": [
          500697.3355549712,
          6964685.163591871
        ]
      },
      "properties": {
        "junction_id": 36393,
        "veh_id": 11547,
        "sim_time_s": 2733.3,
        "tier": "IC-detect"
      }
    },
    {
      "type": "Feature",
      "geometry": {
        "type": "Point",
        "coordinates": [
          500924.1628120188,
          6965248.306998923
        ]
      },
      "properties": {
        "junction_id": 36385,
        "veh_id": 11528,
        "sim_time_s": 2736.0,
        "tier": "IC-detect"
      }
    },
    {
      "type": "Feature",
      "geometry": {
        "type": "Point",
        "coordinates": [
          500924.1628120188,
          6965248.306998923
        ]
      },
      "properties": {
        "junction_id": 39593,
        "veh_id": 11528,
        "sim_time_s": 2736.0,
        "tier": "IC-detect"
      }
    },
    {
      "type": "Feature",
      "geometry": {
        "type": "Point",
        "coordinates": [
          500924.1628120188,
          6965248.306998923
        ]
      },
      "properties": {
        "junction_id": 39587,
        "veh_id": 11528,
        "sim_time_s": 2736.0,
        "tier": "IC-detect"
      }
    },
    {
      "type": "Feature",
      "geometry": {
        "type": "Point",
        "coordinates": [
          500017.3989163939,
          6966617.955694043
        ]
      },
      "properties": {
        "junction_id": 1043762,
        "veh_id": 11578,
        "sim_time_s": 2744.6,
        "tier": "IC-detect"
      }
    },
    {
      "type": "Feature",
      "geometry": {
        "type": "Point",
        "coordinates": [
          500693.14668935986,
          6964667.654121055
        ]
      },
      "properties": {
        "junction_id": 39606,
        "veh_id": 11547,
        "sim_time_s": 2749.5,
        "tier": "IC-detect"
      }
    },
    {
      "type": "Feature",
      "geometry": {
        "type": "Point",
        "coordinates": [
          500720.99098907516,
          6965048.541372846
        ]
      },
      "properties": {
        "junction_id": 39593,
        "veh_id": 11568,
        "sim_time_s": 2749.9,
        "tier": "IC-detect"
      }
    },
    {
      "type": "Feature",
      "geometry": {
        "type": "Point",
        "coordinates": [
          500068.12446562364,
          6966460.015627896
        ]
      },
      "properties": {
        "junction_id": 1043762,
        "veh_id": 11558,
        "sim_time_s": 2749.9,
        "tier": "IC-detect"
      }
    },
    {
      "type": "Feature",
      "geometry": {
        "type": "Point",
        "coordinates": [
          500687.53649482183,
          6964605.2681
        ]
      },
      "properties": {
        "junction_id": 36385,
        "veh_id": 11535,
        "sim_time_s": 2752.2,
        "tier": "IC-detect"
      }
    },
    {
      "type": "Feature",
      "geometry": {
        "type": "Point",
        "coordinates": [
          500672.71723349125,
          6964526.250791395
        ]
      },
      "properties": {
        "junction_id": 36385,
        "veh_id": 11579,
        "sim_time_s": 2763.0,
        "tier": "IC-detect"
      }
    },
    {
      "type": "Feature",
      "geometry": {
        "type": "Point",
        "coordinates": [
          500717.0598080515,
          6964913.89098722
        ]
      },
      "properties": {
        "junction_id": 36385,
        "veh_id": 11568,
        "sim_time_s": 2765.2,
        "tier": "IC-detect"
      }
    },
    {
      "type": "Feature",
      "geometry": {
        "type": "Point",
        "coordinates": [
          500015.1022603251,
          6966630.346202889
        ]
      },
      "properties": {
        "junction_id": 39569,
        "veh_id": 11578,
        "sim_time_s": 2765.2,
        "tier": "IC-detect"
      }
    },
    {
      "type": "Feature",
      "geometry": {
        "type": "Point",
        "coordinates": [
          499972.550360141,
          6967145.538654836
        ]
      },
      "properties": {
        "junction_id": 39572,
        "veh_id": 11569,
        "sim_time_s": 2767.5,
        "tier": "IC-detect"
      }
    },
    {
      "type": "Feature",
      "geometry": {
        "type": "Point",
        "coordinates": [
          500859.41222247505,
          6965224.485252165
        ]
      },
      "properties": {
        "junction_id": 36393,
        "veh_id": 11528,
        "sim_time_s": 2769.8,
        "tier": "IC-detect"
      }
    },
    {
      "type": "Feature",
      "geometry": {
        "type": "Point",
        "coordinates": [
          500686.08028148976,
          6964565.984871852
        ]
      },
      "properties": {
        "junction_id": 36393,
        "veh_id": 11535,
        "sim_time_s": 2772.4,
        "tier": "IC-detect"
      }
    },
    {
      "type": "Feature",
      "geometry": {
        "type": "Point",
        "coordinates": [
          500209.9115185837,
          6966307.691800857
        ]
      },
      "properties": {
        "junction_id": 39578,
        "veh_id": 11558,
        "sim_time_s": 2772.4,
        "tier": "IC-detect"
      }
    },
    {
      "type": "Feature",
      "geometry": {
        "type": "Point",
        "coordinates": [
          500211.1287266209,
          6966305.632713404
        ]
      },
      "properties": {
        "junction_id": 39572,
        "veh_id": 11558,
        "sim_time_s": 2772.9,
        "tier": "IC-detect"
      }
    },
    {
      "type": "Feature",
      "geometry": {
        "type": "Point",
        "coordinates": [
          500676.576739633,
          6964680.490589251
        ]
      },
      "properties": {
        "junction_id": 39593,
        "veh_id": 11579,
        "sim_time_s": 2773.3,
        "tier": "IC-detect"
      }
    },
    {
      "type": "Feature",
      "geometry": {
        "type": "Point",
        "coordinates": [
          500699.33510907146,
          6964814.759506921
        ]
      },
      "properties": {
        "junction_id": 39590,
        "veh_id": 11568,
        "sim_time_s": 2774.7,
        "tier": "IC-detect"
      }
    },
    {
      "type": "Feature",
      "geometry": {
        "type": "Point",
        "coordinates": [
          500716.2134649871,
          6965084.090558828
        ]
      },
      "properties": {
        "junction_id": 39593,
        "veh_id": 11541,
        "sim_time_s": 2776.5,
        "tier": "IC-detect"
      }
    },
    {
      "type": "Feature",
      "geometry": {
        "type": "Point",
        "coordinates": [
          500015.08374003175,
          6966630.38863731
        ]
      },
      "properties": {
        "junction_id": 39572,
        "veh_id": 11578,
        "sim_time_s": 2779.7,
        "tier": "IC-detect"
      }
    },
    {
      "type": "Feature",
      "geometry": {
        "type": "Point",
        "coordinates": [
          500698.19912512077,
          6964785.390909735
        ]
      },
      "properties": {
        "junction_id": 36393,
        "veh_id": 11568,
        "sim_time_s": 2781.4,
        "tier": "IC-detect"
      }
    },
    {
      "type": "Feature",
      "geometry": {
        "type": "Point",
        "coordinates": [
          500715.3191317284,
          6965075.261736674
        ]
      },
      "properties": {
        "junction_id": 36385,
        "veh_id": 11541,
        "sim_time_s": 2789.1,
        "tier": "IC-detect"
      }
    },
    {
      "type": "Feature",
      "geometry": {
        "type": "Point",
        "coordinates": [
          500308.78385430336,
          6966153.474807414
        ]
      },
      "properties": {
        "junction_id": 39576,
        "veh_id": 11558,
        "sim_time_s": 2806.7,
        "tier": "IC-detect"
      }
    },
    {
      "type": "Feature",
      "geometry": {
        "type": "Point",
        "coordinates": [
          500692.96832356235,
          6964664.151263826
        ]
      },
      "properties": {
        "junction_id": 39606,
        "veh_id": 11568,
        "sim_time_s": 2809.8,
        "tier": "IC-detect"
      }
    },
    {
      "type": "Feature",
      "geometry": {
        "type": "Point",
        "coordinates": [
          500320.84689657384,
          6966137.713532889
        ]
      },
      "properties": {
        "junction_id": 39569,
        "veh_id": 11558,
        "sim_time_s": 2817.4,
        "tier": "IC-detect"
      }
    },
    {
      "type": "Feature",
      "geometry": {
        "type": "Point",
        "coordinates": [
          500699.36662714713,
          6964814.973718946
        ]
      },
      "properties": {
        "junction_id": 39590,
        "veh_id": 11541,
        "sim_time_s": 2822.8,
        "tier": "IC-detect"
      }
    },
    {
      "type": "Feature",
      "geometry": {
        "type": "Point",
        "coordinates": [
          499958.0991342356,
          6967049.070624903
        ]
      },
      "properties": {
        "junction_id": 38339,
        "veh_id": 11569,
        "sim_time_s": 2824.7,
        "tier": "track-section"
      }
    },
    {
      "type": "Feature",
      "geometry": {
        "type": "Point",
        "coordinates": [
          500711.19196473877,
          6964448.993635581
        ]
      },
      "properties": {
        "junction_id": 39590,
        "veh_id": 11535,
        "sim_time_s": 2826.9,
        "tier": "IC-detect"
      }
    },
    {
      "type": "Feature",
      "geometry": {
        "type": "Point",
        "coordinates": [
          500702.1187262887,
          6964477.577696934
        ]
      },
      "properties": {
        "junction_id": 39590,
        "veh_id": 11547,
        "sim_time_s": 2830.9,
        "tier": "IC-detect"
      }
    },
    {
      "type": "Feature",
      "geometry": {
        "type": "Point",
        "coordinates": [
          499943.8120986642,
          6967002.274242344
        ]
      },
      "properties": {
        "junction_id": 38339,
        "veh_id": 11578,
        "sim_time_s": 2836.3,
        "tier": "IC-detect"
      }
    },
    {
      "type": "Feature",
      "geometry": {
        "type": "Point",
        "coordinates": [
          500705.0817304355,
          6964954.690177155
        ]
      },
      "properties": {
        "junction_id": 36393,
        "veh_id": 11579,
        "sim_time_s": 2840.4,
        "tier": "IC-detect"
      }
    },
    {
      "type": "Feature",
      "geometry": {
        "type": "Point",
        "coordinates": [
          500712.78021117457,
          6964445.014384361
        ]
      },
      "properties": {
        "junction_id": 39606,
        "veh_id": 11535,
        "sim_time_s": 2845.8,
        "tier": "IC-detect"
      }
    },
    {
      "type": "Feature",
      "geometry": {
        "type": "Point",
        "coordinates": [
          500697.3832180611,
          6964685.126457232
        ]
      },
      "properties": {
        "junction_id": 36393,
        "veh_id": 11541,
        "sim_time_s": 2851.2,
        "tier": "IC-detect"
      }
    },
    {
      "type": "Feature",
      "geometry": {
        "type": "Point",
        "coordinates": [
          500704.9185674009,
          6964467.898112874
        ]
      },
      "properties": {
        "junction_id": 36393,
        "veh_id": 11547,
        "sim_time_s": 2853.4,
        "tier": "IC-detect"
      }
    },
    {
      "type": "Feature",
      "geometry": {
        "type": "Point",
        "coordinates": [
          500852.9438497333,
          6965221.858042035
        ]
      },
      "properties": {
        "junction_id": 36385,
        "veh_id": 11528,
        "sim_time_s": 2856.2,
        "tier": "IC-detect"
      }
    },
    {
      "type": "Feature",
      "geometry": {
        "type": "Point",
        "coordinates": [
          500852.9438497333,
          6965221.858042035
        ]
      },
      "properties": {
        "junction_id": 39593,
        "veh_id": 11528,
        "sim_time_s": 2856.2,
        "tier": "IC-detect"
      }
    },
    {
      "type": "Feature",
      "geometry": {
        "type": "Point",
        "coordinates": [
          500843.7122934501,
          6965218.132726888
        ]
      },
      "properties": {
        "junction_id": 39587,
        "veh_id": 11528,
        "sim_time_s": 2856.2,
        "tier": "IC-detect"
      }
    },
    {
      "type": "Feature",
      "geometry": {
        "type": "Point",
        "coordinates": [
          499964.0691559264,
          6966921.797136406
        ]
      },
      "properties": {
        "junction_id": 39569,
        "veh_id": 11569,
        "sim_time_s": 2858.8,
        "tier": "IC-detect"
      }
    },
    {
      "type": "Feature",
      "geometry": {
        "type": "Point",
        "coordinates": [
          500514.94245379517,
          6965961.742886094
        ]
      },
      "properties": {
        "junction_id": 39587,
        "veh_id": 11558,
        "sim_time_s": 2863.3,
        "tier": "IC-detect"
      }
    },
    {
      "type": "Feature",
      "geometry": {
        "type": "Point",
        "coordinates": [
          500693.2319684153,
          6964668.174190274
        ]
      },
      "properties": {
        "junction_id": 39606,
        "veh_id": 11541,
        "sim_time_s": 2869.2,
        "tier": "IC-detect"
      }
    },
    {
      "type": "Feature",
      "geometry": {
        "type": "Point",
        "coordinates": [
          500705.65876722994,
          6964465.51494195
        ]
      },
      "properties": {
        "junction_id": 39606,
        "veh_id": 11547,
        "sim_time_s": 2869.7,
        "tier": "IC-detect"
      }
    },
    {
      "type": "Feature",
      "geometry": {
        "type": "Point",
        "coordinates": [
          500534.21553472977,
          6965867.107179938
        ]
      },
      "properties": {
        "junction_id": 1043762,
        "veh_id": 11558,
        "sim_time_s": 2870.1,
        "tier": "IC-detect"
      }
    },
    {
      "type": "Feature",
      "geometry": {
        "type": "Point",
        "coordinates": [
          500706.43856954906,
          6964971.60772143
        ]
      },
      "properties": {
        "junction_id": 36385,
        "veh_id": 11579,
        "sim_time_s": 2883.2,
        "tier": "IC-detect"
      }
    },
    {
      "type": "Feature",
      "geometry": {
        "type": "Point",
        "coordinates": [
          499966.9567701435,
          6966873.329782938
        ]
      },
      "properties": {
        "junction_id": 39572,
        "veh_id": 11569,
        "sim_time_s": 2887.7,
        "tier": "IC-detect"
      }
    },
    {
      "type": "Feature",
      "geometry": {
        "type": "Point",
        "coordinates": [
          500787.48399687465,
          6965193.652445881
        ]
      },
      "properties": {
        "junction_id": 36393,
        "veh_id": 11528,
        "sim_time_s": 2889.9,
        "tier": "IC-detect"
      }
    },
    {
      "type": "Feature",
      "geometry": {
        "type": "Point",
        "coordinates": [
          500771.26771001506,
          6964306.553777312
        ]
      },
      "properties": {
        "junction_id": 36393,
        "veh_id": 11535,
        "sim_time_s": 2892.6,
        "tier": "IC-detect"
      }
    },
    {
      "type": "Feature",
      "geometry": {
        "type": "Point",
        "coordinates": [
          500512.0860387495,
          6965728.376506507
        ]
      },
      "properties": {
        "junction_id": 39578,
        "veh_id": 11558,
        "sim_time_s": 2892.6,
        "tier": "IC-detect"
      }
    },
    {
      "type": "Feature",
      "geometry": {
        "type": "Point",
        "coordinates": [
          499512.5247422402,
          6966653.6640370665
        ]
      },
      "properties": {
        "junction_id": 39572,
        "veh_id": 11536,
        "sim_time_s": 2892.6,
        "tier": "IC-detect"
      }
    },
    {
      "type": "Feature",
      "geometry": {
        "type": "Point",
        "coordinates": [
          500706.44273037027,
          6964971.692173962
        ]
      },
      "properties": {
        "junction_id": 39593,
        "veh_id": 11579,
        "sim_time_s": 2893.5,
        "tier": "IC-detect"
      }
    },
    {
      "type": "Feature",
      "geometry": {
        "type": "Point",
        "coordinates": [
          500701.55905341246,
          6964492.586230744
        ]
      },
      "properties": {
        "junction_id": 39590,
        "veh_id": 11568,
        "sim_time_s": 2894.8,
        "tier": "IC-detect"
      }
    },
    {
      "type": "Feature",
      "geometry": {
        "type": "Point",
        "coordinates": [
          500707.17017071036,
          6964987.170892606
        ]
      },
      "properties": {
        "junction_id": 39587,
        "veh_id": 11579,
        "sim_time_s": 2895.8,
        "tier": "IC-detect"
      }
    },
    {
      "type": "Feature",
      "geometry": {
        "type": "Point",
        "coordinates": [
          499646.007797075,
          6966627.952981479
        ]
      },
      "properties": {
        "junction_id": 39569,
        "veh_id": 11536,
        "sim_time_s": 2901.2,
        "tier": "IC-detect"
      }
    },
    {
      "type": "Feature",
      "geometry": {
        "type": "Point",
        "coordinates": [
          500709.47760416387,
          6964463.456363329
        ]
      },
      "properties": {
        "junction_id": 36393,
        "veh_id": 11568,
        "sim_time_s": 2901.6,
        "tier": "IC-detect"
      }
    },
    {
      "type": "Feature",
      "geometry": {
        "type": "Point",
        "coordinates": [
          499652.91191748675,
          6966627.184544969
        ]
      },
      "properties": {
        "junction_id": 38339,
        "veh_id": 11536,
        "sim_time_s": 2901.6,
        "tier": "IC-detect"
      }
    },
    {
      "type": "Feature",
      "geometry": {
        "type": "Point",
        "coordinates": [
          500691.8992591727,
          6964642.279066946
        ]
      },
      "properties": {
        "junction_id": 36385,
        "veh_id": 11541,
        "sim_time_s": 2909.2,
        "tier": "IC-detect"
      }
    },
    {
      "type": "Feature",
      "geometry": {
        "type": "Point",
        "coordinates": [
          500645.88163189014,
          6965218.935770984
        ]
      },
      "properties": {
        "junction_id": 39576,
        "veh_id": 11579,
        "sim_time_s": 2916.4,
        "tier": "IC-detect"
      }
    },
    {
      "type": "Feature",
      "geometry": {
        "type": "Point",
        "coordinates": [
          499872.04299490165,
          6966551.783935204
        ]
      },
      "properties": {
        "junction_id": 1043762,
        "veh_id": 11536,
        "sim_time_s": 2917.3,
        "tier": "IC-detect"
      }
    },
    {
      "type": "Feature",
      "geometry": {
        "type": "Point",
        "coordinates": [
          500012.54918477655,
          6966667.744420154
        ]
      },
      "properties": {
        "junction_id": 1043762,
        "veh_id": 11569,
        "sim_time_s": 2923.2,
        "tier": "IC-detect"
      }
    },
    {
      "type": "Feature",
      "geometry": {
        "type": "Point",
        "coordinates": [
          500512.0898445355,
          6965728.134568814
        ]
      },
      "properties": {
        "junction_id": 39576,
        "veh_id": 11558,
        "sim_time_s": 2926.8,
        "tier": "IC-detect"
      }
    },
    {
      "type": "Feature",
      "geometry": {
        "type": "Point",
        "coordinates": [
          500733.625305516,
          6964400.733653381
        ]
      },
      "properties": {
        "junction_id": 39606,
        "veh_id": 11568,
        "sim_time_s": 2929.9,
        "tier": "IC-detect"
      }
    },
    {
      "type": "Feature",
      "geometry": {
        "type": "Point",
        "coordinates": [
          500518.8056026035,
          6965647.908705113
        ]
      },
      "properties": {
        "junction_id": 39593,
        "veh_id": 11558,
        "sim_time_s": 2935.3,
        "tier": "IC-detect"
      }
    },
    {
      "type": "Feature",
      "geometry": {
        "type": "Point",
        "coordinates": [
          500581.02268900024,
          6965432.867578368
        ]
      },
      "properties": {
        "junction_id": 39578,
        "veh_id": 11579,
        "sim_time_s": 2941.2,
        "tier": "IC-detect"
      }
    },
    {
      "type": "Feature",
      "geometry": {
        "type": "Point",
        "coordinates": [
          500689.05250409344,
          6964570.736472036
        ]
      },
      "properties": {
        "junction_id": 39590,
        "veh_id": 11541,
        "sim_time_s": 2943.0,
        "tier": "IC-detect"
      }
    },
    {
      "type": "Feature",
      "geometry": {
        "type": "Point",
        "coordinates": [
          500036.2005086822,
          6966611.713043635
        ]
      },
      "properties": {
        "junction_id": 38339,
        "veh_id": 11569,
        "sim_time_s": 2944.8,
        "tier": "IC-detect"
      }
    },
    {
      "type": "Feature",
      "geometry": {
        "type": "Point",
        "coordinates": [
          500971.48400697805,
          6964041.23028311
        ]
      },
      "properties": {
        "junction_id": 39590,
        "veh_id": 11535,
        "sim_time_s": 2947.1,
        "tier": "IC-detect"
      }
    },
    {
      "type": "Feature",
      "geometry": {
        "type": "Point",
        "coordinates": [
          500578.83714443375,
          6965500.4185414305
        ]
      },
      "properties": {
        "junction_id": 36385,
        "veh_id": 11558,
        "sim_time_s": 2947.1,
        "tier": "IC-detect"
      }
    },
    {
      "type": "Feature",
      "geometry": {
        "type": "Point",
        "coordinates": [
          500753.357190597,
          6964359.304831027
        ]
      },
      "properties": {
        "junction_id": 39590,
        "veh_id": 11547,
        "sim_time_s": 2951.1,
        "tier": "IC-detect"
      }
    },
    {
      "type": "Feature",
      "geometry": {
        "type": "Point",
        "coordinates": [
          499517.17489504704,
          6966652.564041892
        ]
      },
      "properties": {
        "junction_id": 39572,
        "veh_id": 11559,
        "sim_time_s": 2952.9,
        "tier": "IC-detect"
      }
    },
    {
      "type": "Feature",
      "geometry": {
        "type": "Point",
        "coordinates": [
          500693.9651036383,
          6964525.174604376
        ]
      },
      "properties": {
        "junction_id": 36393,
        "veh_id": 11541,
        "sim_time_s": 2971.3,
        "tier": "IC-detect"
      }
    },
    {
      "type": "Feature",
      "geometry": {
        "type": "Point",
        "coordinates": [
          500753.357190597,
          6964359.304831027
        ]
      },
      "properties": {
        "junction_id": 36393,
        "veh_id": 11547,
        "sim_time_s": 2973.6,
        "tier": "IC-detect"
      }
    },
    {
      "type": "Feature",
      "geometry": {
        "type": "Point",
        "coordinates": [
          500764.493775099,
          6965186.781916034
        ]
      },
      "properties": {
        "junction_id": 36385,
        "veh_id": 11528,
        "sim_time_s": 2976.3,
        "tier": "IC-detect"
      }
    },
    {
      "type": "Feature",
      "geometry": {
        "type": "Point",
        "coordinates": [
          500764.493775099,
          6965186.781916034
        ]
      },
      "properties": {
        "junction_id": 39593,
        "veh_id": 11528,
        "sim_time_s": 2976.3,
        "tier": "IC-detect"
      }
    },
    {
      "type": "Feature",
      "geometry": {
        "type": "Point",
        "coordinates": [
          500762.94806261844,
          6965186.336429194
        ]
      },
      "properties": {
        "junction_id": 39587,
        "veh_id": 11528,
        "sim_time_s": 2976.3,
        "tier": "IC-detect"
      }
    },
    {
      "type": "Feature",
      "geometry": {
        "type": "Point",
        "coordinates": [
          500120.76499522565,
          6966442.407373424
        ]
      },
      "properties": {
        "junction_id": 39569,
        "veh_id": 11569,
        "sim_time_s": 2979.0,
        "tier": "IC-detect"
      }
    },
    {
      "type": "Feature",
      "geometry": {
        "type": "Point",
        "coordinates": [
          500621.46114168107,
          6965360.616091349
        ]
      },
      "properties": {
        "junction_id": 39587,
        "veh_id": 11558,
        "sim_time_s": 2983.5,
        "tier": "IC-detect"
      }
    },
    {
      "type": "Feature",
      "geometry": {
        "type": "Point",
        "coordinates": [
          500205.0106343072,
          6966303.993358599
        ]
      },
      "properties": {
        "junction_id": 39578,
        "veh_id": 11569,
        "sim_time_s": 2988.0,
        "tier": "IC-detect"
      }
    },
    {
      "type": "Feature",
      "geometry": {
        "type": "Point",
        "coordinates": [
          500695.1852088642,
          6964520.112163151
        ]
      },
      "properties": {
        "junction_id": 39606,
        "veh_id": 11541,
        "sim_time_s": 2989.3,
        "tier": "IC-detect"
      }
    },
    {
      "type": "Feature",
      "geometry": {
        "type": "Point",
        "coordinates": [
          500752.80996138626,
          6964353.9308704585
        ]
      },
      "properties": {
        "junction_id": 39606,
        "veh_id": 11547,
        "sim_time_s": 2989.8,
        "tier": "IC-detect"
      }
    },
    {
      "type": "Feature",
      "geometry": {
        "type": "Point",
        "coordinates": [
          500649.9611132311,
          6965252.795932304
        ]
      },
      "properties": {
        "junction_id": 36393,
        "veh_id": 11558,
        "sim_time_s": 2990.7,
        "tier": "IC-detect"
      }
    },
    {
      "type": "Feature",
      "geometry": {
        "type": "Point",
        "coordinates": [
          499643.52868484636,
          6966628.196573828
        ]
      },
      "properties": {
        "junction_id": 39569,
        "veh_id": 11559,
        "sim_time_s": 2997.0,
        "tier": "IC-detect"
      }
    },
    {
      "type": "Feature",
      "geometry": {
        "type": "Point",
        "coordinates": [
          499650.5582677538,
          6966627.472962328
        ]
      },
      "properties": {
        "junction_id": 38339,
        "veh_id": 11559,
        "sim_time_s": 2997.4,
        "tier": "IC-detect"
      }
    },
    {
      "type": "Feature",
      "geometry": {
        "type": "Point",
        "coordinates": [
          500495.15688580036,
          6965793.264277607
        ]
      },
      "properties": {
        "junction_id": 1043762,
        "veh_id": 11579,
        "sim_time_s": 3000.2,
        "tier": "IC-detect"
      }
    },
    {
      "type": "Feature",
      "geometry": {
        "type": "Point",
        "coordinates": [
          500492.1868632901,
          6965764.888923146
        ]
      },
      "properties": {
        "junction_id": 39569,
        "veh_id": 11579,
        "sim_time_s": 3000.2,
        "tier": "coord-prearm-harmony/KALMAN"
      }
    },
    {
      "type": "Feature",
      "geometry": {
        "type": "Point",
        "coordinates": [
          500301.2918470254,
          6966153.332117805
        ]
      },
      "properties": {
        "junction_id": 39576,
        "veh_id": 11569,
        "sim_time_s": 3002.4,
        "tier": "IC-detect"
      }
    },
    {
      "type": "Feature",
      "geometry": {
        "type": "Point",
        "coordinates": [
          500720.7311793557,
          6965175.02613948
        ]
      },
      "properties": {
        "junction_id": 36393,
        "veh_id": 11528,
        "sim_time_s": 3010.1,
        "tier": "IC-detect"
      }
    },
    {
      "type": "Feature",
      "geometry": {
        "type": "Point",
        "coordinates": [
          500180.2340135772,
          6966349.900611901
        ]
      },
      "properties": {
        "junction_id": 39572,
        "veh_id": 11536,
        "sim_time_s": 3012.8,
        "tier": "IC-detect"
      }
    },
    {
      "type": "Feature",
      "geometry": {
        "type": "Point",
        "coordinates": [
          500752.3202023001,
          6964357.836591762
        ]
      },
      "properties": {
        "junction_id": 39590,
        "veh_id": 11568,
        "sim_time_s": 3015.0,
        "tier": "IC-detect"
      }
    },
    {
      "type": "Feature",
      "geometry": {
        "type": "Point",
        "coordinates": [
          500209.03201987763,
          6966303.082326578
        ]
      },
      "properties": {
        "junction_id": 39578,
        "veh_id": 11536,
        "sim_time_s": 3016.8,
        "tier": "IC-detect"
      }
    },
    {
      "type": "Feature",
      "geometry": {
        "type": "Point",
        "coordinates": [
          500507.72758695803,
          6965960.462003842
        ]
      },
      "properties": {
        "junction_id": 39587,
        "veh_id": 11569,
        "sim_time_s": 3020.4,
        "tier": "IC-detect"
      }
    },
    {
      "type": "Feature",
      "geometry": {
        "type": "Point",
        "coordinates": [
          500227.1695454457,
          6966275.870185663
        ]
      },
      "properties": {
        "junction_id": 39569,
        "veh_id": 11536,
        "sim_time_s": 3021.3,
        "tier": "IC-detect"
      }
    },
    {
      "type": "Feature",
      "geometry": {
        "type": "Point",
        "coordinates": [
          500783.00751731335,
          6964291.4878956005
        ]
      },
      "properties": {
        "junction_id": 36393,
        "veh_id": 11568,
        "sim_time_s": 3021.8,
        "tier": "IC-detect"
      }
    },
    {
      "type": "Feature",
      "geometry": {
        "type": "Point",
        "coordinates": [
          500310.059909565,
          6966151.583249042
        ]
      },
      "properties": {
        "junction_id": 39576,
        "veh_id": 11536,
        "sim_time_s": 3028.9,
        "tier": "IC-detect"
      }
    },
    {
      "type": "Feature",
      "geometry": {
        "type": "Point",
        "coordinates": [
          500244.30217676825,
          6966213.30138033
        ]
      },
      "properties": {
        "junction_id": 39572,
        "veh_id": 11579,
        "sim_time_s": 3035.2,
        "tier": "IC-detect"
      }
    },
    {
      "type": "Feature",
      "geometry": {
        "type": "Point",
        "coordinates": [
          500380.75623717526,
          6966074.596218172
        ]
      },
      "properties": {
        "junction_id": 1043762,
        "veh_id": 11536,
        "sim_time_s": 3037.5,
        "tier": "IC-detect"
      }
    },
    {
      "type": "Feature",
      "geometry": {
        "type": "Point",
        "coordinates": [
          500521.65137153433,
          6965838.7658552565
        ]
      },
      "properties": {
        "junction_id": 1043762,
        "veh_id": 11569,
        "sim_time_s": 3043.3,
        "tier": "IC-detect"
      }
    },
    {
      "type": "Feature",
      "geometry": {
        "type": "Point",
        "coordinates": [
          500515.4015957998,
          6965961.081948559
        ]
      },
      "properties": {
        "junction_id": 39587,
        "veh_id": 11536,
        "sim_time_s": 3046.1,
        "tier": "IC-detect"
      }
    },
    {
      "type": "Feature",
      "geometry": {
        "type": "Point",
        "coordinates": [
          500794.93936983804,
          6964270.063415928
        ]
      },
      "properties": {
        "junction_id": 39606,
        "veh_id": 11568,
        "sim_time_s": 3050.1,
        "tier": "IC-detect"
      }
    },
    {
      "type": "Feature",
      "geometry": {
        "type": "Point",
        "coordinates": [
          500716.2144913681,
          6965084.092546968
        ]
      },
      "properties": {
        "junction_id": 39593,
        "veh_id": 11558,
        "sim_time_s": 3055.5,
        "tier": "IC-detect"
      }
    },
    {
      "type": "Feature",
      "geometry": {
        "type": "Point",
        "coordinates": [
          500721.1206417095,
          6964432.590920308
        ]
      },
      "properties": {
        "junction_id": 39590,
        "veh_id": 11541,
        "sim_time_s": 3063.2,
        "tier": "IC-detect"
      }
    },
    {
      "type": "Feature",
      "geometry": {
        "type": "Point",
        "coordinates": [
          500716.2144913681,
          6965084.092546968
        ]
      },
      "properties": {
        "junction_id": 36385,
        "veh_id": 11558,
        "sim_time_s": 3067.2,
        "tier": "IC-detect"
      }
    },
    {
      "type": "Feature",
      "geometry": {
        "type": "Point",
        "coordinates": [
          500910.9224266997,
          6964141.445556264
        ]
      },
      "properties": {
        "junction_id": 39590,
        "veh_id": 11547,
        "sim_time_s": 3071.2,
        "tier": "IC-detect"
      }
    },
    {
      "type": "Feature",
      "geometry": {
        "type": "Point",
        "coordinates": [
          499787.3415751469,
          6966592.23876779
        ]
      },
      "properties": {
        "junction_id": 39572,
        "veh_id": 11559,
        "sim_time_s": 3073.1,
        "tier": "IC-detect"
      }
    },
    {
      "type": "Feature",
      "geometry": {
        "type": "Point",
        "coordinates": [
          499870.3255247518,
          6966552.584088155
        ]
      },
      "properties": {
        "junction_id": 1043762,
        "veh_id": 11559,
        "sim_time_s": 3085.7,
        "tier": "IC-detect"
      }
    },
    {
      "type": "Feature",
      "geometry": {
        "type": "Point",
        "coordinates": [
          500055.22465648834,
          6966540.730932868
        ]
      },
      "properties": {
        "junction_id": 38339,
        "veh_id": 11579,
        "sim_time_s": 3086.6,
        "tier": "IC-detect"
      }
    },
    {
      "type": "Feature",
      "geometry": {
        "type": "Point",
        "coordinates": [
          500729.37727227586,
          6964411.54715112
        ]
      },
      "properties": {
        "junction_id": 36393,
        "veh_id": 11541,
        "sim_time_s": 3091.5,
        "tier": "IC-detect"
      }
    },
    {
      "type": "Feature",
      "geometry": {
        "type": "Point",
        "coordinates": [
          500514.09227778,
          6965642.546853962
        ]
      },
      "properties": {
        "junction_id": 39593,
        "veh_id": 11536,
        "sim_time_s": 3092.8,
        "tier": "IC-detect"
      }
    },
    {
      "type": "Feature",
      "geometry": {
        "type": "Point",
        "coordinates": [
          500695.4241026915,
          6965155.024738484
        ]
      },
      "properties": {
        "junction_id": 36385,
        "veh_id": 11528,
        "sim_time_s": 3096.4,
        "tier": "IC-detect"
      }
    },
    {
      "type": "Feature",
      "geometry": {
        "type": "Point",
        "coordinates": [
          500695.4241026915,
          6965155.024738484
        ]
      },
      "properties": {
        "junction_id": 39593,
        "veh_id": 11528,
        "sim_time_s": 3096.4,
        "tier": "IC-detect"
      }
    },
    {
      "type": "Feature",
      "geometry": {
        "type": "Point",
        "coordinates": [
          500699.5950459212,
          6965138.15424344
        ]
      },
      "properties": {
        "junction_id": 39587,
        "veh_id": 11528,
        "sim_time_s": 3096.4,
        "tier": "IC-detect"
      }
    },
    {
      "type": "Feature",
      "geometry": {
        "type": "Point",
        "coordinates": [
          500512.14156009513,
          6965718.430247806
        ]
      },
      "properties": {
        "junction_id": 39578,
        "veh_id": 11569,
        "sim_time_s": 3108.2,
        "tier": "IC-detect"
      }
    },
    {
      "type": "Feature",
      "geometry": {
        "type": "Point",
        "coordinates": [
          500733.2653363818,
          6964401.693091781
        ]
      },
      "properties": {
        "junction_id": 39606,
        "veh_id": 11541,
        "sim_time_s": 3109.5,
        "tier": "IC-detect"
      }
    },
    {
      "type": "Feature",
      "geometry": {
        "type": "Point",
        "coordinates": [
          500710.6866390694,
          6964912.876583391
        ]
      },
      "properties": {
        "junction_id": 36393,
        "veh_id": 11558,
        "sim_time_s": 3110.8,
        "tier": "track-section"
      }
    },
    {
      "type": "Feature",
      "geometry": {
        "type": "Point",
        "coordinates": [
          500043.51732223673,
          6966470.296769004
        ]
      },
      "properties": {
        "junction_id": 39569,
        "veh_id": 11559,
        "sim_time_s": 3117.2,
        "tier": "IC-detect"
      }
    },
    {
      "type": "Feature",
      "geometry": {
        "type": "Point",
        "coordinates": [
          500034.0860644708,
          6966590.01035431
        ]
      },
      "properties": {
        "junction_id": 1043762,
        "veh_id": 11579,
        "sim_time_s": 3120.3,
        "tier": "IC-detect"
      }
    },
    {
      "type": "Feature",
      "geometry": {
        "type": "Point",
        "coordinates": [
          500034.0860644708,
          6966590.01035431
        ]
      },
      "properties": {
        "junction_id": 39569,
        "veh_id": 11579,
        "sim_time_s": 3120.3,
        "tier": "IC-detect"
      }
    },
    {
      "type": "Feature",
      "geometry": {
        "type": "Point",
        "coordinates": [
          500512.1443402284,
          6965718.253511903
        ]
      },
      "properties": {
        "junction_id": 39576,
        "veh_id": 11569,
        "sim_time_s": 3122.6,
        "tier": "IC-detect"
      }
    },
    {
      "type": "Feature",
      "geometry": {
        "type": "Point",
        "coordinates": [
          500573.2035901111,
          6965498.049038215
        ]
      },
      "properties": {
        "junction_id": 36385,
        "veh_id": 11536,
        "sim_time_s": 3124.8,
        "tier": "IC-detect"
      }
    },
    {
      "type": "Feature",
      "geometry": {
        "type": "Point",
        "coordinates": [
          500714.3649761942,
          6964902.395550456
        ]
      },
      "properties": {
        "junction_id": 36393,
        "veh_id": 11528,
        "sim_time_s": 3130.2,
        "tier": "IC-detect"
      }
    },
    {
      "type": "Feature",
      "geometry": {
        "type": "Point",
        "coordinates": [
          500512.1443402284,
          6965718.253511903
        ]
      },
      "properties": {
        "junction_id": 39587,
        "veh_id": 11569,
        "sim_time_s": 3140.6,
        "tier": "IC-detect"
      }
    },
    {
      "type": "Feature",
      "geometry": {
        "type": "Point",
        "coordinates": [
          500636.320452592,
          6965270.612616401
        ]
      },
      "properties": {
        "junction_id": 39576,
        "veh_id": 11536,
        "sim_time_s": 3149.1,
        "tier": "IC-detect"
      }
    },
    {
      "type": "Feature",
      "geometry": {
        "type": "Point",
        "coordinates": [
          500952.09229130344,
          6964037.796872752
        ]
      },
      "properties": {
        "junction_id": 39606,
        "veh_id": 11580,
        "sim_time_s": 3150.0,
        "tier": "IC-detect"
      }
    },
    {
      "type": "Feature",
      "geometry": {
        "type": "Point",
        "coordinates": [
          500952.09229130344,
          6964037.796872752
        ]
      },
      "properties": {
        "junction_id": 39590,
        "veh_id": 11580,
        "sim_time_s": 3150.0,
        "tier": "IC-detect"
      }
    },
    {
      "type": "Feature",
      "geometry": {
        "type": "Point",
        "coordinates": [
          500209.55636602425,
          6966308.292593948
        ]
      },
      "properties": {
        "junction_id": 39578,
        "veh_id": 11559,
        "sim_time_s": 3150.9,
        "tier": "IC-detect"
      }
    },
    {
      "type": "Feature",
      "geometry": {
        "type": "Point",
        "coordinates": [
          500087.97191681445,
          6967506.11806405
        ]
      },
      "properties": {
        "junction_id": 38339,
        "veh_id": 11570,
        "sim_time_s": 3153.2,
        "tier": "IC-detect"
      }
    },
    {
      "type": "Feature",
      "geometry": {
        "type": "Point",
        "coordinates": [
          500519.672659131,
          6965644.797892849
        ]
      },
      "properties": {
        "junction_id": 39593,
        "veh_id": 11569,
        "sim_time_s": 3154.5,
        "tier": "IC-detect"
      }
    },
    {
      "type": "Feature",
      "geometry": {
        "type": "Point",
        "coordinates": [
          500017.4598489517,
          6966617.981961277
        ]
      },
      "properties": {
        "junction_id": 39572,
        "veh_id": 11579,
        "sim_time_s": 3155.4,
        "tier": "IC-detect"
      }
    },
    {
      "type": "Feature",
      "geometry": {
        "type": "Point",
        "coordinates": [
          500699.39212916757,
          6964815.345439297
        ]
      },
      "properties": {
        "junction_id": 39590,
        "veh_id": 11558,
        "sim_time_s": 3157.7,
        "tier": "IC-detect"
      }
    },
    {
      "type": "Feature",
      "geometry": {
        "type": "Point",
        "coordinates": [
          500643.83148166246,
          6965251.599018856
        ]
      },
      "properties": {
        "junction_id": 36393,
        "veh_id": 11536,
        "sim_time_s": 3157.7,
        "tier": "IC-detect"
      }
    },
    {
      "type": "Feature",
      "geometry": {
        "type": "Point",
        "coordinates": [
          500578.2456401613,
          6965501.768693353
        ]
      },
      "properties": {
        "junction_id": 36385,
        "veh_id": 11569,
        "sim_time_s": 3165.8,
        "tier": "IC-detect"
      }
    },
    {
      "type": "Feature",
      "geometry": {
        "type": "Point",
        "coordinates": [
          500673.99995791016,
          6965189.267055431
        ]
      },
      "properties": {
        "junction_id": 39587,
        "veh_id": 11536,
        "sim_time_s": 3166.2,
        "tier": "IC-detect"
      }
    },
    {
      "type": "Feature",
      "geometry": {
        "type": "Point",
        "coordinates": [
          500698.5970806173,
          6964796.681768701
        ]
      },
      "properties": {
        "junction_id": 39593,
        "veh_id": 11558,
        "sim_time_s": 3175.7,
        "tier": "IC-detect"
      }
    },
    {
      "type": "Feature",
      "geometry": {
        "type": "Point",
        "coordinates": [
          500948.2288774459,
          6964038.3661120385
        ]
      },
      "properties": {
        "junction_id": 39606,
        "veh_id": 11530,
        "sim_time_s": 3180.2,
        "tier": "IC-detect"
      }
    },
    {
      "type": "Feature",
      "geometry": {
        "type": "Point",
        "coordinates": [
          500948.2288774459,
          6964038.3661120385
        ]
      },
      "properties": {
        "junction_id": 39590,
        "veh_id": 11530,
        "sim_time_s": 3180.2,
        "tier": "IC-detect"
      }
    },
    {
      "type": "Feature",
      "geometry": {
        "type": "Point",
        "coordinates": [
          500805.70222733973,
          6964251.559628726
        ]
      },
      "properties": {
        "junction_id": 39590,
        "veh_id": 11541,
        "sim_time_s": 3183.3,
        "tier": "IC-detect"
      }
    },
    {
      "type": "Feature",
      "geometry": {
        "type": "Point",
        "coordinates": [
          500649.468637323,
          6965253.683501133
        ]
      },
      "properties": {
        "junction_id": 36393,
        "veh_id": 11569,
        "sim_time_s": 3186.9,
        "tier": "IC-detect"
      }
    },
    {
      "type": "Feature",
      "geometry": {
        "type": "Point",
        "coordinates": [
          500698.59161408915,
          6964796.519664135
        ]
      },
      "properties": {
        "junction_id": 36385,
        "veh_id": 11558,
        "sim_time_s": 3187.3,
        "tier": "IC-detect"
      }
    },
    {
      "type": "Feature",
      "geometry": {
        "type": "Point",
        "coordinates": [
          500773.99429752596,
          6964266.647761698
        ]
      },
      "properties": {
        "junction_id": 36393,
        "veh_id": 11580,
        "sim_time_s": 3188.7,
        "tier": "IC-detect"
      }
    },
    {
      "type": "Feature",
      "geometry": {
        "type": "Point",
        "coordinates": [
          500239.70322810044,
          6966256.219659067
        ]
      },
      "properties": {
        "junction_id": 39572,
        "veh_id": 11559,
        "sim_time_s": 3193.2,
        "tier": "IC-detect"
      }
    },
    {
      "type": "Feature",
      "geometry": {
        "type": "Point",
        "coordinates": [
          500239.730158903,
          6966256.172738663
        ]
      },
      "properties": {
        "junction_id": 1043762,
        "veh_id": 11559,
        "sim_time_s": 3205.8,
        "tier": "IC-detect"
      }
    },
    {
      "type": "Feature",
      "geometry": {
        "type": "Point",
        "coordinates": [
          499949.9568877751,
          6966949.119970167
        ]
      },
      "properties": {
        "junction_id": 38339,
        "veh_id": 11579,
        "sim_time_s": 3206.7,
        "tier": "IC-detect"
      }
    },
    {
      "type": "Feature",
      "geometry": {
        "type": "Point",
        "coordinates": [
          499973.0314001055,
          6967148.453498857
        ]
      },
      "properties": {
        "junction_id": 39572,
        "veh_id": 11570,
        "sim_time_s": 3211.2,
        "tier": "IC-detect"
      }
    },
    {
      "type": "Feature",
      "geometry": {
        "type": "Point",
        "coordinates": [
          500716.07127510477,
          6965084.077414684
        ]
      },
      "properties": {
        "junction_id": 39593,
        "veh_id": 11536,
        "sim_time_s": 3213.0,
        "tier": "IC-detect"
      }
    },
    {
      "type": "Feature",
      "geometry": {
        "type": "Point",
        "coordinates": [
          500699.6809946314,
          6964820.0592650995
        ]
      },
      "properties": {
        "junction_id": 36385,
        "veh_id": 11528,
        "sim_time_s": 3216.6,
        "tier": "IC-detect"
      }
    },
    {
      "type": "Feature",
      "geometry": {
        "type": "Point",
        "coordinates": [
          500699.6809946314,
          6964820.0592650995
        ]
      },
      "properties": {
        "junction_id": 39593,
        "veh_id": 11528,
        "sim_time_s": 3216.6,
        "tier": "IC-detect"
      }
    },
    {
      "type": "Feature",
      "geometry": {
        "type": "Point",
        "coordinates": [
          500699.2752439864,
          6964814.394899033
        ]
      },
      "properties": {
        "junction_id": 39590,
        "veh_id": 11528,
        "sim_time_s": 3219.8,
        "tier": "IC-detect"
      }
    },
    {
      "type": "Feature",
      "geometry": {
        "type": "Point",
        "coordinates": [
          500308.7342324262,
          6966153.541659773
        ]
      },
      "properties": {
        "junction_id": 39576,
        "veh_id": 11559,
        "sim_time_s": 3221.6,
        "tier": "IC-detect"
      }
    },
    {
      "type": "Feature",
      "geometry": {
        "type": "Point",
        "coordinates": [
          499963.7680194338,
          6966925.979760162
        ]
      },
      "properties": {
        "junction_id": 39569,
        "veh_id": 11570,
        "sim_time_s": 3225.6,
        "tier": "IC-detect"
      }
    },
    {
      "type": "Feature",
      "geometry": {
        "type": "Point",
        "coordinates": [
          501028.1911993433,
          6964258.300265727
        ]
      },
      "properties": {
        "junction_id": 39606,
        "veh_id": 11541,
        "sim_time_s": 3229.7,
        "tier": "IC-detect"
      }
    },
    {
      "type": "Feature",
      "geometry": {
        "type": "Point",
        "coordinates": [
          500695.8010725537,
          6964717.27052037
        ]
      },
      "properties": {
        "junction_id": 36393,
        "veh_id": 11558,
        "sim_time_s": 3231.0,
        "tier": "IC-detect"
      }
    },
    {
      "type": "Feature",
      "geometry": {
        "type": "Point",
        "coordinates": [
          500320.8775701065,
          6966137.675338824
        ]
      },
      "properties": {
        "junction_id": 39569,
        "veh_id": 11559,
        "sim_time_s": 3237.3,
        "tier": "IC-detect"
      }
    },
    {
      "type": "Feature",
      "geometry": {
        "type": "Point",
        "coordinates": [
          500722.0111958368,
          6965042.975647339
        ]
      },
      "properties": {
        "junction_id": 36385,
        "veh_id": 11536,
        "sim_time_s": 3244.9,
        "tier": "IC-detect"
      }
    },
    {
      "type": "Feature",
      "geometry": {
        "type": "Point",
        "coordinates": [
          500012.32208340033,
          6966668.313400644
        ]
      },
      "properties": {
        "junction_id": 1043762,
        "veh_id": 11570,
        "sim_time_s": 3245.8,
        "tier": "IC-detect"
      }
    },
    {
      "type": "Feature",
      "geometry": {
        "type": "Point",
        "coordinates": [
          500694.74365835346,
          6964691.366452171
        ]
      },
      "properties": {
        "junction_id": 36393,
        "veh_id": 11528,
        "sim_time_s": 3250.3,
        "tier": "IC-detect"
      }
    },
    {
      "type": "Feature",
      "geometry": {
        "type": "Point",
        "coordinates": [
          500717.82261270017,
          6965048.449015073
        ]
      },
      "properties": {
        "junction_id": 39587,
        "veh_id": 11569,
        "sim_time_s": 3260.7,
        "tier": "IC-detect"
      }
    },
    {
      "type": "Feature",
      "geometry": {
        "type": "Point",
        "coordinates": [
          500693.1796831255,
          6964668.199346951
        ]
      },
      "properties": {
        "junction_id": 39606,
        "veh_id": 11528,
        "sim_time_s": 3262.1,
        "tier": "IC-detect"
      }
    },
    {
      "type": "Feature",
      "geometry": {
        "type": "Point",
        "coordinates": [
          500775.0052407701,
          6964264.80586828
        ]
      },
      "properties": {
        "junction_id": 36393,
        "veh_id": 11530,
        "sim_time_s": 3262.9,
        "tier": "IC-detect"
      }
    },
    {
      "type": "Feature",
      "geometry": {
        "type": "Point",
        "coordinates": [
          500736.4845599134,
          6964343.318383208
        ]
      },
      "properties": {
        "junction_id": 39606,
        "veh_id": 11580,
        "sim_time_s": 3270.2,
        "tier": "IC-detect"
      }
    },
    {
      "type": "Feature",
      "geometry": {
        "type": "Point",
        "coordinates": [
          500736.4845599134,
          6964343.318383208
        ]
      },
      "properties": {
        "junction_id": 39590,
        "veh_id": 11580,
        "sim_time_s": 3270.2,
        "tier": "IC-detect"
      }
    },
    {
      "type": "Feature",
      "geometry": {
        "type": "Point",
        "coordinates": [
          500497.31095597736,
          6965978.230960022
        ]
      },
      "properties": {
        "junction_id": 39578,
        "veh_id": 11559,
        "sim_time_s": 3271.1,
        "tier": "IC-detect"
      }
    },
    {
      "type": "Feature",
      "geometry": {
        "type": "Point",
        "coordinates": [
          500036.20179237344,
          6966611.713663512
        ]
      },
      "properties": {
        "junction_id": 38339,
        "veh_id": 11570,
        "sim_time_s": 3273.3,
        "tier": "IC-detect"
      }
    },
    {
      "type": "Feature",
      "geometry": {
        "type": "Point",
        "coordinates": [
          500717.8250609139,
          6965048.437151903
        ]
      },
      "properties": {
        "junction_id": 39593,
        "veh_id": 11569,
        "sim_time_s": 3274.7,
        "tier": "IC-detect"
      }
    },
    {
      "type": "Feature",
      "geometry": {
        "type": "Point",
        "coordinates": [
          500693.40372025396,
          6964670.696456289
        ]
      },
      "properties": {
        "junction_id": 39590,
        "veh_id": 11558,
        "sim_time_s": 3277.8,
        "tier": "IC-detect"
      }
    },
    {
      "type": "Feature",
      "geometry": {
        "type": "Point",
        "coordinates": [
          500722.09433206584,
          6965042.572017205
        ]
      },
      "properties": {
        "junction_id": 36393,
        "veh_id": 11536,
        "sim_time_s": 3277.8,
        "tier": "IC-detect"
      }
    },
    {
      "type": "Feature",
      "geometry": {
        "type": "Point",
        "coordinates": [
          500512.83271228423,
          6965963.975046446
        ]
      },
      "properties": {
        "junction_id": 39587,
        "veh_id": 11559,
        "sim_time_s": 3279.2,
        "tier": "IC-detect"
      }
    },
    {
      "type": "Feature",
      "geometry": {
        "type": "Point",
        "coordinates": [
          500693.2313530963,
          6964668.143188177
        ]
      },
      "properties": {
        "junction_id": 39606,
        "veh_id": 11558,
        "sim_time_s": 3280.1,
        "tier": "IC-detect"
      }
    },
    {
      "type": "Feature",
      "geometry": {
        "type": "Point",
        "coordinates": [
          500717.8250609139,
          6965048.437151903
        ]
      },
      "properties": {
        "junction_id": 36385,
        "veh_id": 11569,
        "sim_time_s": 3285.9,
        "tier": "IC-detect"
      }
    },
    {
      "type": "Feature",
      "geometry": {
        "type": "Point",
        "coordinates": [
          500722.09433206584,
          6965042.572017205
        ]
      },
      "properties": {
        "junction_id": 39587,
        "veh_id": 11536,
        "sim_time_s": 3286.3,
        "tier": "IC-detect"
      }
    },
    {
      "type": "Feature",
      "geometry": {
        "type": "Point",
        "coordinates": [
          500672.92639926926,
          6964523.389740054
        ]
      },
      "properties": {
        "junction_id": 36385,
        "veh_id": 11530,
        "sim_time_s": 3288.2,
        "tier": "IC-detect"
      }
    },
    {
      "type": "Feature",
      "geometry": {
        "type": "Point",
        "coordinates": [
          500676.3851042343,
          6964679.028360078
        ]
      },
      "properties": {
        "junction_id": 39590,
        "veh_id": 11530,
        "sim_time_s": 3300.3,
        "tier": "IC-detect"
      }
    },
    {
      "type": "Feature",
      "geometry": {
        "type": "Point",
        "coordinates": [
          500676.3851042343,
          6964679.028360078
        ]
      },
      "properties": {
        "junction_id": 39593,
        "veh_id": 11530,
        "sim_time_s": 3300.3,
        "tier": "IC-detect"
      }
    },
    {
      "type": "Feature",
      "geometry": {
        "type": "Point",
        "coordinates": [
          500134.35896903847,
          6965615.236375507
        ]
      },
      "properties": {
        "junction_id": 39587,
        "veh_id": 11548,
        "sim_time_s": 3300.3,
        "tier": "IC-detect"
      }
    },
    {
      "type": "Feature",
      "geometry": {
        "type": "Point",
        "coordinates": [
          500134.35896903847,
          6965615.236375507
        ]
      },
      "properties": {
        "junction_id": 39576,
        "veh_id": 11548,
        "sim_time_s": 3300.3,
        "tier": "IC-detect"
      }
    },
    {
      "type": "Feature",
      "geometry": {
        "type": "Point",
        "coordinates": [
          500149.16039838677,
          6965617.669005617
        ]
      },
      "properties": {
        "junction_id": 39578,
        "veh_id": 11548,
        "sim_time_s": 3301.2,
        "tier": "IC-detect"
      }
    },
    {
      "type": "Feature",
      "geometry": {
        "type": "Point",
        "coordinates": [
          500672.9273400373,
          6964523.691901464
        ]
      },
      "properties": {
        "junction_id": 36385,
        "veh_id": 11580,
        "sim_time_s": 3305.2,
        "tier": "IC-detect"
      }
    },
    {
      "type": "Feature",
      "geometry": {
        "type": "Point",
        "coordinates": [
          500724.0391757014,
          6965017.836644976
        ]
      },
      "properties": {
        "junction_id": 36393,
        "veh_id": 11569,
        "sim_time_s": 3307.1,
        "tier": "IC-detect"
      }
    },
    {
      "type": "Feature",
      "geometry": {
        "type": "Point",
        "coordinates": [
          500692.2841314383,
          6964651.437311001
        ]
      },
      "properties": {
        "junction_id": 36385,
        "veh_id": 11558,
        "sim_time_s": 3307.5,
        "tier": "IC-detect"
      }
    },
    {
      "type": "Feature",
      "geometry": {
        "type": "Point",
        "coordinates": [
          500672.9273400373,
          6964523.691901464
        ]
      },
      "properties": {
        "junction_id": 36393,
        "veh_id": 11580,
        "sim_time_s": 3308.8,
        "tier": "IC-detect"
      }
    },
    {
      "type": "Feature",
      "geometry": {
        "type": "Point",
        "coordinates": [
          500679.3891295961,
          6964678.055789904
        ]
      },
      "properties": {
        "junction_id": 39593,
        "veh_id": 11580,
        "sim_time_s": 3315.2,
        "tier": "IC-detect"
      }
    },
    {
      "type": "Feature",
      "geometry": {
        "type": "Point",
        "coordinates": [
          500202.1963258284,
          6966308.755602871
        ]
      },
      "properties": {
        "junction_id": 39572,
        "veh_id": 11570,
        "sim_time_s": 3331.3,
        "tier": "IC-detect"
      }
    },
    {
      "type": "Feature",
      "geometry": {
        "type": "Point",
        "coordinates": [
          500205.41003085073,
          6966303.31914543
        ]
      },
      "properties": {
        "junction_id": 39578,
        "veh_id": 11570,
        "sim_time_s": 3332.2,
        "tier": "IC-detect"
      }
    },
    {
      "type": "Feature",
      "geometry": {
        "type": "Point",
        "coordinates": [
          500716.40785514435,
          6964911.619493998
        ]
      },
      "properties": {
        "junction_id": 39593,
        "veh_id": 11536,
        "sim_time_s": 3333.2,
        "tier": "IC-detect"
      }
    },
    {
      "type": "Feature",
      "geometry": {
        "type": "Point",
        "coordinates": [
          500690.8338677254,
          6964612.386179826
        ]
      },
      "properties": {
        "junction_id": 36385,
        "veh_id": 11528,
        "sim_time_s": 3336.8,
        "tier": "IC-detect"
      }
    },
    {
      "type": "Feature",
      "geometry": {
        "type": "Point",
        "coordinates": [
          500690.4193598384,
          6964604.31341051
        ]
      },
      "properties": {
        "junction_id": 39590,
        "veh_id": 11528,
        "sim_time_s": 3339.9,
        "tier": "IC-detect"
      }
    },
    {
      "type": "Feature",
      "geometry": {
        "type": "Point",
        "coordinates": [
          500512.24302615953,
          6965718.396657067
        ]
      },
      "properties": {
        "junction_id": 39576,
        "veh_id": 11559,
        "sim_time_s": 3341.7,
        "tier": "IC-detect"
      }
    },
    {
      "type": "Feature",
      "geometry": {
        "type": "Point",
        "coordinates": [
          500233.3679490127,
          6966255.00298632
        ]
      },
      "properties": {
        "junction_id": 39569,
        "veh_id": 11570,
        "sim_time_s": 3345.8,
        "tier": "IC-detect"
      }
    },
    {
      "type": "Feature",
      "geometry": {
        "type": "Point",
        "coordinates": [
          500691.21084658615,
          6964619.030815806
        ]
      },
      "properties": {
        "junction_id": 36393,
        "veh_id": 11558,
        "sim_time_s": 3351.2,
        "tier": "IC-detect"
      }
    },
    {
      "type": "Feature",
      "geometry": {
        "type": "Point",
        "coordinates": [
          500305.00664833747,
          6966148.328622092
        ]
      },
      "properties": {
        "junction_id": 39576,
        "veh_id": 11570,
        "sim_time_s": 3351.6,
        "tier": "IC-detect"
      }
    },
    {
      "type": "Feature",
      "geometry": {
        "type": "Point",
        "coordinates": [
          500716.22312490735,
          6964910.820459795
        ]
      },
      "properties": {
        "junction_id": 36385,
        "veh_id": 11536,
        "sim_time_s": 3365.1,
        "tier": "IC-detect"
      }
    },
    {
      "type": "Feature",
      "geometry": {
        "type": "Point",
        "coordinates": [
          500479.4815532007,
          6965985.208805429
        ]
      },
      "properties": {
        "junction_id": 1043762,
        "veh_id": 11570,
        "sim_time_s": 3366.0,
        "tier": "IC-detect"
      }
    },
    {
      "type": "Feature",
      "geometry": {
        "type": "Point",
        "coordinates": [
          500506.0695796386,
          6965962.12349805
        ]
      },
      "properties": {
        "junction_id": 39587,
        "veh_id": 11570,
        "sim_time_s": 3368.2,
        "tier": "IC-detect"
      }
    },
    {
      "type": "Feature",
      "geometry": {
        "type": "Point",
        "coordinates": [
          500690.4305458982,
          6964544.353022584
        ]
      },
      "properties": {
        "junction_id": 36393,
        "veh_id": 11528,
        "sim_time_s": 3370.5,
        "tier": "IC-detect"
      }
    },
    {
      "type": "Feature",
      "geometry": {
        "type": "Point",
        "coordinates": [
          500519.7685009842,
          6965644.829527375
        ]
      },
      "properties": {
        "junction_id": 39593,
        "veh_id": 11559,
        "sim_time_s": 3380.8,
        "tier": "IC-detect"
      }
    },
    {
      "type": "Feature",
      "geometry": {
        "type": "Point",
        "coordinates": [
          500693.62277778983,
          6964526.4303835835
        ]
      },
      "properties": {
        "junction_id": 39606,
        "veh_id": 11528,
        "sim_time_s": 3382.2,
        "tier": "IC-detect"
      }
    },
    {
      "type": "Feature",
      "geometry": {
        "type": "Point",
        "coordinates": [
          500708.4677411266,
          6964958.837201521
        ]
      },
      "properties": {
        "junction_id": 36393,
        "veh_id": 11530,
        "sim_time_s": 3383.1,
        "tier": "IC-detect"
      }
    },
    {
      "type": "Feature",
      "geometry": {
        "type": "Point",
        "coordinates": [
          500575.9956110263,
          6965508.34056419
        ]
      },
      "properties": {
        "junction_id": 39578,
        "veh_id": 11559,
        "sim_time_s": 3391.2,
        "tier": "IC-detect"
      }
    },
    {
      "type": "Feature",
      "geometry": {
        "type": "Point",
        "coordinates": [
          500579.67878284864,
          6965498.072104587
        ]
      },
      "properties": {
        "junction_id": 36385,
        "veh_id": 11559,
        "sim_time_s": 3392.1,
        "tier": "IC-detect"
      }
    },
    {
      "type": "Feature",
      "geometry": {
        "type": "Point",
        "coordinates": [
          500698.8108736001,
          6964841.175596673
        ]
      },
      "properties": {
        "junction_id": 39593,
        "veh_id": 11569,
        "sim_time_s": 3394.8,
        "tier": "IC-detect"
      }
    },
    {
      "type": "Feature",
      "geometry": {
        "type": "Point",
        "coordinates": [
          500691.57031031774,
          6964536.9976776745
        ]
      },
      "properties": {
        "junction_id": 39590,
        "veh_id": 11558,
        "sim_time_s": 3397.9,
        "tier": "IC-detect"
      }
    },
    {
      "type": "Feature",
      "geometry": {
        "type": "Point",
        "coordinates": [
          500707.5489944491,
          6964874.575317468
        ]
      },
      "properties": {
        "junction_id": 36393,
        "veh_id": 11536,
        "sim_time_s": 3397.9,
        "tier": "IC-detect"
      }
    },
    {
      "type": "Feature",
      "geometry": {
        "type": "Point",
        "coordinates": [
          500585.8455607122,
          6965480.879502008
        ]
      },
      "properties": {
        "junction_id": 39587,
        "veh_id": 11559,
        "sim_time_s": 3399.3,
        "tier": "IC-detect"
      }
    },
    {
      "type": "Feature",
      "geometry": {
        "type": "Point",
        "coordinates": [
          500691.913096904,
          6964535.081716258
        ]
      },
      "properties": {
        "junction_id": 39606,
        "veh_id": 11558,
        "sim_time_s": 3400.2,
        "tier": "IC-detect"
      }
    },
    {
      "type": "Feature",
      "geometry": {
        "type": "Point",
        "coordinates": [
          500696.17938073503,
          6964814.333916688
        ]
      },
      "properties": {
        "junction_id": 39590,
        "veh_id": 11569,
        "sim_time_s": 3402.9,
        "tier": "IC-detect"
      }
    },
    {
      "type": "Feature",
      "geometry": {
        "type": "Point",
        "coordinates": [
          500696.283509798,
          6964815.945044678
        ]
      },
      "properties": {
        "junction_id": 36385,
        "veh_id": 11569,
        "sim_time_s": 3406.1,
        "tier": "IC-detect"
      }
    },
    {
      "type": "Feature",
      "geometry": {
        "type": "Point",
        "coordinates": [
          500709.5791844437,
          6964977.160762379
        ]
      },
      "properties": {
        "junction_id": 36385,
        "veh_id": 11530,
        "sim_time_s": 3408.3,
        "tier": "IC-detect"
      }
    },
    {
      "type": "Feature",
      "geometry": {
        "type": "Point",
        "coordinates": [
          500709.6181340333,
          6964977.951325425
        ]
      },
      "properties": {
        "junction_id": 39593,
        "veh_id": 11530,
        "sim_time_s": 3420.4,
        "tier": "IC-detect"
      }
    },
    {
      "type": "Feature",
      "geometry": {
        "type": "Point",
        "coordinates": [
          500477.1486866788,
          6965700.8521063775
        ]
      },
      "properties": {
        "junction_id": 39587,
        "veh_id": 11548,
        "sim_time_s": 3420.4,
        "tier": "IC-detect"
      }
    },
    {
      "type": "Feature",
      "geometry": {
        "type": "Point",
        "coordinates": [
          500477.1486866788,
          6965700.8521063775
        ]
      },
      "properties": {
        "junction_id": 39576,
        "veh_id": 11548,
        "sim_time_s": 3420.4,
        "tier": "IC-detect"
      }
    },
    {
      "type": "Feature",
      "geometry": {
        "type": "Point",
        "coordinates": [
          500477.1486866788,
          6965700.8521063775
        ]
      },
      "properties": {
        "junction_id": 39578,
        "veh_id": 11548,
        "sim_time_s": 3421.3,
        "tier": "IC-detect"
      }
    },
    {
      "type": "Feature",
      "geometry": {
        "type": "Point",
        "coordinates": [
          500946.18332170724,
          6964035.9600085355
        ]
      },
      "properties": {
        "junction_id": 39606,
        "veh_id": 11554,
        "sim_time_s": 3421.8,
        "tier": "IC-detect"
      }
    },
    {
      "type": "Feature",
      "geometry": {
        "type": "Point",
        "coordinates": [
          500946.18332170724,
          6964035.9600085355
        ]
      },
      "properties": {
        "junction_id": 39590,
        "veh_id": 11554,
        "sim_time_s": 3421.8,
        "tier": "IC-detect"
      }
    },
    {
      "type": "Feature",
      "geometry": {
        "type": "Point",
        "coordinates": [
          500706.9841103149,
          6964984.95962625
        ]
      },
      "properties": {
        "junction_id": 36385,
        "veh_id": 11580,
        "sim_time_s": 3425.4,
        "tier": "IC-detect"
      }
    },
    {
      "type": "Feature",
      "geometry": {
        "type": "Point",
        "coordinates": [
          500691.5090939173,
          6964770.112647694
        ]
      },
      "properties": {
        "junction_id": 36393,
        "veh_id": 11569,
        "sim_time_s": 3427.2,
        "tier": "IC-detect"
      }
    },
    {
      "type": "Feature",
      "geometry": {
        "type": "Point",
        "coordinates": [
          500694.0747681277,
          6964524.7015045695
        ]
      },
      "properties": {
        "junction_id": 36385,
        "veh_id": 11558,
        "sim_time_s": 3427.7,
        "tier": "IC-detect"
      }
    },
    {
      "type": "Feature",
      "geometry": {
        "type": "Point",
        "coordinates": [
          500706.9841103149,
          6964984.95962625
        ]
      },
      "properties": {
        "junction_id": 36393,
        "veh_id": 11580,
        "sim_time_s": 3429.0,
        "tier": "IC-detect"
      }
    },
    {
      "type": "Feature",
      "geometry": {
        "type": "Point",
        "coordinates": [
          500699.2956566176,
          6964816.064584597
        ]
      },
      "properties": {
        "junction_id": 39590,
        "veh_id": 11536,
        "sim_time_s": 3435.3,
        "tier": "IC-detect"
      }
    },
    {
      "type": "Feature",
      "geometry": {
        "type": "Point",
        "coordinates": [
          500706.9841103149,
          6964984.95962625
        ]
      },
      "properties": {
        "junction_id": 39593,
        "veh_id": 11580,
        "sim_time_s": 3435.3,
        "tier": "IC-detect"
      }
    },
    {
      "type": "Feature",
      "geometry": {
        "type": "Point",
        "coordinates": [
          500516.16743063746,
          6965645.896775941
        ]
      },
      "properties": {
        "junction_id": 39593,
        "veh_id": 11570,
        "sim_time_s": 3438.9,
        "tier": "IC-detect"
      }
    },
    {
      "type": "Feature",
      "geometry": {
        "type": "Point",
        "coordinates": [
          500707.05446084915,
          6964986.698360412
        ]
      },
      "properties": {
        "junction_id": 39587,
        "veh_id": 11580,
        "sim_time_s": 3440.7,
        "tier": "IC-detect"
      }
    },
    {
      "type": "Feature",
      "geometry": {
        "type": "Point",
        "coordinates": [
          500710.0566029548,
          6964987.639408808
        ]
      },
      "properties": {
        "junction_id": 39587,
        "veh_id": 11530,
        "sim_time_s": 3443.8,
        "tier": "IC-detect"
      }
    },
    {
      "type": "Feature",
      "geometry": {
        "type": "Point",
        "coordinates": [
          500569.2271368897,
          6965509.142730446
        ]
      },
      "properties": {
        "junction_id": 39578,
        "veh_id": 11570,
        "sim_time_s": 3452.4,
        "tier": "IC-detect"
      }
    },
    {
      "type": "Feature",
      "geometry": {
        "type": "Point",
        "coordinates": [
          500572.9107735339,
          6965498.872974947
        ]
      },
      "properties": {
        "junction_id": 36385,
        "veh_id": 11570,
        "sim_time_s": 3453.3,
        "tier": "IC-detect"
      }
    },
    {
      "type": "Feature",
      "geometry": {
        "type": "Point",
        "coordinates": [
          500698.57915115036,
          6964800.382760964
        ]
      },
      "properties": {
        "junction_id": 39593,
        "veh_id": 11536,
        "sim_time_s": 3453.3,
        "tier": "IC-detect"
      }
    },
    {
      "type": "Feature",
      "geometry": {
        "type": "Point",
        "coordinates": [
          500519.62075234647,
          6965645.66678048
        ]
      },
      "properties": {
        "junction_id": 39593,
        "veh_id": 11548,
        "sim_time_s": 3455.6,
        "tier": "IC-detect"
      }
    },
    {
      "type": "Feature",
      "geometry": {
        "type": "Point",
        "coordinates": [
          500649.1332290606,
          6965254.716615645
        ]
      },
      "properties": {
        "junction_id": 36393,
        "veh_id": 11559,
        "sim_time_s": 3456.9,
        "tier": "IC-detect"
      }
    },
    {
      "type": "Feature",
      "geometry": {
        "type": "Point",
        "coordinates": [
          500725.39886372536,
          6964421.539502347
        ]
      },
      "properties": {
        "junction_id": 39590,
        "veh_id": 11528,
        "sim_time_s": 3460.1,
        "tier": "IC-detect"
      }
    },
    {
      "type": "Feature",
      "geometry": {
        "type": "Point",
        "coordinates": [
          500644.81339193595,
          6965221.044048133
        ]
      },
      "properties": {
        "junction_id": 39576,
        "veh_id": 11580,
        "sim_time_s": 3460.5,
        "tier": "IC-detect"
      }
    },
    {
      "type": "Feature",
      "geometry": {
        "type": "Point",
        "coordinates": [
          500659.1775538558,
          6965232.5152354175
        ]
      },
      "properties": {
        "junction_id": 39576,
        "veh_id": 11559,
        "sim_time_s": 3461.8,
        "tier": "IC-detect"
      }
    },
    {
      "type": "Feature",
      "geometry": {
        "type": "Point",
        "coordinates": [
          500720.7363711492,
          6964433.574351346
        ]
      },
      "properties": {
        "junction_id": 36393,
        "veh_id": 11558,
        "sim_time_s": 3471.3,
        "tier": "IC-detect"
      }
    },
    {
      "type": "Feature",
      "geometry": {
        "type": "Point",
        "coordinates": [
          500630.178143117,
          6965291.308923878
        ]
      },
      "properties": {
        "junction_id": 39576,
        "veh_id": 11570,
        "sim_time_s": 3471.8,
        "tier": "IC-detect"
      }
    },
    {
      "type": "Feature",
      "geometry": {
        "type": "Point",
        "coordinates": [
          500686.929938685,
          6964665.82668445
        ]
      },
      "properties": {
        "junction_id": 39606,
        "veh_id": 11569,
        "sim_time_s": 3473.6,
        "tier": "IC-detect"
      }
    },
    {
      "type": "Feature",
      "geometry": {
        "type": "Point",
        "coordinates": [
          500774.81152423087,
          6964265.2807300985
        ]
      },
      "properties": {
        "junction_id": 36393,
        "veh_id": 11554,
        "sim_time_s": 3478.1,
        "tier": "IC-detect"
      }
    },
    {
      "type": "Feature",
      "geometry": {
        "type": "Point",
        "coordinates": [
          500584.12498480873,
          6965432.692686427
        ]
      },
      "properties": {
        "junction_id": 39578,
        "veh_id": 11580,
        "sim_time_s": 3480.3,
        "tier": "IC-detect"
      }
    },
    {
      "type": "Feature",
      "geometry": {
        "type": "Point",
        "coordinates": [
          500698.5619901169,
          6964799.873867237
        ]
      },
      "properties": {
        "junction_id": 36385,
        "veh_id": 11536,
        "sim_time_s": 3485.2,
        "tier": "IC-detect"
      }
    },
    {
      "type": "Feature",
      "geometry": {
        "type": "Point",
        "coordinates": [
          500642.68341036845,
          6965254.270064198
        ]
      },
      "properties": {
        "junction_id": 36393,
        "veh_id": 11570,
        "sim_time_s": 3487.1,
        "tier": "IC-detect"
      }
    },
    {
      "type": "Feature",
      "geometry": {
        "type": "Point",
        "coordinates": [
          500641.34265663347,
          6965257.496246439
        ]
      },
      "properties": {
        "junction_id": 39587,
        "veh_id": 11570,
        "sim_time_s": 3488.4,
        "tier": "IC-detect"
      }
    },
    {
      "type": "Feature",
      "geometry": {
        "type": "Point",
        "coordinates": [
          500579.09234276705,
          6965500.05110134
        ]
      },
      "properties": {
        "junction_id": 36385,
        "veh_id": 11548,
        "sim_time_s": 3490.2,
        "tier": "IC-detect"
      }
    },
    {
      "type": "Feature",
      "geometry": {
        "type": "Point",
        "coordinates": [
          500743.49744781945,
          6964375.639186598
        ]
      },
      "properties": {
        "junction_id": 36393,
        "veh_id": 11528,
        "sim_time_s": 3490.7,
        "tier": "IC-detect"
      }
    },
    {
      "type": "Feature",
      "geometry": {
        "type": "Point",
        "coordinates": [
          500645.30405451456,
          6965248.189130954
        ]
      },
      "properties": {
        "junction_id": 39590,
        "veh_id": 11570,
        "sim_time_s": 3491.1,
        "tier": "coord-prearm-harmony/KALMAN"
      }
    },
    {
      "type": "Feature",
      "geometry": {
        "type": "Point",
        "coordinates": [
          499514.57078320807,
          6966653.180045404
        ]
      },
      "properties": {
        "junction_id": 39572,
        "veh_id": 11537,
        "sim_time_s": 3493.3,
        "tier": "IC-detect"
      }
    },
    {
      "type": "Feature",
      "geometry": {
        "type": "Point",
        "coordinates": [
          500700.61421123944,
          6965134.096292092
        ]
      },
      "properties": {
        "junction_id": 39593,
        "veh_id": 11559,
        "sim_time_s": 3501.0,
        "tier": "IC-detect"
      }
    },
    {
      "type": "Feature",
      "geometry": {
        "type": "Point",
        "coordinates": [
          499642.08737066406,
          6966628.34291
        ]
      },
      "properties": {
        "junction_id": 39569,
        "veh_id": 11537,
        "sim_time_s": 3501.9,
        "tier": "IC-detect"
      }
    },
    {
      "type": "Feature",
      "geometry": {
        "type": "Point",
        "coordinates": [
          500744.1370827948,
          6964374.019657453
        ]
      },
      "properties": {
        "junction_id": 39606,
        "veh_id": 11528,
        "sim_time_s": 3502.3,
        "tier": "IC-detect"
      }
    },
    {
      "type": "Feature",
      "geometry": {
        "type": "Point",
        "coordinates": [
          499649.49924859055,
          6966627.593585776
        ]
      },
      "properties": {
        "junction_id": 38339,
        "veh_id": 11537,
        "sim_time_s": 3502.3,
        "tier": "IC-detect"
      }
    },
    {
      "type": "Feature",
      "geometry": {
        "type": "Point",
        "coordinates": [
          500832.6595650716,
          6965061.316699734
        ]
      },
      "properties": {
        "junction_id": 36393,
        "veh_id": 11530,
        "sim_time_s": 3503.2,
        "tier": "IC-detect"
      }
    },
    {
      "type": "Feature",
      "geometry": {
        "type": "Point",
        "coordinates": [
          500706.98242800287,
          6965112.826643632
        ]
      },
      "properties": {
        "junction_id": 36385,
        "veh_id": 11559,
        "sim_time_s": 3512.2,
        "tier": "IC-detect"
      }
    },
    {
      "type": "Feature",
      "geometry": {
        "type": "Point",
        "coordinates": [
          499871.8072095961,
          6966551.893785328
        ]
      },
      "properties": {
        "junction_id": 1043762,
        "veh_id": 11537,
        "sim_time_s": 3517.7,
        "tier": "IC-detect"
      }
    },
    {
      "type": "Feature",
      "geometry": {
        "type": "Point",
        "coordinates": [
          500731.7519864684,
          6964405.528844063
        ]
      },
      "properties": {
        "junction_id": 39590,
        "veh_id": 11558,
        "sim_time_s": 3518.1,
        "tier": "IC-detect"
      }
    },
    {
      "type": "Feature",
      "geometry": {
        "type": "Point",
        "coordinates": [
          500695.17533579527,
          6964701.85793064
        ]
      },
      "properties": {
        "junction_id": 36393,
        "veh_id": 11536,
        "sim_time_s": 3518.1,
        "tier": "IC-detect"
      }
    },
    {
      "type": "Feature",
      "geometry": {
        "type": "Point",
        "coordinates": [
          500716.02621427475,
          6965084.514897878
        ]
      },
      "properties": {
        "junction_id": 39587,
        "veh_id": 11559,
        "sim_time_s": 3519.4,
        "tier": "IC-detect"
      }
    },
    {
      "type": "Feature",
      "geometry": {
        "type": "Point",
        "coordinates": [
          500731.7519864684,
          6964405.528844063
        ]
      },
      "properties": {
        "junction_id": 39606,
        "veh_id": 11558,
        "sim_time_s": 3520.3,
        "tier": "IC-detect"
      }
    },
    {
      "type": "Feature",
      "geometry": {
        "type": "Point",
        "coordinates": [
          500686.68795444845,
          6964550.269240126
        ]
      },
      "properties": {
        "junction_id": 39590,
        "veh_id": 11569,
        "sim_time_s": 3523.1,
        "tier": "IC-detect"
      }
    },
    {
      "type": "Feature",
      "geometry": {
        "type": "Point",
        "coordinates": [
          500687.0360047632,
          6964546.767173721
        ]
      },
      "properties": {
        "junction_id": 36385,
        "veh_id": 11569,
        "sim_time_s": 3526.2,
        "tier": "IC-detect"
      }
    },
    {
      "type": "Feature",
      "geometry": {
        "type": "Point",
        "coordinates": [
          500693.088621726,
          6964668.146853361
        ]
      },
      "properties": {
        "junction_id": 39606,
        "veh_id": 11536,
        "sim_time_s": 3538.8,
        "tier": "IC-detect"
      }
    },
    {
      "type": "Feature",
      "geometry": {
        "type": "Point",
        "coordinates": [
          500643.3224679541,
          6965261.178438012
        ]
      },
      "properties": {
        "junction_id": 39587,
        "veh_id": 11548,
        "sim_time_s": 3540.6,
        "tier": "IC-detect"
      }
    },
    {
      "type": "Feature",
      "geometry": {
        "type": "Point",
        "coordinates": [
          500643.80731824413,
          6965259.979289603
        ]
      },
      "properties": {
        "junction_id": 39576,
        "veh_id": 11548,
        "sim_time_s": 3540.6,
        "tier": "IC-detect"
      }
    },
    {
      "type": "Feature",
      "geometry": {
        "type": "Point",
        "coordinates": [
          500768.58115585824,
          6964276.154749084
        ]
      },
      "properties": {
        "junction_id": 39606,
        "veh_id": 11554,
        "sim_time_s": 3541.9,
        "tier": "IC-detect"
      }
    },
    {
      "type": "Feature",
      "geometry": {
        "type": "Point",
        "coordinates": [
          500768.58115585824,
          6964276.154749084
        ]
      },
      "properties": {
        "junction_id": 39590,
        "veh_id": 11554,
        "sim_time_s": 3541.9,
        "tier": "IC-detect"
      }
    },
    {
      "type": "Feature",
      "geometry": {
        "type": "Point",
        "coordinates": [
          500688.4971505856,
          6964536.326965057
        ]
      },
      "properties": {
        "junction_id": 36393,
        "veh_id": 11569,
        "sim_time_s": 3547.3,
        "tier": "IC-detect"
      }
    },
    {
      "type": "Feature",
      "geometry": {
        "type": "Point",
        "coordinates": [
          500495.75505628303,
          6965797.517274103
        ]
      },
      "properties": {
        "junction_id": 1043762,
        "veh_id": 11580,
        "sim_time_s": 3549.2,
        "tier": "IC-detect"
      }
    },
    {
      "type": "Feature",
      "geometry": {
        "type": "Point",
        "coordinates": [
          500692.1342529124,
          6964651.310659792
        ]
      },
      "properties": {
        "junction_id": 39590,
        "veh_id": 11536,
        "sim_time_s": 3555.4,
        "tier": "IC-detect"
      }
    },
    {
      "type": "Feature",
      "geometry": {
        "type": "Point",
        "coordinates": [
          500695.9123208582,
          6965127.697553745
        ]
      },
      "properties": {
        "junction_id": 39593,
        "veh_id": 11570,
        "sim_time_s": 3559.1,
        "tier": "track-section"
      }
    },
    {
      "type": "Feature",
      "geometry": {
        "type": "Point",
        "coordinates": [
          500516.54927494965,
          6965906.898411507
        ]
      },
      "properties": {
        "junction_id": 39587,
        "veh_id": 11580,
        "sim_time_s": 3560.8,
        "tier": "IC-detect"
      }
    },
    {
      "type": "Feature",
      "geometry": {
        "type": "Point",
        "coordinates": [
          500646.13448550587,
          6965254.388123125
        ]
      },
      "properties": {
        "junction_id": 36393,
        "veh_id": 11548,
        "sim_time_s": 3562.2,
        "tier": "IC-detect"
      }
    },
    {
      "type": "Feature",
      "geometry": {
        "type": "Point",
        "coordinates": [
          500697.0807392515,
          6965122.971573162
        ]
      },
      "properties": {
        "junction_id": 36385,
        "veh_id": 11570,
        "sim_time_s": 3573.4,
        "tier": "IC-detect"
      }
    },
    {
      "type": "Feature",
      "geometry": {
        "type": "Point",
        "coordinates": [
          500665.6601126502,
          6965212.683929073
        ]
      },
      "properties": {
        "junction_id": 39593,
        "veh_id": 11548,
        "sim_time_s": 3575.7,
        "tier": "IC-detect"
      }
    },
    {
      "type": "Feature",
      "geometry": {
        "type": "Point",
        "coordinates": [
          500716.13699138735,
          6965084.06760677
        ]
      },
      "properties": {
        "junction_id": 36393,
        "veh_id": 11559,
        "sim_time_s": 3577.1,
        "tier": "IC-detect"
      }
    },
    {
      "type": "Feature",
      "geometry": {
        "type": "Point",
        "coordinates": [
          500815.7544141126,
          6964235.300767767
        ]
      },
      "properties": {
        "junction_id": 39590,
        "veh_id": 11528,
        "sim_time_s": 3580.2,
        "tier": "IC-detect"
      }
    },
    {
      "type": "Feature",
      "geometry": {
        "type": "Point",
        "coordinates": [
          500424.6417538348,
          6966016.835019027
        ]
      },
      "properties": {
        "junction_id": 39576,
        "veh_id": 11580,
        "sim_time_s": 3580.7,
        "tier": "IC-detect"
      }
    },
    {
      "type": "Feature",
      "geometry": {
        "type": "Point",
        "coordinates": [
          500672.9109268188,
          6964524.059869654
        ]
      },
      "properties": {
        "junction_id": 36385,
        "veh_id": 11554,
        "sim_time_s": 3581.1,
        "tier": "IC-detect"
      }
    },
    {
      "type": "Feature",
      "geometry": {
        "type": "Point",
        "coordinates": [
          500396.2625672817,
          6966041.088349874
        ]
      },
      "properties": {
        "junction_id": 39569,
        "veh_id": 11580,
        "sim_time_s": 3582.9,
        "tier": "IC-detect"
      }
    },
    {
      "type": "Feature",
      "geometry": {
        "type": "Point",
        "coordinates": [
          500775.5318681984,
          6964305.0288757365
        ]
      },
      "properties": {
        "junction_id": 36393,
        "veh_id": 11558,
        "sim_time_s": 3591.4,
        "tier": "IC-detect"
      }
    },
    {
      "type": "Feature",
      "geometry": {
        "type": "Point",
        "coordinates": [
          500697.4195168441,
          6964496.737992867
        ]
      },
      "properties": {
        "junction_id": 39606,
        "veh_id": 11569,
        "sim_time_s": 3593.7,
        "tier": "IC-detect"
      }
    },
    {
      "type": "Feature",
      "geometry": {
        "type": "Point",
        "coordinates": [
          500242.61440885375,
          6966216.011027228
        ]
      },
      "properties": {
        "junction_id": 39572,
        "veh_id": 11580,
        "sim_time_s": 3597.8,
        "tier": "IC-detect"
      }
    },
    {
      "type": "Feature",
      "geometry": {
        "type": "Point",
        "coordinates": [
          500675.74886122195,
          6964660.335940292
        ]
      },
      "properties": {
        "junction_id": 36393,
        "veh_id": 11554,
        "sim_time_s": 3598.2,
        "tier": "IC-detect"
      }
    },
    {
      "type": "Feature",
      "geometry": {
        "type": "Point",
        "coordinates": [
          500952.09229130344,
          6964037.796872752
        ]
      },
      "properties": {
        "junction_id": 39606,
        "veh_id": 11581,
        "sim_time_s": 3600.0,
        "tier": "IC-detect"
      }
    },
    {
      "type": "Feature",
      "geometry": {
        "type": "Point",
        "coordinates": [
          500952.09229130344,
          6964037.796872752
        ]
      },
      "properties": {
        "junction_id": 39590,
        "veh_id": 11581,
        "sim_time_s": 3600.0,
        "tier": "IC-detect"
      }
    },
    {
      "type": "Feature",
      "geometry": {
        "type": "Point",
        "coordinates": [
          500220.7243425517,
          6966253.30938204
        ]
      },
      "properties": {
        "junction_id": 39578,
        "veh_id": 11580,
        "sim_time_s": 3600.4,
        "tier": "IC-detect"
      }
    },
    {
      "type": "Feature",
      "geometry": {
        "type": "Point",
        "coordinates": [
          499459.96015812777,
          6967098.574197091
        ]
      },
      "properties": {
        "junction_id": 38339,
        "veh_id": 11542,
        "sim_time_s": 3600.4,
        "tier": "IC-detect"
      }
    },
    {
      "type": "Feature",
      "geometry": {
        "type": "Point",
        "coordinates": [
          500087.97191681445,
          6967506.11806405
        ]
      },
      "properties": {
        "junction_id": 38339,
        "veh_id": 11571,
        "sim_time_s": 3603.2,
        "tier": "IC-detect"
      }
    },
    {
      "type": "Feature",
      "geometry": {
        "type": "Point",
        "coordinates": [
          500691.4487423632,
          6964632.089601787
        ]
      },
      "properties": {
        "junction_id": 36385,
        "veh_id": 11536,
        "sim_time_s": 3605.4,
        "tier": "IC-detect"
      }
    },
    {
      "type": "Feature",
      "geometry": {
        "type": "Point",
        "coordinates": [
          500720.8807038022,
          6965018.4102260135
        ]
      },
      "properties": {
        "junction_id": 36393,
        "veh_id": 11570,
        "sim_time_s": 3607.2,
        "tier": "IC-detect"
      }
    },
    {
      "type": "Feature",
      "geometry": {
        "type": "Point",
        "coordinates": [
          500722.4218782671,
          6965009.425367978
        ]
      },
      "properties": {
        "junction_id": 39587,
        "veh_id": 11570,
        "sim_time_s": 3608.6,
        "tier": "IC-detect"
      }
    },
    {
      "type": "Feature",
      "geometry": {
        "type": "Point",
        "coordinates": [
          500668.50576573587,
          6965207.026686476
        ]
      },
      "properties": {
        "junction_id": 36385,
        "veh_id": 11548,
        "sim_time_s": 3610.3,
        "tier": "IC-detect"
      }
    },
    {
      "type": "Feature",
      "geometry": {
        "type": "Point",
        "coordinates": [
          500206.77806107106,
          6966306.923931885
        ]
      },
      "properties": {
        "junction_id": 39578,
        "veh_id": 11537,
        "sim_time_s": 3613.1,
        "tier": "IC-detect"
      }
    },
    {
      "type": "Feature",
      "geometry": {
        "type": "Point",
        "coordinates": [
          500210.5917346662,
          6966300.47253885
        ]
      },
      "properties": {
        "junction_id": 39572,
        "veh_id": 11537,
        "sim_time_s": 3613.5,
        "tier": "IC-detect"
      }
    },
    {
      "type": "Feature",
      "geometry": {
        "type": "Point",
        "coordinates": [
          500676.4028424847,
          6964677.693304682
        ]
      },
      "properties": {
        "junction_id": 39593,
        "veh_id": 11554,
        "sim_time_s": 3619.3,
        "tier": "IC-detect"
      }
    },
    {
      "type": "Feature",
      "geometry": {
        "type": "Point",
        "coordinates": [
          500726.6937658984,
          6964965.095720378
        ]
      },
      "properties": {
        "junction_id": 39593,
        "veh_id": 11559,
        "sim_time_s": 3621.2,
        "tier": "IC-detect"
      }
    },
    {
      "type": "Feature",
      "geometry": {
        "type": "Point",
        "coordinates": [
          500277.36171450705,
          6966192.40291161
        ]
      },
      "properties": {
        "junction_id": 39569,
        "veh_id": 11537,
        "sim_time_s": 3622.1,
        "tier": "IC-detect"
      }
    },
    {
      "type": "Feature",
      "geometry": {
        "type": "Point",
        "coordinates": [
          500308.6176290568,
          6966153.550845131
        ]
      },
      "properties": {
        "junction_id": 39576,
        "veh_id": 11537,
        "sim_time_s": 3625.7,
        "tier": "IC-detect"
      }
    },
    {
      "type": "Feature",
      "geometry": {
        "type": "Point",
        "coordinates": [
          500724.42977457476,
          6964950.404485905
        ]
      },
      "properties": {
        "junction_id": 36385,
        "veh_id": 11559,
        "sim_time_s": 3632.4,
        "tier": "IC-detect"
      }
    },
    {
      "type": "Feature",
      "geometry": {
        "type": "Point",
        "coordinates": [
          500406.3903125652,
          6966053.426055247
        ]
      },
      "properties": {
        "junction_id": 1043762,
        "veh_id": 11537,
        "sim_time_s": 3637.8,
        "tier": "IC-detect"
      }
    },
    {
      "type": "Feature",
      "geometry": {
        "type": "Point",
        "coordinates": [
          500910.91510161647,
          6964141.536040145
        ]
      },
      "properties": {
        "junction_id": 39590,
        "veh_id": 11558,
        "sim_time_s": 3638.2,
        "tier": "IC-detect"
      }
    },
    {
      "type": "Feature",
      "geometry": {
        "type": "Point",
        "coordinates": [
          500688.98414153303,
          6964575.480340518
        ]
      },
      "properties": {
        "junction_id": 36393,
        "veh_id": 11536,
        "sim_time_s": 3638.2,
        "tier": "IC-detect"
      }
    },
    {
      "type": "Feature",
      "geometry": {
        "type": "Point",
        "coordinates": [
          500910.9630912333,
          6964141.477228558
        ]
      },
      "properties": {
        "junction_id": 39606,
        "veh_id": 11558,
        "sim_time_s": 3640.5,
        "tier": "IC-detect"
      }
    },
    {
      "type": "Feature",
      "geometry": {
        "type": "Point",
        "coordinates": [
          500723.8727631367,
          6964425.141909157
        ]
      },
      "properties": {
        "junction_id": 39590,
        "veh_id": 11569,
        "sim_time_s": 3643.2,
        "tier": "IC-detect"
      }
    },
    {
      "type": "Feature",
      "geometry": {
        "type": "Point",
        "coordinates": [
          500513.0518655442,
          6965963.615680517
        ]
      },
      "properties": {
        "junction_id": 39587,
        "veh_id": 11537,
        "sim_time_s": 3643.2,
        "tier": "IC-detect"
      }
    },
    {
      "type": "Feature",
      "geometry": {
        "type": "Point",
        "coordinates": [
          499723.1917042806,
          6967059.6272007
        ]
      },
      "properties": {
        "junction_id": 39572,
        "veh_id": 11542,
        "sim_time_s": 3653.6,
        "tier": "IC-detect"
      }
    },
    {
      "type": "Feature",
      "geometry": {
        "type": "Point",
        "coordinates": [
          500691.07510122866,
          6964539.170700973
        ]
      },
      "properties": {
        "junction_id": 39606,
        "veh_id": 11536,
        "sim_time_s": 3658.9,
        "tier": "IC-detect"
      }
    },
    {
      "type": "Feature",
      "geometry": {
        "type": "Point",
        "coordinates": [
          500712.878345989,
          6965072.759452064
        ]
      },
      "properties": {
        "junction_id": 39587,
        "veh_id": 11548,
        "sim_time_s": 3660.8,
        "tier": "IC-detect"
      }
    },
    {
      "type": "Feature",
      "geometry": {
        "type": "Point",
        "coordinates": [
          499973.7104389532,
          6967150.736723279
        ]
      },
      "properties": {
        "junction_id": 39572,
        "veh_id": 11571,
        "sim_time_s": 3664.8,
        "tier": "IC-detect"
      }
    },
    {
      "type": "Feature",
      "geometry": {
        "type": "Point",
        "coordinates": [
          500726.9585427281,
          6964417.277147259
        ]
      },
      "properties": {
        "junction_id": 36393,
        "veh_id": 11569,
        "sim_time_s": 3667.5,
        "tier": "IC-detect"
      }
    },
    {
      "type": "Feature",
      "geometry": {
        "type": "Point",
        "coordinates": [
          500128.08641903184,
          6966419.27222461
        ]
      },
      "properties": {
        "junction_id": 1043762,
        "veh_id": 11580,
        "sim_time_s": 3669.3,
        "tier": "IC-detect"
      }
    },
    {
      "type": "Feature",
      "geometry": {
        "type": "Point",
        "coordinates": [
          500692.8273601732,
          6964529.667308249
        ]
      },
      "properties": {
        "junction_id": 39590,
        "veh_id": 11536,
        "sim_time_s": 3675.6,
        "tier": "IC-detect"
      }
    },
    {
      "type": "Feature",
      "geometry": {
        "type": "Point",
        "coordinates": [
          500707.3664516479,
          6964899.137356949
        ]
      },
      "properties": {
        "junction_id": 39593,
        "veh_id": 11570,
        "sim_time_s": 3679.2,
        "tier": "IC-detect"
      }
    },
    {
      "type": "Feature",
      "geometry": {
        "type": "Point",
        "coordinates": [
          500707.09711021185,
          6964987.046392354
        ]
      },
      "properties": {
        "junction_id": 39587,
        "veh_id": 11554,
        "sim_time_s": 3681.9,
        "tier": "IC-detect"
      }
    },
    {
      "type": "Feature",
      "geometry": {
        "type": "Point",
        "coordinates": [
          499954.5908298107,
          6966990.491410354
        ]
      },
      "properties": {
        "junction_id": 39569,
        "veh_id": 11571,
        "sim_time_s": 3681.9,
        "tier": "coord-prearm-harmony/KALMAN"
      }
    },
    {
      "type": "Feature",
      "geometry": {
        "type": "Point",
        "coordinates": [
          500711.7905887492,
          6965063.485657744
        ]
      },
      "properties": {
        "junction_id": 36393,
        "veh_id": 11548,
        "sim_time_s": 3682.3,
        "tier": "IC-detect"
      }
    },
    {
      "type": "Feature",
      "geometry": {
        "type": "Point",
        "coordinates": [
          500055.76898139005,
          6966539.074818584
        ]
      },
      "properties": {
        "junction_id": 38339,
        "veh_id": 11580,
        "sim_time_s": 3683.7,
        "tier": "IC-detect"
      }
    },
    {
      "type": "Feature",
      "geometry": {
        "type": "Point",
        "coordinates": [
          500774.2302081334,
          6964266.009852188
        ]
      },
      "properties": {
        "junction_id": 36393,
        "veh_id": 11581,
        "sim_time_s": 3685.9,
        "tier": "IC-detect"
      }
    },
    {
      "type": "Feature",
      "geometry": {
        "type": "Point",
        "coordinates": [
          500701.3998588707,
          6964874.594774335
        ]
      },
      "properties": {
        "junction_id": 36385,
        "veh_id": 11570,
        "sim_time_s": 3693.6,
        "tier": "IC-detect"
      }
    },
    {
      "type": "Feature",
      "geometry": {
        "type": "Point",
        "coordinates": [
          500711.7905887492,
          6965063.485657744
        ]
      },
      "properties": {
        "junction_id": 39593,
        "veh_id": 11548,
        "sim_time_s": 3695.8,
        "tier": "IC-detect"
      }
    },
    {
      "type": "Feature",
      "geometry": {
        "type": "Point",
        "coordinates": [
          500710.6338217065,
          6964886.371701847
        ]
      },
      "properties": {
        "junction_id": 36393,
        "veh_id": 11559,
        "sim_time_s": 3697.2,
        "tier": "IC-detect"
      }
    },
    {
      "type": "Feature",
      "geometry": {
        "type": "Point",
        "coordinates": [
          500707.16704305215,
          6964993.196427517
        ]
      },
      "properties": {
        "junction_id": 36385,
        "veh_id": 11554,
        "sim_time_s": 3701.2,
        "tier": "IC-detect"
      }
    },
    {
      "type": "Feature",
      "geometry": {
        "type": "Point",
        "coordinates": [
          500017.4060898002,
          6966617.865718066
        ]
      },
      "properties": {
        "junction_id": 39569,
        "veh_id": 11580,
        "sim_time_s": 3703.1,
        "tier": "IC-detect"
      }
    },
    {
      "type": "Feature",
      "geometry": {
        "type": "Point",
        "coordinates": [
          500693.1345946534,
          6964813.726569064
        ]
      },
      "properties": {
        "junction_id": 39590,
        "veh_id": 11570,
        "sim_time_s": 3711.6,
        "tier": "IC-detect"
      }
    },
    {
      "type": "Feature",
      "geometry": {
        "type": "Point",
        "coordinates": [
          500753.08394848957,
          6964359.681589959
        ]
      },
      "properties": {
        "junction_id": 39606,
        "veh_id": 11569,
        "sim_time_s": 3713.8,
        "tier": "IC-detect"
      }
    },
    {
      "type": "Feature",
      "geometry": {
        "type": "Point",
        "coordinates": [
          500017.37143511383,
          6966617.939836123
        ]
      },
      "properties": {
        "junction_id": 39572,
        "veh_id": 11580,
        "sim_time_s": 3717.9,
        "tier": "IC-detect"
      }
    },
    {
      "type": "Feature",
      "geometry": {
        "type": "Point",
        "coordinates": [
          500699.14152450615,
          6965039.537609355
        ]
      },
      "properties": {
        "junction_id": 36393,
        "veh_id": 11554,
        "sim_time_s": 3718.3,
        "tier": "IC-detect"
      }
    },
    {
      "type": "Feature",
      "geometry": {
        "type": "Point",
        "coordinates": [
          500519.68489873613,
          6965644.801546905
        ]
      },
      "properties": {
        "junction_id": 39593,
        "veh_id": 11537,
        "sim_time_s": 3719.2,
        "tier": "IC-detect"
      }
    },
    {
      "type": "Feature",
      "geometry": {
        "type": "Point",
        "coordinates": [
          500714.3570100918,
          6964389.255828822
        ]
      },
      "properties": {
        "junction_id": 39606,
        "veh_id": 11581,
        "sim_time_s": 3720.2,
        "tier": "IC-detect"
      }
    },
    {
      "type": "Feature",
      "geometry": {
        "type": "Point",
        "coordinates": [
          500714.3570100918,
          6964389.255828822
        ]
      },
      "properties": {
        "junction_id": 39590,
        "veh_id": 11581,
        "sim_time_s": 3720.2,
        "tier": "IC-detect"
      }
    },
    {
      "type": "Feature",
      "geometry": {
        "type": "Point",
        "coordinates": [
          499912.56640121806,
          6967033.688959966
        ]
      },
      "properties": {
        "junction_id": 38339,
        "veh_id": 11542,
        "sim_time_s": 3720.6,
        "tier": "IC-detect"
      }
    },
    {
      "type": "Feature",
      "geometry": {
        "type": "Point",
        "coordinates": [
          499960.6631811796,
          6966931.469565058
        ]
      },
      "properties": {
        "junction_id": 38339,
        "veh_id": 11571,
        "sim_time_s": 3723.3,
        "tier": "IC-detect"
      }
    },
    {
      "type": "Feature",
      "geometry": {
        "type": "Point",
        "coordinates": [
          500691.59908860375,
          6964772.341538828
        ]
      },
      "properties": {
        "junction_id": 36393,
        "veh_id": 11570,
        "sim_time_s": 3727.3,
        "tier": "IC-detect"
      }
    },
    {
      "type": "Feature",
      "geometry": {
        "type": "Point",
        "coordinates": [
          500699.3424420075,
          6964815.835994249
        ]
      },
      "properties": {
        "junction_id": 39590,
        "veh_id": 11559,
        "sim_time_s": 3729.6,
        "tier": "IC-detect"
      }
    },
    {
      "type": "Feature",
      "geometry": {
        "type": "Point",
        "coordinates": [
          500723.09556088416,
          6964993.429995215
        ]
      },
      "properties": {
        "junction_id": 36385,
        "veh_id": 11548,
        "sim_time_s": 3730.5,
        "tier": "IC-detect"
      }
    },
    {
      "type": "Feature",
      "geometry": {
        "type": "Point",
        "coordinates": [
          500578.94748468173,
          6965499.84981762
        ]
      },
      "properties": {
        "junction_id": 36385,
        "veh_id": 11537,
        "sim_time_s": 3731.8,
        "tier": "IC-detect"
      }
    },
    {
      "type": "Feature",
      "geometry": {
        "type": "Point",
        "coordinates": [
          500583.28991999937,
          6965487.743371385
        ]
      },
      "properties": {
        "junction_id": 39578,
        "veh_id": 11537,
        "sim_time_s": 3733.2,
        "tier": "IC-detect"
      }
    },
    {
      "type": "Feature",
      "geometry": {
        "type": "Point",
        "coordinates": [
          500672.80627959664,
          6964523.753678123
        ]
      },
      "properties": {
        "junction_id": 36385,
        "veh_id": 11581,
        "sim_time_s": 3733.7,
        "tier": "IC-detect"
      }
    },
    {
      "type": "Feature",
      "geometry": {
        "type": "Point",
        "coordinates": [
          500678.30971093924,
          6965108.4361876305
        ]
      },
      "properties": {
        "junction_id": 39593,
        "veh_id": 11554,
        "sim_time_s": 3739.5,
        "tier": "IC-detect"
      }
    },
    {
      "type": "Feature",
      "geometry": {
        "type": "Point",
        "coordinates": [
          500699.1696732676,
          6964813.11285223
        ]
      },
      "properties": {
        "junction_id": 39593,
        "veh_id": 11559,
        "sim_time_s": 3741.3,
        "tier": "IC-detect"
      }
    },
    {
      "type": "Feature",
      "geometry": {
        "type": "Point",
        "coordinates": [
          500679.3504561826,
          6964680.015721776
        ]
      },
      "properties": {
        "junction_id": 39593,
        "veh_id": 11581,
        "sim_time_s": 3744.0,
        "tier": "IC-detect"
      }
    },
    {
      "type": "Feature",
      "geometry": {
        "type": "Point",
        "coordinates": [
          500609.8686796491,
          6965406.133241203
        ]
      },
      "properties": {
        "junction_id": 39576,
        "veh_id": 11537,
        "sim_time_s": 3745.8,
        "tier": "IC-detect"
      }
    },
    {
      "type": "Feature",
      "geometry": {
        "type": "Point",
        "coordinates": [
          500699.1688154366,
          6964813.094516851
        ]
      },
      "properties": {
        "junction_id": 36385,
        "veh_id": 11559,
        "sim_time_s": 3752.6,
        "tier": "IC-detect"
      }
    },
    {
      "type": "Feature",
      "geometry": {
        "type": "Point",
        "coordinates": [
          500644.080559523,
          6965222.749464265
        ]
      },
      "properties": {
        "junction_id": 39576,
        "veh_id": 11554,
        "sim_time_s": 3753.4,
        "tier": "IC-detect"
      }
    },
    {
      "type": "Feature",
      "geometry": {
        "type": "Point",
        "coordinates": [
          500724.40970759315,
          6964423.821508201
        ]
      },
      "properties": {
        "junction_id": 36393,
        "veh_id": 11536,
        "sim_time_s": 3758.4,
        "tier": "IC-detect"
      }
    },
    {
      "type": "Feature",
      "geometry": {
        "type": "Point",
        "coordinates": [
          500814.1481909373,
          6964237.575599024
        ]
      },
      "properties": {
        "junction_id": 39590,
        "veh_id": 11569,
        "sim_time_s": 3763.3,
        "tier": "IC-detect"
      }
    },
    {
      "type": "Feature",
      "geometry": {
        "type": "Point",
        "coordinates": [
          500623.38802500314,
          6965352.627542377
        ]
      },
      "properties": {
        "junction_id": 39587,
        "veh_id": 11537,
        "sim_time_s": 3763.3,
        "tier": "IC-detect"
      }
    },
    {
      "type": "Feature",
      "geometry": {
        "type": "Point",
        "coordinates": [
          499959.7048241529,
          6966969.820297879
        ]
      },
      "properties": {
        "junction_id": 39572,
        "veh_id": 11542,
        "sim_time_s": 3773.7,
        "tier": "IC-detect"
      }
    },
    {
      "type": "Feature",
      "geometry": {
        "type": "Point",
        "coordinates": [
          500733.04064827546,
          6964401.877661436
        ]
      },
      "properties": {
        "junction_id": 39606,
        "veh_id": 11536,
        "sim_time_s": 3779.1,
        "tier": "IC-detect"
      }
    },
    {
      "type": "Feature",
      "geometry": {
        "type": "Point",
        "coordinates": [
          499960.6631811796,
          6966931.469565058
        ]
      },
      "properties": {
        "junction_id": 39572,
        "veh_id": 11571,
        "sim_time_s": 3784.9,
        "tier": "IC-detect"
      }
    },
    {
      "type": "Feature",
      "geometry": {
        "type": "Point",
        "coordinates": [
          500580.3788777279,
          6965434.676366585
        ]
      },
      "properties": {
        "junction_id": 39578,
        "veh_id": 11554,
        "sim_time_s": 3787.7,
        "tier": "IC-detect"
      }
    },
    {
      "type": "Feature",
      "geometry": {
        "type": "Point",
        "coordinates": [
          500686.95239304344,
          6964666.219456203
        ]
      },
      "properties": {
        "junction_id": 39606,
        "veh_id": 11570,
        "sim_time_s": 3788.6,
        "tier": "IC-detect"
      }
    },
    {
      "type": "Feature",
      "geometry": {
        "type": "Point",
        "coordinates": [
          500743.19992688,
          6964376.154790686
        ]
      },
      "properties": {
        "junction_id": 39590,
        "veh_id": 11536,
        "sim_time_s": 3795.8,
        "tier": "IC-detect"
      }
    },
    {
      "type": "Feature",
      "geometry": {
        "type": "Point",
        "coordinates": [
          500512.406363993,
          6965614.3919230215
        ]
      },
      "properties": {
        "junction_id": 39587,
        "veh_id": 11554,
        "sim_time_s": 3802.1,
        "tier": "IC-detect"
      }
    },
    {
      "type": "Feature",
      "geometry": {
        "type": "Point",
        "coordinates": [
          500705.01899001567,
          6964888.023108195
        ]
      },
      "properties": {
        "junction_id": 36393,
        "veh_id": 11548,
        "sim_time_s": 3802.5,
        "tier": "IC-detect"
      }
    },
    {
      "type": "Feature",
      "geometry": {
        "type": "Point",
        "coordinates": [
          499989.27884999174,
          6966694.376997199
        ]
      },
      "properties": {
        "junction_id": 38339,
        "veh_id": 11580,
        "sim_time_s": 3803.8,
        "tier": "IC-detect"
      }
    },
    {
      "type": "Feature",
      "geometry": {
        "type": "Point",
        "coordinates": [
          500695.4388181347,
          6964900.630229256
        ]
      },
      "properties": {
        "junction_id": 36393,
        "veh_id": 11581,
        "sim_time_s": 3806.1,
        "tier": "IC-detect"
      }
    },
    {
      "type": "Feature",
      "geometry": {
        "type": "Point",
        "coordinates": [
          500683.69426045706,
          6964591.9985425705
        ]
      },
      "properties": {
        "junction_id": 36385,
        "veh_id": 11570,
        "sim_time_s": 3813.8,
        "tier": "IC-detect"
      }
    },
    {
      "type": "Feature",
      "geometry": {
        "type": "Point",
        "coordinates": [
          500696.4332153729,
          6964844.695668007
        ]
      },
      "properties": {
        "junction_id": 39593,
        "veh_id": 11548,
        "sim_time_s": 3816.0,
        "tier": "IC-detect"
      }
    },
    {
      "type": "Feature",
      "geometry": {
        "type": "Point",
        "coordinates": [
          500697.2313704977,
          6964761.569044397
        ]
      },
      "properties": {
        "junction_id": 36393,
        "veh_id": 11559,
        "sim_time_s": 3817.3,
        "tier": "IC-detect"
      }
    },
    {
      "type": "Feature",
      "geometry": {
        "type": "Point",
        "coordinates": [
          499989.27884999174,
          6966694.376997199
        ]
      },
      "properties": {
        "junction_id": 39569,
        "veh_id": 11580,
        "sim_time_s": 3823.2,
        "tier": "IC-detect"
      }
    },
    {
      "type": "Feature",
      "geometry": {
        "type": "Point",
        "coordinates": [
          500693.43540136685,
          6964815.02624323
        ]
      },
      "properties": {
        "junction_id": 39590,
        "veh_id": 11548,
        "sim_time_s": 3831.3,
        "tier": "IC-detect"
      }
    },
    {
      "type": "Feature",
      "geometry": {
        "type": "Point",
        "coordinates": [
          500683.0323876949,
          6964561.059082908
        ]
      },
      "properties": {
        "junction_id": 39590,
        "veh_id": 11570,
        "sim_time_s": 3831.8,
        "tier": "IC-detect"
      }
    },
    {
      "type": "Feature",
      "geometry": {
        "type": "Point",
        "coordinates": [
          499989.27884999174,
          6966694.376997199
        ]
      },
      "properties": {
        "junction_id": 39572,
        "veh_id": 11580,
        "sim_time_s": 3838.1,
        "tier": "IC-detect"
      }
    },
    {
      "type": "Feature",
      "geometry": {
        "type": "Point",
        "coordinates": [
          500637.0962014333,
          6965288.833694052
        ]
      },
      "properties": {
        "junction_id": 39593,
        "veh_id": 11537,
        "sim_time_s": 3839.4,
        "tier": "IC-detect"
      }
    },
    {
      "type": "Feature",
      "geometry": {
        "type": "Point",
        "coordinates": [
          499959.7048241529,
          6966969.820297879
        ]
      },
      "properties": {
        "junction_id": 38339,
        "veh_id": 11542,
        "sim_time_s": 3840.8,
        "tier": "IC-detect"
      }
    },
    {
      "type": "Feature",
      "geometry": {
        "type": "Point",
        "coordinates": [
          500650.02241014346,
          6965252.431015853
        ]
      },
      "properties": {
        "junction_id": 36393,
        "veh_id": 11537,
        "sim_time_s": 3841.2,
        "tier": "IC-detect"
      }
    },
    {
      "type": "Feature",
      "geometry": {
        "type": "Point",
        "coordinates": [
          499960.6631811796,
          6966931.469565058
        ]
      },
      "properties": {
        "junction_id": 38339,
        "veh_id": 11571,
        "sim_time_s": 3843.4,
        "tier": "IC-detect"
      }
    },
    {
      "type": "Feature",
      "geometry": {
        "type": "Point",
        "coordinates": [
          500683.46603168093,
          6964552.907806394
        ]
      },
      "properties": {
        "junction_id": 36393,
        "veh_id": 11570,
        "sim_time_s": 3847.5,
        "tier": "IC-detect"
      }
    },
    {
      "type": "Feature",
      "geometry": {
        "type": "Point",
        "coordinates": [
          500696.44174102705,
          6964740.306831711
        ]
      },
      "properties": {
        "junction_id": 39590,
        "veh_id": 11559,
        "sim_time_s": 3849.8,
        "tier": "IC-detect"
      }
    },
    {
      "type": "Feature",
      "geometry": {
        "type": "Point",
        "coordinates": [
          500695.8301036418,
          6964801.379659632
        ]
      },
      "properties": {
        "junction_id": 36385,
        "veh_id": 11548,
        "sim_time_s": 3850.7,
        "tier": "IC-detect"
      }
    },
    {
      "type": "Feature",
      "geometry": {
        "type": "Point",
        "coordinates": [
          500664.1073745998,
          6965222.064281116
        ]
      },
      "properties": {
        "junction_id": 36385,
        "veh_id": 11537,
        "sim_time_s": 3852.0,
        "tier": "IC-detect"
      }
    },
    {
      "type": "Feature",
      "geometry": {
        "type": "Point",
        "coordinates": [
          500703.93135906715,
          6964947.558419081
        ]
      },
      "properties": {
        "junction_id": 36385,
        "veh_id": 11581,
        "sim_time_s": 3853.8,
        "tier": "IC-detect"
      }
    },
    {
      "type": "Feature",
      "geometry": {
        "type": "Point",
        "coordinates": [
          500698.22142940265,
          6964701.320551391
        ]
      },
      "properties": {
        "junction_id": 39593,
        "veh_id": 11559,
        "sim_time_s": 3861.4,
        "tier": "IC-detect"
      }
    },
    {
      "type": "Feature",
      "geometry": {
        "type": "Point",
        "coordinates": [
          500704.3224469357,
          6964950.531325639
        ]
      },
      "properties": {
        "junction_id": 39593,
        "veh_id": 11581,
        "sim_time_s": 3864.2,
        "tier": "IC-detect"
      }
    },
    {
      "type": "Feature",
      "geometry": {
        "type": "Point",
        "coordinates": [
          500707.0349072965,
          6964989.612324185
        ]
      },
      "properties": {
        "junction_id": 39587,
        "veh_id": 11581,
        "sim_time_s": 3865.9,
        "tier": "IC-detect"
      }
    },
    {
      "type": "Feature",
      "geometry": {
        "type": "Point",
        "coordinates": [
          500495.3032741784,
          6965794.601908341
        ]
      },
      "properties": {
        "junction_id": 1043762,
        "veh_id": 11554,
        "sim_time_s": 3865.9,
        "tier": "IC-detect"
      }
    },
    {
      "type": "Feature",
      "geometry": {
        "type": "Point",
        "coordinates": [
          500697.3019995443,
          6964685.1073722
        ]
      },
      "properties": {
        "junction_id": 36385,
        "veh_id": 11559,
        "sim_time_s": 3872.7,
        "tier": "IC-detect"
      }
    },
    {
      "type": "Feature",
      "geometry": {
        "type": "Point",
        "coordinates": [
          500511.1638417698,
          6965863.0221097
        ]
      },
      "properties": {
        "junction_id": 39576,
        "veh_id": 11554,
        "sim_time_s": 3873.6,
        "tier": "IC-detect"
      }
    },
    {
      "type": "Feature",
      "geometry": {
        "type": "Point",
        "coordinates": [
          500646.31132402335,
          6965217.485351376
        ]
      },
      "properties": {
        "junction_id": 39576,
        "veh_id": 11581,
        "sim_time_s": 3881.7,
        "tier": "IC-detect"
      }
    },
    {
      "type": "Feature",
      "geometry": {
        "type": "Point",
        "coordinates": [
          500671.7419580629,
          6965206.81447726
        ]
      },
      "properties": {
        "junction_id": 39587,
        "veh_id": 11537,
        "sim_time_s": 3883.5,
        "tier": "IC-detect"
      }
    },
    {
      "type": "Feature",
      "geometry": {
        "type": "Point",
        "coordinates": [
          499959.7048241529,
          6966969.820297879
        ]
      },
      "properties": {
        "junction_id": 39572,
        "veh_id": 11542,
        "sim_time_s": 3893.8,
        "tier": "IC-detect"
      }
    },
    {
      "type": "Feature",
      "geometry": {
        "type": "Point",
        "coordinates": [
          499960.6631811796,
          6966931.469565058
        ]
      },
      "properties": {
        "junction_id": 39572,
        "veh_id": 11571,
        "sim_time_s": 3905.1,
        "tier": "IC-detect"
      }
    },
    {
      "type": "Feature",
      "geometry": {
        "type": "Point",
        "coordinates": [
          500419.2100079827,
          6966021.514831229
        ]
      },
      "properties": {
        "junction_id": 39578,
        "veh_id": 11554,
        "sim_time_s": 3907.8,
        "tier": "IC-detect"
      }
    },
    {
      "type": "Feature",
      "geometry": {
        "type": "Point",
        "coordinates": [
          500714.332495613,
          6964442.373958013
        ]
      },
      "properties": {
        "junction_id": 39606,
        "veh_id": 11570,
        "sim_time_s": 3908.7,
        "tier": "IC-detect"
      }
    },
    {
      "type": "Feature",
      "geometry": {
        "type": "Point",
        "coordinates": [
          500581.1045855303,
          6965431.928034966
        ]
      },
      "properties": {
        "junction_id": 39578,
        "veh_id": 11581,
        "sim_time_s": 3913.2,
        "tier": "IC-detect"
      }
    },
    {
      "type": "Feature",
      "geometry": {
        "type": "Point",
        "coordinates": [
          500693.16164629516,
          6964668.316513149
        ]
      },
      "properties": {
        "junction_id": 39606,
        "veh_id": 11559,
        "sim_time_s": 3917.7,
        "tier": "IC-detect"
      }
    },
    {
      "type": "Feature",
      "geometry": {
        "type": "Point",
        "coordinates": [
          500695.65723867295,
          6964695.809589459
        ]
      },
      "properties": {
        "junction_id": 36393,
        "veh_id": 11548,
        "sim_time_s": 3922.7,
        "tier": "IC-detect"
      }
    },
    {
      "type": "Feature",
      "geometry": {
        "type": "Point",
        "coordinates": [
          500393.45917919284,
          6966043.556245243
        ]
      },
      "properties": {
        "junction_id": 39569,
        "veh_id": 11554,
        "sim_time_s": 3923.1,
        "tier": "IC-detect"
      }
    },
    {
      "type": "Feature",
      "geometry": {
        "type": "Point",
        "coordinates": [
          499989.27884999174,
          6966694.376997199
        ]
      },
      "properties": {
        "junction_id": 38339,
        "veh_id": 11580,
        "sim_time_s": 3924.0,
        "tier": "IC-detect"
      }
    },
    {
      "type": "Feature",
      "geometry": {
        "type": "Point",
        "coordinates": [
          500693.2688813529,
          6964667.566861485
        ]
      },
      "properties": {
        "junction_id": 39606,
        "veh_id": 11548,
        "sim_time_s": 3935.7,
        "tier": "IC-detect"
      }
    },
    {
      "type": "Feature",
      "geometry": {
        "type": "Point",
        "coordinates": [
          500691.37862637814,
          6964626.6695236815
        ]
      },
      "properties": {
        "junction_id": 36393,
        "veh_id": 11559,
        "sim_time_s": 3937.5,
        "tier": "IC-detect"
      }
    },
    {
      "type": "Feature",
      "geometry": {
        "type": "Point",
        "coordinates": [
          499989.27884999174,
          6966694.376997199
        ]
      },
      "properties": {
        "junction_id": 39569,
        "veh_id": 11580,
        "sim_time_s": 3943.3,
        "tier": "IC-detect"
      }
    },
    {
      "type": "Feature",
      "geometry": {
        "type": "Point",
        "coordinates": [
          500691.9292239917,
          6964641.073298694
        ]
      },
      "properties": {
        "junction_id": 39590,
        "veh_id": 11548,
        "sim_time_s": 3951.4,
        "tier": "IC-detect"
      }
    },
    {
      "type": "Feature",
      "geometry": {
        "type": "Point",
        "coordinates": [
          500730.4956454011,
          6964408.276015197
        ]
      },
      "properties": {
        "junction_id": 39590,
        "veh_id": 11570,
        "sim_time_s": 3951.9,
        "tier": "IC-detect"
      }
    },
    {
      "type": "Feature",
      "geometry": {
        "type": "Point",
        "coordinates": [
          499989.27884999174,
          6966694.376997199
        ]
      },
      "properties": {
        "junction_id": 39572,
        "veh_id": 11580,
        "sim_time_s": 3958.2,
        "tier": "IC-detect"
      }
    },
    {
      "type": "Feature",
      "geometry": {
        "type": "Point",
        "coordinates": [
          500715.9504310656,
          6965084.626106841
        ]
      },
      "properties": {
        "junction_id": 39593,
        "veh_id": 11537,
        "sim_time_s": 3959.6,
        "tier": "IC-detect"
      }
    },
    {
      "type": "Feature",
      "geometry": {
        "type": "Point",
        "coordinates": [
          500242.3055792579,
          6966210.548664489
        ]
      },
      "properties": {
        "junction_id": 39572,
        "veh_id": 11554,
        "sim_time_s": 3960.4,
        "tier": "IC-detect"
      }
    },
    {
      "type": "Feature",
      "geometry": {
        "type": "Point",
        "coordinates": [
          499959.7048241529,
          6966969.820297879
        ]
      },
      "properties": {
        "junction_id": 38339,
        "veh_id": 11542,
        "sim_time_s": 3960.9,
        "tier": "IC-detect"
      }
    },
    {
      "type": "Feature",
      "geometry": {
        "type": "Point",
        "coordinates": [
          500716.0644981431,
          6965084.165531653
        ]
      },
      "properties": {
        "junction_id": 36393,
        "veh_id": 11537,
        "sim_time_s": 3961.3,
        "tier": "IC-detect"
      }
    },
    {
      "type": "Feature",
      "geometry": {
        "type": "Point",
        "coordinates": [
          499960.6631811796,
          6966931.469565058
        ]
      },
      "properties": {
        "junction_id": 38339,
        "veh_id": 11571,
        "sim_time_s": 3963.6,
        "tier": "IC-detect"
      }
    },
    {
      "type": "Feature",
      "geometry": {
        "type": "Point",
        "coordinates": [
          500738.2639305811,
          6964388.607040321
        ]
      },
      "properties": {
        "junction_id": 36393,
        "veh_id": 11570,
        "sim_time_s": 3967.7,
        "tier": "IC-detect"
      }
    },
    {
      "type": "Feature",
      "geometry": {
        "type": "Point",
        "coordinates": [
          500688.98688679317,
          6964571.973833971
        ]
      },
      "properties": {
        "junction_id": 39590,
        "veh_id": 11559,
        "sim_time_s": 3969.9,
        "tier": "IC-detect"
      }
    },
    {
      "type": "Feature",
      "geometry": {
        "type": "Point",
        "coordinates": [
          500691.03819608403,
          6964613.799290508
        ]
      },
      "properties": {
        "junction_id": 36385,
        "veh_id": 11548,
        "sim_time_s": 3970.8,
        "tier": "IC-detect"
      }
    },
    {
      "type": "Feature",
      "geometry": {
        "type": "Point",
        "coordinates": [
          500716.0903674662,
          6965084.061077601
        ]
      },
      "properties": {
        "junction_id": 36385,
        "veh_id": 11537,
        "sim_time_s": 3972.2,
        "tier": "IC-detect"
      }
    },
    {
      "type": "Feature",
      "geometry": {
        "type": "Point",
        "coordinates": [
          500494.4787575029,
          6965790.163582856
        ]
      },
      "properties": {
        "junction_id": 39587,
        "veh_id": 11581,
        "sim_time_s": 3986.1,
        "tier": "IC-detect"
      }
    },
    {
      "type": "Feature",
      "geometry": {
        "type": "Point",
        "coordinates": [
          500191.0451816229,
          6966301.160142039
        ]
      },
      "properties": {
        "junction_id": 1043762,
        "veh_id": 11554,
        "sim_time_s": 3986.1,
        "tier": "IC-detect"
      }
    },
    {
      "type": "Feature",
      "geometry": {
        "type": "Point",
        "coordinates": [
          500495.2221305288,
          6965795.038112216
        ]
      },
      "properties": {
        "junction_id": 1043762,
        "veh_id": 11581,
        "sim_time_s": 3986.6,
        "tier": "IC-detect"
      }
    },
    {
      "type": "Feature",
      "geometry": {
        "type": "Point",
        "coordinates": [
          500689.65148536296,
          6964551.583060395
        ]
      },
      "properties": {
        "junction_id": 36385,
        "veh_id": 11559,
        "sim_time_s": 3992.8,
        "tier": "IC-detect"
      }
    },
    {
      "type": "Feature",
      "geometry": {
        "type": "Point",
        "coordinates": [
          500465.26712770615,
          6965982.081254339
        ]
      },
      "properties": {
        "junction_id": 39576,
        "veh_id": 11581,
        "sim_time_s": 4001.8,
        "tier": "IC-detect"
      }
    },
    {
      "type": "Feature",
      "geometry": {
        "type": "Point",
        "coordinates": [
          500716.0903674662,
          6965084.061077601
        ]
      },
      "properties": {
        "junction_id": 39587,
        "veh_id": 11537,
        "sim_time_s": 4003.7,
        "tier": "IC-detect"
      }
    },
    {
      "type": "Feature",
      "geometry": {
        "type": "Point",
        "coordinates": [
          500391.2342834221,
          6966045.271205042
        ]
      },
      "properties": {
        "junction_id": 39569,
        "veh_id": 11581,
        "sim_time_s": 4007.7,
        "tier": "IC-detect"
      }
    },
    {
      "type": "Feature",
      "geometry": {
        "type": "Point",
        "coordinates": [
          499959.7048241529,
          6966969.820297879
        ]
      },
      "properties": {
        "junction_id": 39572,
        "veh_id": 11542,
        "sim_time_s": 4014.0,
        "tier": "IC-detect"
      }
    },
    {
      "type": "Feature",
      "geometry": {
        "type": "Point",
        "coordinates": [
          499960.6631811796,
          6966931.469565058
        ]
      },
      "properties": {
        "junction_id": 39572,
        "veh_id": 11571,
        "sim_time_s": 4025.2,
        "tier": "IC-detect"
      }
    },
    {
      "type": "Feature",
      "geometry": {
        "type": "Point",
        "coordinates": [
          500257.2553001526,
          6966194.215693368
        ]
      },
      "properties": {
        "junction_id": 39578,
        "veh_id": 11581,
        "sim_time_s": 4033.3,
        "tier": "IC-detect"
      }
    },
    {
      "type": "Feature",
      "geometry": {
        "type": "Point",
        "coordinates": [
          500706.74425323517,
          6964472.08944641
        ]
      },
      "properties": {
        "junction_id": 39606,
        "veh_id": 11559,
        "sim_time_s": 4037.8,
        "tier": "IC-detect"
      }
    },
    {
      "type": "Feature",
      "geometry": {
        "type": "Point",
        "coordinates": [
          500694.7963737375,
          6964522.006131399
        ]
      },
      "properties": {
        "junction_id": 36393,
        "veh_id": 11548,
        "sim_time_s": 4042.8,
        "tier": "IC-detect"
      }
    },
    {
      "type": "Feature",
      "geometry": {
        "type": "Point",
        "coordinates": [
          500117.56844431494,
          6966421.981458194
        ]
      },
      "properties": {
        "junction_id": 39569,
        "veh_id": 11554,
        "sim_time_s": 4043.2,
        "tier": "IC-detect"
      }
    },
    {
      "type": "Feature",
      "geometry": {
        "type": "Point",
        "coordinates": [
          499989.27884999174,
          6966694.376997199
        ]
      },
      "properties": {
        "junction_id": 38339,
        "veh_id": 11580,
        "sim_time_s": 4044.2,
        "tier": "IC-detect"
      }
    },
    {
      "type": "Feature",
      "geometry": {
        "type": "Point",
        "coordinates": [
          500952.09229130344,
          6964037.796872752
        ]
      },
      "properties": {
        "junction_id": 39606,
        "veh_id": 11582,
        "sim_time_s": 4050.0,
        "tier": "IC-detect"
      }
    },
    {
      "type": "Feature",
      "geometry": {
        "type": "Point",
        "coordinates": [
          500952.09229130344,
          6964037.796872752
        ]
      },
      "properties": {
        "junction_id": 39590,
        "veh_id": 11582,
        "sim_time_s": 4050.0,
        "tier": "IC-detect"
      }
    },
    {
      "type": "Feature",
      "geometry": {
        "type": "Point",
        "coordinates": [
          500083.6499831611,
          6967501.4371445235
        ]
      },
      "properties": {
        "junction_id": 38339,
        "veh_id": 11572,
        "sim_time_s": 4053.6,
        "tier": "IC-detect"
      }
    },
    {
      "type": "Feature",
      "geometry": {
        "type": "Point",
        "coordinates": [
          500713.95120867126,
          6964450.578461157
        ]
      },
      "properties": {
        "junction_id": 39606,
        "veh_id": 11548,
        "sim_time_s": 4055.8,
        "tier": "IC-detect"
      }
    },
    {
      "type": "Feature",
      "geometry": {
        "type": "Point",
        "coordinates": [
          500752.3475531243,
          6964361.623490128
        ]
      },
      "properties": {
        "junction_id": 36393,
        "veh_id": 11559,
        "sim_time_s": 4057.7,
        "tier": "IC-detect"
      }
    },
    {
      "type": "Feature",
      "geometry": {
        "type": "Point",
        "coordinates": [
          500245.0467800368,
          6966211.601228046
        ]
      },
      "properties": {
        "junction_id": 39572,
        "veh_id": 11581,
        "sim_time_s": 4058.1,
        "tier": "IC-detect"
      }
    },
    {
      "type": "Feature",
      "geometry": {
        "type": "Point",
        "coordinates": [
          499989.27884999174,
          6966694.376997199
        ]
      },
      "properties": {
        "junction_id": 39569,
        "veh_id": 11580,
        "sim_time_s": 4063.5,
        "tier": "IC-detect"
      }
    },
    {
      "type": "Feature",
      "geometry": {
        "type": "Point",
        "coordinates": [
          500726.09951420955,
          6964420.114041318
        ]
      },
      "properties": {
        "junction_id": 39590,
        "veh_id": 11548,
        "sim_time_s": 4071.6,
        "tier": "IC-detect"
      }
    },
    {
      "type": "Feature",
      "geometry": {
        "type": "Point",
        "coordinates": [
          500775.2076901859,
          6964264.804856801
        ]
      },
      "properties": {
        "junction_id": 36393,
        "veh_id": 11582,
        "sim_time_s": 4072.1,
        "tier": "IC-detect"
      }
    },
    {
      "type": "Feature",
      "geometry": {
        "type": "Point",
        "coordinates": [
          499989.27884999174,
          6966694.376997199
        ]
      },
      "properties": {
        "junction_id": 39572,
        "veh_id": 11580,
        "sim_time_s": 4078.3,
        "tier": "IC-detect"
      }
    },
    {
      "type": "Feature",
      "geometry": {
        "type": "Point",
        "coordinates": [
          500721.8453280376,
          6965043.853339571
        ]
      },
      "properties": {
        "junction_id": 39593,
        "veh_id": 11537,
        "sim_time_s": 4079.7,
        "tier": "IC-detect"
      }
    },
    {
      "type": "Feature",
      "geometry": {
        "type": "Point",
        "coordinates": [
          500025.1373574911,
          6966468.473838845
        ]
      },
      "properties": {
        "junction_id": 39572,
        "veh_id": 11554,
        "sim_time_s": 4080.6,
        "tier": "IC-detect"
      }
    },
    {
      "type": "Feature",
      "geometry": {
        "type": "Point",
        "coordinates": [
          499959.7048241529,
          6966969.820297879
        ]
      },
      "properties": {
        "junction_id": 38339,
        "veh_id": 11542,
        "sim_time_s": 4081.1,
        "tier": "IC-detect"
      }
    },
    {
      "type": "Feature",
      "geometry": {
        "type": "Point",
        "coordinates": [
          500721.8453280376,
          6965043.853339571
        ]
      },
      "properties": {
        "junction_id": 36393,
        "veh_id": 11537,
        "sim_time_s": 4081.5,
        "tier": "IC-detect"
      }
    },
    {
      "type": "Feature",
      "geometry": {
        "type": "Point",
        "coordinates": [
          499960.6631811796,
          6966931.469565058
        ]
      },
      "properties": {
        "junction_id": 38339,
        "veh_id": 11571,
        "sim_time_s": 4083.8,
        "tier": "IC-detect"
      }
    },
    {
      "type": "Feature",
      "geometry": {
        "type": "Point",
        "coordinates": [
          500753.3219084109,
          6964359.297428134
        ]
      },
      "properties": {
        "junction_id": 39590,
        "veh_id": 11559,
        "sim_time_s": 4090.1,
        "tier": "IC-detect"
      }
    },
    {
      "type": "Feature",
      "geometry": {
        "type": "Point",
        "coordinates": [
          500721.8453280376,
          6965043.853339571
        ]
      },
      "properties": {
        "junction_id": 36385,
        "veh_id": 11537,
        "sim_time_s": 4092.3,
        "tier": "IC-detect"
      }
    },
    {
      "type": "Feature",
      "geometry": {
        "type": "Point",
        "coordinates": [
          499898.52811454056,
          6966529.146310104
        ]
      },
      "properties": {
        "junction_id": 38339,
        "veh_id": 11554,
        "sim_time_s": 4101.8,
        "tier": "IC-detect"
      }
    },
    {
      "type": "Feature",
      "geometry": {
        "type": "Point",
        "coordinates": [
          500111.60832647793,
          6966438.526256896
        ]
      },
      "properties": {
        "junction_id": 1043762,
        "veh_id": 11581,
        "sim_time_s": 4106.7,
        "tier": "IC-detect"
      }
    },
    {
      "type": "Feature",
      "geometry": {
        "type": "Point",
        "coordinates": [
          500725.38550534984,
          6965026.611305905
        ]
      },
      "properties": {
        "junction_id": 39587,
        "veh_id": 11537,
        "sim_time_s": 4123.8,
        "tier": "IC-detect"
      }
    },
    {
      "type": "Feature",
      "geometry": {
        "type": "Point",
        "coordinates": [
          500111.60832647793,
          6966438.526256896
        ]
      },
      "properties": {
        "junction_id": 39569,
        "veh_id": 11581,
        "sim_time_s": 4127.9,
        "tier": "IC-detect"
      }
    },
    {
      "type": "Feature",
      "geometry": {
        "type": "Point",
        "coordinates": [
          499959.7048241529,
          6966969.820297879
        ]
      },
      "properties": {
        "junction_id": 39572,
        "veh_id": 11542,
        "sim_time_s": 4134.1,
        "tier": "IC-detect"
      }
    },
    {
      "type": "Feature",
      "geometry": {
        "type": "Point",
        "coordinates": [
          499960.6631811796,
          6966931.469565058
        ]
      },
      "properties": {
        "junction_id": 39572,
        "veh_id": 11571,
        "sim_time_s": 4145.4,
        "tier": "IC-detect"
      }
    },
    {
      "type": "Feature",
      "geometry": {
        "type": "Point",
        "coordinates": [
          499512.503551552,
          6966653.615358096
        ]
      },
      "properties": {
        "junction_id": 39572,
        "veh_id": 11560,
        "sim_time_s": 4152.6,
        "tier": "IC-detect"
      }
    },
    {
      "type": "Feature",
      "geometry": {
        "type": "Point",
        "coordinates": [
          500673.03598535014,
          6964523.923809234
        ]
      },
      "properties": {
        "junction_id": 36385,
        "veh_id": 11582,
        "sim_time_s": 4155.8,
        "tier": "IC-detect"
      }
    },
    {
      "type": "Feature",
      "geometry": {
        "type": "Point",
        "coordinates": [
          500910.89930653793,
          6964141.4269246245
        ]
      },
      "properties": {
        "junction_id": 39606,
        "veh_id": 11559,
        "sim_time_s": 4158.0,
        "tier": "IC-detect"
      }
    },
    {
      "type": "Feature",
      "geometry": {
        "type": "Point",
        "coordinates": [
          499989.27884999174,
          6966694.376997199
        ]
      },
      "properties": {
        "junction_id": 38339,
        "veh_id": 11580,
        "sim_time_s": 4164.3,
        "tier": "IC-detect"
      }
    },
    {
      "type": "Feature",
      "geometry": {
        "type": "Point",
        "coordinates": [
          500682.6906502185,
          6964682.372812407
        ]
      },
      "properties": {
        "junction_id": 39593,
        "veh_id": 11582,
        "sim_time_s": 4166.1,
        "tier": "IC-detect"
      }
    },
    {
      "type": "Feature",
      "geometry": {
        "type": "Point",
        "coordinates": [
          500683.64538770705,
          6964707.713047025
        ]
      },
      "properties": {
        "junction_id": 39590,
        "veh_id": 11582,
        "sim_time_s": 4170.1,
        "tier": "IC-detect"
      }
    },
    {
      "type": "Feature",
      "geometry": {
        "type": "Point",
        "coordinates": [
          499999.8737106856,
          6967299.453648785
        ]
      },
      "properties": {
        "junction_id": 38339,
        "veh_id": 11572,
        "sim_time_s": 4173.8,
        "tier": "IC-detect"
      }
    },
    {
      "type": "Feature",
      "geometry": {
        "type": "Point",
        "coordinates": [
          500901.6917972254,
          6964149.170117838
        ]
      },
      "properties": {
        "junction_id": 39606,
        "veh_id": 11548,
        "sim_time_s": 4176.0,
        "tier": "IC-detect"
      }
    },
    {
      "type": "Feature",
      "geometry": {
        "type": "Point",
        "coordinates": [
          500066.5147939067,
          6966512.594618602
        ]
      },
      "properties": {
        "junction_id": 39572,
        "veh_id": 11581,
        "sim_time_s": 4178.2,
        "tier": "IC-detect"
      }
    },
    {
      "type": "Feature",
      "geometry": {
        "type": "Point",
        "coordinates": [
          499989.27884999174,
          6966694.376997199
        ]
      },
      "properties": {
        "junction_id": 39569,
        "veh_id": 11580,
        "sim_time_s": 4183.6,
        "tier": "IC-detect"
      }
    },
    {
      "type": "Feature",
      "geometry": {
        "type": "Point",
        "coordinates": [
          500911.02188414196,
          6964141.525802633
        ]
      },
      "properties": {
        "junction_id": 39590,
        "veh_id": 11548,
        "sim_time_s": 4191.8,
        "tier": "IC-detect"
      }
    },
    {
      "type": "Feature",
      "geometry": {
        "type": "Point",
        "coordinates": [
          500684.04428052966,
          6964718.300289941
        ]
      },
      "properties": {
        "junction_id": 36393,
        "veh_id": 11582,
        "sim_time_s": 4192.2,
        "tier": "IC-detect"
      }
    },
    {
      "type": "Feature",
      "geometry": {
        "type": "Point",
        "coordinates": [
          499643.5251165244,
          6966628.144420371
        ]
      },
      "properties": {
        "junction_id": 39569,
        "veh_id": 11560,
        "sim_time_s": 4197.1,
        "tier": "IC-detect"
      }
    },
    {
      "type": "Feature",
      "geometry": {
        "type": "Point",
        "coordinates": [
          499650.55384748196,
          6966627.42087416
        ]
      },
      "properties": {
        "junction_id": 38339,
        "veh_id": 11560,
        "sim_time_s": 4197.6,
        "tier": "IC-detect"
      }
    },
    {
      "type": "Feature",
      "geometry": {
        "type": "Point",
        "coordinates": [
          499989.27884999174,
          6966694.376997199
        ]
      },
      "properties": {
        "junction_id": 39572,
        "veh_id": 11580,
        "sim_time_s": 4198.5,
        "tier": "IC-detect"
      }
    },
    {
      "type": "Feature",
      "geometry": {
        "type": "Point",
        "coordinates": [
          500700.80069628207,
          6964831.872650107
        ]
      },
      "properties": {
        "junction_id": 39593,
        "veh_id": 11537,
        "sim_time_s": 4199.9,
        "tier": "IC-detect"
      }
    },
    {
      "type": "Feature",
      "geometry": {
        "type": "Point",
        "coordinates": [
          500134.3589690385,
          6965615.236375507
        ]
      },
      "properties": {
        "junction_id": 39587,
        "veh_id": 11549,
        "sim_time_s": 4200.3,
        "tier": "IC-detect"
      }
    },
    {
      "type": "Feature",
      "geometry": {
        "type": "Point",
        "coordinates": [
          500134.3589690385,
          6965615.236375507
        ]
      },
      "properties": {
        "junction_id": 39576,
        "veh_id": 11549,
        "sim_time_s": 4200.3,
        "tier": "IC-detect"
      }
    },
    {
      "type": "Feature",
      "geometry": {
        "type": "Point",
        "coordinates": [
          500149.16039838677,
          6965617.669005617
        ]
      },
      "properties": {
        "junction_id": 39578,
        "veh_id": 11549,
        "sim_time_s": 4201.2,
        "tier": "IC-detect"
      }
    },
    {
      "type": "Feature",
      "geometry": {
        "type": "Point",
        "coordinates": [
          499959.7048241529,
          6966969.820297879
        ]
      },
      "properties": {
        "junction_id": 38339,
        "veh_id": 11542,
        "sim_time_s": 4201.2,
        "tier": "IC-detect"
      }
    },
    {
      "type": "Feature",
      "geometry": {
        "type": "Point",
        "coordinates": [
          500700.75530232716,
          6964831.4672883935
        ]
      },
      "properties": {
        "junction_id": 36393,
        "veh_id": 11537,
        "sim_time_s": 4201.6,
        "tier": "track-section"
      }
    },
    {
      "type": "Feature",
      "geometry": {
        "type": "Point",
        "coordinates": [
          499960.6631811796,
          6966931.469565058
        ]
      },
      "properties": {
        "junction_id": 38339,
        "veh_id": 11571,
        "sim_time_s": 4203.9,
        "tier": "IC-detect"
      }
    },
    {
      "type": "Feature",
      "geometry": {
        "type": "Point",
        "coordinates": [
          500699.2553654737,
          6964815.214736668
        ]
      },
      "properties": {
        "junction_id": 39590,
        "veh_id": 11537,
        "sim_time_s": 4206.1,
        "tier": "IC-detect"
      }
    },
    {
      "type": "Feature",
      "geometry": {
        "type": "Point",
        "coordinates": [
          500697.6739974219,
          6964773.790790585
        ]
      },
      "properties": {
        "junction_id": 36385,
        "veh_id": 11537,
        "sim_time_s": 4212.4,
        "tier": "IC-detect"
      }
    },
    {
      "type": "Feature",
      "geometry": {
        "type": "Point",
        "coordinates": [
          500066.5147939067,
          6966512.594618602
        ]
      },
      "properties": {
        "junction_id": 1043762,
        "veh_id": 11581,
        "sim_time_s": 4226.9,
        "tier": "IC-detect"
      }
    },
    {
      "type": "Feature",
      "geometry": {
        "type": "Point",
        "coordinates": [
          499961.1645575598,
          6966924.538544862
        ]
      },
      "properties": {
        "junction_id": 39569,
        "veh_id": 11571,
        "sim_time_s": 4230.0,
        "tier": "IC-detect"
      }
    },
    {
      "type": "Feature",
      "geometry": {
        "type": "Point",
        "coordinates": [
          500693.05705333437,
          6964667.462395703
        ]
      },
      "properties": {
        "junction_id": 39606,
        "veh_id": 11537,
        "sim_time_s": 4237.2,
        "tier": "IC-detect"
      }
    },
    {
      "type": "Feature",
      "geometry": {
        "type": "Point",
        "coordinates": [
          500066.5147939067,
          6966512.594618602
        ]
      },
      "properties": {
        "junction_id": 39569,
        "veh_id": 11581,
        "sim_time_s": 4248.0,
        "tier": "IC-detect"
      }
    },
    {
      "type": "Feature",
      "geometry": {
        "type": "Point",
        "coordinates": [
          499963.65058721113,
          6966930.327291122
        ]
      },
      "properties": {
        "junction_id": 39572,
        "veh_id": 11542,
        "sim_time_s": 4254.3,
        "tier": "IC-detect"
      }
    },
    {
      "type": "Feature",
      "geometry": {
        "type": "Point",
        "coordinates": [
          499964.1373317654,
          6966878.425693441
        ]
      },
      "properties": {
        "junction_id": 39572,
        "veh_id": 11571,
        "sim_time_s": 4265.6,
        "tier": "IC-detect"
      }
    },
    {
      "type": "Feature",
      "geometry": {
        "type": "Point",
        "coordinates": [
          500707.27909965167,
          6964989.410415513
        ]
      },
      "properties": {
        "junction_id": 39587,
        "veh_id": 11582,
        "sim_time_s": 4268.7,
        "tier": "IC-detect"
      }
    },
    {
      "type": "Feature",
      "geometry": {
        "type": "Point",
        "coordinates": [
          499787.3189003535,
          6966592.191694615
        ]
      },
      "properties": {
        "junction_id": 39572,
        "veh_id": 11560,
        "sim_time_s": 4272.8,
        "tier": "IC-detect"
      }
    },
    {
      "type": "Feature",
      "geometry": {
        "type": "Point",
        "coordinates": [
          500704.28343513294,
          6965019.428201622
        ]
      },
      "properties": {
        "junction_id": 36385,
        "veh_id": 11582,
        "sim_time_s": 4275.9,
        "tier": "IC-detect"
      }
    },
    {
      "type": "Feature",
      "geometry": {
        "type": "Point",
        "coordinates": [
          500055.88579100615,
          6966538.469055415
        ]
      },
      "properties": {
        "junction_id": 38339,
        "veh_id": 11581,
        "sim_time_s": 4276.4,
        "tier": "IC-detect"
      }
    },
    {
      "type": "Feature",
      "geometry": {
        "type": "Point",
        "coordinates": [
          499962.6133331422,
          6966765.710611319
        ]
      },
      "properties": {
        "junction_id": 38339,
        "veh_id": 11580,
        "sim_time_s": 4284.4,
        "tier": "IC-detect"
      }
    },
    {
      "type": "Feature",
      "geometry": {
        "type": "Point",
        "coordinates": [
          500666.0575242229,
          6965169.297014024
        ]
      },
      "properties": {
        "junction_id": 39593,
        "veh_id": 11582,
        "sim_time_s": 4286.2,
        "tier": "IC-detect"
      }
    },
    {
      "type": "Feature",
      "geometry": {
        "type": "Point",
        "coordinates": [
          500644.5020431446,
          6965222.056923531
        ]
      },
      "properties": {
        "junction_id": 39576,
        "veh_id": 11582,
        "sim_time_s": 4286.2,
        "tier": "IC-detect"
      }
    },
    {
      "type": "Feature",
      "geometry": {
        "type": "Point",
        "coordinates": [
          499873.67845580546,
          6966550.964347634
        ]
      },
      "properties": {
        "junction_id": 1043762,
        "veh_id": 11560,
        "sim_time_s": 4286.2,
        "tier": "IC-detect"
      }
    },
    {
      "type": "Feature",
      "geometry": {
        "type": "Point",
        "coordinates": [
          499999.8737106856,
          6967299.453648785
        ]
      },
      "properties": {
        "junction_id": 38339,
        "veh_id": 11572,
        "sim_time_s": 4293.9,
        "tier": "IC-detect"
      }
    },
    {
      "type": "Feature",
      "geometry": {
        "type": "Point",
        "coordinates": [
          500045.41762813716,
          6966564.617393148
        ]
      },
      "properties": {
        "junction_id": 39572,
        "veh_id": 11581,
        "sim_time_s": 4298.4,
        "tier": "IC-detect"
      }
    },
    {
      "type": "Feature",
      "geometry": {
        "type": "Point",
        "coordinates": [
          500580.10612387885,
          6965435.836446061
        ]
      },
      "properties": {
        "junction_id": 39578,
        "veh_id": 11582,
        "sim_time_s": 4302.0,
        "tier": "IC-detect"
      }
    },
    {
      "type": "Feature",
      "geometry": {
        "type": "Point",
        "coordinates": [
          499962.6133331422,
          6966765.710611319
        ]
      },
      "properties": {
        "junction_id": 39569,
        "veh_id": 11580,
        "sim_time_s": 4303.8,
        "tier": "IC-detect"
      }
    },
    {
      "type": "Feature",
      "geometry": {
        "type": "Point",
        "coordinates": [
          500031.6233294702,
          6966475.6303903535
        ]
      },
      "properties": {
        "junction_id": 39569,
        "veh_id": 11560,
        "sim_time_s": 4317.3,
        "tier": "IC-detect"
      }
    },
    {
      "type": "Feature",
      "geometry": {
        "type": "Point",
        "coordinates": [
          499962.6133331422,
          6966765.710611319
        ]
      },
      "properties": {
        "junction_id": 39572,
        "veh_id": 11580,
        "sim_time_s": 4318.6,
        "tier": "IC-detect"
      }
    },
    {
      "type": "Feature",
      "geometry": {
        "type": "Point",
        "coordinates": [
          500946.97228876385,
          6964034.668682542
        ]
      },
      "properties": {
        "junction_id": 39606,
        "veh_id": 11555,
        "sim_time_s": 4320.0,
        "tier": "IC-detect"
      }
    },
    {
      "type": "Feature",
      "geometry": {
        "type": "Point",
        "coordinates": [
          500946.97228876385,
          6964034.668682542
        ]
      },
      "properties": {
        "junction_id": 39590,
        "veh_id": 11555,
        "sim_time_s": 4320.0,
        "tier": "IC-detect"
      }
    },
    {
      "type": "Feature",
      "geometry": {
        "type": "Point",
        "coordinates": [
          500481.88792474294,
          6965701.619572453
        ]
      },
      "properties": {
        "junction_id": 39587,
        "veh_id": 11549,
        "sim_time_s": 4320.4,
        "tier": "IC-detect"
      }
    },
    {
      "type": "Feature",
      "geometry": {
        "type": "Point",
        "coordinates": [
          500481.88792474294,
          6965701.619572453
        ]
      },
      "properties": {
        "junction_id": 39576,
        "veh_id": 11549,
        "sim_time_s": 4320.4,
        "tier": "IC-detect"
      }
    },
    {
      "type": "Feature",
      "geometry": {
        "type": "Point",
        "coordinates": [
          500481.88792474294,
          6965701.619572453
        ]
      },
      "properties": {
        "junction_id": 39578,
        "veh_id": 11549,
        "sim_time_s": 4321.4,
        "tier": "IC-detect"
      }
    },
    {
      "type": "Feature",
      "geometry": {
        "type": "Point",
        "coordinates": [
          499963.7632572017,
          6966928.769742719
        ]
      },
      "properties": {
        "junction_id": 38339,
        "veh_id": 11542,
        "sim_time_s": 4321.4,
        "tier": "IC-detect"
      }
    },
    {
      "type": "Feature",
      "geometry": {
        "type": "Point",
        "coordinates": [
          500689.96771177766,
          6964547.721595621
        ]
      },
      "properties": {
        "junction_id": 36393,
        "veh_id": 11537,
        "sim_time_s": 4321.8,
        "tier": "IC-detect"
      }
    },
    {
      "type": "Feature",
      "geometry": {
        "type": "Point",
        "coordinates": [
          499964.1373317654,
          6966878.425693441
        ]
      },
      "properties": {
        "junction_id": 38339,
        "veh_id": 11571,
        "sim_time_s": 4324.1,
        "tier": "IC-detect"
      }
    },
    {
      "type": "Feature",
      "geometry": {
        "type": "Point",
        "coordinates": [
          500692.66348796006,
          6964530.504445243
        ]
      },
      "properties": {
        "junction_id": 39590,
        "veh_id": 11537,
        "sim_time_s": 4326.3,
        "tier": "IC-detect"
      }
    },
    {
      "type": "Feature",
      "geometry": {
        "type": "Point",
        "coordinates": [
          500044.28310989484,
          6966567.254345856
        ]
      },
      "properties": {
        "junction_id": 1043762,
        "veh_id": 11581,
        "sim_time_s": 4347.0,
        "tier": "IC-detect"
      }
    },
    {
      "type": "Feature",
      "geometry": {
        "type": "Point",
        "coordinates": [
          499964.1373317654,
          6966878.425693441
        ]
      },
      "properties": {
        "junction_id": 39569,
        "veh_id": 11571,
        "sim_time_s": 4350.1,
        "tier": "IC-detect"
      }
    },
    {
      "type": "Feature",
      "geometry": {
        "type": "Point",
        "coordinates": [
          500495.74496665294,
          6965796.637392514
        ]
      },
      "properties": {
        "junction_id": 1043762,
        "veh_id": 11582,
        "sim_time_s": 4352.9,
        "tier": "IC-detect"
      }
    },
    {
      "type": "Feature",
      "geometry": {
        "type": "Point",
        "coordinates": [
          500518.9301020767,
          6965647.292117548
        ]
      },
      "properties": {
        "junction_id": 39593,
        "veh_id": 11549,
        "sim_time_s": 4354.2,
        "tier": "IC-detect"
      }
    },
    {
      "type": "Feature",
      "geometry": {
        "type": "Point",
        "coordinates": [
          500209.09451039537,
          6966308.971214475
        ]
      },
      "properties": {
        "junction_id": 39578,
        "veh_id": 11560,
        "sim_time_s": 4356.0,
        "tier": "IC-detect"
      }
    },
    {
      "type": "Feature",
      "geometry": {
        "type": "Point",
        "coordinates": [
          500716.1806786487,
          6964444.5023493795
        ]
      },
      "properties": {
        "junction_id": 39606,
        "veh_id": 11537,
        "sim_time_s": 4357.4,
        "tier": "IC-detect"
      }
    },
    {
      "type": "Feature",
      "geometry": {
        "type": "Point",
        "coordinates": [
          500578.4307330189,
          6965501.40066082
        ]
      },
      "properties": {
        "junction_id": 36385,
        "veh_id": 11549,
        "sim_time_s": 4365.4,
        "tier": "IC-detect"
      }
    },
    {
      "type": "Feature",
      "geometry": {
        "type": "Point",
        "coordinates": [
          500044.28310989484,
          6966567.254345856
        ]
      },
      "properties": {
        "junction_id": 39569,
        "veh_id": 11581,
        "sim_time_s": 4368.1,
        "tier": "IC-detect"
      }
    },
    {
      "type": "Feature",
      "geometry": {
        "type": "Point",
        "coordinates": [
          500394.14171923266,
          6966044.304670885
        ]
      },
      "properties": {
        "junction_id": 39569,
        "veh_id": 11582,
        "sim_time_s": 4373.6,
        "tier": "IC-detect"
      }
    },
    {
      "type": "Feature",
      "geometry": {
        "type": "Point",
        "coordinates": [
          499963.7632572017,
          6966928.769742719
        ]
      },
      "properties": {
        "junction_id": 39572,
        "veh_id": 11542,
        "sim_time_s": 4374.4,
        "tier": "IC-detect"
      }
    },
    {
      "type": "Feature",
      "geometry": {
        "type": "Point",
        "coordinates": [
          500944.51358507737,
          6964038.69291645
        ]
      },
      "properties": {
        "junction_id": 39606,
        "veh_id": 11544,
        "sim_time_s": 4380.3,
        "tier": "IC-detect"
      }
    },
    {
      "type": "Feature",
      "geometry": {
        "type": "Point",
        "coordinates": [
          500944.51358507737,
          6964038.69291645
        ]
      },
      "properties": {
        "junction_id": 39590,
        "veh_id": 11544,
        "sim_time_s": 4380.3,
        "tier": "IC-detect"
      }
    },
    {
      "type": "Feature",
      "geometry": {
        "type": "Point",
        "coordinates": [
          499964.1373317654,
          6966878.425693441
        ]
      },
      "properties": {
        "junction_id": 39572,
        "veh_id": 11571,
        "sim_time_s": 4385.7,
        "tier": "IC-detect"
      }
    },
    {
      "type": "Feature",
      "geometry": {
        "type": "Point",
        "coordinates": [
          500236.6197210058,
          6966261.486962054
        ]
      },
      "properties": {
        "junction_id": 39572,
        "veh_id": 11560,
        "sim_time_s": 4392.9,
        "tier": "IC-detect"
      }
    },
    {
      "type": "Feature",
      "geometry": {
        "type": "Point",
        "coordinates": [
          500044.28310989484,
          6966567.254345856
        ]
      },
      "properties": {
        "junction_id": 38339,
        "veh_id": 11581,
        "sim_time_s": 4396.5,
        "tier": "IC-detect"
      }
    },
    {
      "type": "Feature",
      "geometry": {
        "type": "Point",
        "coordinates": [
          499963.9052142518,
          6966926.807330408
        ]
      },
      "properties": {
        "junction_id": 39569,
        "veh_id": 11542,
        "sim_time_s": 4399.6,
        "tier": "IC-detect"
      }
    },
    {
      "type": "Feature",
      "geometry": {
        "type": "Point",
        "coordinates": [
          500774.9849782158,
          6964264.891685087
        ]
      },
      "properties": {
        "junction_id": 36393,
        "veh_id": 11555,
        "sim_time_s": 4404.1,
        "tier": "IC-detect"
      }
    },
    {
      "type": "Feature",
      "geometry": {
        "type": "Point",
        "coordinates": [
          499943.1840338377,
          6966976.993738683
        ]
      },
      "properties": {
        "junction_id": 38339,
        "veh_id": 11580,
        "sim_time_s": 4404.6,
        "tier": "IC-detect"
      }
    },
    {
      "type": "Feature",
      "geometry": {
        "type": "Point",
        "coordinates": [
          500646.26357058284,
          6965253.666461175
        ]
      },
      "properties": {
        "junction_id": 36393,
        "veh_id": 11549,
        "sim_time_s": 4405.1,
        "tier": "IC-detect"
      }
    },
    {
      "type": "Feature",
      "geometry": {
        "type": "Point",
        "coordinates": [
          500236.8152945525,
          6966261.146222499
        ]
      },
      "properties": {
        "junction_id": 1043762,
        "veh_id": 11560,
        "sim_time_s": 4406.4,
        "tier": "IC-detect"
      }
    },
    {
      "type": "Feature",
      "geometry": {
        "type": "Point",
        "coordinates": [
          500012.68085635547,
          6966668.088244544
        ]
      },
      "properties": {
        "junction_id": 1043762,
        "veh_id": 11571,
        "sim_time_s": 4407.8,
        "tier": "IC-detect"
      }
    },
    {
      "type": "Feature",
      "geometry": {
        "type": "Point",
        "coordinates": [
          499999.3640735795,
          6967278.197813355
        ]
      },
      "properties": {
        "junction_id": 38339,
        "veh_id": 11572,
        "sim_time_s": 4414.1,
        "tier": "IC-detect"
      }
    },
    {
      "type": "Feature",
      "geometry": {
        "type": "Point",
        "coordinates": [
          500044.28310989484,
          6966567.254345856
        ]
      },
      "properties": {
        "junction_id": 39572,
        "veh_id": 11581,
        "sim_time_s": 4418.6,
        "tier": "IC-detect"
      }
    },
    {
      "type": "Feature",
      "geometry": {
        "type": "Point",
        "coordinates": [
          500244.9953710015,
          6966212.185471904
        ]
      },
      "properties": {
        "junction_id": 39572,
        "veh_id": 11582,
        "sim_time_s": 4419.9,
        "tier": "IC-detect"
      }
    },
    {
      "type": "Feature",
      "geometry": {
        "type": "Point",
        "coordinates": [
          500236.06098416314,
          6966227.561158202
        ]
      },
      "properties": {
        "junction_id": 39578,
        "veh_id": 11582,
        "sim_time_s": 4422.1,
        "tier": "IC-detect"
      }
    },
    {
      "type": "Feature",
      "geometry": {
        "type": "Point",
        "coordinates": [
          500307.58272788953,
          6966155.005342652
        ]
      },
      "properties": {
        "junction_id": 39576,
        "veh_id": 11560,
        "sim_time_s": 4427.1,
        "tier": "IC-detect"
      }
    },
    {
      "type": "Feature",
      "geometry": {
        "type": "Point",
        "coordinates": [
          500775.03672453697,
          6964265.064288771
        ]
      },
      "properties": {
        "junction_id": 36393,
        "veh_id": 11544,
        "sim_time_s": 4434.8,
        "tier": "IC-detect"
      }
    },
    {
      "type": "Feature",
      "geometry": {
        "type": "Point",
        "coordinates": [
          500320.7860565386,
          6966137.705845878
        ]
      },
      "properties": {
        "junction_id": 39569,
        "veh_id": 11560,
        "sim_time_s": 4437.4,
        "tier": "IC-detect"
      }
    },
    {
      "type": "Feature",
      "geometry": {
        "type": "Point",
        "coordinates": [
          499941.58157776267,
          6966992.655324212
        ]
      },
      "properties": {
        "junction_id": 39572,
        "veh_id": 11580,
        "sim_time_s": 4438.8,
        "tier": "IC-detect"
      }
    },
    {
      "type": "Feature",
      "geometry": {
        "type": "Point",
        "coordinates": [
          500715.22617013275,
          6964394.112590712
        ]
      },
      "properties": {
        "junction_id": 39606,
        "veh_id": 11555,
        "sim_time_s": 4440.1,
        "tier": "IC-detect"
      }
    },
    {
      "type": "Feature",
      "geometry": {
        "type": "Point",
        "coordinates": [
          500715.22617013275,
          6964394.112590712
        ]
      },
      "properties": {
        "junction_id": 39590,
        "veh_id": 11555,
        "sim_time_s": 4440.1,
        "tier": "IC-detect"
      }
    },
    {
      "type": "Feature",
      "geometry": {
        "type": "Point",
        "coordinates": [
          500674.8006620672,
          6965194.23008112
        ]
      },
      "properties": {
        "junction_id": 39587,
        "veh_id": 11549,
        "sim_time_s": 4440.6,
        "tier": "IC-detect"
      }
    },
    {
      "type": "Feature",
      "geometry": {
        "type": "Point",
        "coordinates": [
          499967.002096097,
          6966882.556327263
        ]
      },
      "properties": {
        "junction_id": 38339,
        "veh_id": 11542,
        "sim_time_s": 4441.5,
        "tier": "IC-detect"
      }
    },
    {
      "type": "Feature",
      "geometry": {
        "type": "Point",
        "coordinates": [
          500036.4314883983,
          6966611.809700498
        ]
      },
      "properties": {
        "junction_id": 38339,
        "veh_id": 11571,
        "sim_time_s": 4444.2,
        "tier": "IC-detect"
      }
    },
    {
      "type": "Feature",
      "geometry": {
        "type": "Point",
        "coordinates": [
          500672.2824281205,
          6964529.341659571
        ]
      },
      "properties": {
        "junction_id": 36385,
        "veh_id": 11555,
        "sim_time_s": 4449.6,
        "tier": "IC-detect"
      }
    },
    {
      "type": "Feature",
      "geometry": {
        "type": "Point",
        "coordinates": [
          500044.1996874172,
          6966567.448244129
        ]
      },
      "properties": {
        "junction_id": 1043762,
        "veh_id": 11581,
        "sim_time_s": 4467.1,
        "tier": "IC-detect"
      }
    },
    {
      "type": "Feature",
      "geometry": {
        "type": "Point",
        "coordinates": [
          500095.90224635176,
          6966481.187613333
        ]
      },
      "properties": {
        "junction_id": 39569,
        "veh_id": 11571,
        "sim_time_s": 4470.3,
        "tier": "IC-detect"
      }
    },
    {
      "type": "Feature",
      "geometry": {
        "type": "Point",
        "coordinates": [
          500141.277484147,
          6966397.711042969
        ]
      },
      "properties": {
        "junction_id": 1043762,
        "veh_id": 11582,
        "sim_time_s": 4473.0,
        "tier": "IC-detect"
      }
    },
    {
      "type": "Feature",
      "geometry": {
        "type": "Point",
        "coordinates": [
          500675.1426763325,
          6965193.592555488
        ]
      },
      "properties": {
        "junction_id": 39593,
        "veh_id": 11549,
        "sim_time_s": 4474.4,
        "tier": "IC-detect"
      }
    },
    {
      "type": "Feature",
      "geometry": {
        "type": "Point",
        "coordinates": [
          500496.35139781033,
          6965978.987779516
        ]
      },
      "properties": {
        "junction_id": 39578,
        "veh_id": 11560,
        "sim_time_s": 4476.1,
        "tier": "IC-detect"
      }
    },
    {
      "type": "Feature",
      "geometry": {
        "type": "Point",
        "coordinates": [
          500676.38050307304,
          6964678.240057304
        ]
      },
      "properties": {
        "junction_id": 39593,
        "veh_id": 11555,
        "sim_time_s": 4481.1,
        "tier": "IC-detect"
      }
    },
    {
      "type": "Feature",
      "geometry": {
        "type": "Point",
        "coordinates": [
          500675.1426763325,
          6965193.592555488
        ]
      },
      "properties": {
        "junction_id": 36385,
        "veh_id": 11549,
        "sim_time_s": 4485.6,
        "tier": "IC-detect"
      }
    },
    {
      "type": "Feature",
      "geometry": {
        "type": "Point",
        "coordinates": [
          500513.33830508514,
          6965963.365665208
        ]
      },
      "properties": {
        "junction_id": 39587,
        "veh_id": 11560,
        "sim_time_s": 4487.4,
        "tier": "IC-detect"
      }
    },
    {
      "type": "Feature",
      "geometry": {
        "type": "Point",
        "coordinates": [
          500018.2027605904,
          6966615.8963661855
        ]
      },
      "properties": {
        "junction_id": 39569,
        "veh_id": 11581,
        "sim_time_s": 4488.3,
        "tier": "IC-detect"
      }
    },
    {
      "type": "Feature",
      "geometry": {
        "type": "Point",
        "coordinates": [
          500141.277484147,
          6966397.711042969
        ]
      },
      "properties": {
        "junction_id": 39569,
        "veh_id": 11582,
        "sim_time_s": 4493.7,
        "tier": "IC-detect"
      }
    },
    {
      "type": "Feature",
      "geometry": {
        "type": "Point",
        "coordinates": [
          499980.5327967798,
          6966744.422381662
        ]
      },
      "properties": {
        "junction_id": 39572,
        "veh_id": 11542,
        "sim_time_s": 4494.6,
        "tier": "IC-detect"
      }
    }
  ]
}