{
  "type": "FeatureCollection",
  "features": [
    {
      "type": "Feature",
      "geometry": {
        "type": "Point",
        "coordinates": [
          500949.05099526537,
          6964042.774652999
        ]
      },
      "properties": {
        "junction_id": 39606,
        "veh_id": 11573,
        "sim_time_s": 0.5,
        "tier": "track-section",
        "prearm_status": "",
        "focus_role": "none"
      }
    },
    {
      "type": "Feature",
      "geometry": {
        "type": "Point",
        "coordinates": [
          500135.181270669,
          6965615.371521625
        ]
      },
      "properties": {
        "junction_id": 39576,
        "veh_id": 11545,
        "sim_time_s": 0.5,
        "tier": "IC-detect",
        "prearm_status": "",
        "focus_role": "none"
      }
    },
    {
      "type": "Feature",
      "geometry": {
        "type": "Point",
        "coordinates": [
          500084.01474659465,
          6967501.832205719
        ]
      },
      "properties": {
        "junction_id": 38339,
        "veh_id": 11563,
        "sim_time_s": 3.6,
        "tier": "IC-detect",
        "prearm_status": "",
        "focus_role": "none"
      }
    },
    {
      "type": "Feature",
      "geometry": {
        "type": "Point",
        "coordinates": [
          500895.89243562147,
          6964115.503173844
        ]
      },
      "properties": {
        "junction_id": 39590,
        "veh_id": 11573,
        "sim_time_s": 5.8,
        "tier": "track-zone",
        "prearm_status": "",
        "focus_role": "none"
      }
    },
    {
      "type": "Feature",
      "geometry": {
        "type": "Point",
        "coordinates": [
          499518.6267495349,
          6966649.137813559
        ]
      },
      "properties": {
        "junction_id": 39572,
        "veh_id": 11538,
        "sim_time_s": 30.1,
        "tier": "IC-detect",
        "prearm_status": "",
        "focus_role": "none"
      }
    },
    {
      "type": "Feature",
      "geometry": {
        "type": "Point",
        "coordinates": [
          499766.0878220931,
          6966602.563325161
        ]
      },
      "properties": {
        "junction_id": 39568,
        "veh_id": 11538,
        "sim_time_s": 47.7,
        "tier": "track-zone",
        "prearm_status": "",
        "focus_role": "none"
      }
    },
    {
      "type": "Feature",
      "geometry": {
        "type": "Point",
        "coordinates": [
          500458.64217558637,
          6965697.036049778
        ]
      },
      "properties": {
        "junction_id": 39578,
        "veh_id": 11545,
        "sim_time_s": 58.5,
        "tier": "track-zone",
        "prearm_status": "",
        "focus_role": "none"
      }
    },
    {
      "type": "Feature",
      "geometry": {
        "type": "Point",
        "coordinates": [
          0.0,
          0.0
        ]
      },
      "properties": {
        "junction_id": 39590,
        "veh_id": 11573,
        "sim_time_s": 60.3,
        "tier": "harmony-no-ge-local",
        "prearm_status": "skip",
        "focus_role": "none"
      }
    },
    {
      "type": "Feature",
      "geometry": {
        "type": "Point",
        "coordinates": [
          0.0,
          0.0
        ]
      },
      "properties": {
        "junction_id": 39576,
        "veh_id": 11545,
        "sim_time_s": 60.3,
        "tier": "harmony-ins-local",
        "prearm_status": "action",
        "focus_role": "none"
      }
    },
    {
      "type": "Feature",
      "geometry": {
        "type": "Point",
        "coordinates": [
          0.0,
          0.0
        ]
      },
      "properties": {
        "junction_id": 38339,
        "veh_id": 11563,
        "sim_time_s": 62.5,
        "tier": "harmony-ins-local",
        "prearm_status": "action",
        "focus_role": "none"
      }
    },
    {
      "type": "Feature",
      "geometry": {
        "type": "Point",
        "coordinates": [
          500751.1686159605,
          6964307.785856364
        ]
      },
      "properties": {
        "junction_id": 36393,
        "veh_id": 11573,
        "sim_time_s": 63.5,
        "tier": "coord-prearm-harmony/SHOCKWAVE",
        "prearm_status": "fired",
        "focus_role": "none"
      }
    },
    {
      "type": "Feature",
      "geometry": {
        "type": "Point",
        "coordinates": [
          0.0,
          0.0
        ]
      },
      "properties": {
        "junction_id": 36393,
        "veh_id": 11573,
        "sim_time_s": 63.9,
        "tier": "harmony-no-ge-local",
        "prearm_status": "skip",
        "focus_role": "none"
      }
    },
    {
      "type": "Feature",
      "geometry": {
        "type": "Point",
        "coordinates": [
          500684.0987813321,
          6964756.319799706
        ]
      },
      "properties": {
        "junction_id": 36393,
        "veh_id": 11573,
        "sim_time_s": 63.9,
        "tier": "coord-prearm-success/SHOCKWAVE",
        "prearm_status": "success",
        "focus_role": "none"
      }
    },
    {
      "type": "Feature",
      "geometry": {
        "type": "Point",
        "coordinates": [
          499966.65092785173,
          6967109.963270646
        ]
      },
      "properties": {
        "junction_id": 11118289,
        "veh_id": 11563,
        "sim_time_s": 70.7,
        "tier": "track-zone",
        "prearm_status": "",
        "focus_role": "none"
      }
    },
    {
      "type": "Feature",
      "geometry": {
        "type": "Point",
        "coordinates": [
          500717.5590378861,
          6964381.7692237785
        ]
      },
      "properties": {
        "junction_id": 36385,
        "veh_id": 11573,
        "sim_time_s": 70.7,
        "tier": "coord-prearm-harmony/SHOCKWAVE",
        "prearm_status": "fired",
        "focus_role": "none"
      }
    },
    {
      "type": "Feature",
      "geometry": {
        "type": "Point",
        "coordinates": [
          0.0,
          0.0
        ]
      },
      "properties": {
        "junction_id": 36385,
        "veh_id": 11573,
        "sim_time_s": 71.1,
        "tier": "harmony-no-ge-local",
        "prearm_status": "skip",
        "focus_role": "none"
      }
    },
    {
      "type": "Feature",
      "geometry": {
        "type": "Point",
        "coordinates": [
          500715.9750991549,
          6965021.28412977
        ]
      },
      "properties": {
        "junction_id": 36385,
        "veh_id": 11573,
        "sim_time_s": 71.1,
        "tier": "coord-prearm-success/SHOCKWAVE",
        "prearm_status": "success",
        "focus_role": "none"
      }
    },
    {
      "type": "Feature",
      "geometry": {
        "type": "Point",
        "coordinates": [
          499961.8110098686,
          6966947.735534787
        ]
      },
      "properties": {
        "junction_id": 39568,
        "veh_id": 11563,
        "sim_time_s": 81.5,
        "tier": "track-zone",
        "prearm_status": "",
        "focus_role": "none"
      }
    },
    {
      "type": "Feature",
      "geometry": {
        "type": "Point",
        "coordinates": [
          0.0,
          0.0
        ]
      },
      "properties": {
        "junction_id": 39572,
        "veh_id": 11538,
        "sim_time_s": 84.2,
        "tier": "harmony-no-ge-local",
        "prearm_status": "skip",
        "focus_role": "none"
      }
    },
    {
      "type": "Feature",
      "geometry": {
        "type": "Point",
        "coordinates": [
          499966.71128496586,
          6966880.577248904
        ]
      },
      "properties": {
        "junction_id": 39572,
        "veh_id": 11563,
        "sim_time_s": 85.5,
        "tier": "track-zone",
        "prearm_status": "",
        "focus_role": "none"
      }
    },
    {
      "type": "Feature",
      "geometry": {
        "type": "Point",
        "coordinates": [
          499894.47879990767,
          6966541.317157937
        ]
      },
      "properties": {
        "junction_id": 39569,
        "veh_id": 11538,
        "sim_time_s": 89.5,
        "tier": "track-zone",
        "prearm_status": "",
        "focus_role": "none"
      }
    },
    {
      "type": "Feature",
      "geometry": {
        "type": "Point",
        "coordinates": [
          0.0,
          0.0
        ]
      },
      "properties": {
        "junction_id": 39569,
        "veh_id": 11538,
        "sim_time_s": 93.6,
        "tier": "harmony-no-ge-local",
        "prearm_status": "skip",
        "focus_role": "none"
      }
    },
    {
      "type": "Feature",
      "geometry": {
        "type": "Point",
        "coordinates": [
          499994.3151852635,
          6966493.216052712
        ]
      },
      "properties": {
        "junction_id": 1043762,
        "veh_id": 11538,
        "sim_time_s": 96.8,
        "tier": "coord-prearm-harmony/SHOCKWAVE",
        "prearm_status": "fired",
        "focus_role": "none"
      }
    },
    {
      "type": "Feature",
      "geometry": {
        "type": "Point",
        "coordinates": [
          0.0,
          0.0
        ]
      },
      "properties": {
        "junction_id": 1043762,
        "veh_id": 11538,
        "sim_time_s": 97.2,
        "tier": "harmony-no-ge-local",
        "prearm_status": "skip",
        "focus_role": "none"
      }
    },
    {
      "type": "Feature",
      "geometry": {
        "type": "Point",
        "coordinates": [
          500248.43905837496,
          6966228.103814566
        ]
      },
      "properties": {
        "junction_id": 1043762,
        "veh_id": 11538,
        "sim_time_s": 97.2,
        "tier": "coord-prearm-success/SHOCKWAVE",
        "prearm_status": "success",
        "focus_role": "none"
      }
    },
    {
      "type": "Feature",
      "geometry": {
        "type": "Point",
        "coordinates": [
          0.0,
          0.0
        ]
      },
      "properties": {
        "junction_id": 39572,
        "veh_id": 11563,
        "sim_time_s": 97.7,
        "tier": "harmony-no-ge-local",
        "prearm_status": "skip",
        "focus_role": "none"
      }
    },
    {
      "type": "Feature",
      "geometry": {
        "type": "Point",
        "coordinates": [
          500012.0936713604,
          6966668.756322554
        ]
      },
      "properties": {
        "junction_id": 39569,
        "veh_id": 11563,
        "sim_time_s": 99.0,
        "tier": "track-zone",
        "prearm_status": "",
        "focus_role": "none"
      }
    },
    {
      "type": "Feature",
      "geometry": {
        "type": "Point",
        "coordinates": [
          500497.79941288807,
          6965702.400636614
        ]
      },
      "properties": {
        "junction_id": 39587,
        "veh_id": 11545,
        "sim_time_s": 128.7,
        "tier": "track-zone",
        "prearm_status": "",
        "focus_role": "none"
      }
    },
    {
      "type": "Feature",
      "geometry": {
        "type": "Point",
        "coordinates": [
          500702.56843159255,
          6964936.911498971
        ]
      },
      "properties": {
        "junction_id": 39593,
        "veh_id": 11573,
        "sim_time_s": 128.7,
        "tier": "track-zone",
        "prearm_status": "",
        "focus_role": "none"
      }
    },
    {
      "type": "Feature",
      "geometry": {
        "type": "Point",
        "coordinates": [
          500521.4794818249,
          6965639.700189075
        ]
      },
      "properties": {
        "junction_id": 1119660,
        "veh_id": 11545,
        "sim_time_s": 135.4,
        "tier": "track-zone",
        "prearm_status": "",
        "focus_role": "none"
      }
    },
    {
      "type": "Feature",
      "geometry": {
        "type": "Point",
        "coordinates": [
          0.0,
          0.0
        ]
      },
      "properties": {
        "junction_id": 39587,
        "veh_id": 11545,
        "sim_time_s": 139.5,
        "tier": "harmony-no-ge-local",
        "prearm_status": "skip",
        "focus_role": "none"
      }
    },
    {
      "type": "Feature",
      "geometry": {
        "type": "Point",
        "coordinates": [
          500559.61936708016,
          6965553.573951604
        ]
      },
      "properties": {
        "junction_id": 10157950,
        "veh_id": 11545,
        "sim_time_s": 142.2,
        "tier": "track-zone",
        "prearm_status": "",
        "focus_role": "none"
      }
    },
    {
      "type": "Feature",
      "geometry": {
        "type": "Point",
        "coordinates": [
          0.0,
          0.0
        ]
      },
      "properties": {
        "junction_id": 39569,
        "veh_id": 11563,
        "sim_time_s": 142.2,
        "tier": "harmony-ins-local",
        "prearm_status": "action",
        "focus_role": "none"
      }
    },
    {
      "type": "Feature",
      "geometry": {
        "type": "Point",
        "coordinates": [
          500610.8440091225,
          6965402.638129946
        ]
      },
      "properties": {
        "junction_id": 39593,
        "veh_id": 11545,
        "sim_time_s": 177.3,
        "tier": "track-zone",
        "prearm_status": "",
        "focus_role": "none"
      }
    },
    {
      "type": "Feature",
      "geometry": {
        "type": "Point",
        "coordinates": [
          500360.23081792524,
          6966093.551465206
        ]
      },
      "properties": {
        "junction_id": 39578,
        "veh_id": 11538,
        "sim_time_s": 182.7,
        "tier": "track-section",
        "prearm_status": "",
        "focus_role": "none"
      }
    },
    {
      "type": "Feature",
      "geometry": {
        "type": "Point",
        "coordinates": [
          0.0,
          0.0
        ]
      },
      "properties": {
        "junction_id": 39578,
        "veh_id": 11538,
        "sim_time_s": 184.1,
        "tier": "harmony-ins-local",
        "prearm_status": "action",
        "focus_role": "none"
      }
    },
    {
      "type": "Feature",
      "geometry": {
        "type": "Point",
        "coordinates": [
          500648.09957220516,
          6965257.042397099
        ]
      },
      "properties": {
        "junction_id": 36385,
        "veh_id": 11545,
        "sim_time_s": 186.8,
        "tier": "track-zone",
        "prearm_status": "",
        "focus_role": "none"
      }
    },
    {
      "type": "Feature",
      "geometry": {
        "type": "Point",
        "coordinates": [
          0.0,
          0.0
        ]
      },
      "properties": {
        "junction_id": 39593,
        "veh_id": 11545,
        "sim_time_s": 186.8,
        "tier": "harmony-no-ge-local",
        "prearm_status": "skip",
        "focus_role": "none"
      }
    },
    {
      "type": "Feature",
      "geometry": {
        "type": "Point",
        "coordinates": [
          500700.3201207808,
          6965034.312460809
        ]
      },
      "properties": {
        "junction_id": 36385,
        "veh_id": 11573,
        "sim_time_s": 191.2,
        "tier": "IC-detect",
        "prearm_status": "",
        "focus_role": "none"
      }
    },
    {
      "type": "Feature",
      "geometry": {
        "type": "Point",
        "coordinates": [
          0.0,
          0.0
        ]
      },
      "properties": {
        "junction_id": 39593,
        "veh_id": 11573,
        "sim_time_s": 194.8,
        "tier": "harmony-no-ge-local",
        "prearm_status": "skip",
        "focus_role": "none"
      }
    },
    {
      "type": "Feature",
      "geometry": {
        "type": "Point",
        "coordinates": [
          500125.411627487,
          6966440.972665056
        ]
      },
      "properties": {
        "junction_id": 1043762,
        "veh_id": 11563,
        "sim_time_s": 196.2,
        "tier": "track-zone",
        "prearm_status": "",
        "focus_role": "none"
      }
    },
    {
      "type": "Feature",
      "geometry": {
        "type": "Point",
        "coordinates": [
          500685.93682691734,
          6965105.701981541
        ]
      },
      "properties": {
        "junction_id": 10157950,
        "veh_id": 11573,
        "sim_time_s": 196.2,
        "tier": "track-zone",
        "prearm_status": "",
        "focus_role": "none"
      }
    },
    {
      "type": "Feature",
      "geometry": {
        "type": "Point",
        "coordinates": [
          0.0,
          0.0
        ]
      },
      "properties": {
        "junction_id": 36385,
        "veh_id": 11545,
        "sim_time_s": 197.6,
        "tier": "harmony-no-ge-local",
        "prearm_status": "skip",
        "focus_role": "none"
      }
    },
    {
      "type": "Feature",
      "geometry": {
        "type": "Point",
        "coordinates": [
          500536.4272942761,
          6965921.606028688
        ]
      },
      "properties": {
        "junction_id": 39576,
        "veh_id": 11538,
        "sim_time_s": 198.9,
        "tier": "track-zone",
        "prearm_status": "",
        "focus_role": "none"
      }
    },
    {
      "type": "Feature",
      "geometry": {
        "type": "Point",
        "coordinates": [
          500675.2036226777,
          6965147.351846476
        ]
      },
      "properties": {
        "junction_id": 10157950,
        "veh_id": 11573,
        "sim_time_s": 199.8,
        "tier": "coord-prearm-harmony/SHOCKWAVE",
        "prearm_status": "fired",
        "focus_role": "none"
      }
    },
    {
      "type": "Feature",
      "geometry": {
        "type": "Point",
        "coordinates": [
          500718.5137728465,
          6965060.008374987
        ]
      },
      "properties": {
        "junction_id": 36393,
        "veh_id": 11545,
        "sim_time_s": 200.7,
        "tier": "coord-prearm-harmony/SHOCKWAVE",
        "prearm_status": "fired",
        "focus_role": "none"
      }
    },
    {
      "type": "Feature",
      "geometry": {
        "type": "Point",
        "coordinates": [
          0.0,
          0.0
        ]
      },
      "properties": {
        "junction_id": 36393,
        "veh_id": 11545,
        "sim_time_s": 201.2,
        "tier": "harmony-no-ge-local",
        "prearm_status": "skip",
        "focus_role": "none"
      }
    },
    {
      "type": "Feature",
      "geometry": {
        "type": "Point",
        "coordinates": [
          500684.0987813321,
          6964756.319799706
        ]
      },
      "properties": {
        "junction_id": 36393,
        "veh_id": 11545,
        "sim_time_s": 201.2,
        "tier": "coord-prearm-success/SHOCKWAVE",
        "prearm_status": "success",
        "focus_role": "none"
      }
    },
    {
      "type": "Feature",
      "geometry": {
        "type": "Point",
        "coordinates": [
          500662.04542003915,
          6965190.185413089
        ]
      },
      "properties": {
        "junction_id": 1119660,
        "veh_id": 11573,
        "sim_time_s": 201.6,
        "tier": "track-zone",
        "prearm_status": "",
        "focus_role": "none"
      }
    },
    {
      "type": "Feature",
      "geometry": {
        "type": "Point",
        "coordinates": [
          500643.9101609744,
          6965231.331966975
        ]
      },
      "properties": {
        "junction_id": 39587,
        "veh_id": 11573,
        "sim_time_s": 204.3,
        "tier": "track-zone",
        "prearm_status": "",
        "focus_role": "none"
      }
    },
    {
      "type": "Feature",
      "geometry": {
        "type": "Point",
        "coordinates": [
          0.0,
          0.0
        ]
      },
      "properties": {
        "junction_id": 1043762,
        "veh_id": 11563,
        "sim_time_s": 204.3,
        "tier": "harmony-no-ge-local",
        "prearm_status": "skip",
        "focus_role": "none"
      }
    },
    {
      "type": "Feature",
      "geometry": {
        "type": "Point",
        "coordinates": [
          500728.9832918726,
          6965003.628802561
        ]
      },
      "properties": {
        "junction_id": 39590,
        "veh_id": 11545,
        "sim_time_s": 205.2,
        "tier": "coord-prearm-harmony/SHOCKWAVE",
        "prearm_status": "fired",
        "focus_role": "none"
      }
    },
    {
      "type": "Feature",
      "geometry": {
        "type": "Point",
        "coordinates": [
          0.0,
          0.0
        ]
      },
      "properties": {
        "junction_id": 39590,
        "veh_id": 11545,
        "sim_time_s": 205.7,
        "tier": "harmony-no-ge-local",
        "prearm_status": "skip",
        "focus_role": "none"
      }
    },
    {
      "type": "Feature",
      "geometry": {
        "type": "Point",
        "coordinates": [
          500756.5972760396,
          6964319.360583134
        ]
      },
      "properties": {
        "junction_id": 39590,
        "veh_id": 11545,
        "sim_time_s": 205.7,
        "tier": "coord-prearm-success/SHOCKWAVE",
        "prearm_status": "success",
        "focus_role": "none"
      }
    },
    {
      "type": "Feature",
      "geometry": {
        "type": "Point",
        "coordinates": [
          0.0,
          0.0
        ]
      },
      "properties": {
        "junction_id": 39576,
        "veh_id": 11538,
        "sim_time_s": 207.0,
        "tier": "harmony-ins-local",
        "prearm_status": "action",
        "focus_role": "none"
      }
    },
    {
      "type": "Feature",
      "geometry": {
        "type": "Point",
        "coordinates": [
          500712.4763056779,
          6964903.088264614
        ]
      },
      "properties": {
        "junction_id": 39606,
        "veh_id": 11545,
        "sim_time_s": 211.5,
        "tier": "coord-prearm-harmony/SHOCKWAVE",
        "prearm_status": "fired",
        "focus_role": "none"
      }
    },
    {
      "type": "Feature",
      "geometry": {
        "type": "Point",
        "coordinates": [
          0.0,
          0.0
        ]
      },
      "properties": {
        "junction_id": 39606,
        "veh_id": 11545,
        "sim_time_s": 211.9,
        "tier": "harmony-no-ge-local",
        "prearm_status": "skip",
        "focus_role": "none"
      }
    },
    {
      "type": "Feature",
      "geometry": {
        "type": "Point",
        "coordinates": [
          500851.8606898629,
          6964194.216881554
        ]
      },
      "properties": {
        "junction_id": 39606,
        "veh_id": 11545,
        "sim_time_s": 211.9,
        "tier": "coord-prearm-success/SHOCKWAVE",
        "prearm_status": "success",
        "focus_role": "none"
      }
    },
    {
      "type": "Feature",
      "geometry": {
        "type": "Point",
        "coordinates": [
          0.0,
          0.0
        ]
      },
      "properties": {
        "junction_id": 39587,
        "veh_id": 11573,
        "sim_time_s": 217.8,
        "tier": "harmony-no-ge-local",
        "prearm_status": "skip",
        "focus_role": "none"
      }
    },
    {
      "type": "Feature",
      "geometry": {
        "type": "Point",
        "coordinates": [
          500574.56707763043,
          6965462.815703105
        ]
      },
      "properties": {
        "junction_id": 39576,
        "veh_id": 11573,
        "sim_time_s": 219.2,
        "tier": "track-zone",
        "prearm_status": "",
        "focus_role": "none"
      }
    },
    {
      "type": "Feature",
      "geometry": {
        "type": "Point",
        "coordinates": [
          500512.57243472064,
          6965705.3443995435
        ]
      },
      "properties": {
        "junction_id": 39587,
        "veh_id": 11538,
        "sim_time_s": 220.5,
        "tier": "track-zone",
        "prearm_status": "",
        "focus_role": "none"
      }
    },
    {
      "type": "Feature",
      "geometry": {
        "type": "Point",
        "coordinates": [
          500358.16179465345,
          6966095.177970775
        ]
      },
      "properties": {
        "junction_id": 39578,
        "veh_id": 11563,
        "sim_time_s": 223.2,
        "tier": "track-section",
        "prearm_status": "",
        "focus_role": "none"
      }
    },
    {
      "type": "Feature",
      "geometry": {
        "type": "Point",
        "coordinates": [
          500521.28107799194,
          6965640.618744645
        ]
      },
      "properties": {
        "junction_id": 1119660,
        "veh_id": 11538,
        "sim_time_s": 227.2,
        "tier": "track-zone",
        "prearm_status": "",
        "focus_role": "none"
      }
    },
    {
      "type": "Feature",
      "geometry": {
        "type": "Point",
        "coordinates": [
          0.0,
          0.0
        ]
      },
      "properties": {
        "junction_id": 39587,
        "veh_id": 11538,
        "sim_time_s": 232.7,
        "tier": "harmony-no-ge-local",
        "prearm_status": "skip",
        "focus_role": "none"
      }
    },
    {
      "type": "Feature",
      "geometry": {
        "type": "Point",
        "coordinates": [
          500550.8365429773,
          6965565.736553491
        ]
      },
      "properties": {
        "junction_id": 10157950,
        "veh_id": 11538,
        "sim_time_s": 234.0,
        "tier": "track-zone",
        "prearm_status": "",
        "focus_role": "none"
      }
    },
    {
      "type": "Feature",
      "geometry": {
        "type": "Point",
        "coordinates": [
          500492.51226117957,
          6965683.730159258
        ]
      },
      "properties": {
        "junction_id": 39578,
        "veh_id": 11573,
        "sim_time_s": 236.7,
        "tier": "track-zone",
        "prearm_status": "",
        "focus_role": "none"
      }
    },
    {
      "type": "Feature",
      "geometry": {
        "type": "Point",
        "coordinates": [
          500530.57655144687,
          6965937.2775793765
        ]
      },
      "properties": {
        "junction_id": 39576,
        "veh_id": 11563,
        "sim_time_s": 238.1,
        "tier": "track-zone",
        "prearm_status": "",
        "focus_role": "none"
      }
    },
    {
      "type": "Feature",
      "geometry": {
        "type": "Point",
        "coordinates": [
          0.0,
          0.0
        ]
      },
      "properties": {
        "junction_id": 39578,
        "veh_id": 11563,
        "sim_time_s": 244.3,
        "tier": "harmony-no-ge-local",
        "prearm_status": "skip",
        "focus_role": "none"
      }
    },
    {
      "type": "Feature",
      "geometry": {
        "type": "Point",
        "coordinates": [
          500606.4112435741,
          6965407.95788659
        ]
      },
      "properties": {
        "junction_id": 39593,
        "veh_id": 11538,
        "sim_time_s": 244.8,
        "tier": "track-zone",
        "prearm_status": "",
        "focus_role": "none"
      }
    },
    {
      "type": "Feature",
      "geometry": {
        "type": "Point",
        "coordinates": [
          500643.91300417477,
          6965259.616609487
        ]
      },
      "properties": {
        "junction_id": 36385,
        "veh_id": 11538,
        "sim_time_s": 255.6,
        "tier": "track-zone",
        "prearm_status": "",
        "focus_role": "none"
      }
    },
    {
      "type": "Feature",
      "geometry": {
        "type": "Point",
        "coordinates": [
          0.0,
          0.0
        ]
      },
      "properties": {
        "junction_id": 39593,
        "veh_id": 11538,
        "sim_time_s": 255.6,
        "tier": "harmony-no-ge-local",
        "prearm_status": "skip",
        "focus_role": "none"
      }
    },
    {
      "type": "Feature",
      "geometry": {
        "type": "Point",
        "coordinates": [
          0.0,
          0.0
        ]
      },
      "properties": {
        "junction_id": 39576,
        "veh_id": 11573,
        "sim_time_s": 267.3,
        "tier": "harmony-no-ge-local",
        "prearm_status": "skip",
        "focus_role": "none"
      }
    },
    {
      "type": "Feature",
      "geometry": {
        "type": "Point",
        "coordinates": [
          0.0,
          0.0
        ]
      },
      "properties": {
        "junction_id": 39578,
        "veh_id": 11573,
        "sim_time_s": 271.8,
        "tier": "harmony-ins-local",
        "prearm_status": "action",
        "focus_role": "none"
      }
    },
    {
      "type": "Feature",
      "geometry": {
        "type": "Point",
        "coordinates": [
          0.0,
          0.0
        ]
      },
      "properties": {
        "junction_id": 39576,
        "veh_id": 11563,
        "sim_time_s": 274.5,
        "tier": "harmony-no-ge-local",
        "prearm_status": "skip",
        "focus_role": "none"
      }
    },
    {
      "type": "Feature",
      "geometry": {
        "type": "Point",
        "coordinates": [
          0.0,
          0.0
        ]
      },
      "properties": {
        "junction_id": 36385,
        "veh_id": 11538,
        "sim_time_s": 275.9,
        "tier": "harmony-ins-local",
        "prearm_status": "action",
        "focus_role": "none"
      }
    },
    {
      "type": "Feature",
      "geometry": {
        "type": "Point",
        "coordinates": [
          500613.23897735216,
          6965330.540829102
        ]
      },
      "properties": {
        "junction_id": 10157950,
        "veh_id": 11573,
        "sim_time_s": 276.3,
        "tier": "coord-prearm-missed/SHOCKWAVE",
        "prearm_status": "missed",
        "focus_role": "none"
      }
    },
    {
      "type": "Feature",
      "geometry": {
        "type": "Point",
        "coordinates": [
          500714.37723191077,
          6965091.670238907
        ]
      },
      "properties": {
        "junction_id": 36393,
        "veh_id": 11538,
        "sim_time_s": 279.0,
        "tier": "coord-prearm-harmony/SHOCKWAVE",
        "prearm_status": "fired",
        "focus_role": "none"
      }
    },
    {
      "type": "Feature",
      "geometry": {
        "type": "Point",
        "coordinates": [
          0.0,
          0.0
        ]
      },
      "properties": {
        "junction_id": 36393,
        "veh_id": 11538,
        "sim_time_s": 279.4,
        "tier": "harmony-ins-local",
        "prearm_status": "action",
        "focus_role": "none"
      }
    },
    {
      "type": "Feature",
      "geometry": {
        "type": "Point",
        "coordinates": [
          500684.0987813321,
          6964756.319799706
        ]
      },
      "properties": {
        "junction_id": 36393,
        "veh_id": 11538,
        "sim_time_s": 279.4,
        "tier": "coord-prearm-success/SHOCKWAVE",
        "prearm_status": "success",
        "focus_role": "none"
      }
    },
    {
      "type": "Feature",
      "geometry": {
        "type": "Point",
        "coordinates": [
          500716.0371391224,
          6965084.967936262
        ]
      },
      "properties": {
        "junction_id": 39590,
        "veh_id": 11538,
        "sim_time_s": 283.5,
        "tier": "coord-prearm-harmony/SHOCKWAVE",
        "prearm_status": "fired",
        "focus_role": "none"
      }
    },
    {
      "type": "Feature",
      "geometry": {
        "type": "Point",
        "coordinates": [
          0.0,
          0.0
        ]
      },
      "properties": {
        "junction_id": 39590,
        "veh_id": 11538,
        "sim_time_s": 283.9,
        "tier": "harmony-ins-local",
        "prearm_status": "action",
        "focus_role": "none"
      }
    },
    {
      "type": "Feature",
      "geometry": {
        "type": "Point",
        "coordinates": [
          500756.5972760396,
          6964319.360583134
        ]
      },
      "properties": {
        "junction_id": 39590,
        "veh_id": 11538,
        "sim_time_s": 283.9,
        "tier": "coord-prearm-success/SHOCKWAVE",
        "prearm_status": "success",
        "focus_role": "none"
      }
    },
    {
      "type": "Feature",
      "geometry": {
        "type": "Point",
        "coordinates": [
          500716.2464871916,
          6965084.122639543
        ]
      },
      "properties": {
        "junction_id": 39606,
        "veh_id": 11538,
        "sim_time_s": 288.9,
        "tier": "coord-prearm-harmony/SHOCKWAVE",
        "prearm_status": "fired",
        "focus_role": "none"
      }
    },
    {
      "type": "Feature",
      "geometry": {
        "type": "Point",
        "coordinates": [
          0.0,
          0.0
        ]
      },
      "properties": {
        "junction_id": 39606,
        "veh_id": 11538,
        "sim_time_s": 289.4,
        "tier": "harmony-ins-local",
        "prearm_status": "action",
        "focus_role": "none"
      }
    },
    {
      "type": "Feature",
      "geometry": {
        "type": "Point",
        "coordinates": [
          500851.8606898629,
          6964194.216881554
        ]
      },
      "properties": {
        "junction_id": 39606,
        "veh_id": 11538,
        "sim_time_s": 289.4,
        "tier": "coord-prearm-success/SHOCKWAVE",
        "prearm_status": "success",
        "focus_role": "none"
      }
    },
    {
      "type": "Feature",
      "geometry": {
        "type": "Point",
        "coordinates": [
          500400.77132601815,
          6966037.33013447
        ]
      },
      "properties": {
        "junction_id": 1043762,
        "veh_id": 11573,
        "sim_time_s": 290.7,
        "tier": "track-zone",
        "prearm_status": "",
        "focus_role": "none"
      }
    },
    {
      "type": "Feature",
      "geometry": {
        "type": "Point",
        "coordinates": [
          0.0,
          0.0
        ]
      },
      "properties": {
        "junction_id": 1043762,
        "veh_id": 11573,
        "sim_time_s": 293.4,
        "tier": "harmony-no-ge-local",
        "prearm_status": "skip",
        "focus_role": "none"
      }
    },
    {
      "type": "Feature",
      "geometry": {
        "type": "Point",
        "coordinates": [
          500349.7877982814,
          6966081.553436337
        ]
      },
      "properties": {
        "junction_id": 39569,
        "veh_id": 11573,
        "sim_time_s": 295.6,
        "tier": "coord-prearm-harmony/SHOCKWAVE",
        "prearm_status": "fired",
        "focus_role": "none"
      }
    },
    {
      "type": "Feature",
      "geometry": {
        "type": "Point",
        "coordinates": [
          0.0,
          0.0
        ]
      },
      "properties": {
        "junction_id": 39569,
        "veh_id": 11573,
        "sim_time_s": 296.1,
        "tier": "harmony-ins-local",
        "prearm_status": "action",
        "focus_role": "none"
      }
    },
    {
      "type": "Feature",
      "geometry": {
        "type": "Point",
        "coordinates": [
          500105.32496907446,
          6966447.427635934
        ]
      },
      "properties": {
        "junction_id": 39569,
        "veh_id": 11573,
        "sim_time_s": 296.1,
        "tier": "coord-prearm-success/SHOCKWAVE",
        "prearm_status": "success",
        "focus_role": "none"
      }
    },
    {
      "type": "Feature",
      "geometry": {
        "type": "Point",
        "coordinates": [
          500945.67046802037,
          6964036.799411514
        ]
      },
      "properties": {
        "junction_id": 39606,
        "veh_id": 11552,
        "sim_time_s": 300.1,
        "tier": "track-section",
        "prearm_status": "",
        "focus_role": "none"
      }
    },
    {
      "type": "Feature",
      "geometry": {
        "type": "Point",
        "coordinates": [
          500291.5097932163,
          6966147.100091746
        ]
      },
      "properties": {
        "junction_id": 39572,
        "veh_id": 11573,
        "sim_time_s": 301.1,
        "tier": "coord-prearm-harmony/SHOCKWAVE",
        "prearm_status": "fired",
        "focus_role": "none"
      }
    },
    {
      "type": "Feature",
      "geometry": {
        "type": "Point",
        "coordinates": [
          0.0,
          0.0
        ]
      },
      "properties": {
        "junction_id": 39572,
        "veh_id": 11573,
        "sim_time_s": 301.5,
        "tier": "harmony-no-ge-local",
        "prearm_status": "skip",
        "focus_role": "none"
      }
    },
    {
      "type": "Feature",
      "geometry": {
        "type": "Point",
        "coordinates": [
          500012.2556836749,
          6966653.44887729
        ]
      },
      "properties": {
        "junction_id": 39572,
        "veh_id": 11573,
        "sim_time_s": 301.5,
        "tier": "coord-prearm-success/SHOCKWAVE",
        "prearm_status": "success",
        "focus_role": "none"
      }
    },
    {
      "type": "Feature",
      "geometry": {
        "type": "Point",
        "coordinates": [
          499517.98841592675,
          6966652.267301873
        ]
      },
      "properties": {
        "junction_id": 39572,
        "veh_id": 11531,
        "sim_time_s": 313.6,
        "tier": "IC-detect",
        "prearm_status": "",
        "focus_role": "none"
      }
    },
    {
      "type": "Feature",
      "geometry": {
        "type": "Point",
        "coordinates": [
          500512.2863688996,
          6965708.286828506
        ]
      },
      "properties": {
        "junction_id": 39587,
        "veh_id": 11563,
        "sim_time_s": 324.4,
        "tier": "track-zone",
        "prearm_status": "",
        "focus_role": "none"
      }
    },
    {
      "type": "Feature",
      "geometry": {
        "type": "Point",
        "coordinates": [
          500518.1962538794,
          6965649.576713707
        ]
      },
      "properties": {
        "junction_id": 1119660,
        "veh_id": 11563,
        "sim_time_s": 329.9,
        "tier": "track-zone",
        "prearm_status": "",
        "focus_role": "none"
      }
    },
    {
      "type": "Feature",
      "geometry": {
        "type": "Point",
        "coordinates": [
          500907.0125869958,
          6964146.20041091
        ]
      },
      "properties": {
        "junction_id": 39606,
        "veh_id": 11545,
        "sim_time_s": 332.1,
        "tier": "IC-detect",
        "prearm_status": "",
        "focus_role": "none"
      }
    },
    {
      "type": "Feature",
      "geometry": {
        "type": "Point",
        "coordinates": [
          499763.06546783785,
          6966603.819724558
        ]
      },
      "properties": {
        "junction_id": 39568,
        "veh_id": 11531,
        "sim_time_s": 335.2,
        "tier": "track-zone",
        "prearm_status": "",
        "focus_role": "none"
      }
    },
    {
      "type": "Feature",
      "geometry": {
        "type": "Point",
        "coordinates": [
          0.0,
          0.0
        ]
      },
      "properties": {
        "junction_id": 39587,
        "veh_id": 11563,
        "sim_time_s": 335.2,
        "tier": "harmony-ins-local",
        "prearm_status": "action",
        "focus_role": "none"
      }
    },
    {
      "type": "Feature",
      "geometry": {
        "type": "Point",
        "coordinates": [
          500553.5000536774,
          6965566.641466023
        ]
      },
      "properties": {
        "junction_id": 10157950,
        "veh_id": 11563,
        "sim_time_s": 336.6,
        "tier": "track-zone",
        "prearm_status": "",
        "focus_role": "none"
      }
    },
    {
      "type": "Feature",
      "geometry": {
        "type": "Point",
        "coordinates": [
          0.0,
          0.0
        ]
      },
      "properties": {
        "junction_id": 39572,
        "veh_id": 11531,
        "sim_time_s": 337.9,
        "tier": "harmony-no-ge-local",
        "prearm_status": "skip",
        "focus_role": "none"
      }
    },
    {
      "type": "Feature",
      "geometry": {
        "type": "Point",
        "coordinates": [
          500890.6538603446,
          6964116.80001632
        ]
      },
      "properties": {
        "junction_id": 39590,
        "veh_id": 11552,
        "sim_time_s": 342.0,
        "tier": "track-zone",
        "prearm_status": "",
        "focus_role": "none"
      }
    },
    {
      "type": "Feature",
      "geometry": {
        "type": "Point",
        "coordinates": [
          499882.94225108036,
          6966546.590902128
        ]
      },
      "properties": {
        "junction_id": 39569,
        "veh_id": 11531,
        "sim_time_s": 346.1,
        "tier": "track-zone",
        "prearm_status": "",
        "focus_role": "none"
      }
    },
    {
      "type": "Feature",
      "geometry": {
        "type": "Point",
        "coordinates": [
          0.0,
          0.0
        ]
      },
      "properties": {
        "junction_id": 39606,
        "veh_id": 11552,
        "sim_time_s": 349.6,
        "tier": "harmony-no-ge-local",
        "prearm_status": "skip",
        "focus_role": "none"
      }
    },
    {
      "type": "Feature",
      "geometry": {
        "type": "Point",
        "coordinates": [
          500611.86274752655,
          6965398.22597709
        ]
      },
      "properties": {
        "junction_id": 39593,
        "veh_id": 11563,
        "sim_time_s": 352.8,
        "tier": "track-zone",
        "prearm_status": "",
        "focus_role": "none"
      }
    },
    {
      "type": "Feature",
      "geometry": {
        "type": "Point",
        "coordinates": [
          0.0,
          0.0
        ]
      },
      "properties": {
        "junction_id": 39590,
        "veh_id": 11552,
        "sim_time_s": 352.8,
        "tier": "harmony-ins-local",
        "prearm_status": "action",
        "focus_role": "none"
      }
    },
    {
      "type": "Feature",
      "geometry": {
        "type": "Point",
        "coordinates": [
          500779.23026100866,
          6964257.9152788045
        ]
      },
      "properties": {
        "junction_id": 36393,
        "veh_id": 11552,
        "sim_time_s": 356.9,
        "tier": "coord-prearm-harmony/SHOCKWAVE",
        "prearm_status": "fired",
        "focus_role": "none"
      }
    },
    {
      "type": "Feature",
      "geometry": {
        "type": "Point",
        "coordinates": [
          0.0,
          0.0
        ]
      },
      "properties": {
        "junction_id": 36393,
        "veh_id": 11552,
        "sim_time_s": 357.3,
        "tier": "harmony-no-ge-local",
        "prearm_status": "skip",
        "focus_role": "none"
      }
    },
    {
      "type": "Feature",
      "geometry": {
        "type": "Point",
        "coordinates": [
          500684.0987813321,
          6964756.319799706
        ]
      },
      "properties": {
        "junction_id": 36393,
        "veh_id": 11552,
        "sim_time_s": 357.3,
        "tier": "coord-prearm-success/SHOCKWAVE",
        "prearm_status": "success",
        "focus_role": "none"
      }
    },
    {
      "type": "Feature",
      "geometry": {
        "type": "Point",
        "coordinates": [
          500646.7841562727,
          6965259.97929431
        ]
      },
      "properties": {
        "junction_id": 36385,
        "veh_id": 11563,
        "sim_time_s": 362.2,
        "tier": "track-zone",
        "prearm_status": "",
        "focus_role": "none"
      }
    },
    {
      "type": "Feature",
      "geometry": {
        "type": "Point",
        "coordinates": [
          0.0,
          0.0
        ]
      },
      "properties": {
        "junction_id": 39593,
        "veh_id": 11563,
        "sim_time_s": 362.2,
        "tier": "harmony-ins-local",
        "prearm_status": "action",
        "focus_role": "none"
      }
    },
    {
      "type": "Feature",
      "geometry": {
        "type": "Point",
        "coordinates": [
          500776.6406099069,
          6964262.114687843
        ]
      },
      "properties": {
        "junction_id": 36385,
        "veh_id": 11552,
        "sim_time_s": 362.2,
        "tier": "coord-prearm-harmony/SHOCKWAVE",
        "prearm_status": "fired",
        "focus_role": "none"
      }
    },
    {
      "type": "Feature",
      "geometry": {
        "type": "Point",
        "coordinates": [
          0.0,
          0.0
        ]
      },
      "properties": {
        "junction_id": 36385,
        "veh_id": 11552,
        "sim_time_s": 362.7,
        "tier": "harmony-no-ge-local",
        "prearm_status": "skip",
        "focus_role": "none"
      }
    },
    {
      "type": "Feature",
      "geometry": {
        "type": "Point",
        "coordinates": [
          500715.9750991549,
          6965021.28412977
        ]
      },
      "properties": {
        "junction_id": 36385,
        "veh_id": 11552,
        "sim_time_s": 362.7,
        "tier": "coord-prearm-success/SHOCKWAVE",
        "prearm_status": "success",
        "focus_role": "none"
      }
    },
    {
      "type": "Feature",
      "geometry": {
        "type": "Point",
        "coordinates": [
          500078.94469603524,
          6966483.818473125
        ]
      },
      "properties": {
        "junction_id": 39568,
        "veh_id": 11573,
        "sim_time_s": 374.4,
        "tier": "track-zone",
        "prearm_status": "",
        "focus_role": "none"
      }
    },
    {
      "type": "Feature",
      "geometry": {
        "type": "Point",
        "coordinates": [
          499516.11596848787,
          6966652.920581126
        ]
      },
      "properties": {
        "junction_id": 39572,
        "veh_id": 11556,
        "sim_time_s": 375.3,
        "tier": "IC-detect",
        "prearm_status": "",
        "focus_role": "none"
      }
    },
    {
      "type": "Feature",
      "geometry": {
        "type": "Point",
        "coordinates": [
          0.0,
          0.0
        ]
      },
      "properties": {
        "junction_id": 39569,
        "veh_id": 11531,
        "sim_time_s": 381.1,
        "tier": "harmony-ins-local",
        "prearm_status": "action",
        "focus_role": "none"
      }
    },
    {
      "type": "Feature",
      "geometry": {
        "type": "Point",
        "coordinates": [
          500036.2535184912,
          6966470.167281594
        ]
      },
      "properties": {
        "junction_id": 1043762,
        "veh_id": 11531,
        "sim_time_s": 384.3,
        "tier": "coord-prearm-harmony/SHOCKWAVE",
        "prearm_status": "fired",
        "focus_role": "none"
      }
    },
    {
      "type": "Feature",
      "geometry": {
        "type": "Point",
        "coordinates": [
          0.0,
          0.0
        ]
      },
      "properties": {
        "junction_id": 1043762,
        "veh_id": 11531,
        "sim_time_s": 384.8,
        "tier": "harmony-no-ge-local",
        "prearm_status": "skip",
        "focus_role": "none"
      }
    },
    {
      "type": "Feature",
      "geometry": {
        "type": "Point",
        "coordinates": [
          500248.43905837496,
          6966228.103814566
        ]
      },
      "properties": {
        "junction_id": 1043762,
        "veh_id": 11531,
        "sim_time_s": 384.8,
        "tier": "coord-prearm-success/SHOCKWAVE",
        "prearm_status": "success",
        "focus_role": "none"
      }
    },
    {
      "type": "Feature",
      "geometry": {
        "type": "Point",
        "coordinates": [
          500699.0033649422,
          6964807.000846143
        ]
      },
      "properties": {
        "junction_id": 36393,
        "veh_id": 11538,
        "sim_time_s": 399.6,
        "tier": "IC-detect",
        "prearm_status": "",
        "focus_role": "none"
      }
    },
    {
      "type": "Feature",
      "geometry": {
        "type": "Point",
        "coordinates": [
          0.0,
          0.0
        ]
      },
      "properties": {
        "junction_id": 36385,
        "veh_id": 11563,
        "sim_time_s": 404.1,
        "tier": "harmony-no-ge-local",
        "prearm_status": "skip",
        "focus_role": "none"
      }
    },
    {
      "type": "Feature",
      "geometry": {
        "type": "Point",
        "coordinates": [
          500149.843257049,
          6966401.9206444435
        ]
      },
      "properties": {
        "junction_id": 39578,
        "veh_id": 11531,
        "sim_time_s": 407.7,
        "tier": "coord-prearm-harmony/SHOCKWAVE",
        "prearm_status": "fired",
        "focus_role": "none"
      }
    },
    {
      "type": "Feature",
      "geometry": {
        "type": "Point",
        "coordinates": [
          0.0,
          0.0
        ]
      },
      "properties": {
        "junction_id": 39578,
        "veh_id": 11531,
        "sim_time_s": 408.1,
        "tier": "harmony-no-ge-local",
        "prearm_status": "skip",
        "focus_role": "none"
      }
    },
    {
      "type": "Feature",
      "geometry": {
        "type": "Point",
        "coordinates": [
          500534.0301698125,
          6965929.528541097
        ]
      },
      "properties": {
        "junction_id": 39578,
        "veh_id": 11531,
        "sim_time_s": 408.1,
        "tier": "coord-prearm-success/SHOCKWAVE",
        "prearm_status": "success",
        "focus_role": "none"
      }
    },
    {
      "type": "Feature",
      "geometry": {
        "type": "Point",
        "coordinates": [
          500714.86077236984,
          6965088.876542851
        ]
      },
      "properties": {
        "junction_id": 36393,
        "veh_id": 11563,
        "sim_time_s": 408.1,
        "tier": "coord-prearm-harmony/SHOCKWAVE",
        "prearm_status": "fired",
        "focus_role": "none"
      }
    },
    {
      "type": "Feature",
      "geometry": {
        "type": "Point",
        "coordinates": [
          0.0,
          0.0
        ]
      },
      "properties": {
        "junction_id": 36393,
        "veh_id": 11563,
        "sim_time_s": 408.6,
        "tier": "harmony-no-ge-local",
        "prearm_status": "skip",
        "focus_role": "none"
      }
    },
    {
      "type": "Feature",
      "geometry": {
        "type": "Point",
        "coordinates": [
          500684.0987813321,
          6964756.319799706
        ]
      },
      "properties": {
        "junction_id": 36393,
        "veh_id": 11563,
        "sim_time_s": 408.6,
        "tier": "coord-prearm-success/SHOCKWAVE",
        "prearm_status": "success",
        "focus_role": "none"
      }
    },
    {
      "type": "Feature",
      "geometry": {
        "type": "Point",
        "coordinates": [
          500715.78016597265,
          6965085.164254517
        ]
      },
      "properties": {
        "junction_id": 39590,
        "veh_id": 11563,
        "sim_time_s": 411.8,
        "tier": "coord-prearm-harmony/SHOCKWAVE",
        "prearm_status": "fired",
        "focus_role": "none"
      }
    },
    {
      "type": "Feature",
      "geometry": {
        "type": "Point",
        "coordinates": [
          0.0,
          0.0
        ]
      },
      "properties": {
        "junction_id": 39590,
        "veh_id": 11563,
        "sim_time_s": 413.1,
        "tier": "harmony-no-ge-local",
        "prearm_status": "skip",
        "focus_role": "none"
      }
    },
    {
      "type": "Feature",
      "geometry": {
        "type": "Point",
        "coordinates": [
          500756.5972760396,
          6964319.360583134
        ]
      },
      "properties": {
        "junction_id": 39590,
        "veh_id": 11563,
        "sim_time_s": 413.1,
        "tier": "coord-prearm-success/SHOCKWAVE",
        "prearm_status": "success",
        "focus_role": "none"
      }
    },
    {
      "type": "Feature",
      "geometry": {
        "type": "Point",
        "coordinates": [
          0.0,
          0.0
        ]
      },
      "properties": {
        "junction_id": 39572,
        "veh_id": 11556,
        "sim_time_s": 415.4,
        "tier": "harmony-no-ge-local",
        "prearm_status": "skip",
        "focus_role": "none"
      }
    },
    {
      "type": "Feature",
      "geometry": {
        "type": "Point",
        "coordinates": [
          500689.4237143153,
          6964556.549025389
        ]
      },
      "properties": {
        "junction_id": 39590,
        "veh_id": 11538,
        "sim_time_s": 421.6,
        "tier": "track-zone",
        "prearm_status": "",
        "focus_role": "none"
      }
    },
    {
      "type": "Feature",
      "geometry": {
        "type": "Point",
        "coordinates": [
          500018.48118134495,
          6966620.472988239
        ]
      },
      "properties": {
        "junction_id": 11118289,
        "veh_id": 11573,
        "sim_time_s": 421.6,
        "tier": "track-zone",
        "prearm_status": "",
        "focus_role": "none"
      }
    },
    {
      "type": "Feature",
      "geometry": {
        "type": "Point",
        "coordinates": [
          500018.48118134495,
          6966620.472988239
        ]
      },
      "properties": {
        "junction_id": 39572,
        "veh_id": 11573,
        "sim_time_s": 421.6,
        "tier": "IC-detect",
        "prearm_status": "",
        "focus_role": "none"
      }
    },
    {
      "type": "Feature",
      "geometry": {
        "type": "Point",
        "coordinates": [
          499757.28102258034,
          6966606.833260975
        ]
      },
      "properties": {
        "junction_id": 39568,
        "veh_id": 11556,
        "sim_time_s": 432.4,
        "tier": "track-zone",
        "prearm_status": "",
        "focus_role": "none"
      }
    },
    {
      "type": "Feature",
      "geometry": {
        "type": "Point",
        "coordinates": [
          500727.7973459162,
          6964407.206999512
        ]
      },
      "properties": {
        "junction_id": 39606,
        "veh_id": 11538,
        "sim_time_s": 435.1,
        "tier": "track-zone",
        "prearm_status": "",
        "focus_role": "none"
      }
    },
    {
      "type": "Feature",
      "geometry": {
        "type": "Point",
        "coordinates": [
          499960.6626182603,
          6966796.186604071
        ]
      },
      "properties": {
        "junction_id": 38339,
        "veh_id": 11573,
        "sim_time_s": 435.1,
        "tier": "track-zone",
        "prearm_status": "",
        "focus_role": "none"
      }
    },
    {
      "type": "Feature",
      "geometry": {
        "type": "Point",
        "coordinates": [
          500526.9607438594,
          6965938.1167368125
        ]
      },
      "properties": {
        "junction_id": 39576,
        "veh_id": 11531,
        "sim_time_s": 444.6,
        "tier": "track-zone",
        "prearm_status": "",
        "focus_role": "none"
      }
    },
    {
      "type": "Feature",
      "geometry": {
        "type": "Point",
        "coordinates": [
          0.0,
          0.0
        ]
      },
      "properties": {
        "junction_id": 38339,
        "veh_id": 11573,
        "sim_time_s": 444.6,
        "tier": "harmony-ins-local",
        "prearm_status": "action",
        "focus_role": "none"
      }
    },
    {
      "type": "Feature",
      "geometry": {
        "type": "Point",
        "coordinates": [
          500952.09229130344,
          6964037.796872752
        ]
      },
      "properties": {
        "junction_id": 39606,
        "veh_id": 11574,
        "sim_time_s": 450.0,
        "tier": "track-section",
        "prearm_status": "",
        "focus_role": "none"
      }
    },
    {
      "type": "Feature",
      "geometry": {
        "type": "Point",
        "coordinates": [
          0.0,
          0.0
        ]
      },
      "properties": {
        "junction_id": 39606,
        "veh_id": 11574,
        "sim_time_s": 450.0,
        "tier": "harmony-no-ge-local",
        "prearm_status": "skip",
        "focus_role": "none"
      }
    },
    {
      "type": "Feature",
      "geometry": {
        "type": "Point",
        "coordinates": [
          500087.97191681445,
          6967506.11806405
        ]
      },
      "properties": {
        "junction_id": 38339,
        "veh_id": 11564,
        "sim_time_s": 453.1,
        "tier": "IC-detect",
        "prearm_status": "",
        "focus_role": "none"
      }
    },
    {
      "type": "Feature",
      "geometry": {
        "type": "Point",
        "coordinates": [
          500927.5930527998,
          6964074.867800911
        ]
      },
      "properties": {
        "junction_id": 39590,
        "veh_id": 11574,
        "sim_time_s": 453.1,
        "tier": "coord-prearm-harmony/SHOCKWAVE",
        "prearm_status": "fired",
        "focus_role": "none"
      }
    },
    {
      "type": "Feature",
      "geometry": {
        "type": "Point",
        "coordinates": [
          0.0,
          0.0
        ]
      },
      "properties": {
        "junction_id": 39590,
        "veh_id": 11574,
        "sim_time_s": 453.6,
        "tier": "harmony-no-ge-local",
        "prearm_status": "skip",
        "focus_role": "none"
      }
    },
    {
      "type": "Feature",
      "geometry": {
        "type": "Point",
        "coordinates": [
          500756.5972760396,
          6964319.360583134
        ]
      },
      "properties": {
        "junction_id": 39590,
        "veh_id": 11574,
        "sim_time_s": 453.6,
        "tier": "coord-prearm-success/SHOCKWAVE",
        "prearm_status": "success",
        "focus_role": "none"
      }
    },
    {
      "type": "Feature",
      "geometry": {
        "type": "Point",
        "coordinates": [
          0.0,
          0.0
        ]
      },
      "properties": {
        "junction_id": 39576,
        "veh_id": 11531,
        "sim_time_s": 454.1,
        "tier": "harmony-no-ge-local",
        "prearm_status": "skip",
        "focus_role": "none"
      }
    },
    {
      "type": "Feature",
      "geometry": {
        "type": "Point",
        "coordinates": [
          500889.2134052075,
          6964123.012863111
        ]
      },
      "properties": {
        "junction_id": 36393,
        "veh_id": 11574,
        "sim_time_s": 456.8,
        "tier": "coord-prearm-harmony/SHOCKWAVE",
        "prearm_status": "fired",
        "focus_role": "none"
      }
    },
    {
      "type": "Feature",
      "geometry": {
        "type": "Point",
        "coordinates": [
          0.0,
          0.0
        ]
      },
      "properties": {
        "junction_id": 36393,
        "veh_id": 11574,
        "sim_time_s": 457.2,
        "tier": "harmony-no-ge-local",
        "prearm_status": "skip",
        "focus_role": "none"
      }
    },
    {
      "type": "Feature",
      "geometry": {
        "type": "Point",
        "coordinates": [
          500684.0987813321,
          6964756.319799706
        ]
      },
      "properties": {
        "junction_id": 36393,
        "veh_id": 11574,
        "sim_time_s": 457.2,
        "tier": "coord-prearm-success/SHOCKWAVE",
        "prearm_status": "success",
        "focus_role": "none"
      }
    },
    {
      "type": "Feature",
      "geometry": {
        "type": "Point",
        "coordinates": [
          500840.3925570526,
          6964176.445137365
        ]
      },
      "properties": {
        "junction_id": 36385,
        "veh_id": 11574,
        "sim_time_s": 463.1,
        "tier": "coord-prearm-harmony/SHOCKWAVE",
        "prearm_status": "fired",
        "focus_role": "none"
      }
    },
    {
      "type": "Feature",
      "geometry": {
        "type": "Point",
        "coordinates": [
          0.0,
          0.0
        ]
      },
      "properties": {
        "junction_id": 36385,
        "veh_id": 11574,
        "sim_time_s": 463.5,
        "tier": "harmony-ins-local",
        "prearm_status": "action",
        "focus_role": "none"
      }
    },
    {
      "type": "Feature",
      "geometry": {
        "type": "Point",
        "coordinates": [
          500715.9750991549,
          6965021.28412977
        ]
      },
      "properties": {
        "junction_id": 36385,
        "veh_id": 11574,
        "sim_time_s": 463.5,
        "tier": "coord-prearm-success/SHOCKWAVE",
        "prearm_status": "success",
        "focus_role": "none"
      }
    },
    {
      "type": "Feature",
      "geometry": {
        "type": "Point",
        "coordinates": [
          500509.55710917816,
          6965701.22222988
        ]
      },
      "properties": {
        "junction_id": 39587,
        "veh_id": 11531,
        "sim_time_s": 464.9,
        "tier": "track-zone",
        "prearm_status": "",
        "focus_role": "none"
      }
    },
    {
      "type": "Feature",
      "geometry": {
        "type": "Point",
        "coordinates": [
          500518.417517746,
          6965639.170771195
        ]
      },
      "properties": {
        "junction_id": 1119660,
        "veh_id": 11531,
        "sim_time_s": 471.6,
        "tier": "track-zone",
        "prearm_status": "",
        "focus_role": "none"
      }
    },
    {
      "type": "Feature",
      "geometry": {
        "type": "Point",
        "coordinates": [
          499884.38694720424,
          6966546.132144142
        ]
      },
      "properties": {
        "junction_id": 39569,
        "veh_id": 11556,
        "sim_time_s": 472.9,
        "tier": "track-zone",
        "prearm_status": "",
        "focus_role": "none"
      }
    },
    {
      "type": "Feature",
      "geometry": {
        "type": "Point",
        "coordinates": [
          500751.61178305116,
          6964306.651933331
        ]
      },
      "properties": {
        "junction_id": 39590,
        "veh_id": 11552,
        "sim_time_s": 472.9,
        "tier": "IC-detect",
        "prearm_status": "",
        "focus_role": "none"
      }
    },
    {
      "type": "Feature",
      "geometry": {
        "type": "Point",
        "coordinates": [
          0.0,
          0.0
        ]
      },
      "properties": {
        "junction_id": 39587,
        "veh_id": 11531,
        "sim_time_s": 477.0,
        "tier": "harmony-no-ge-local",
        "prearm_status": "skip",
        "focus_role": "none"
      }
    },
    {
      "type": "Feature",
      "geometry": {
        "type": "Point",
        "coordinates": [
          0.0,
          0.0
        ]
      },
      "properties": {
        "junction_id": 39569,
        "veh_id": 11556,
        "sim_time_s": 477.0,
        "tier": "harmony-no-ge-local",
        "prearm_status": "skip",
        "focus_role": "none"
      }
    },
    {
      "type": "Feature",
      "geometry": {
        "type": "Point",
        "coordinates": [
          500548.2359683259,
          6965570.951199716
        ]
      },
      "properties": {
        "junction_id": 10157950,
        "veh_id": 11531,
        "sim_time_s": 478.4,
        "tier": "track-zone",
        "prearm_status": "",
        "focus_role": "none"
      }
    },
    {
      "type": "Feature",
      "geometry": {
        "type": "Point",
        "coordinates": [
          499978.698392341,
          6966500.620431191
        ]
      },
      "properties": {
        "junction_id": 1043762,
        "veh_id": 11556,
        "sim_time_s": 480.1,
        "tier": "coord-prearm-harmony/SHOCKWAVE",
        "prearm_status": "fired",
        "focus_role": "none"
      }
    },
    {
      "type": "Feature",
      "geometry": {
        "type": "Point",
        "coordinates": [
          0.0,
          0.0
        ]
      },
      "properties": {
        "junction_id": 1043762,
        "veh_id": 11556,
        "sim_time_s": 480.6,
        "tier": "harmony-no-ge-local",
        "prearm_status": "skip",
        "focus_role": "none"
      }
    },
    {
      "type": "Feature",
      "geometry": {
        "type": "Point",
        "coordinates": [
          500248.43905837496,
          6966228.103814566
        ]
      },
      "properties": {
        "junction_id": 1043762,
        "veh_id": 11556,
        "sim_time_s": 480.6,
        "tier": "coord-prearm-success/SHOCKWAVE",
        "prearm_status": "success",
        "focus_role": "none"
      }
    },
    {
      "type": "Feature",
      "geometry": {
        "type": "Point",
        "coordinates": [
          500605.6925502829,
          6965409.768122513
        ]
      },
      "properties": {
        "junction_id": 39593,
        "veh_id": 11531,
        "sim_time_s": 498.6,
        "tier": "track-zone",
        "prearm_status": "",
        "focus_role": "none"
      }
    },
    {
      "type": "Feature",
      "geometry": {
        "type": "Point",
        "coordinates": [
          500027.3078565771,
          6966477.781667517
        ]
      },
      "properties": {
        "junction_id": 39578,
        "veh_id": 11556,
        "sim_time_s": 503.6,
        "tier": "coord-prearm-harmony/SHOCKWAVE",
        "prearm_status": "fired",
        "focus_role": "none"
      }
    },
    {
      "type": "Feature",
      "geometry": {
        "type": "Point",
        "coordinates": [
          0.0,
          0.0
        ]
      },
      "properties": {
        "junction_id": 39578,
        "veh_id": 11556,
        "sim_time_s": 504.0,
        "tier": "harmony-no-ge-local",
        "prearm_status": "skip",
        "focus_role": "none"
      }
    },
    {
      "type": "Feature",
      "geometry": {
        "type": "Point",
        "coordinates": [
          500534.0301698125,
          6965929.528541097
        ]
      },
      "properties": {
        "junction_id": 39578,
        "veh_id": 11556,
        "sim_time_s": 504.0,
        "tier": "coord-prearm-success/SHOCKWAVE",
        "prearm_status": "success",
        "focus_role": "none"
      }
    },
    {
      "type": "Feature",
      "geometry": {
        "type": "Point",
        "coordinates": [
          499461.8203094985,
          6967098.302397873
        ]
      },
      "properties": {
        "junction_id": 38339,
        "veh_id": 11540,
        "sim_time_s": 506.7,
        "tier": "IC-detect",
        "prearm_status": "",
        "focus_role": "none"
      }
    },
    {
      "type": "Feature",
      "geometry": {
        "type": "Point",
        "coordinates": [
          500673.2467889201,
          6964521.485449655
        ]
      },
      "properties": {
        "junction_id": 36393,
        "veh_id": 11552,
        "sim_time_s": 514.8,
        "tier": "track-zone",
        "prearm_status": "",
        "focus_role": "none"
      }
    },
    {
      "type": "Feature",
      "geometry": {
        "type": "Point",
        "coordinates": [
          0.0,
          0.0
        ]
      },
      "properties": {
        "junction_id": 38339,
        "veh_id": 11564,
        "sim_time_s": 515.7,
        "tier": "harmony-ins-local",
        "prearm_status": "action",
        "focus_role": "none"
      }
    },
    {
      "type": "Feature",
      "geometry": {
        "type": "Point",
        "coordinates": [
          500643.87512180425,
          6965259.230943317
        ]
      },
      "properties": {
        "junction_id": 36385,
        "veh_id": 11531,
        "sim_time_s": 518.9,
        "tier": "track-zone",
        "prearm_status": "",
        "focus_role": "none"
      }
    },
    {
      "type": "Feature",
      "geometry": {
        "type": "Point",
        "coordinates": [
          499966.35185146186,
          6967106.432865345
        ]
      },
      "properties": {
        "junction_id": 11118289,
        "veh_id": 11564,
        "sim_time_s": 518.9,
        "tier": "track-zone",
        "prearm_status": "",
        "focus_role": "none"
      }
    },
    {
      "type": "Feature",
      "geometry": {
        "type": "Point",
        "coordinates": [
          0.0,
          0.0
        ]
      },
      "properties": {
        "junction_id": 39593,
        "veh_id": 11531,
        "sim_time_s": 524.2,
        "tier": "harmony-no-ge-local",
        "prearm_status": "skip",
        "focus_role": "none"
      }
    },
    {
      "type": "Feature",
      "geometry": {
        "type": "Point",
        "coordinates": [
          500691.82025011035,
          6964778.464512488
        ]
      },
      "properties": {
        "junction_id": 36393,
        "veh_id": 11563,
        "sim_time_s": 528.8,
        "tier": "IC-detect",
        "prearm_status": "",
        "focus_role": "none"
      }
    },
    {
      "type": "Feature",
      "geometry": {
        "type": "Point",
        "coordinates": [
          499959.4084021739,
          6966944.43045155
        ]
      },
      "properties": {
        "junction_id": 39568,
        "veh_id": 11564,
        "sim_time_s": 535.0,
        "tier": "track-zone",
        "prearm_status": "",
        "focus_role": "none"
      }
    },
    {
      "type": "Feature",
      "geometry": {
        "type": "Point",
        "coordinates": [
          499964.0630503271,
          6966878.087587306
        ]
      },
      "properties": {
        "junction_id": 39572,
        "veh_id": 11564,
        "sim_time_s": 539.1,
        "tier": "track-zone",
        "prearm_status": "",
        "focus_role": "none"
      }
    },
    {
      "type": "Feature",
      "geometry": {
        "type": "Point",
        "coordinates": [
          500868.47204990603,
          6964175.933064835
        ]
      },
      "properties": {
        "junction_id": 39590,
        "veh_id": 11538,
        "sim_time_s": 543.1,
        "tier": "track-zone",
        "prearm_status": "",
        "focus_role": "none"
      }
    },
    {
      "type": "Feature",
      "geometry": {
        "type": "Point",
        "coordinates": [
          500683.69226682966,
          6964549.807353397
        ]
      },
      "properties": {
        "junction_id": 39590,
        "veh_id": 11563,
        "sim_time_s": 548.5,
        "tier": "track-zone",
        "prearm_status": "",
        "focus_role": "none"
      }
    },
    {
      "type": "Feature",
      "geometry": {
        "type": "Point",
        "coordinates": [
          0.0,
          0.0
        ]
      },
      "properties": {
        "junction_id": 39572,
        "veh_id": 11564,
        "sim_time_s": 551.2,
        "tier": "harmony-no-ge-local",
        "prearm_status": "skip",
        "focus_role": "none"
      }
    },
    {
      "type": "Feature",
      "geometry": {
        "type": "Point",
        "coordinates": [
          500010.32349973085,
          6966673.875392777
        ]
      },
      "properties": {
        "junction_id": 39569,
        "veh_id": 11564,
        "sim_time_s": 552.6,
        "tier": "track-zone",
        "prearm_status": "",
        "focus_role": "none"
      }
    },
    {
      "type": "Feature",
      "geometry": {
        "type": "Point",
        "coordinates": [
          499816.83165423013,
          6967042.751864584
        ]
      },
      "properties": {
        "junction_id": 11118289,
        "veh_id": 11540,
        "sim_time_s": 563.4,
        "tier": "track-zone",
        "prearm_status": "",
        "focus_role": "none"
      }
    },
    {
      "type": "Feature",
      "geometry": {
        "type": "Point",
        "coordinates": [
          500679.7032315283,
          6964778.6215410875
        ]
      },
      "properties": {
        "junction_id": 36385,
        "veh_id": 11552,
        "sim_time_s": 567.5,
        "tier": "track-zone",
        "prearm_status": "",
        "focus_role": "none"
      }
    },
    {
      "type": "Feature",
      "geometry": {
        "type": "Point",
        "coordinates": [
          500731.13538726716,
          6964406.578782436
        ]
      },
      "properties": {
        "junction_id": 39606,
        "veh_id": 11563,
        "sim_time_s": 567.5,
        "tier": "track-zone",
        "prearm_status": "",
        "focus_role": "none"
      }
    },
    {
      "type": "Feature",
      "geometry": {
        "type": "Point",
        "coordinates": [
          0.0,
          0.0
        ]
      },
      "properties": {
        "junction_id": 38339,
        "veh_id": 11540,
        "sim_time_s": 576.0,
        "tier": "harmony-ins-local",
        "prearm_status": "action",
        "focus_role": "none"
      }
    },
    {
      "type": "Feature",
      "geometry": {
        "type": "Point",
        "coordinates": [
          500694.87890868797,
          6964896.8833204415
        ]
      },
      "properties": {
        "junction_id": 36393,
        "veh_id": 11574,
        "sim_time_s": 577.4,
        "tier": "IC-detect",
        "prearm_status": "",
        "focus_role": "none"
      }
    },
    {
      "type": "Feature",
      "geometry": {
        "type": "Point",
        "coordinates": [
          500701.86784881784,
          6964932.922330781
        ]
      },
      "properties": {
        "junction_id": 39593,
        "veh_id": 11574,
        "sim_time_s": 582.3,
        "tier": "track-zone",
        "prearm_status": "",
        "focus_role": "none"
      }
    },
    {
      "type": "Feature",
      "geometry": {
        "type": "Point",
        "coordinates": [
          500703.38646415283,
          6964942.20209052
        ]
      },
      "properties": {
        "junction_id": 36385,
        "veh_id": 11574,
        "sim_time_s": 583.6,
        "tier": "IC-detect",
        "prearm_status": "",
        "focus_role": "none"
      }
    },
    {
      "type": "Feature",
      "geometry": {
        "type": "Point",
        "coordinates": [
          500725.9263641287,
          6964996.68520439
        ]
      },
      "properties": {
        "junction_id": 36393,
        "veh_id": 11531,
        "sim_time_s": 585.0,
        "tier": "track-zone",
        "prearm_status": "",
        "focus_role": "none"
      }
    },
    {
      "type": "Feature",
      "geometry": {
        "type": "Point",
        "coordinates": [
          0.0,
          0.0
        ]
      },
      "properties": {
        "junction_id": 36385,
        "veh_id": 11531,
        "sim_time_s": 589.0,
        "tier": "harmony-no-ge-local",
        "prearm_status": "skip",
        "focus_role": "none"
      }
    },
    {
      "type": "Feature",
      "geometry": {
        "type": "Point",
        "coordinates": [
          0.0,
          0.0
        ]
      },
      "properties": {
        "junction_id": 39569,
        "veh_id": 11564,
        "sim_time_s": 597.1,
        "tier": "harmony-no-ge-local",
        "prearm_status": "skip",
        "focus_role": "none"
      }
    },
    {
      "type": "Feature",
      "geometry": {
        "type": "Point",
        "coordinates": [
          500293.20266985364,
          6966174.639486366
        ]
      },
      "properties": {
        "junction_id": 1043762,
        "veh_id": 11556,
        "sim_time_s": 600.8,
        "tier": "IC-detect",
        "prearm_status": "",
        "focus_role": "none"
      }
    },
    {
      "type": "Feature",
      "geometry": {
        "type": "Point",
        "coordinates": [
          0.0,
          0.0
        ]
      },
      "properties": {
        "junction_id": 36393,
        "veh_id": 11531,
        "sim_time_s": 609.3,
        "tier": "harmony-ins-local",
        "prearm_status": "action",
        "focus_role": "none"
      }
    },
    {
      "type": "Feature",
      "geometry": {
        "type": "Point",
        "coordinates": [
          500694.90689330664,
          6964780.141120987
        ]
      },
      "properties": {
        "junction_id": 39590,
        "veh_id": 11531,
        "sim_time_s": 612.5,
        "tier": "coord-prearm-harmony/SHOCKWAVE",
        "prearm_status": "fired",
        "focus_role": "none"
      }
    },
    {
      "type": "Feature",
      "geometry": {
        "type": "Point",
        "coordinates": [
          0.0,
          0.0
        ]
      },
      "properties": {
        "junction_id": 39590,
        "veh_id": 11531,
        "sim_time_s": 612.9,
        "tier": "harmony-no-ge-local",
        "prearm_status": "skip",
        "focus_role": "none"
      }
    },
    {
      "type": "Feature",
      "geometry": {
        "type": "Point",
        "coordinates": [
          500756.5972760396,
          6964319.360583134
        ]
      },
      "properties": {
        "junction_id": 39590,
        "veh_id": 11531,
        "sim_time_s": 612.9,
        "tier": "coord-prearm-success/SHOCKWAVE",
        "prearm_status": "success",
        "focus_role": "none"
      }
    },
    {
      "type": "Feature",
      "geometry": {
        "type": "Point",
        "coordinates": [
          500701.5519519643,
          6964931.4272125615
        ]
      },
      "properties": {
        "junction_id": 39593,
        "veh_id": 11552,
        "sim_time_s": 621.5,
        "tier": "track-zone",
        "prearm_status": "",
        "focus_role": "none"
      }
    },
    {
      "type": "Feature",
      "geometry": {
        "type": "Point",
        "coordinates": [
          500688.95857288653,
          6965093.976022506
        ]
      },
      "properties": {
        "junction_id": 10157950,
        "veh_id": 11574,
        "sim_time_s": 621.5,
        "tier": "track-zone",
        "prearm_status": "",
        "focus_role": "none"
      }
    },
    {
      "type": "Feature",
      "geometry": {
        "type": "Point",
        "coordinates": [
          0.0,
          0.0
        ]
      },
      "properties": {
        "junction_id": 39593,
        "veh_id": 11574,
        "sim_time_s": 621.5,
        "tier": "harmony-no-ge-local",
        "prearm_status": "skip",
        "focus_role": "none"
      }
    },
    {
      "type": "Feature",
      "geometry": {
        "type": "Point",
        "coordinates": [
          500667.99348220474,
          6965174.576717227
        ]
      },
      "properties": {
        "junction_id": 1119660,
        "veh_id": 11574,
        "sim_time_s": 629.5,
        "tier": "track-zone",
        "prearm_status": "",
        "focus_role": "none"
      }
    },
    {
      "type": "Feature",
      "geometry": {
        "type": "Point",
        "coordinates": [
          500364.0928545696,
          6966090.036730084
        ]
      },
      "properties": {
        "junction_id": 39578,
        "veh_id": 11556,
        "sim_time_s": 632.2,
        "tier": "track-section",
        "prearm_status": "",
        "focus_role": "none"
      }
    },
    {
      "type": "Feature",
      "geometry": {
        "type": "Point",
        "coordinates": [
          500639.62101090763,
          6965232.786380419
        ]
      },
      "properties": {
        "junction_id": 39587,
        "veh_id": 11574,
        "sim_time_s": 633.6,
        "tier": "track-zone",
        "prearm_status": "",
        "focus_role": "none"
      }
    },
    {
      "type": "Feature",
      "geometry": {
        "type": "Point",
        "coordinates": [
          500705.09364095284,
          6964955.2053044485
        ]
      },
      "properties": {
        "junction_id": 36393,
        "veh_id": 11552,
        "sim_time_s": 636.3,
        "tier": "track-zone",
        "prearm_status": "",
        "focus_role": "none"
      }
    },
    {
      "type": "Feature",
      "geometry": {
        "type": "Point",
        "coordinates": [
          499962.7421394276,
          6966942.473054918
        ]
      },
      "properties": {
        "junction_id": 39568,
        "veh_id": 11540,
        "sim_time_s": 637.6,
        "tier": "track-zone",
        "prearm_status": "",
        "focus_role": "none"
      }
    },
    {
      "type": "Feature",
      "geometry": {
        "type": "Point",
        "coordinates": [
          499969.14896390284,
          6966897.637764932
        ]
      },
      "properties": {
        "junction_id": 39572,
        "veh_id": 11540,
        "sim_time_s": 643.0,
        "tier": "track-zone",
        "prearm_status": "",
        "focus_role": "none"
      }
    },
    {
      "type": "Feature",
      "geometry": {
        "type": "Point",
        "coordinates": [
          0.0,
          0.0
        ]
      },
      "properties": {
        "junction_id": 39606,
        "veh_id": 11563,
        "sim_time_s": 643.0,
        "tier": "harmony-no-ge-local",
        "prearm_status": "skip",
        "focus_role": "none"
      }
    },
    {
      "type": "Feature",
      "geometry": {
        "type": "Point",
        "coordinates": [
          0.0,
          0.0
        ]
      },
      "properties": {
        "junction_id": 39587,
        "veh_id": 11574,
        "sim_time_s": 647.1,
        "tier": "harmony-no-ge-local",
        "prearm_status": "skip",
        "focus_role": "none"
      }
    },
    {
      "type": "Feature",
      "geometry": {
        "type": "Point",
        "coordinates": [
          500126.2191774436,
          6966435.31032812
        ]
      },
      "properties": {
        "junction_id": 1043762,
        "veh_id": 11564,
        "sim_time_s": 655.2,
        "tier": "track-zone",
        "prearm_status": "",
        "focus_role": "none"
      }
    },
    {
      "type": "Feature",
      "geometry": {
        "type": "Point",
        "coordinates": [
          500573.7356827502,
          6965455.617343377
        ]
      },
      "properties": {
        "junction_id": 39576,
        "veh_id": 11574,
        "sim_time_s": 656.5,
        "tier": "track-zone",
        "prearm_status": "",
        "focus_role": "none"
      }
    },
    {
      "type": "Feature",
      "geometry": {
        "type": "Point",
        "coordinates": [
          0.0,
          0.0
        ]
      },
      "properties": {
        "junction_id": 1043762,
        "veh_id": 11564,
        "sim_time_s": 662.0,
        "tier": "harmony-ins-local",
        "prearm_status": "action",
        "focus_role": "none"
      }
    },
    {
      "type": "Feature",
      "geometry": {
        "type": "Point",
        "coordinates": [
          0.0,
          0.0
        ]
      },
      "properties": {
        "junction_id": 36385,
        "veh_id": 11552,
        "sim_time_s": 662.9,
        "tier": "harmony-ins-local",
        "prearm_status": "action",
        "focus_role": "none"
      }
    },
    {
      "type": "Feature",
      "geometry": {
        "type": "Point",
        "coordinates": [
          500530.867781299,
          6965937.171307273
        ]
      },
      "properties": {
        "junction_id": 39576,
        "veh_id": 11556,
        "sim_time_s": 667.4,
        "tier": "track-zone",
        "prearm_status": "",
        "focus_role": "none"
      }
    },
    {
      "type": "Feature",
      "geometry": {
        "type": "Point",
        "coordinates": [
          500846.43335338414,
          6964199.022220058
        ]
      },
      "properties": {
        "junction_id": 39590,
        "veh_id": 11563,
        "sim_time_s": 670.0,
        "tier": "track-zone",
        "prearm_status": "",
        "focus_role": "none"
      }
    },
    {
      "type": "Feature",
      "geometry": {
        "type": "Point",
        "coordinates": [
          500684.3542643908,
          6965091.574794188
        ]
      },
      "properties": {
        "junction_id": 10157950,
        "veh_id": 11552,
        "sim_time_s": 672.8,
        "tier": "track-zone",
        "prearm_status": "",
        "focus_role": "none"
      }
    },
    {
      "type": "Feature",
      "geometry": {
        "type": "Point",
        "coordinates": [
          0.0,
          0.0
        ]
      },
      "properties": {
        "junction_id": 39593,
        "veh_id": 11552,
        "sim_time_s": 672.8,
        "tier": "harmony-no-ge-local",
        "prearm_status": "skip",
        "focus_role": "none"
      }
    },
    {
      "type": "Feature",
      "geometry": {
        "type": "Point",
        "coordinates": [
          0.0,
          0.0
        ]
      },
      "properties": {
        "junction_id": 39576,
        "veh_id": 11556,
        "sim_time_s": 676.8,
        "tier": "harmony-no-ge-local",
        "prearm_status": "skip",
        "focus_role": "none"
      }
    },
    {
      "type": "Feature",
      "geometry": {
        "type": "Point",
        "coordinates": [
          500351.29138302937,
          6966097.609325762
        ]
      },
      "properties": {
        "junction_id": 39578,
        "veh_id": 11564,
        "sim_time_s": 680.9,
        "tier": "track-section",
        "prearm_status": "",
        "focus_role": "none"
      }
    },
    {
      "type": "Feature",
      "geometry": {
        "type": "Point",
        "coordinates": [
          0.0,
          0.0
        ]
      },
      "properties": {
        "junction_id": 39578,
        "veh_id": 11564,
        "sim_time_s": 683.5,
        "tier": "harmony-no-ge-local",
        "prearm_status": "skip",
        "focus_role": "none"
      }
    },
    {
      "type": "Feature",
      "geometry": {
        "type": "Point",
        "coordinates": [
          499971.1760832927,
          6966773.466583616
        ]
      },
      "properties": {
        "junction_id": 11118289,
        "veh_id": 11540,
        "sim_time_s": 684.9,
        "tier": "track-zone",
        "prearm_status": "",
        "focus_role": "none"
      }
    },
    {
      "type": "Feature",
      "geometry": {
        "type": "Point",
        "coordinates": [
          500724.4818976861,
          6964406.673349026
        ]
      },
      "properties": {
        "junction_id": 39606,
        "veh_id": 11531,
        "sim_time_s": 690.3,
        "tier": "track-zone",
        "prearm_status": "",
        "focus_role": "none"
      }
    },
    {
      "type": "Feature",
      "geometry": {
        "type": "Point",
        "coordinates": [
          0.0,
          0.0
        ]
      },
      "properties": {
        "junction_id": 39576,
        "veh_id": 11574,
        "sim_time_s": 691.6,
        "tier": "harmony-no-ge-local",
        "prearm_status": "skip",
        "focus_role": "none"
      }
    },
    {
      "type": "Feature",
      "geometry": {
        "type": "Point",
        "coordinates": [
          500663.7214863159,
          6965176.945476898
        ]
      },
      "properties": {
        "junction_id": 1119660,
        "veh_id": 11552,
        "sim_time_s": 693.0,
        "tier": "track-zone",
        "prearm_status": "",
        "focus_role": "none"
      }
    },
    {
      "type": "Feature",
      "geometry": {
        "type": "Point",
        "coordinates": [
          500636.9417502542,
          6965238.466793682
        ]
      },
      "properties": {
        "junction_id": 39587,
        "veh_id": 11552,
        "sim_time_s": 697.0,
        "tier": "track-zone",
        "prearm_status": "",
        "focus_role": "none"
      }
    },
    {
      "type": "Feature",
      "geometry": {
        "type": "Point",
        "coordinates": [
          500924.5189433935,
          6965248.436222348
        ]
      },
      "properties": {
        "junction_id": 39593,
        "veh_id": 11527,
        "sim_time_s": 720.0,
        "tier": "track-zone",
        "prearm_status": "",
        "focus_role": "none"
      }
    },
    {
      "type": "Feature",
      "geometry": {
        "type": "Point",
        "coordinates": [
          0.0,
          0.0
        ]
      },
      "properties": {
        "junction_id": 39593,
        "veh_id": 11527,
        "sim_time_s": 720.0,
        "tier": "harmony-no-ge-local",
        "prearm_status": "skip",
        "focus_role": "none"
      }
    },
    {
      "type": "Feature",
      "geometry": {
        "type": "Point",
        "coordinates": [
          500840.3742352916,
          6965216.582848693
        ]
      },
      "properties": {
        "junction_id": 36385,
        "veh_id": 11527,
        "sim_time_s": 725.4,
        "tier": "track-zone",
        "prearm_status": "",
        "focus_role": "none"
      }
    },
    {
      "type": "Feature",
      "geometry": {
        "type": "Point",
        "coordinates": [
          500820.33141726156,
          6965206.367446969
        ]
      },
      "properties": {
        "junction_id": 10157950,
        "veh_id": 11527,
        "sim_time_s": 726.8,
        "tier": "track-zone",
        "prearm_status": "",
        "focus_role": "none"
      }
    },
    {
      "type": "Feature",
      "geometry": {
        "type": "Point",
        "coordinates": [
          0.0,
          0.0
        ]
      },
      "properties": {
        "junction_id": 39572,
        "veh_id": 11540,
        "sim_time_s": 728.1,
        "tier": "harmony-no-ge-local",
        "prearm_status": "skip",
        "focus_role": "none"
      }
    },
    {
      "type": "Feature",
      "geometry": {
        "type": "Point",
        "coordinates": [
          0.0,
          0.0
        ]
      },
      "properties": {
        "junction_id": 39587,
        "veh_id": 11552,
        "sim_time_s": 729.5,
        "tier": "harmony-no-ge-local",
        "prearm_status": "skip",
        "focus_role": "none"
      }
    },
    {
      "type": "Feature",
      "geometry": {
        "type": "Point",
        "coordinates": [
          500745.34903458745,
          6964354.124913172
        ]
      },
      "properties": {
        "junction_id": 39590,
        "veh_id": 11531,
        "sim_time_s": 733.0,
        "tier": "IC-detect",
        "prearm_status": "",
        "focus_role": "none"
      }
    },
    {
      "type": "Feature",
      "geometry": {
        "type": "Point",
        "coordinates": [
          500573.63467884855,
          6965455.660675146
        ]
      },
      "properties": {
        "junction_id": 39576,
        "veh_id": 11552,
        "sim_time_s": 733.5,
        "tier": "track-zone",
        "prearm_status": "",
        "focus_role": "none"
      }
    },
    {
      "type": "Feature",
      "geometry": {
        "type": "Point",
        "coordinates": [
          500529.7755237853,
          6965938.229764651
        ]
      },
      "properties": {
        "junction_id": 39576,
        "veh_id": 11564,
        "sim_time_s": 738.9,
        "tier": "track-zone",
        "prearm_status": "",
        "focus_role": "none"
      }
    },
    {
      "type": "Feature",
      "geometry": {
        "type": "Point",
        "coordinates": [
          500512.5135554119,
          6965708.292555044
        ]
      },
      "properties": {
        "junction_id": 39587,
        "veh_id": 11556,
        "sim_time_s": 743.0,
        "tier": "track-zone",
        "prearm_status": "",
        "focus_role": "none"
      }
    },
    {
      "type": "Feature",
      "geometry": {
        "type": "Point",
        "coordinates": [
          500492.23985658435,
          6965688.126603663
        ]
      },
      "properties": {
        "junction_id": 39578,
        "veh_id": 11574,
        "sim_time_s": 744.3,
        "tier": "track-zone",
        "prearm_status": "",
        "focus_role": "none"
      }
    },
    {
      "type": "Feature",
      "geometry": {
        "type": "Point",
        "coordinates": [
          500518.41449425876,
          6965649.6400985755
        ]
      },
      "properties": {
        "junction_id": 1119660,
        "veh_id": 11556,
        "sim_time_s": 748.4,
        "tier": "track-zone",
        "prearm_status": "",
        "focus_role": "none"
      }
    },
    {
      "type": "Feature",
      "geometry": {
        "type": "Point",
        "coordinates": [
          0.0,
          0.0
        ]
      },
      "properties": {
        "junction_id": 36385,
        "veh_id": 11527,
        "sim_time_s": 748.4,
        "tier": "harmony-ins-local",
        "prearm_status": "action",
        "focus_role": "none"
      }
    },
    {
      "type": "Feature",
      "geometry": {
        "type": "Point",
        "coordinates": [
          500011.3516851754,
          6966671.592114574
        ]
      },
      "properties": {
        "junction_id": 39569,
        "veh_id": 11540,
        "sim_time_s": 749.7,
        "tier": "track-zone",
        "prearm_status": "",
        "focus_role": "none"
      }
    },
    {
      "type": "Feature",
      "geometry": {
        "type": "Point",
        "coordinates": [
          500715.4385750377,
          6965087.566826936
        ]
      },
      "properties": {
        "junction_id": 36393,
        "veh_id": 11527,
        "sim_time_s": 752.4,
        "tier": "coord-prearm-harmony/SHOCKWAVE",
        "prearm_status": "fired",
        "focus_role": "none"
      }
    },
    {
      "type": "Feature",
      "geometry": {
        "type": "Point",
        "coordinates": [
          0.0,
          0.0
        ]
      },
      "properties": {
        "junction_id": 36393,
        "veh_id": 11527,
        "sim_time_s": 752.9,
        "tier": "harmony-no-ge-local",
        "prearm_status": "skip",
        "focus_role": "none"
      }
    },
    {
      "type": "Feature",
      "geometry": {
        "type": "Point",
        "coordinates": [
          500684.0987813321,
          6964756.319799706
        ]
      },
      "properties": {
        "junction_id": 36393,
        "veh_id": 11527,
        "sim_time_s": 752.9,
        "tier": "coord-prearm-success/SHOCKWAVE",
        "prearm_status": "success",
        "focus_role": "none"
      }
    },
    {
      "type": "Feature",
      "geometry": {
        "type": "Point",
        "coordinates": [
          0.0,
          0.0
        ]
      },
      "properties": {
        "junction_id": 39587,
        "veh_id": 11556,
        "sim_time_s": 753.8,
        "tier": "harmony-no-ge-local",
        "prearm_status": "skip",
        "focus_role": "none"
      }
    },
    {
      "type": "Feature",
      "geometry": {
        "type": "Point",
        "coordinates": [
          500553.7062345607,
          6965566.737048177
        ]
      },
      "properties": {
        "junction_id": 10157950,
        "veh_id": 11556,
        "sim_time_s": 755.1,
        "tier": "track-zone",
        "prearm_status": "",
        "focus_role": "none"
      }
    },
    {
      "type": "Feature",
      "geometry": {
        "type": "Point",
        "coordinates": [
          500716.20943223103,
          6965084.454292591
        ]
      },
      "properties": {
        "junction_id": 39590,
        "veh_id": 11527,
        "sim_time_s": 756.9,
        "tier": "coord-prearm-harmony/SHOCKWAVE",
        "prearm_status": "fired",
        "focus_role": "none"
      }
    },
    {
      "type": "Feature",
      "geometry": {
        "type": "Point",
        "coordinates": [
          0.0,
          0.0
        ]
      },
      "properties": {
        "junction_id": 39590,
        "veh_id": 11527,
        "sim_time_s": 757.4,
        "tier": "harmony-no-ge-local",
        "prearm_status": "skip",
        "focus_role": "none"
      }
    },
    {
      "type": "Feature",
      "geometry": {
        "type": "Point",
        "coordinates": [
          500756.5972760396,
          6964319.360583134
        ]
      },
      "properties": {
        "junction_id": 39590,
        "veh_id": 11527,
        "sim_time_s": 757.4,
        "tier": "coord-prearm-success/SHOCKWAVE",
        "prearm_status": "success",
        "focus_role": "none"
      }
    },
    {
      "type": "Feature",
      "geometry": {
        "type": "Point",
        "coordinates": [
          0.0,
          0.0
        ]
      },
      "properties": {
        "junction_id": 39576,
        "veh_id": 11564,
        "sim_time_s": 757.8,
        "tier": "harmony-no-ge-local",
        "prearm_status": "skip",
        "focus_role": "none"
      }
    },
    {
      "type": "Feature",
      "geometry": {
        "type": "Point",
        "coordinates": [
          500035.85485388106,
          6966613.424937223
        ]
      },
      "properties": {
        "junction_id": 39568,
        "veh_id": 11540,
        "sim_time_s": 759.1,
        "tier": "track-zone",
        "prearm_status": "",
        "focus_role": "none"
      }
    },
    {
      "type": "Feature",
      "geometry": {
        "type": "Point",
        "coordinates": [
          500492.02875224553,
          6965690.925931996
        ]
      },
      "properties": {
        "junction_id": 39578,
        "veh_id": 11552,
        "sim_time_s": 778.0,
        "tier": "track-zone",
        "prearm_status": "",
        "focus_role": "none"
      }
    },
    {
      "type": "Feature",
      "geometry": {
        "type": "Point",
        "coordinates": [
          0.0,
          0.0
        ]
      },
      "properties": {
        "junction_id": 39578,
        "veh_id": 11574,
        "sim_time_s": 780.8,
        "tier": "harmony-no-ge-local",
        "prearm_status": "skip",
        "focus_role": "none"
      }
    },
    {
      "type": "Feature",
      "geometry": {
        "type": "Point",
        "coordinates": [
          0.0,
          0.0
        ]
      },
      "properties": {
        "junction_id": 39606,
        "veh_id": 11531,
        "sim_time_s": 782.1,
        "tier": "harmony-no-ge-local",
        "prearm_status": "skip",
        "focus_role": "none"
      }
    },
    {
      "type": "Feature",
      "geometry": {
        "type": "Point",
        "coordinates": [
          500512.59110708337,
          6965703.241408125
        ]
      },
      "properties": {
        "junction_id": 39587,
        "veh_id": 11564,
        "sim_time_s": 792.9,
        "tier": "track-zone",
        "prearm_status": "",
        "focus_role": "none"
      }
    },
    {
      "type": "Feature",
      "geometry": {
        "type": "Point",
        "coordinates": [
          0.0,
          0.0
        ]
      },
      "properties": {
        "junction_id": 39569,
        "veh_id": 11540,
        "sim_time_s": 794.2,
        "tier": "harmony-no-ge-local",
        "prearm_status": "skip",
        "focus_role": "none"
      }
    },
    {
      "type": "Feature",
      "geometry": {
        "type": "Point",
        "coordinates": [
          500520.98992153356,
          6965641.275177633
        ]
      },
      "properties": {
        "junction_id": 1119660,
        "veh_id": 11564,
        "sim_time_s": 798.3,
        "tier": "track-zone",
        "prearm_status": "",
        "focus_role": "none"
      }
    },
    {
      "type": "Feature",
      "geometry": {
        "type": "Point",
        "coordinates": [
          500390.69029565266,
          6966046.077847782
        ]
      },
      "properties": {
        "junction_id": 1043762,
        "veh_id": 11574,
        "sim_time_s": 801.0,
        "tier": "track-zone",
        "prearm_status": "",
        "focus_role": "none"
      }
    },
    {
      "type": "Feature",
      "geometry": {
        "type": "Point",
        "coordinates": [
          500611.4208984415,
          6965400.9119816115
        ]
      },
      "properties": {
        "junction_id": 39593,
        "veh_id": 11556,
        "sim_time_s": 802.4,
        "tier": "track-zone",
        "prearm_status": "",
        "focus_role": "none"
      }
    },
    {
      "type": "Feature",
      "geometry": {
        "type": "Point",
        "coordinates": [
          0.0,
          0.0
        ]
      },
      "properties": {
        "junction_id": 39587,
        "veh_id": 11564,
        "sim_time_s": 802.4,
        "tier": "harmony-no-ge-local",
        "prearm_status": "skip",
        "focus_role": "none"
      }
    },
    {
      "type": "Feature",
      "geometry": {
        "type": "Point",
        "coordinates": [
          0.0,
          0.0
        ]
      },
      "properties": {
        "junction_id": 1043762,
        "veh_id": 11574,
        "sim_time_s": 802.4,
        "tier": "harmony-no-ge-local",
        "prearm_status": "skip",
        "focus_role": "none"
      }
    },
    {
      "type": "Feature",
      "geometry": {
        "type": "Point",
        "coordinates": [
          500356.6675129326,
          6966075.523709341
        ]
      },
      "properties": {
        "junction_id": 39569,
        "veh_id": 11574,
        "sim_time_s": 804.6,
        "tier": "coord-prearm-harmony/SHOCKWAVE",
        "prearm_status": "fired",
        "focus_role": "none"
      }
    },
    {
      "type": "Feature",
      "geometry": {
        "type": "Point",
        "coordinates": [
          500558.4011418842,
          6965556.343611878
        ]
      },
      "properties": {
        "junction_id": 10157950,
        "veh_id": 11564,
        "sim_time_s": 805.0,
        "tier": "track-zone",
        "prearm_status": "",
        "focus_role": "none"
      }
    },
    {
      "type": "Feature",
      "geometry": {
        "type": "Point",
        "coordinates": [
          0.0,
          0.0
        ]
      },
      "properties": {
        "junction_id": 39576,
        "veh_id": 11552,
        "sim_time_s": 805.0,
        "tier": "harmony-no-ge-local",
        "prearm_status": "skip",
        "focus_role": "none"
      }
    },
    {
      "type": "Feature",
      "geometry": {
        "type": "Point",
        "coordinates": [
          0.0,
          0.0
        ]
      },
      "properties": {
        "junction_id": 39569,
        "veh_id": 11574,
        "sim_time_s": 805.0,
        "tier": "harmony-no-ge-local",
        "prearm_status": "skip",
        "focus_role": "none"
      }
    },
    {
      "type": "Feature",
      "geometry": {
        "type": "Point",
        "coordinates": [
          500105.32496907446,
          6966447.427635934
        ]
      },
      "properties": {
        "junction_id": 39569,
        "veh_id": 11574,
        "sim_time_s": 805.0,
        "tier": "coord-prearm-success/SHOCKWAVE",
        "prearm_status": "success",
        "focus_role": "none"
      }
    },
    {
      "type": "Feature",
      "geometry": {
        "type": "Point",
        "coordinates": [
          500296.0032882882,
          6966141.756269071
        ]
      },
      "properties": {
        "junction_id": 39572,
        "veh_id": 11574,
        "sim_time_s": 810.0,
        "tier": "coord-prearm-harmony/SHOCKWAVE",
        "prearm_status": "fired",
        "focus_role": "none"
      }
    },
    {
      "type": "Feature",
      "geometry": {
        "type": "Point",
        "coordinates": [
          0.0,
          0.0
        ]
      },
      "properties": {
        "junction_id": 39572,
        "veh_id": 11574,
        "sim_time_s": 810.5,
        "tier": "harmony-ins-local",
        "prearm_status": "action",
        "focus_role": "none"
      }
    },
    {
      "type": "Feature",
      "geometry": {
        "type": "Point",
        "coordinates": [
          500012.2556836749,
          6966653.44887729
        ]
      },
      "properties": {
        "junction_id": 39572,
        "veh_id": 11574,
        "sim_time_s": 810.5,
        "tier": "coord-prearm-success/SHOCKWAVE",
        "prearm_status": "success",
        "focus_role": "none"
      }
    },
    {
      "type": "Feature",
      "geometry": {
        "type": "Point",
        "coordinates": [
          500649.1136463242,
          6965255.022769276
        ]
      },
      "properties": {
        "junction_id": 36385,
        "veh_id": 11556,
        "sim_time_s": 811.8,
        "tier": "track-zone",
        "prearm_status": "",
        "focus_role": "none"
      }
    },
    {
      "type": "Feature",
      "geometry": {
        "type": "Point",
        "coordinates": [
          0.0,
          0.0
        ]
      },
      "properties": {
        "junction_id": 39593,
        "veh_id": 11556,
        "sim_time_s": 811.8,
        "tier": "harmony-no-ge-local",
        "prearm_status": "skip",
        "focus_role": "none"
      }
    },
    {
      "type": "Feature",
      "geometry": {
        "type": "Point",
        "coordinates": [
          0.0,
          0.0
        ]
      },
      "properties": {
        "junction_id": 39578,
        "veh_id": 11552,
        "sim_time_s": 811.8,
        "tier": "harmony-no-ge-local",
        "prearm_status": "skip",
        "focus_role": "none"
      }
    },
    {
      "type": "Feature",
      "geometry": {
        "type": "Point",
        "coordinates": [
          500716.2956960604,
          6965084.105980175
        ]
      },
      "properties": {
        "junction_id": 39593,
        "veh_id": 11527,
        "sim_time_s": 841.5,
        "tier": "track-zone",
        "prearm_status": "",
        "focus_role": "none"
      }
    },
    {
      "type": "Feature",
      "geometry": {
        "type": "Point",
        "coordinates": [
          500130.07978931675,
          6966440.380957828
        ]
      },
      "properties": {
        "junction_id": 1043762,
        "veh_id": 11540,
        "sim_time_s": 846.9,
        "tier": "track-zone",
        "prearm_status": "",
        "focus_role": "none"
      }
    },
    {
      "type": "Feature",
      "geometry": {
        "type": "Point",
        "coordinates": [
          500607.610421104,
          6965414.171329615
        ]
      },
      "properties": {
        "junction_id": 39593,
        "veh_id": 11564,
        "sim_time_s": 852.3,
        "tier": "track-zone",
        "prearm_status": "",
        "focus_role": "none"
      }
    },
    {
      "type": "Feature",
      "geometry": {
        "type": "Point",
        "coordinates": [
          500073.79040742735,
          6966495.510173769
        ]
      },
      "properties": {
        "junction_id": 39568,
        "veh_id": 11574,
        "sim_time_s": 853.6,
        "tier": "track-zone",
        "prearm_status": "",
        "focus_role": "none"
      }
    },
    {
      "type": "Feature",
      "geometry": {
        "type": "Point",
        "coordinates": [
          0.0,
          0.0
        ]
      },
      "properties": {
        "junction_id": 1043762,
        "veh_id": 11540,
        "sim_time_s": 855.0,
        "tier": "harmony-ins-local",
        "prearm_status": "action",
        "focus_role": "none"
      }
    },
    {
      "type": "Feature",
      "geometry": {
        "type": "Point",
        "coordinates": [
          500647.82972063404,
          6965257.828848358
        ]
      },
      "properties": {
        "junction_id": 36385,
        "veh_id": 11564,
        "sim_time_s": 864.5,
        "tier": "track-zone",
        "prearm_status": "",
        "focus_role": "none"
      }
    },
    {
      "type": "Feature",
      "geometry": {
        "type": "Point",
        "coordinates": [
          0.0,
          0.0
        ]
      },
      "properties": {
        "junction_id": 39593,
        "veh_id": 11564,
        "sim_time_s": 864.5,
        "tier": "harmony-no-ge-local",
        "prearm_status": "skip",
        "focus_role": "none"
      }
    },
    {
      "type": "Feature",
      "geometry": {
        "type": "Point",
        "coordinates": [
          500401.68432705273,
          6966036.498501269
        ]
      },
      "properties": {
        "junction_id": 1043762,
        "veh_id": 11552,
        "sim_time_s": 868.5,
        "tier": "track-zone",
        "prearm_status": "",
        "focus_role": "none"
      }
    },
    {
      "type": "Feature",
      "geometry": {
        "type": "Point",
        "coordinates": [
          500725.07052305306,
          6964952.891270111
        ]
      },
      "properties": {
        "junction_id": 36385,
        "veh_id": 11527,
        "sim_time_s": 868.5,
        "tier": "IC-detect",
        "prearm_status": "",
        "focus_role": "none"
      }
    },
    {
      "type": "Feature",
      "geometry": {
        "type": "Point",
        "coordinates": [
          500685.0944037182,
          6965181.714300029
        ]
      },
      "properties": {
        "junction_id": 1119660,
        "veh_id": 11556,
        "sim_time_s": 869.9,
        "tier": "track-zone",
        "prearm_status": "",
        "focus_role": "none"
      }
    },
    {
      "type": "Feature",
      "geometry": {
        "type": "Point",
        "coordinates": [
          500711.916658067,
          6964891.195634634
        ]
      },
      "properties": {
        "junction_id": 36393,
        "veh_id": 11527,
        "sim_time_s": 875.2,
        "tier": "IC-detect",
        "prearm_status": "",
        "focus_role": "none"
      }
    },
    {
      "type": "Feature",
      "geometry": {
        "type": "Point",
        "coordinates": [
          500685.0944037182,
          6965181.714300029
        ]
      },
      "properties": {
        "junction_id": 10157950,
        "veh_id": 11556,
        "sim_time_s": 876.6,
        "tier": "track-zone",
        "prearm_status": "",
        "focus_role": "none"
      }
    },
    {
      "type": "Feature",
      "geometry": {
        "type": "Point",
        "coordinates": [
          0.0,
          0.0
        ]
      },
      "properties": {
        "junction_id": 36385,
        "veh_id": 11556,
        "sim_time_s": 894.1,
        "tier": "harmony-no-ge-local",
        "prearm_status": "skip",
        "focus_role": "none"
      }
    },
    {
      "type": "Feature",
      "geometry": {
        "type": "Point",
        "coordinates": [
          500714.9844647201,
          6965089.322438904
        ]
      },
      "properties": {
        "junction_id": 36393,
        "veh_id": 11556,
        "sim_time_s": 899.1,
        "tier": "coord-prearm-harmony/SHOCKWAVE",
        "prearm_status": "fired",
        "focus_role": "none"
      }
    },
    {
      "type": "Feature",
      "geometry": {
        "type": "Point",
        "coordinates": [
          500017.8172579639,
          6966618.22549476
        ]
      },
      "properties": {
        "junction_id": 11118289,
        "veh_id": 11574,
        "sim_time_s": 899.5,
        "tier": "track-zone",
        "prearm_status": "",
        "focus_role": "none"
      }
    },
    {
      "type": "Feature",
      "geometry": {
        "type": "Point",
        "coordinates": [
          0.0,
          0.0
        ]
      },
      "properties": {
        "junction_id": 36393,
        "veh_id": 11556,
        "sim_time_s": 899.5,
        "tier": "harmony-no-ge-local",
        "prearm_status": "skip",
        "focus_role": "none"
      }
    },
    {
      "type": "Feature",
      "geometry": {
        "type": "Point",
        "coordinates": [
          500684.0987813321,
          6964756.319799706
        ]
      },
      "properties": {
        "junction_id": 36393,
        "veh_id": 11556,
        "sim_time_s": 899.5,
        "tier": "coord-prearm-success/SHOCKWAVE",
        "prearm_status": "success",
        "focus_role": "none"
      }
    },
    {
      "type": "Feature",
      "geometry": {
        "type": "Point",
        "coordinates": [
          500946.97228876385,
          6964034.668682542
        ]
      },
      "properties": {
        "junction_id": 39606,
        "veh_id": 11575,
        "sim_time_s": 900.0,
        "tier": "IC-detect",
        "prearm_status": "",
        "focus_role": "none"
      }
    },
    {
      "type": "Feature",
      "geometry": {
        "type": "Point",
        "coordinates": [
          0.0,
          0.0
        ]
      },
      "properties": {
        "junction_id": 39606,
        "veh_id": 11575,
        "sim_time_s": 900.0,
        "tier": "harmony-no-ge-local",
        "prearm_status": "skip",
        "focus_role": "none"
      }
    },
    {
      "type": "Feature",
      "geometry": {
        "type": "Point",
        "coordinates": [
          500927.04205107037,
          6964066.43101895
        ]
      },
      "properties": {
        "junction_id": 39590,
        "veh_id": 11575,
        "sim_time_s": 903.1,
        "tier": "coord-prearm-harmony/SHOCKWAVE",
        "prearm_status": "fired",
        "focus_role": "none"
      }
    },
    {
      "type": "Feature",
      "geometry": {
        "type": "Point",
        "coordinates": [
          0.0,
          0.0
        ]
      },
      "properties": {
        "junction_id": 39590,
        "veh_id": 11575,
        "sim_time_s": 903.6,
        "tier": "harmony-no-ge-local",
        "prearm_status": "skip",
        "focus_role": "none"
      }
    },
    {
      "type": "Feature",
      "geometry": {
        "type": "Point",
        "coordinates": [
          500756.5972760396,
          6964319.360583134
        ]
      },
      "properties": {
        "junction_id": 39590,
        "veh_id": 11575,
        "sim_time_s": 903.6,
        "tier": "coord-prearm-success/SHOCKWAVE",
        "prearm_status": "success",
        "focus_role": "none"
      }
    },
    {
      "type": "Feature",
      "geometry": {
        "type": "Point",
        "coordinates": [
          0.0,
          0.0
        ]
      },
      "properties": {
        "junction_id": 36385,
        "veh_id": 11564,
        "sim_time_s": 905.0,
        "tier": "harmony-ins-local",
        "prearm_status": "action",
        "focus_role": "none"
      }
    },
    {
      "type": "Feature",
      "geometry": {
        "type": "Point",
        "coordinates": [
          500087.1853115687,
          6967505.2661222685
        ]
      },
      "properties": {
        "junction_id": 38339,
        "veh_id": 11565,
        "sim_time_s": 906.8,
        "tier": "IC-detect",
        "prearm_status": "",
        "focus_role": "none"
      }
    },
    {
      "type": "Feature",
      "geometry": {
        "type": "Point",
        "coordinates": [
          500224.3176731698,
          6966241.311970966
        ]
      },
      "properties": {
        "junction_id": 39569,
        "veh_id": 11552,
        "sim_time_s": 909.0,
        "tier": "track-zone",
        "prearm_status": "",
        "focus_role": "none"
      }
    },
    {
      "type": "Feature",
      "geometry": {
        "type": "Point",
        "coordinates": [
          500712.45919901674,
          6965099.163194124
        ]
      },
      "properties": {
        "junction_id": 36393,
        "veh_id": 11564,
        "sim_time_s": 909.0,
        "tier": "coord-prearm-harmony/SHOCKWAVE",
        "prearm_status": "fired",
        "focus_role": "none"
      }
    },
    {
      "type": "Feature",
      "geometry": {
        "type": "Point",
        "coordinates": [
          0.0,
          0.0
        ]
      },
      "properties": {
        "junction_id": 36393,
        "veh_id": 11564,
        "sim_time_s": 909.5,
        "tier": "harmony-no-ge-local",
        "prearm_status": "skip",
        "focus_role": "none"
      }
    },
    {
      "type": "Feature",
      "geometry": {
        "type": "Point",
        "coordinates": [
          500684.0987813321,
          6964756.319799706
        ]
      },
      "properties": {
        "junction_id": 36393,
        "veh_id": 11564,
        "sim_time_s": 909.5,
        "tier": "coord-prearm-success/SHOCKWAVE",
        "prearm_status": "success",
        "focus_role": "none"
      }
    },
    {
      "type": "Feature",
      "geometry": {
        "type": "Point",
        "coordinates": [
          499512.5247422402,
          6966653.6640370665
        ]
      },
      "properties": {
        "junction_id": 39572,
        "veh_id": 11539,
        "sim_time_s": 912.6,
        "tier": "IC-detect",
        "prearm_status": "",
        "focus_role": "none"
      }
    },
    {
      "type": "Feature",
      "geometry": {
        "type": "Point",
        "coordinates": [
          500712.84576409584,
          6965097.602338111
        ]
      },
      "properties": {
        "junction_id": 39590,
        "veh_id": 11564,
        "sim_time_s": 912.6,
        "tier": "coord-prearm-harmony/SHOCKWAVE",
        "prearm_status": "fired",
        "focus_role": "none"
      }
    },
    {
      "type": "Feature",
      "geometry": {
        "type": "Point",
        "coordinates": [
          0.0,
          0.0
        ]
      },
      "properties": {
        "junction_id": 39590,
        "veh_id": 11564,
        "sim_time_s": 913.0,
        "tier": "harmony-no-ge-local",
        "prearm_status": "skip",
        "focus_role": "none"
      }
    },
    {
      "type": "Feature",
      "geometry": {
        "type": "Point",
        "coordinates": [
          500756.5972760396,
          6964319.360583134
        ]
      },
      "properties": {
        "junction_id": 39590,
        "veh_id": 11564,
        "sim_time_s": 913.0,
        "tier": "coord-prearm-success/SHOCKWAVE",
        "prearm_status": "success",
        "focus_role": "none"
      }
    },
    {
      "type": "Feature",
      "geometry": {
        "type": "Point",
        "coordinates": [
          0.0,
          0.0
        ]
      },
      "properties": {
        "junction_id": 1043762,
        "veh_id": 11552,
        "sim_time_s": 915.3,
        "tier": "harmony-no-ge-local",
        "prearm_status": "skip",
        "focus_role": "none"
      }
    },
    {
      "type": "Feature",
      "geometry": {
        "type": "Point",
        "coordinates": [
          0.0,
          0.0
        ]
      },
      "properties": {
        "junction_id": 38339,
        "veh_id": 11565,
        "sim_time_s": 917.1,
        "tier": "harmony-ins-local",
        "prearm_status": "action",
        "focus_role": "none"
      }
    },
    {
      "type": "Feature",
      "geometry": {
        "type": "Point",
        "coordinates": [
          0.0,
          0.0
        ]
      },
      "properties": {
        "junction_id": 39572,
        "veh_id": 11539,
        "sim_time_s": 923.0,
        "tier": "harmony-no-ge-local",
        "prearm_status": "skip",
        "focus_role": "none"
      }
    },
    {
      "type": "Feature",
      "geometry": {
        "type": "Point",
        "coordinates": [
          500350.8571564137,
          6966102.244620698
        ]
      },
      "properties": {
        "junction_id": 39578,
        "veh_id": 11540,
        "sim_time_s": 926.5,
        "tier": "track-section",
        "prearm_status": "",
        "focus_role": "none"
      }
    },
    {
      "type": "Feature",
      "geometry": {
        "type": "Point",
        "coordinates": [
          499759.93455294764,
          6966605.440524752
        ]
      },
      "properties": {
        "junction_id": 39568,
        "veh_id": 11539,
        "sim_time_s": 929.2,
        "tier": "track-zone",
        "prearm_status": "",
        "focus_role": "none"
      }
    },
    {
      "type": "Feature",
      "geometry": {
        "type": "Point",
        "coordinates": [
          0.0,
          0.0
        ]
      },
      "properties": {
        "junction_id": 39578,
        "veh_id": 11540,
        "sim_time_s": 929.2,
        "tier": "harmony-no-ge-local",
        "prearm_status": "skip",
        "focus_role": "none"
      }
    },
    {
      "type": "Feature",
      "geometry": {
        "type": "Point",
        "coordinates": [
          499960.79220389854,
          6966788.510217433
        ]
      },
      "properties": {
        "junction_id": 38339,
        "veh_id": 11574,
        "sim_time_s": 933.3,
        "tier": "track-zone",
        "prearm_status": "",
        "focus_role": "none"
      }
    },
    {
      "type": "Feature",
      "geometry": {
        "type": "Point",
        "coordinates": [
          500689.34570705716,
          6964558.987849209
        ]
      },
      "properties": {
        "junction_id": 39590,
        "veh_id": 11527,
        "sim_time_s": 934.6,
        "tier": "track-zone",
        "prearm_status": "",
        "focus_role": "none"
      }
    },
    {
      "type": "Feature",
      "geometry": {
        "type": "Point",
        "coordinates": [
          499878.6171427412,
          6966548.7211024705
        ]
      },
      "properties": {
        "junction_id": 39569,
        "veh_id": 11539,
        "sim_time_s": 938.7,
        "tier": "track-zone",
        "prearm_status": "",
        "focus_role": "none"
      }
    },
    {
      "type": "Feature",
      "geometry": {
        "type": "Point",
        "coordinates": [
          0.0,
          0.0
        ]
      },
      "properties": {
        "junction_id": 39569,
        "veh_id": 11539,
        "sim_time_s": 944.1,
        "tier": "harmony-ins-local",
        "prearm_status": "action",
        "focus_role": "none"
      }
    },
    {
      "type": "Feature",
      "geometry": {
        "type": "Point",
        "coordinates": [
          499973.5997962573,
          6966502.951617992
        ]
      },
      "properties": {
        "junction_id": 1043762,
        "veh_id": 11539,
        "sim_time_s": 946.4,
        "tier": "coord-prearm-harmony/SHOCKWAVE",
        "prearm_status": "fired",
        "focus_role": "none"
      }
    },
    {
      "type": "Feature",
      "geometry": {
        "type": "Point",
        "coordinates": [
          0.0,
          0.0
        ]
      },
      "properties": {
        "junction_id": 1043762,
        "veh_id": 11539,
        "sim_time_s": 946.8,
        "tier": "harmony-ins-local",
        "prearm_status": "action",
        "focus_role": "none"
      }
    },
    {
      "type": "Feature",
      "geometry": {
        "type": "Point",
        "coordinates": [
          500248.43905837496,
          6966228.103814566
        ]
      },
      "properties": {
        "junction_id": 1043762,
        "veh_id": 11539,
        "sim_time_s": 946.8,
        "tier": "coord-prearm-success/SHOCKWAVE",
        "prearm_status": "success",
        "focus_role": "none"
      }
    },
    {
      "type": "Feature",
      "geometry": {
        "type": "Point",
        "coordinates": [
          499516.2802838487,
          6966652.714126882
        ]
      },
      "properties": {
        "junction_id": 39572,
        "veh_id": 11532,
        "sim_time_s": 947.7,
        "tier": "IC-detect",
        "prearm_status": "",
        "focus_role": "none"
      }
    },
    {
      "type": "Feature",
      "geometry": {
        "type": "Point",
        "coordinates": [
          0.0,
          0.0
        ]
      },
      "properties": {
        "junction_id": 39572,
        "veh_id": 11532,
        "sim_time_s": 958.0,
        "tier": "harmony-no-ge-local",
        "prearm_status": "skip",
        "focus_role": "none"
      }
    },
    {
      "type": "Feature",
      "geometry": {
        "type": "Point",
        "coordinates": [
          500112.88672587246,
          6966426.006627108
        ]
      },
      "properties": {
        "junction_id": 39572,
        "veh_id": 11552,
        "sim_time_s": 959.0,
        "tier": "track-zone",
        "prearm_status": "",
        "focus_role": "none"
      }
    },
    {
      "type": "Feature",
      "geometry": {
        "type": "Point",
        "coordinates": [
          499764.82039712725,
          6966603.0205821125
        ]
      },
      "properties": {
        "junction_id": 39568,
        "veh_id": 11532,
        "sim_time_s": 963.0,
        "tier": "track-zone",
        "prearm_status": "",
        "focus_role": "none"
      }
    },
    {
      "type": "Feature",
      "geometry": {
        "type": "Point",
        "coordinates": [
          500032.4055638238,
          6966465.072311461
        ]
      },
      "properties": {
        "junction_id": 39568,
        "veh_id": 11552,
        "sim_time_s": 967.0,
        "tier": "track-zone",
        "prearm_status": "",
        "focus_role": "none"
      }
    },
    {
      "type": "Feature",
      "geometry": {
        "type": "Point",
        "coordinates": [
          499963.42561974644,
          6967110.58677638
        ]
      },
      "properties": {
        "junction_id": 11118289,
        "veh_id": 11565,
        "sim_time_s": 967.0,
        "tier": "track-zone",
        "prearm_status": "",
        "focus_role": "none"
      }
    },
    {
      "type": "Feature",
      "geometry": {
        "type": "Point",
        "coordinates": [
          499890.24544499477,
          6966543.172529335
        ]
      },
      "properties": {
        "junction_id": 39569,
        "veh_id": 11532,
        "sim_time_s": 972.5,
        "tier": "track-zone",
        "prearm_status": "",
        "focus_role": "none"
      }
    },
    {
      "type": "Feature",
      "geometry": {
        "type": "Point",
        "coordinates": [
          499517.17489504704,
          6966652.564041892
        ]
      },
      "properties": {
        "junction_id": 39572,
        "veh_id": 11557,
        "sim_time_s": 972.9,
        "tier": "IC-detect",
        "prearm_status": "",
        "focus_role": "none"
      }
    },
    {
      "type": "Feature",
      "geometry": {
        "type": "Point",
        "coordinates": [
          500673.7186621303,
          6964518.091366599
        ]
      },
      "properties": {
        "junction_id": 36393,
        "veh_id": 11575,
        "sim_time_s": 976.0,
        "tier": "IC-detect",
        "prearm_status": "",
        "focus_role": "none"
      }
    },
    {
      "type": "Feature",
      "geometry": {
        "type": "Point",
        "coordinates": [
          0.0,
          0.0
        ]
      },
      "properties": {
        "junction_id": 36393,
        "veh_id": 11575,
        "sim_time_s": 976.0,
        "tier": "harmony-no-ge-local",
        "prearm_status": "skip",
        "focus_role": "none"
      }
    },
    {
      "type": "Feature",
      "geometry": {
        "type": "Point",
        "coordinates": [
          0.0,
          0.0
        ]
      },
      "properties": {
        "junction_id": 38339,
        "veh_id": 11574,
        "sim_time_s": 977.4,
        "tier": "harmony-ins-local",
        "prearm_status": "action",
        "focus_role": "none"
      }
    },
    {
      "type": "Feature",
      "geometry": {
        "type": "Point",
        "coordinates": [
          500532.4095113932,
          6965933.405125323
        ]
      },
      "properties": {
        "junction_id": 39576,
        "veh_id": 11540,
        "sim_time_s": 980.5,
        "tier": "track-zone",
        "prearm_status": "",
        "focus_role": "none"
      }
    },
    {
      "type": "Feature",
      "geometry": {
        "type": "Point",
        "coordinates": [
          500365.386767529,
          6966088.77087588
        ]
      },
      "properties": {
        "junction_id": 39578,
        "veh_id": 11539,
        "sim_time_s": 983.2,
        "tier": "track-section",
        "prearm_status": "",
        "focus_role": "none"
      }
    },
    {
      "type": "Feature",
      "geometry": {
        "type": "Point",
        "coordinates": [
          500127.030536886,
          6966442.484949712
        ]
      },
      "properties": {
        "junction_id": 1043762,
        "veh_id": 11532,
        "sim_time_s": 988.6,
        "tier": "track-zone",
        "prearm_status": "",
        "focus_role": "none"
      }
    },
    {
      "type": "Feature",
      "geometry": {
        "type": "Point",
        "coordinates": [
          0.0,
          0.0
        ]
      },
      "properties": {
        "junction_id": 39576,
        "veh_id": 11540,
        "sim_time_s": 991.4,
        "tier": "harmony-no-ge-local",
        "prearm_status": "skip",
        "focus_role": "none"
      }
    },
    {
      "type": "Feature",
      "geometry": {
        "type": "Point",
        "coordinates": [
          0.0,
          0.0
        ]
      },
      "properties": {
        "junction_id": 39578,
        "veh_id": 11539,
        "sim_time_s": 992.7,
        "tier": "harmony-no-ge-local",
        "prearm_status": "skip",
        "focus_role": "none"
      }
    },
    {
      "type": "Feature",
      "geometry": {
        "type": "Point",
        "coordinates": [
          500676.8387186751,
          6964688.227231239
        ]
      },
      "properties": {
        "junction_id": 36385,
        "veh_id": 11575,
        "sim_time_s": 993.6,
        "tier": "coord-prearm-harmony/SHOCKWAVE",
        "prearm_status": "fired",
        "focus_role": "none"
      }
    },
    {
      "type": "Feature",
      "geometry": {
        "type": "Point",
        "coordinates": [
          0.0,
          0.0
        ]
      },
      "properties": {
        "junction_id": 36385,
        "veh_id": 11575,
        "sim_time_s": 994.0,
        "tier": "harmony-no-ge-local",
        "prearm_status": "skip",
        "focus_role": "none"
      }
    },
    {
      "type": "Feature",
      "geometry": {
        "type": "Point",
        "coordinates": [
          500715.9750991549,
          6965021.28412977
        ]
      },
      "properties": {
        "junction_id": 36385,
        "veh_id": 11575,
        "sim_time_s": 994.0,
        "tier": "coord-prearm-success/SHOCKWAVE",
        "prearm_status": "success",
        "focus_role": "none"
      }
    },
    {
      "type": "Feature",
      "geometry": {
        "type": "Point",
        "coordinates": [
          500526.4903153212,
          6965931.808751948
        ]
      },
      "properties": {
        "junction_id": 39576,
        "veh_id": 11539,
        "sim_time_s": 998.1,
        "tier": "track-zone",
        "prearm_status": "",
        "focus_role": "none"
      }
    },
    {
      "type": "Feature",
      "geometry": {
        "type": "Point",
        "coordinates": [
          0.0,
          0.0
        ]
      },
      "properties": {
        "junction_id": 39569,
        "veh_id": 11552,
        "sim_time_s": 1004.4,
        "tier": "harmony-ins-local",
        "prearm_status": "action",
        "focus_role": "none"
      }
    },
    {
      "type": "Feature",
      "geometry": {
        "type": "Point",
        "coordinates": [
          0.0,
          0.0
        ]
      },
      "properties": {
        "junction_id": 39572,
        "veh_id": 11552,
        "sim_time_s": 1004.9,
        "tier": "harmony-ins-local",
        "prearm_status": "action",
        "focus_role": "none"
      }
    },
    {
      "type": "Feature",
      "geometry": {
        "type": "Point",
        "coordinates": [
          0.0,
          0.0
        ]
      },
      "properties": {
        "junction_id": 1043762,
        "veh_id": 11532,
        "sim_time_s": 1007.1,
        "tier": "harmony-no-ge-local",
        "prearm_status": "skip",
        "focus_role": "none"
      }
    },
    {
      "type": "Feature",
      "geometry": {
        "type": "Point",
        "coordinates": [
          500729.58986740356,
          6964411.233993111
        ]
      },
      "properties": {
        "junction_id": 39606,
        "veh_id": 11527,
        "sim_time_s": 1013.0,
        "tier": "track-zone",
        "prearm_status": "",
        "focus_role": "none"
      }
    },
    {
      "type": "Feature",
      "geometry": {
        "type": "Point",
        "coordinates": [
          500353.2933043985,
          6966099.736616851
        ]
      },
      "properties": {
        "junction_id": 39578,
        "veh_id": 11532,
        "sim_time_s": 1014.3,
        "tier": "track-section",
        "prearm_status": "",
        "focus_role": "none"
      }
    },
    {
      "type": "Feature",
      "geometry": {
        "type": "Point",
        "coordinates": [
          0.0,
          0.0
        ]
      },
      "properties": {
        "junction_id": 39578,
        "veh_id": 11532,
        "sim_time_s": 1017.0,
        "tier": "harmony-no-ge-local",
        "prearm_status": "skip",
        "focus_role": "none"
      }
    },
    {
      "type": "Feature",
      "geometry": {
        "type": "Point",
        "coordinates": [
          500701.3253091408,
          6964834.837902294
        ]
      },
      "properties": {
        "junction_id": 36393,
        "veh_id": 11556,
        "sim_time_s": 1019.7,
        "tier": "IC-detect",
        "prearm_status": "",
        "focus_role": "none"
      }
    },
    {
      "type": "Feature",
      "geometry": {
        "type": "Point",
        "coordinates": [
          499756.8865791717,
          6966606.908710851
        ]
      },
      "properties": {
        "junction_id": 39568,
        "veh_id": 11557,
        "sim_time_s": 1027.8,
        "tier": "track-zone",
        "prearm_status": "",
        "focus_role": "none"
      }
    },
    {
      "type": "Feature",
      "geometry": {
        "type": "Point",
        "coordinates": [
          500698.75052197336,
          6964801.89037376
        ]
      },
      "properties": {
        "junction_id": 36393,
        "veh_id": 11564,
        "sim_time_s": 1029.6,
        "tier": "IC-detect",
        "prearm_status": "",
        "focus_role": "none"
      }
    },
    {
      "type": "Feature",
      "geometry": {
        "type": "Point",
        "coordinates": [
          500535.36552068475,
          6965924.50891484
        ]
      },
      "properties": {
        "junction_id": 39576,
        "veh_id": 11532,
        "sim_time_s": 1030.5,
        "tier": "track-zone",
        "prearm_status": "",
        "focus_role": "none"
      }
    },
    {
      "type": "Feature",
      "geometry": {
        "type": "Point",
        "coordinates": [
          500701.5580078216,
          6964931.312037032
        ]
      },
      "properties": {
        "junction_id": 39593,
        "veh_id": 11575,
        "sim_time_s": 1030.5,
        "tier": "track-zone",
        "prearm_status": "",
        "focus_role": "none"
      }
    },
    {
      "type": "Feature",
      "geometry": {
        "type": "Point",
        "coordinates": [
          499514.2320769479,
          6966650.177374803
        ]
      },
      "properties": {
        "junction_id": 39572,
        "veh_id": 11533,
        "sim_time_s": 1032.8,
        "tier": "IC-detect",
        "prearm_status": "",
        "focus_role": "none"
      }
    },
    {
      "type": "Feature",
      "geometry": {
        "type": "Point",
        "coordinates": [
          500506.4620222144,
          6965707.9508176055
        ]
      },
      "properties": {
        "junction_id": 39587,
        "veh_id": 11539,
        "sim_time_s": 1037.2,
        "tier": "track-zone",
        "prearm_status": "",
        "focus_role": "none"
      }
    },
    {
      "type": "Feature",
      "geometry": {
        "type": "Point",
        "coordinates": [
          500512.7907125763,
          6965701.402022177
        ]
      },
      "properties": {
        "junction_id": 39587,
        "veh_id": 11540,
        "sim_time_s": 1037.2,
        "tier": "track-zone",
        "prearm_status": "",
        "focus_role": "none"
      }
    },
    {
      "type": "Feature",
      "geometry": {
        "type": "Point",
        "coordinates": [
          499955.91245746496,
          6967057.824960271
        ]
      },
      "properties": {
        "junction_id": 38339,
        "veh_id": 11565,
        "sim_time_s": 1037.2,
        "tier": "IC-detect",
        "prearm_status": "",
        "focus_role": "none"
      }
    },
    {
      "type": "Feature",
      "geometry": {
        "type": "Point",
        "coordinates": [
          500513.4456240685,
          6965645.036887522
        ]
      },
      "properties": {
        "junction_id": 1119660,
        "veh_id": 11539,
        "sim_time_s": 1042.7,
        "tier": "track-zone",
        "prearm_status": "",
        "focus_role": "none"
      }
    },
    {
      "type": "Feature",
      "geometry": {
        "type": "Point",
        "coordinates": [
          500518.55195791594,
          6965649.2851125365
        ]
      },
      "properties": {
        "junction_id": 1119660,
        "veh_id": 11540,
        "sim_time_s": 1042.7,
        "tier": "track-zone",
        "prearm_status": "",
        "focus_role": "none"
      }
    },
    {
      "type": "Feature",
      "geometry": {
        "type": "Point",
        "coordinates": [
          0.0,
          0.0
        ]
      },
      "properties": {
        "junction_id": 39587,
        "veh_id": 11540,
        "sim_time_s": 1049.4,
        "tier": "harmony-no-ge-local",
        "prearm_status": "skip",
        "focus_role": "none"
      }
    },
    {
      "type": "Feature",
      "geometry": {
        "type": "Point",
        "coordinates": [
          500552.3256094504,
          6965569.814377013
        ]
      },
      "properties": {
        "junction_id": 10157950,
        "veh_id": 11540,
        "sim_time_s": 1052.1,
        "tier": "track-zone",
        "prearm_status": "",
        "focus_role": "none"
      }
    },
    {
      "type": "Feature",
      "geometry": {
        "type": "Point",
        "coordinates": [
          0.0,
          0.0
        ]
      },
      "properties": {
        "junction_id": 39576,
        "veh_id": 11539,
        "sim_time_s": 1052.1,
        "tier": "harmony-no-ge-local",
        "prearm_status": "skip",
        "focus_role": "none"
      }
    },
    {
      "type": "Feature",
      "geometry": {
        "type": "Point",
        "coordinates": [
          500512.6478355401,
          6965700.250991083
        ]
      },
      "properties": {
        "junction_id": 39587,
        "veh_id": 11532,
        "sim_time_s": 1053.5,
        "tier": "track-zone",
        "prearm_status": "",
        "focus_role": "none"
      }
    },
    {
      "type": "Feature",
      "geometry": {
        "type": "Point",
        "coordinates": [
          500548.2012506018,
          6965564.208869255
        ]
      },
      "properties": {
        "junction_id": 10157950,
        "veh_id": 11539,
        "sim_time_s": 1053.5,
        "tier": "track-zone",
        "prearm_status": "",
        "focus_role": "none"
      }
    },
    {
      "type": "Feature",
      "geometry": {
        "type": "Point",
        "coordinates": [
          0.0,
          0.0
        ]
      },
      "properties": {
        "junction_id": 39576,
        "veh_id": 11532,
        "sim_time_s": 1053.5,
        "tier": "harmony-no-ge-local",
        "prearm_status": "skip",
        "focus_role": "none"
      }
    },
    {
      "type": "Feature",
      "geometry": {
        "type": "Point",
        "coordinates": [
          500741.4947573019,
          6964381.083923953
        ]
      },
      "properties": {
        "junction_id": 39590,
        "veh_id": 11527,
        "sim_time_s": 1054.8,
        "tier": "IC-detect",
        "prearm_status": "",
        "focus_role": "none"
      }
    },
    {
      "type": "Feature",
      "geometry": {
        "type": "Point",
        "coordinates": [
          500515.53329435777,
          6965648.214766996
        ]
      },
      "properties": {
        "junction_id": 1119660,
        "veh_id": 11532,
        "sim_time_s": 1058.8,
        "tier": "track-zone",
        "prearm_status": "",
        "focus_role": "none"
      }
    },
    {
      "type": "Feature",
      "geometry": {
        "type": "Point",
        "coordinates": [
          499770.6953558026,
          6966596.927224509
        ]
      },
      "properties": {
        "junction_id": 39568,
        "veh_id": 11533,
        "sim_time_s": 1058.8,
        "tier": "track-zone",
        "prearm_status": "",
        "focus_role": "none"
      }
    },
    {
      "type": "Feature",
      "geometry": {
        "type": "Point",
        "coordinates": [
          0.0,
          0.0
        ]
      },
      "properties": {
        "junction_id": 39590,
        "veh_id": 11527,
        "sim_time_s": 1064.2,
        "tier": "harmony-no-ge-local",
        "prearm_status": "skip",
        "focus_role": "none"
      }
    },
    {
      "type": "Feature",
      "geometry": {
        "type": "Point",
        "coordinates": [
          499883.2000681542,
          6966543.260510953
        ]
      },
      "properties": {
        "junction_id": 39569,
        "veh_id": 11533,
        "sim_time_s": 1067.0,
        "tier": "track-zone",
        "prearm_status": "",
        "focus_role": "none"
      }
    },
    {
      "type": "Feature",
      "geometry": {
        "type": "Point",
        "coordinates": [
          500547.5050671512,
          6965565.468116145
        ]
      },
      "properties": {
        "junction_id": 10157950,
        "veh_id": 11532,
        "sim_time_s": 1068.3,
        "tier": "track-zone",
        "prearm_status": "",
        "focus_role": "none"
      }
    },
    {
      "type": "Feature",
      "geometry": {
        "type": "Point",
        "coordinates": [
          0.0,
          0.0
        ]
      },
      "properties": {
        "junction_id": 39572,
        "veh_id": 11557,
        "sim_time_s": 1069.2,
        "tier": "harmony-no-ge-local",
        "prearm_status": "skip",
        "focus_role": "none"
      }
    },
    {
      "type": "Feature",
      "geometry": {
        "type": "Point",
        "coordinates": [
          499889.6119068789,
          6966543.539341578
        ]
      },
      "properties": {
        "junction_id": 39569,
        "veh_id": 11557,
        "sim_time_s": 1071.0,
        "tier": "track-zone",
        "prearm_status": "",
        "focus_role": "none"
      }
    },
    {
      "type": "Feature",
      "geometry": {
        "type": "Point",
        "coordinates": [
          0.0,
          0.0
        ]
      },
      "properties": {
        "junction_id": 39569,
        "veh_id": 11533,
        "sim_time_s": 1071.0,
        "tier": "harmony-ins-local",
        "prearm_status": "action",
        "focus_role": "none"
      }
    },
    {
      "type": "Feature",
      "geometry": {
        "type": "Point",
        "coordinates": [
          500689.2373448004,
          6964559.085057761
        ]
      },
      "properties": {
        "junction_id": 39590,
        "veh_id": 11564,
        "sim_time_s": 1081.8,
        "tier": "track-zone",
        "prearm_status": "",
        "focus_role": "none"
      }
    },
    {
      "type": "Feature",
      "geometry": {
        "type": "Point",
        "coordinates": [
          499958.7602460024,
          6966950.096206602
        ]
      },
      "properties": {
        "junction_id": 39568,
        "veh_id": 11565,
        "sim_time_s": 1083.2,
        "tier": "track-zone",
        "prearm_status": "",
        "focus_role": "none"
      }
    },
    {
      "type": "Feature",
      "geometry": {
        "type": "Point",
        "coordinates": [
          0.0,
          0.0
        ]
      },
      "properties": {
        "junction_id": 39606,
        "veh_id": 11527,
        "sim_time_s": 1083.2,
        "tier": "harmony-no-ge-local",
        "prearm_status": "skip",
        "focus_role": "none"
      }
    },
    {
      "type": "Feature",
      "geometry": {
        "type": "Point",
        "coordinates": [
          499963.5127667277,
          6966889.246128217
        ]
      },
      "properties": {
        "junction_id": 39572,
        "veh_id": 11565,
        "sim_time_s": 1087.2,
        "tier": "track-zone",
        "prearm_status": "",
        "focus_role": "none"
      }
    },
    {
      "type": "Feature",
      "geometry": {
        "type": "Point",
        "coordinates": [
          499964.465589008,
          6966867.988830239
        ]
      },
      "properties": {
        "junction_id": 11118289,
        "veh_id": 11565,
        "sim_time_s": 1088.5,
        "tier": "track-zone",
        "prearm_status": "",
        "focus_role": "none"
      }
    },
    {
      "type": "Feature",
      "geometry": {
        "type": "Point",
        "coordinates": [
          500129.4883690282,
          6966435.93574896
        ]
      },
      "properties": {
        "junction_id": 1043762,
        "veh_id": 11533,
        "sim_time_s": 1094.0,
        "tier": "track-zone",
        "prearm_status": "",
        "focus_role": "none"
      }
    },
    {
      "type": "Feature",
      "geometry": {
        "type": "Point",
        "coordinates": [
          500706.9576090807,
          6965003.64026191
        ]
      },
      "properties": {
        "junction_id": 36393,
        "veh_id": 11575,
        "sim_time_s": 1098.0,
        "tier": "track-zone",
        "prearm_status": "",
        "focus_role": "none"
      }
    },
    {
      "type": "Feature",
      "geometry": {
        "type": "Point",
        "coordinates": [
          0.0,
          0.0
        ]
      },
      "properties": {
        "junction_id": 1043762,
        "veh_id": 11533,
        "sim_time_s": 1100.7,
        "tier": "harmony-no-ge-local",
        "prearm_status": "skip",
        "focus_role": "none"
      }
    },
    {
      "type": "Feature",
      "geometry": {
        "type": "Point",
        "coordinates": [
          0.0,
          0.0
        ]
      },
      "properties": {
        "junction_id": 39572,
        "veh_id": 11565,
        "sim_time_s": 1100.7,
        "tier": "harmony-no-ge-local",
        "prearm_status": "skip",
        "focus_role": "none"
      }
    },
    {
      "type": "Feature",
      "geometry": {
        "type": "Point",
        "coordinates": [
          500014.91144815966,
          6966662.655868326
        ]
      },
      "properties": {
        "junction_id": 39569,
        "veh_id": 11565,
        "sim_time_s": 1102.0,
        "tier": "track-zone",
        "prearm_status": "",
        "focus_role": "none"
      }
    },
    {
      "type": "Feature",
      "geometry": {
        "type": "Point",
        "coordinates": [
          500706.9576090807,
          6965003.64026191
        ]
      },
      "properties": {
        "junction_id": 36385,
        "veh_id": 11575,
        "sim_time_s": 1114.2,
        "tier": "IC-detect",
        "prearm_status": "",
        "focus_role": "none"
      }
    },
    {
      "type": "Feature",
      "geometry": {
        "type": "Point",
        "coordinates": [
          500358.2380614954,
          6966095.315347136
        ]
      },
      "properties": {
        "junction_id": 39578,
        "veh_id": 11533,
        "sim_time_s": 1119.6,
        "tier": "track-section",
        "prearm_status": "",
        "focus_role": "none"
      }
    },
    {
      "type": "Feature",
      "geometry": {
        "type": "Point",
        "coordinates": [
          0.0,
          0.0
        ]
      },
      "properties": {
        "junction_id": 39578,
        "veh_id": 11533,
        "sim_time_s": 1121.0,
        "tier": "harmony-no-ge-local",
        "prearm_status": "skip",
        "focus_role": "none"
      }
    },
    {
      "type": "Feature",
      "geometry": {
        "type": "Point",
        "coordinates": [
          500532.17396994715,
          6965933.716158032
        ]
      },
      "properties": {
        "junction_id": 39576,
        "veh_id": 11533,
        "sim_time_s": 1134.5,
        "tier": "track-zone",
        "prearm_status": "",
        "focus_role": "none"
      }
    },
    {
      "type": "Feature",
      "geometry": {
        "type": "Point",
        "coordinates": [
          0.0,
          0.0
        ]
      },
      "properties": {
        "junction_id": 39569,
        "veh_id": 11557,
        "sim_time_s": 1138.5,
        "tier": "harmony-ins-local",
        "prearm_status": "action",
        "focus_role": "none"
      }
    },
    {
      "type": "Feature",
      "geometry": {
        "type": "Point",
        "coordinates": [
          500689.1602699629,
          6964574.374390709
        ]
      },
      "properties": {
        "junction_id": 36393,
        "veh_id": 11556,
        "sim_time_s": 1139.8,
        "tier": "IC-detect",
        "prearm_status": "",
        "focus_role": "none"
      }
    },
    {
      "type": "Feature",
      "geometry": {
        "type": "Point",
        "coordinates": [
          500072.49808114185,
          6966458.510341084
        ]
      },
      "properties": {
        "junction_id": 1043762,
        "veh_id": 11557,
        "sim_time_s": 1141.7,
        "tier": "coord-prearm-harmony/SHOCKWAVE",
        "prearm_status": "fired",
        "focus_role": "none"
      }
    },
    {
      "type": "Feature",
      "geometry": {
        "type": "Point",
        "coordinates": [
          0.0,
          0.0
        ]
      },
      "properties": {
        "junction_id": 1043762,
        "veh_id": 11557,
        "sim_time_s": 1142.1,
        "tier": "harmony-ins-local",
        "prearm_status": "action",
        "focus_role": "none"
      }
    },
    {
      "type": "Feature",
      "geometry": {
        "type": "Point",
        "coordinates": [
          500248.43905837496,
          6966228.103814566
        ]
      },
      "properties": {
        "junction_id": 1043762,
        "veh_id": 11557,
        "sim_time_s": 1142.1,
        "tier": "coord-prearm-success/SHOCKWAVE",
        "prearm_status": "success",
        "focus_role": "none"
      }
    },
    {
      "type": "Feature",
      "geometry": {
        "type": "Point",
        "coordinates": [
          0.0,
          0.0
        ]
      },
      "properties": {
        "junction_id": 39576,
        "veh_id": 11533,
        "sim_time_s": 1143.9,
        "tier": "harmony-no-ge-local",
        "prearm_status": "skip",
        "focus_role": "none"
      }
    },
    {
      "type": "Feature",
      "geometry": {
        "type": "Point",
        "coordinates": [
          500602.7300597991,
          6965409.716352853
        ]
      },
      "properties": {
        "junction_id": 39593,
        "veh_id": 11539,
        "sim_time_s": 1145.2,
        "tier": "track-zone",
        "prearm_status": "",
        "focus_role": "none"
      }
    },
    {
      "type": "Feature",
      "geometry": {
        "type": "Point",
        "coordinates": [
          500689.32526379393,
          6964559.0284369085
        ]
      },
      "properties": {
        "junction_id": 39590,
        "veh_id": 11556,
        "sim_time_s": 1145.2,
        "tier": "track-zone",
        "prearm_status": "",
        "focus_role": "none"
      }
    },
    {
      "type": "Feature",
      "geometry": {
        "type": "Point",
        "coordinates": [
          500730.7053764165,
          6964408.118404779
        ]
      },
      "properties": {
        "junction_id": 39606,
        "veh_id": 11564,
        "sim_time_s": 1148.0,
        "tier": "track-zone",
        "prearm_status": "",
        "focus_role": "none"
      }
    },
    {
      "type": "Feature",
      "geometry": {
        "type": "Point",
        "coordinates": [
          500706.95703449956,
          6965003.652106523
        ]
      },
      "properties": {
        "junction_id": 39593,
        "veh_id": 11575,
        "sim_time_s": 1152.0,
        "tier": "track-zone",
        "prearm_status": "",
        "focus_role": "none"
      }
    },
    {
      "type": "Feature",
      "geometry": {
        "type": "Point",
        "coordinates": [
          500650.59417222865,
          6965244.047340937
        ]
      },
      "properties": {
        "junction_id": 36385,
        "veh_id": 11539,
        "sim_time_s": 1156.0,
        "tier": "track-zone",
        "prearm_status": "",
        "focus_role": "none"
      }
    },
    {
      "type": "Feature",
      "geometry": {
        "type": "Point",
        "coordinates": [
          0.0,
          0.0
        ]
      },
      "properties": {
        "junction_id": 39593,
        "veh_id": 11539,
        "sim_time_s": 1156.0,
        "tier": "harmony-no-ge-local",
        "prearm_status": "skip",
        "focus_role": "none"
      }
    },
    {
      "type": "Feature",
      "geometry": {
        "type": "Point",
        "coordinates": [
          500605.4859950751,
          6965399.241738838
        ]
      },
      "properties": {
        "junction_id": 39593,
        "veh_id": 11532,
        "sim_time_s": 1157.4,
        "tier": "track-zone",
        "prearm_status": "",
        "focus_role": "none"
      }
    },
    {
      "type": "Feature",
      "geometry": {
        "type": "Point",
        "coordinates": [
          500512.612112945,
          6965702.9921134105
        ]
      },
      "properties": {
        "junction_id": 39587,
        "veh_id": 11533,
        "sim_time_s": 1160.1,
        "tier": "track-zone",
        "prearm_status": "",
        "focus_role": "none"
      }
    },
    {
      "type": "Feature",
      "geometry": {
        "type": "Point",
        "coordinates": [
          500683.94753308495,
          6965099.895700273
        ]
      },
      "properties": {
        "junction_id": 10157950,
        "veh_id": 11575,
        "sim_time_s": 1161.5,
        "tier": "track-zone",
        "prearm_status": "",
        "focus_role": "none"
      }
    },
    {
      "type": "Feature",
      "geometry": {
        "type": "Point",
        "coordinates": [
          0.0,
          0.0
        ]
      },
      "properties": {
        "junction_id": 39593,
        "veh_id": 11575,
        "sim_time_s": 1161.5,
        "tier": "harmony-no-ge-local",
        "prearm_status": "skip",
        "focus_role": "none"
      }
    },
    {
      "type": "Feature",
      "geometry": {
        "type": "Point",
        "coordinates": [
          500601.7288428867,
          6965432.795594365
        ]
      },
      "properties": {
        "junction_id": 1119660,
        "veh_id": 11540,
        "sim_time_s": 1164.2,
        "tier": "track-zone",
        "prearm_status": "",
        "focus_role": "none"
      }
    },
    {
      "type": "Feature",
      "geometry": {
        "type": "Point",
        "coordinates": [
          500643.8636513874,
          6965251.632706472
        ]
      },
      "properties": {
        "junction_id": 36385,
        "veh_id": 11532,
        "sim_time_s": 1166.8,
        "tier": "track-zone",
        "prearm_status": "",
        "focus_role": "none"
      }
    },
    {
      "type": "Feature",
      "geometry": {
        "type": "Point",
        "coordinates": [
          500609.40631007124,
          6965408.609467632
        ]
      },
      "properties": {
        "junction_id": 39593,
        "veh_id": 11540,
        "sim_time_s": 1166.8,
        "tier": "track-zone",
        "prearm_status": "",
        "focus_role": "none"
      }
    },
    {
      "type": "Feature",
      "geometry": {
        "type": "Point",
        "coordinates": [
          500664.0880061607,
          6965175.858923942
        ]
      },
      "properties": {
        "junction_id": 1119660,
        "veh_id": 11575,
        "sim_time_s": 1166.8,
        "tier": "track-zone",
        "prearm_status": "",
        "focus_role": "none"
      }
    },
    {
      "type": "Feature",
      "geometry": {
        "type": "Point",
        "coordinates": [
          500518.0492999702,
          6965650.717374242
        ]
      },
      "properties": {
        "junction_id": 1119660,
        "veh_id": 11533,
        "sim_time_s": 1168.2,
        "tier": "track-zone",
        "prearm_status": "",
        "focus_role": "none"
      }
    },
    {
      "type": "Feature",
      "geometry": {
        "type": "Point",
        "coordinates": [
          500637.93570650887,
          6965236.303616414
        ]
      },
      "properties": {
        "junction_id": 39587,
        "veh_id": 11575,
        "sim_time_s": 1170.9,
        "tier": "track-zone",
        "prearm_status": "",
        "focus_role": "none"
      }
    },
    {
      "type": "Feature",
      "geometry": {
        "type": "Point",
        "coordinates": [
          500632.7395626012,
          6965307.324674258
        ]
      },
      "properties": {
        "junction_id": 10157950,
        "veh_id": 11540,
        "sim_time_s": 1173.6,
        "tier": "track-zone",
        "prearm_status": "",
        "focus_role": "none"
      }
    },
    {
      "type": "Feature",
      "geometry": {
        "type": "Point",
        "coordinates": [
          500701.42815626314,
          6965121.476667002
        ]
      },
      "properties": {
        "junction_id": 10157950,
        "veh_id": 11539,
        "sim_time_s": 1175.0,
        "tier": "track-zone",
        "prearm_status": "",
        "focus_role": "none"
      }
    },
    {
      "type": "Feature",
      "geometry": {
        "type": "Point",
        "coordinates": [
          0.0,
          0.0
        ]
      },
      "properties": {
        "junction_id": 39593,
        "veh_id": 11540,
        "sim_time_s": 1176.3,
        "tier": "harmony-no-ge-local",
        "prearm_status": "skip",
        "focus_role": "none"
      }
    },
    {
      "type": "Feature",
      "geometry": {
        "type": "Point",
        "coordinates": [
          500653.4885679565,
          6965245.14894902
        ]
      },
      "properties": {
        "junction_id": 36385,
        "veh_id": 11540,
        "sim_time_s": 1177.7,
        "tier": "track-zone",
        "prearm_status": "",
        "focus_role": "none"
      }
    },
    {
      "type": "Feature",
      "geometry": {
        "type": "Point",
        "coordinates": [
          0.0,
          0.0
        ]
      },
      "properties": {
        "junction_id": 36385,
        "veh_id": 11539,
        "sim_time_s": 1177.7,
        "tier": "harmony-no-ge-local",
        "prearm_status": "skip",
        "focus_role": "none"
      }
    },
    {
      "type": "Feature",
      "geometry": {
        "type": "Point",
        "coordinates": [
          500714.3353805581,
          6965091.703008275
        ]
      },
      "properties": {
        "junction_id": 36393,
        "veh_id": 11539,
        "sim_time_s": 1180.8,
        "tier": "coord-prearm-harmony/SHOCKWAVE",
        "prearm_status": "fired",
        "focus_role": "none"
      }
    },
    {
      "type": "Feature",
      "geometry": {
        "type": "Point",
        "coordinates": [
          0.0,
          0.0
        ]
      },
      "properties": {
        "junction_id": 36393,
        "veh_id": 11539,
        "sim_time_s": 1181.2,
        "tier": "harmony-no-ge-local",
        "prearm_status": "skip",
        "focus_role": "none"
      }
    },
    {
      "type": "Feature",
      "geometry": {
        "type": "Point",
        "coordinates": [
          500684.0987813321,
          6964756.319799706
        ]
      },
      "properties": {
        "junction_id": 36393,
        "veh_id": 11539,
        "sim_time_s": 1181.2,
        "tier": "coord-prearm-success/SHOCKWAVE",
        "prearm_status": "success",
        "focus_role": "none"
      }
    },
    {
      "type": "Feature",
      "geometry": {
        "type": "Point",
        "coordinates": [
          0.0,
          0.0
        ]
      },
      "properties": {
        "junction_id": 36385,
        "veh_id": 11532,
        "sim_time_s": 1184.4,
        "tier": "harmony-no-ge-local",
        "prearm_status": "skip",
        "focus_role": "none"
      }
    },
    {
      "type": "Feature",
      "geometry": {
        "type": "Point",
        "coordinates": [
          0.0,
          0.0
        ]
      },
      "properties": {
        "junction_id": 39587,
        "veh_id": 11575,
        "sim_time_s": 1184.4,
        "tier": "harmony-ins-local",
        "prearm_status": "action",
        "focus_role": "none"
      }
    },
    {
      "type": "Feature",
      "geometry": {
        "type": "Point",
        "coordinates": [
          500716.0039396922,
          6965084.965771264
        ]
      },
      "properties": {
        "junction_id": 39590,
        "veh_id": 11539,
        "sim_time_s": 1185.3,
        "tier": "coord-prearm-harmony/SHOCKWAVE",
        "prearm_status": "fired",
        "focus_role": "none"
      }
    },
    {
      "type": "Feature",
      "geometry": {
        "type": "Point",
        "coordinates": [
          0.0,
          0.0
        ]
      },
      "properties": {
        "junction_id": 39590,
        "veh_id": 11539,
        "sim_time_s": 1185.8,
        "tier": "harmony-no-ge-local",
        "prearm_status": "skip",
        "focus_role": "none"
      }
    },
    {
      "type": "Feature",
      "geometry": {
        "type": "Point",
        "coordinates": [
          500756.5972760396,
          6964319.360583134
        ]
      },
      "properties": {
        "junction_id": 39590,
        "veh_id": 11539,
        "sim_time_s": 1185.8,
        "tier": "coord-prearm-success/SHOCKWAVE",
        "prearm_status": "success",
        "focus_role": "none"
      }
    },
    {
      "type": "Feature",
      "geometry": {
        "type": "Point",
        "coordinates": [
          500570.54391979123,
          6965465.299965836
        ]
      },
      "properties": {
        "junction_id": 39576,
        "veh_id": 11575,
        "sim_time_s": 1188.5,
        "tier": "track-zone",
        "prearm_status": "",
        "focus_role": "none"
      }
    },
    {
      "type": "Feature",
      "geometry": {
        "type": "Point",
        "coordinates": [
          500547.4576029502,
          6965565.782812241
        ]
      },
      "properties": {
        "junction_id": 10157950,
        "veh_id": 11533,
        "sim_time_s": 1189.8,
        "tier": "track-zone",
        "prearm_status": "",
        "focus_role": "none"
      }
    },
    {
      "type": "Feature",
      "geometry": {
        "type": "Point",
        "coordinates": [
          0.0,
          0.0
        ]
      },
      "properties": {
        "junction_id": 36385,
        "veh_id": 11540,
        "sim_time_s": 1191.2,
        "tier": "harmony-no-ge-local",
        "prearm_status": "skip",
        "focus_role": "none"
      }
    },
    {
      "type": "Feature",
      "geometry": {
        "type": "Point",
        "coordinates": [
          500712.0437706048,
          6965101.2890800685
        ]
      },
      "properties": {
        "junction_id": 36393,
        "veh_id": 11540,
        "sim_time_s": 1194.3,
        "tier": "coord-prearm-harmony/SHOCKWAVE",
        "prearm_status": "fired",
        "focus_role": "none"
      }
    },
    {
      "type": "Feature",
      "geometry": {
        "type": "Point",
        "coordinates": [
          0.0,
          0.0
        ]
      },
      "properties": {
        "junction_id": 36393,
        "veh_id": 11540,
        "sim_time_s": 1194.8,
        "tier": "harmony-no-ge-local",
        "prearm_status": "skip",
        "focus_role": "none"
      }
    },
    {
      "type": "Feature",
      "geometry": {
        "type": "Point",
        "coordinates": [
          500684.0987813321,
          6964756.319799706
        ]
      },
      "properties": {
        "junction_id": 36393,
        "veh_id": 11540,
        "sim_time_s": 1194.8,
        "tier": "coord-prearm-success/SHOCKWAVE",
        "prearm_status": "success",
        "focus_role": "none"
      }
    },
    {
      "type": "Feature",
      "geometry": {
        "type": "Point",
        "coordinates": [
          500722.9596897511,
          6964995.71440142
        ]
      },
      "properties": {
        "junction_id": 36393,
        "veh_id": 11532,
        "sim_time_s": 1195.2,
        "tier": "track-zone",
        "prearm_status": "",
        "focus_role": "none"
      }
    },
    {
      "type": "Feature",
      "geometry": {
        "type": "Point",
        "coordinates": [
          0.0,
          0.0
        ]
      },
      "properties": {
        "junction_id": 39576,
        "veh_id": 11575,
        "sim_time_s": 1196.5,
        "tier": "harmony-ins-local",
        "prearm_status": "action",
        "focus_role": "none"
      }
    },
    {
      "type": "Feature",
      "geometry": {
        "type": "Point",
        "coordinates": [
          0.0,
          0.0
        ]
      },
      "properties": {
        "junction_id": 39569,
        "veh_id": 11565,
        "sim_time_s": 1198.8,
        "tier": "harmony-ins-local",
        "prearm_status": "action",
        "focus_role": "none"
      }
    },
    {
      "type": "Feature",
      "geometry": {
        "type": "Point",
        "coordinates": [
          500124.51697976986,
          6966437.547053106
        ]
      },
      "properties": {
        "junction_id": 1043762,
        "veh_id": 11565,
        "sim_time_s": 1199.2,
        "tier": "track-zone",
        "prearm_status": "",
        "focus_role": "none"
      }
    },
    {
      "type": "Feature",
      "geometry": {
        "type": "Point",
        "coordinates": [
          500713.9463098527,
          6965093.607088121
        ]
      },
      "properties": {
        "junction_id": 39590,
        "veh_id": 11540,
        "sim_time_s": 1199.7,
        "tier": "coord-prearm-harmony/SHOCKWAVE",
        "prearm_status": "fired",
        "focus_role": "none"
      }
    },
    {
      "type": "Feature",
      "geometry": {
        "type": "Point",
        "coordinates": [
          0.0,
          0.0
        ]
      },
      "properties": {
        "junction_id": 39590,
        "veh_id": 11540,
        "sim_time_s": 1200.2,
        "tier": "harmony-no-ge-local",
        "prearm_status": "skip",
        "focus_role": "none"
      }
    },
    {
      "type": "Feature",
      "geometry": {
        "type": "Point",
        "coordinates": [
          500756.5972760396,
          6964319.360583134
        ]
      },
      "properties": {
        "junction_id": 39590,
        "veh_id": 11540,
        "sim_time_s": 1200.2,
        "tier": "coord-prearm-success/SHOCKWAVE",
        "prearm_status": "success",
        "focus_role": "none"
      }
    },
    {
      "type": "Feature",
      "geometry": {
        "type": "Point",
        "coordinates": [
          500133.26578911545,
          6965615.056710265
        ]
      },
      "properties": {
        "junction_id": 39576,
        "veh_id": 11546,
        "sim_time_s": 1201.0,
        "tier": "IC-detect",
        "prearm_status": "",
        "focus_role": "none"
      }
    },
    {
      "type": "Feature",
      "geometry": {
        "type": "Point",
        "coordinates": [
          500753.3856471056,
          6964359.327436044
        ]
      },
      "properties": {
        "junction_id": 39590,
        "veh_id": 11564,
        "sim_time_s": 1202.0,
        "tier": "IC-detect",
        "prearm_status": "",
        "focus_role": "none"
      }
    },
    {
      "type": "Feature",
      "geometry": {
        "type": "Point",
        "coordinates": [
          0.0,
          0.0
        ]
      },
      "properties": {
        "junction_id": 36393,
        "veh_id": 11532,
        "sim_time_s": 1204.7,
        "tier": "harmony-no-ge-local",
        "prearm_status": "skip",
        "focus_role": "none"
      }
    },
    {
      "type": "Feature",
      "geometry": {
        "type": "Point",
        "coordinates": [
          500492.2019756755,
          6965687.473126393
        ]
      },
      "properties": {
        "junction_id": 39578,
        "veh_id": 11575,
        "sim_time_s": 1206.0,
        "tier": "track-zone",
        "prearm_status": "",
        "focus_role": "none"
      }
    },
    {
      "type": "Feature",
      "geometry": {
        "type": "Point",
        "coordinates": [
          0.0,
          0.0
        ]
      },
      "properties": {
        "junction_id": 1043762,
        "veh_id": 11565,
        "sim_time_s": 1206.0,
        "tier": "harmony-no-ge-local",
        "prearm_status": "skip",
        "focus_role": "none"
      }
    },
    {
      "type": "Feature",
      "geometry": {
        "type": "Point",
        "coordinates": [
          500702.7781347538,
          6964880.126767133
        ]
      },
      "properties": {
        "junction_id": 39590,
        "veh_id": 11532,
        "sim_time_s": 1206.9,
        "tier": "coord-prearm-harmony/SHOCKWAVE",
        "prearm_status": "fired",
        "focus_role": "none"
      }
    },
    {
      "type": "Feature",
      "geometry": {
        "type": "Point",
        "coordinates": [
          0.0,
          0.0
        ]
      },
      "properties": {
        "junction_id": 39590,
        "veh_id": 11532,
        "sim_time_s": 1207.3,
        "tier": "harmony-no-ge-local",
        "prearm_status": "skip",
        "focus_role": "none"
      }
    },
    {
      "type": "Feature",
      "geometry": {
        "type": "Point",
        "coordinates": [
          500756.5972760396,
          6964319.360583134
        ]
      },
      "properties": {
        "junction_id": 39590,
        "veh_id": 11532,
        "sim_time_s": 1207.3,
        "tier": "coord-prearm-success/SHOCKWAVE",
        "prearm_status": "success",
        "focus_role": "none"
      }
    },
    {
      "type": "Feature",
      "geometry": {
        "type": "Point",
        "coordinates": [
          0.0,
          0.0
        ]
      },
      "properties": {
        "junction_id": 39590,
        "veh_id": 11564,
        "sim_time_s": 1213.2,
        "tier": "harmony-no-ge-local",
        "prearm_status": "skip",
        "focus_role": "none"
      }
    },
    {
      "type": "Feature",
      "geometry": {
        "type": "Point",
        "coordinates": [
          500360.95409117494,
          6966092.78069024
        ]
      },
      "properties": {
        "junction_id": 39578,
        "veh_id": 11557,
        "sim_time_s": 1220.8,
        "tier": "track-section",
        "prearm_status": "",
        "focus_role": "none"
      }
    },
    {
      "type": "Feature",
      "geometry": {
        "type": "Point",
        "coordinates": [
          0.0,
          0.0
        ]
      },
      "properties": {
        "junction_id": 39578,
        "veh_id": 11557,
        "sim_time_s": 1222.2,
        "tier": "harmony-no-ge-local",
        "prearm_status": "skip",
        "focus_role": "none"
      }
    },
    {
      "type": "Feature",
      "geometry": {
        "type": "Point",
        "coordinates": [
          500355.7073600544,
          6966093.508824855
        ]
      },
      "properties": {
        "junction_id": 39578,
        "veh_id": 11565,
        "sim_time_s": 1226.2,
        "tier": "track-section",
        "prearm_status": "",
        "focus_role": "none"
      }
    },
    {
      "type": "Feature",
      "geometry": {
        "type": "Point",
        "coordinates": [
          0.0,
          0.0
        ]
      },
      "properties": {
        "junction_id": 39578,
        "veh_id": 11565,
        "sim_time_s": 1229.0,
        "tier": "harmony-no-ge-local",
        "prearm_status": "skip",
        "focus_role": "none"
      }
    },
    {
      "type": "Feature",
      "geometry": {
        "type": "Point",
        "coordinates": [
          0.0,
          0.0
        ]
      },
      "properties": {
        "junction_id": 39606,
        "veh_id": 11564,
        "sim_time_s": 1230.3,
        "tier": "harmony-no-ge-local",
        "prearm_status": "skip",
        "focus_role": "none"
      }
    },
    {
      "type": "Feature",
      "geometry": {
        "type": "Point",
        "coordinates": [
          0.0,
          0.0
        ]
      },
      "properties": {
        "junction_id": 39590,
        "veh_id": 11556,
        "sim_time_s": 1235.7,
        "tier": "harmony-no-ge-local",
        "prearm_status": "skip",
        "focus_role": "none"
      }
    },
    {
      "type": "Feature",
      "geometry": {
        "type": "Point",
        "coordinates": [
          500730.1909138161,
          6964409.653755618
        ]
      },
      "properties": {
        "junction_id": 39606,
        "veh_id": 11556,
        "sim_time_s": 1238.4,
        "tier": "track-zone",
        "prearm_status": "",
        "focus_role": "none"
      }
    },
    {
      "type": "Feature",
      "geometry": {
        "type": "Point",
        "coordinates": [
          0.0,
          0.0
        ]
      },
      "properties": {
        "junction_id": 39578,
        "veh_id": 11575,
        "sim_time_s": 1238.4,
        "tier": "harmony-no-ge-local",
        "prearm_status": "skip",
        "focus_role": "none"
      }
    },
    {
      "type": "Feature",
      "geometry": {
        "type": "Point",
        "coordinates": [
          500526.0204542564,
          6965940.340240026
        ]
      },
      "properties": {
        "junction_id": 39576,
        "veh_id": 11565,
        "sim_time_s": 1241.1,
        "tier": "track-zone",
        "prearm_status": "",
        "focus_role": "none"
      }
    },
    {
      "type": "Feature",
      "geometry": {
        "type": "Point",
        "coordinates": [
          0.0,
          0.0
        ]
      },
      "properties": {
        "junction_id": 39587,
        "veh_id": 11533,
        "sim_time_s": 1244.7,
        "tier": "harmony-ins-local",
        "prearm_status": "action",
        "focus_role": "none"
      }
    },
    {
      "type": "Feature",
      "geometry": {
        "type": "Point",
        "coordinates": [
          0.0,
          0.0
        ]
      },
      "properties": {
        "junction_id": 39576,
        "veh_id": 11565,
        "sim_time_s": 1256.8,
        "tier": "harmony-no-ge-local",
        "prearm_status": "skip",
        "focus_role": "none"
      }
    },
    {
      "type": "Feature",
      "geometry": {
        "type": "Point",
        "coordinates": [
          500401.78782276803,
          6966040.378861818
        ]
      },
      "properties": {
        "junction_id": 1043762,
        "veh_id": 11575,
        "sim_time_s": 1257.3,
        "tier": "track-zone",
        "prearm_status": "",
        "focus_role": "none"
      }
    },
    {
      "type": "Feature",
      "geometry": {
        "type": "Point",
        "coordinates": [
          500452.79979203735,
          6965695.859603122
        ]
      },
      "properties": {
        "junction_id": 39578,
        "veh_id": 11546,
        "sim_time_s": 1258.7,
        "tier": "track-zone",
        "prearm_status": "",
        "focus_role": "none"
      }
    },
    {
      "type": "Feature",
      "geometry": {
        "type": "Point",
        "coordinates": [
          500949.53229003365,
          6964036.232777647
        ]
      },
      "properties": {
        "junction_id": 39606,
        "veh_id": 11529,
        "sim_time_s": 1260.0,
        "tier": "track-section",
        "prearm_status": "",
        "focus_role": "none"
      }
    },
    {
      "type": "Feature",
      "geometry": {
        "type": "Point",
        "coordinates": [
          0.0,
          0.0
        ]
      },
      "properties": {
        "junction_id": 1043762,
        "veh_id": 11575,
        "sim_time_s": 1260.0,
        "tier": "harmony-no-ge-local",
        "prearm_status": "skip",
        "focus_role": "none"
      }
    },
    {
      "type": "Feature",
      "geometry": {
        "type": "Point",
        "coordinates": [
          500350.8172791309,
          6966084.617649014
        ]
      },
      "properties": {
        "junction_id": 39569,
        "veh_id": 11575,
        "sim_time_s": 1262.2,
        "tier": "coord-prearm-harmony/SHOCKWAVE",
        "prearm_status": "fired",
        "focus_role": "none"
      }
    },
    {
      "type": "Feature",
      "geometry": {
        "type": "Point",
        "coordinates": [
          0.0,
          0.0
        ]
      },
      "properties": {
        "junction_id": 39569,
        "veh_id": 11575,
        "sim_time_s": 1262.7,
        "tier": "harmony-ins-local",
        "prearm_status": "action",
        "focus_role": "none"
      }
    },
    {
      "type": "Feature",
      "geometry": {
        "type": "Point",
        "coordinates": [
          500105.32496907446,
          6966447.427635934
        ]
      },
      "properties": {
        "junction_id": 39569,
        "veh_id": 11575,
        "sim_time_s": 1262.7,
        "tier": "coord-prearm-success/SHOCKWAVE",
        "prearm_status": "success",
        "focus_role": "none"
      }
    },
    {
      "type": "Feature",
      "geometry": {
        "type": "Point",
        "coordinates": [
          500882.19134282134,
          6964126.155223904
        ]
      },
      "properties": {
        "junction_id": 39590,
        "veh_id": 11529,
        "sim_time_s": 1266.8,
        "tier": "track-zone",
        "prearm_status": "",
        "focus_role": "none"
      }
    },
    {
      "type": "Feature",
      "geometry": {
        "type": "Point",
        "coordinates": [
          500291.3160664866,
          6966151.992379291
        ]
      },
      "properties": {
        "junction_id": 39572,
        "veh_id": 11575,
        "sim_time_s": 1267.7,
        "tier": "coord-prearm-harmony/SHOCKWAVE",
        "prearm_status": "fired",
        "focus_role": "none"
      }
    },
    {
      "type": "Feature",
      "geometry": {
        "type": "Point",
        "coordinates": [
          0.0,
          0.0
        ]
      },
      "properties": {
        "junction_id": 39572,
        "veh_id": 11575,
        "sim_time_s": 1268.1,
        "tier": "harmony-no-ge-local",
        "prearm_status": "skip",
        "focus_role": "none"
      }
    },
    {
      "type": "Feature",
      "geometry": {
        "type": "Point",
        "coordinates": [
          500012.2556836749,
          6966653.44887729
        ]
      },
      "properties": {
        "junction_id": 39572,
        "veh_id": 11575,
        "sim_time_s": 1268.1,
        "tier": "coord-prearm-success/SHOCKWAVE",
        "prearm_status": "success",
        "focus_role": "none"
      }
    },
    {
      "type": "Feature",
      "geometry": {
        "type": "Point",
        "coordinates": [
          500603.8383818178,
          6965405.860831594
        ]
      },
      "properties": {
        "junction_id": 39593,
        "veh_id": 11533,
        "sim_time_s": 1269.5,
        "tier": "track-zone",
        "prearm_status": "",
        "focus_role": "none"
      }
    },
    {
      "type": "Feature",
      "geometry": {
        "type": "Point",
        "coordinates": [
          0.0,
          0.0
        ]
      },
      "properties": {
        "junction_id": 39606,
        "veh_id": 11529,
        "sim_time_s": 1277.5,
        "tier": "harmony-no-ge-local",
        "prearm_status": "skip",
        "focus_role": "none"
      }
    },
    {
      "type": "Feature",
      "geometry": {
        "type": "Point",
        "coordinates": [
          500641.31938142946,
          6965257.8959882315
        ]
      },
      "properties": {
        "junction_id": 36385,
        "veh_id": 11533,
        "sim_time_s": 1280.2,
        "tier": "track-zone",
        "prearm_status": "",
        "focus_role": "none"
      }
    },
    {
      "type": "Feature",
      "geometry": {
        "type": "Point",
        "coordinates": [
          0.0,
          0.0
        ]
      },
      "properties": {
        "junction_id": 39593,
        "veh_id": 11533,
        "sim_time_s": 1280.2,
        "tier": "harmony-no-ge-local",
        "prearm_status": "skip",
        "focus_role": "none"
      }
    },
    {
      "type": "Feature",
      "geometry": {
        "type": "Point",
        "coordinates": [
          500531.7058171657,
          6965934.838017447
        ]
      },
      "properties": {
        "junction_id": 39576,
        "veh_id": 11557,
        "sim_time_s": 1289.7,
        "tier": "track-zone",
        "prearm_status": "",
        "focus_role": "none"
      }
    },
    {
      "type": "Feature",
      "geometry": {
        "type": "Point",
        "coordinates": [
          500692.86042330007,
          6964661.75439338
        ]
      },
      "properties": {
        "junction_id": 36393,
        "veh_id": 11539,
        "sim_time_s": 1301.4,
        "tier": "IC-detect",
        "prearm_status": "",
        "focus_role": "none"
      }
    },
    {
      "type": "Feature",
      "geometry": {
        "type": "Point",
        "coordinates": [
          500722.2971655435,
          6965042.718817626
        ]
      },
      "properties": {
        "junction_id": 36385,
        "veh_id": 11540,
        "sim_time_s": 1311.3,
        "tier": "IC-detect",
        "prearm_status": "",
        "focus_role": "none"
      }
    },
    {
      "type": "Feature",
      "geometry": {
        "type": "Point",
        "coordinates": [
          500683.30668530683,
          6964557.957429442
        ]
      },
      "properties": {
        "junction_id": 39590,
        "veh_id": 11539,
        "sim_time_s": 1312.7,
        "tier": "track-zone",
        "prearm_status": "",
        "focus_role": "none"
      }
    },
    {
      "type": "Feature",
      "geometry": {
        "type": "Point",
        "coordinates": [
          500512.50747208105,
          6965704.585410771
        ]
      },
      "properties": {
        "junction_id": 39587,
        "veh_id": 11565,
        "sim_time_s": 1312.7,
        "tier": "track-zone",
        "prearm_status": "",
        "focus_role": "none"
      }
    },
    {
      "type": "Feature",
      "geometry": {
        "type": "Point",
        "coordinates": [
          500729.1003529681,
          6964993.623129739
        ]
      },
      "properties": {
        "junction_id": 36393,
        "veh_id": 11540,
        "sim_time_s": 1315.3,
        "tier": "track-zone",
        "prearm_status": "",
        "focus_role": "none"
      }
    },
    {
      "type": "Feature",
      "geometry": {
        "type": "Point",
        "coordinates": [
          500518.4507515198,
          6965649.090993979
        ]
      },
      "properties": {
        "junction_id": 1119660,
        "veh_id": 11565,
        "sim_time_s": 1318.0,
        "tier": "track-zone",
        "prearm_status": "",
        "focus_role": "none"
      }
    },
    {
      "type": "Feature",
      "geometry": {
        "type": "Point",
        "coordinates": [
          500481.896362277,
          6965701.574112781
        ]
      },
      "properties": {
        "junction_id": 39576,
        "veh_id": 11546,
        "sim_time_s": 1321.2,
        "tier": "IC-detect",
        "prearm_status": "",
        "focus_role": "none"
      }
    },
    {
      "type": "Feature",
      "geometry": {
        "type": "Point",
        "coordinates": [
          0.0,
          0.0
        ]
      },
      "properties": {
        "junction_id": 39587,
        "veh_id": 11565,
        "sim_time_s": 1323.5,
        "tier": "harmony-ins-local",
        "prearm_status": "action",
        "focus_role": "none"
      }
    },
    {
      "type": "Feature",
      "geometry": {
        "type": "Point",
        "coordinates": [
          500554.242891639,
          6965565.292556539
        ]
      },
      "properties": {
        "junction_id": 10157950,
        "veh_id": 11565,
        "sim_time_s": 1327.5,
        "tier": "track-zone",
        "prearm_status": "",
        "focus_role": "none"
      }
    },
    {
      "type": "Feature",
      "geometry": {
        "type": "Point",
        "coordinates": [
          500721.01523837843,
          6964415.61563013
        ]
      },
      "properties": {
        "junction_id": 39590,
        "veh_id": 11532,
        "sim_time_s": 1327.5,
        "tier": "IC-detect-far",
        "prearm_status": "",
        "focus_role": "none"
      }
    },
    {
      "type": "Feature",
      "geometry": {
        "type": "Point",
        "coordinates": [
          0.0,
          0.0
        ]
      },
      "properties": {
        "junction_id": 36385,
        "veh_id": 11533,
        "sim_time_s": 1327.5,
        "tier": "harmony-no-ge-local",
        "prearm_status": "skip",
        "focus_role": "none"
      }
    },
    {
      "type": "Feature",
      "geometry": {
        "type": "Point",
        "coordinates": [
          0.0,
          0.0
        ]
      },
      "properties": {
        "junction_id": 39576,
        "veh_id": 11557,
        "sim_time_s": 1327.5,
        "tier": "harmony-no-ge-local",
        "prearm_status": "skip",
        "focus_role": "none"
      }
    },
    {
      "type": "Feature",
      "geometry": {
        "type": "Point",
        "coordinates": [
          500716.20402026025,
          6965084.088272557
        ]
      },
      "properties": {
        "junction_id": 36393,
        "veh_id": 11533,
        "sim_time_s": 1331.5,
        "tier": "coord-prearm-harmony/SHOCKWAVE",
        "prearm_status": "fired",
        "focus_role": "none"
      }
    },
    {
      "type": "Feature",
      "geometry": {
        "type": "Point",
        "coordinates": [
          0.0,
          0.0
        ]
      },
      "properties": {
        "junction_id": 36393,
        "veh_id": 11533,
        "sim_time_s": 1332.0,
        "tier": "harmony-no-ge-local",
        "prearm_status": "skip",
        "focus_role": "none"
      }
    },
    {
      "type": "Feature",
      "geometry": {
        "type": "Point",
        "coordinates": [
          500684.0987813321,
          6964756.319799706
        ]
      },
      "properties": {
        "junction_id": 36393,
        "veh_id": 11533,
        "sim_time_s": 1332.0,
        "tier": "coord-prearm-success/SHOCKWAVE",
        "prearm_status": "success",
        "focus_role": "none"
      }
    },
    {
      "type": "Feature",
      "geometry": {
        "type": "Point",
        "coordinates": [
          500716.20402026025,
          6965084.088272557
        ]
      },
      "properties": {
        "junction_id": 39590,
        "veh_id": 11533,
        "sim_time_s": 1335.2,
        "tier": "coord-prearm-harmony/SHOCKWAVE",
        "prearm_status": "fired",
        "focus_role": "none"
      }
    },
    {
      "type": "Feature",
      "geometry": {
        "type": "Point",
        "coordinates": [
          0.0,
          0.0
        ]
      },
      "properties": {
        "junction_id": 39590,
        "veh_id": 11533,
        "sim_time_s": 1335.6,
        "tier": "harmony-no-ge-local",
        "prearm_status": "skip",
        "focus_role": "none"
      }
    },
    {
      "type": "Feature",
      "geometry": {
        "type": "Point",
        "coordinates": [
          500756.5972760396,
          6964319.360583134
        ]
      },
      "properties": {
        "junction_id": 39590,
        "veh_id": 11533,
        "sim_time_s": 1335.6,
        "tier": "coord-prearm-success/SHOCKWAVE",
        "prearm_status": "success",
        "focus_role": "none"
      }
    },
    {
      "type": "Feature",
      "geometry": {
        "type": "Point",
        "coordinates": [
          500512.726766743,
          6965699.91385021
        ]
      },
      "properties": {
        "junction_id": 39587,
        "veh_id": 11557,
        "sim_time_s": 1338.3,
        "tier": "track-zone",
        "prearm_status": "",
        "focus_role": "none"
      }
    },
    {
      "type": "Feature",
      "geometry": {
        "type": "Point",
        "coordinates": [
          500519.4772425868,
          6965645.733418127
        ]
      },
      "properties": {
        "junction_id": 1119660,
        "veh_id": 11557,
        "sim_time_s": 1345.0,
        "tier": "track-zone",
        "prearm_status": "",
        "focus_role": "none"
      }
    },
    {
      "type": "Feature",
      "geometry": {
        "type": "Point",
        "coordinates": [
          500952.09229130344,
          6964037.796872752
        ]
      },
      "properties": {
        "junction_id": 39606,
        "veh_id": 11576,
        "sim_time_s": 1350.0,
        "tier": "IC-detect",
        "prearm_status": "",
        "focus_role": "none"
      }
    },
    {
      "type": "Feature",
      "geometry": {
        "type": "Point",
        "coordinates": [
          0.0,
          0.0
        ]
      },
      "properties": {
        "junction_id": 39606,
        "veh_id": 11576,
        "sim_time_s": 1350.0,
        "tier": "harmony-no-ge-local",
        "prearm_status": "skip",
        "focus_role": "none"
      }
    },
    {
      "type": "Feature",
      "geometry": {
        "type": "Point",
        "coordinates": [
          500077.76485266915,
          6966486.067422974
        ]
      },
      "properties": {
        "junction_id": 39568,
        "veh_id": 11575,
        "sim_time_s": 1353.2,
        "tier": "track-zone",
        "prearm_status": "",
        "focus_role": "none"
      }
    },
    {
      "type": "Feature",
      "geometry": {
        "type": "Point",
        "coordinates": [
          500087.97191681445,
          6967506.11806405
        ]
      },
      "properties": {
        "junction_id": 38339,
        "veh_id": 11566,
        "sim_time_s": 1353.2,
        "tier": "IC-detect",
        "prearm_status": "",
        "focus_role": "none"
      }
    },
    {
      "type": "Feature",
      "geometry": {
        "type": "Point",
        "coordinates": [
          500924.0477082885,
          6964082.174946885
        ]
      },
      "properties": {
        "junction_id": 39590,
        "veh_id": 11576,
        "sim_time_s": 1353.2,
        "tier": "coord-prearm-harmony/SHOCKWAVE",
        "prearm_status": "fired",
        "focus_role": "none"
      }
    },
    {
      "type": "Feature",
      "geometry": {
        "type": "Point",
        "coordinates": [
          0.0,
          0.0
        ]
      },
      "properties": {
        "junction_id": 39590,
        "veh_id": 11576,
        "sim_time_s": 1353.6,
        "tier": "harmony-no-ge-local",
        "prearm_status": "skip",
        "focus_role": "none"
      }
    },
    {
      "type": "Feature",
      "geometry": {
        "type": "Point",
        "coordinates": [
          500756.5972760396,
          6964319.360583134
        ]
      },
      "properties": {
        "junction_id": 39590,
        "veh_id": 11576,
        "sim_time_s": 1353.6,
        "tier": "coord-prearm-success/SHOCKWAVE",
        "prearm_status": "success",
        "focus_role": "none"
      }
    },
    {
      "type": "Feature",
      "geometry": {
        "type": "Point",
        "coordinates": [
          500773.9562089581,
          6964308.028788317
        ]
      },
      "properties": {
        "junction_id": 39590,
        "veh_id": 11556,
        "sim_time_s": 1355.8,
        "tier": "IC-detect",
        "prearm_status": "",
        "focus_role": "none"
      }
    },
    {
      "type": "Feature",
      "geometry": {
        "type": "Point",
        "coordinates": [
          0.0,
          0.0
        ]
      },
      "properties": {
        "junction_id": 39576,
        "veh_id": 11546,
        "sim_time_s": 1355.8,
        "tier": "harmony-no-ge-local",
        "prearm_status": "skip",
        "focus_role": "none"
      }
    },
    {
      "type": "Feature",
      "geometry": {
        "type": "Point",
        "coordinates": [
          500897.31215551373,
          6964118.29422681
        ]
      },
      "properties": {
        "junction_id": 36393,
        "veh_id": 11576,
        "sim_time_s": 1356.8,
        "tier": "coord-prearm-harmony/SHOCKWAVE",
        "prearm_status": "fired",
        "focus_role": "none"
      }
    },
    {
      "type": "Feature",
      "geometry": {
        "type": "Point",
        "coordinates": [
          0.0,
          0.0
        ]
      },
      "properties": {
        "junction_id": 36393,
        "veh_id": 11576,
        "sim_time_s": 1357.2,
        "tier": "harmony-no-ge-local",
        "prearm_status": "skip",
        "focus_role": "none"
      }
    },
    {
      "type": "Feature",
      "geometry": {
        "type": "Point",
        "coordinates": [
          500684.0987813321,
          6964756.319799706
        ]
      },
      "properties": {
        "junction_id": 36393,
        "veh_id": 11576,
        "sim_time_s": 1357.2,
        "tier": "coord-prearm-success/SHOCKWAVE",
        "prearm_status": "success",
        "focus_role": "none"
      }
    },
    {
      "type": "Feature",
      "geometry": {
        "type": "Point",
        "coordinates": [
          500799.4393169292,
          6964262.272981195
        ]
      },
      "properties": {
        "junction_id": 39606,
        "veh_id": 11556,
        "sim_time_s": 1359.5,
        "tier": "IC-detect",
        "prearm_status": "",
        "focus_role": "none"
      }
    },
    {
      "type": "Feature",
      "geometry": {
        "type": "Point",
        "coordinates": [
          0.0,
          0.0
        ]
      },
      "properties": {
        "junction_id": 39606,
        "veh_id": 11556,
        "sim_time_s": 1359.5,
        "tier": "harmony-no-ge-local",
        "prearm_status": "skip",
        "focus_role": "none"
      }
    },
    {
      "type": "Feature",
      "geometry": {
        "type": "Point",
        "coordinates": [
          500853.620125298,
          6964166.440303831
        ]
      },
      "properties": {
        "junction_id": 36385,
        "veh_id": 11576,
        "sim_time_s": 1363.0,
        "tier": "coord-prearm-harmony/SHOCKWAVE",
        "prearm_status": "fired",
        "focus_role": "none"
      }
    },
    {
      "type": "Feature",
      "geometry": {
        "type": "Point",
        "coordinates": [
          0.0,
          0.0
        ]
      },
      "properties": {
        "junction_id": 36385,
        "veh_id": 11576,
        "sim_time_s": 1363.5,
        "tier": "harmony-no-ge-local",
        "prearm_status": "skip",
        "focus_role": "none"
      }
    },
    {
      "type": "Feature",
      "geometry": {
        "type": "Point",
        "coordinates": [
          500715.9750991549,
          6965021.28412977
        ]
      },
      "properties": {
        "junction_id": 36385,
        "veh_id": 11576,
        "sim_time_s": 1363.5,
        "tier": "coord-prearm-success/SHOCKWAVE",
        "prearm_status": "success",
        "focus_role": "none"
      }
    },
    {
      "type": "Feature",
      "geometry": {
        "type": "Point",
        "coordinates": [
          0.0,
          0.0
        ]
      },
      "properties": {
        "junction_id": 38339,
        "veh_id": 11566,
        "sim_time_s": 1364.0,
        "tier": "harmony-no-ge-local",
        "prearm_status": "skip",
        "focus_role": "none"
      }
    },
    {
      "type": "Feature",
      "geometry": {
        "type": "Point",
        "coordinates": [
          500677.78330267145,
          6964509.595666675
        ]
      },
      "properties": {
        "junction_id": 36393,
        "veh_id": 11529,
        "sim_time_s": 1370.7,
        "tier": "track-zone",
        "prearm_status": "",
        "focus_role": "none"
      }
    },
    {
      "type": "Feature",
      "geometry": {
        "type": "Point",
        "coordinates": [
          500724.64292732306,
          6964406.378922617
        ]
      },
      "properties": {
        "junction_id": 39606,
        "veh_id": 11532,
        "sim_time_s": 1372.0,
        "tier": "track-zone",
        "prearm_status": "",
        "focus_role": "none"
      }
    },
    {
      "type": "Feature",
      "geometry": {
        "type": "Point",
        "coordinates": [
          500481.896362277,
          6965701.574112781
        ]
      },
      "properties": {
        "junction_id": 39578,
        "veh_id": 11546,
        "sim_time_s": 1380.2,
        "tier": "track-zone",
        "prearm_status": "",
        "focus_role": "none"
      }
    },
    {
      "type": "Feature",
      "geometry": {
        "type": "Point",
        "coordinates": [
          500610.700025646,
          6965403.287906414
        ]
      },
      "properties": {
        "junction_id": 39593,
        "veh_id": 11565,
        "sim_time_s": 1381.5,
        "tier": "track-zone",
        "prearm_status": "",
        "focus_role": "none"
      }
    },
    {
      "type": "Feature",
      "geometry": {
        "type": "Point",
        "coordinates": [
          0.0,
          0.0
        ]
      },
      "properties": {
        "junction_id": 39587,
        "veh_id": 11557,
        "sim_time_s": 1383.8,
        "tier": "harmony-no-ge-local",
        "prearm_status": "skip",
        "focus_role": "none"
      }
    },
    {
      "type": "Feature",
      "geometry": {
        "type": "Point",
        "coordinates": [
          500554.15561444074,
          6965565.515148313
        ]
      },
      "properties": {
        "junction_id": 10157950,
        "veh_id": 11557,
        "sim_time_s": 1384.2,
        "tier": "track-zone",
        "prearm_status": "",
        "focus_role": "none"
      }
    },
    {
      "type": "Feature",
      "geometry": {
        "type": "Point",
        "coordinates": [
          500494.87444870966,
          6965703.031744787
        ]
      },
      "properties": {
        "junction_id": 39587,
        "veh_id": 11546,
        "sim_time_s": 1385.5,
        "tier": "track-zone",
        "prearm_status": "",
        "focus_role": "none"
      }
    },
    {
      "type": "Feature",
      "geometry": {
        "type": "Point",
        "coordinates": [
          500037.10324283625,
          6966583.528504171
        ]
      },
      "properties": {
        "junction_id": 39572,
        "veh_id": 11575,
        "sim_time_s": 1388.2,
        "tier": "IC-detect",
        "prearm_status": "",
        "focus_role": "none"
      }
    },
    {
      "type": "Feature",
      "geometry": {
        "type": "Point",
        "coordinates": [
          500521.8737257825,
          6965638.370746832
        ]
      },
      "properties": {
        "junction_id": 1119660,
        "veh_id": 11546,
        "sim_time_s": 1392.3,
        "tier": "track-zone",
        "prearm_status": "",
        "focus_role": "none"
      }
    },
    {
      "type": "Feature",
      "geometry": {
        "type": "Point",
        "coordinates": [
          0.0,
          0.0
        ]
      },
      "properties": {
        "junction_id": 39606,
        "veh_id": 11532,
        "sim_time_s": 1392.3,
        "tier": "harmony-no-ge-local",
        "prearm_status": "skip",
        "focus_role": "none"
      }
    },
    {
      "type": "Feature",
      "geometry": {
        "type": "Point",
        "coordinates": [
          500037.10324283625,
          6966583.528504171
        ]
      },
      "properties": {
        "junction_id": 39569,
        "veh_id": 11575,
        "sim_time_s": 1395.0,
        "tier": "track-zone",
        "prearm_status": "",
        "focus_role": "none"
      }
    },
    {
      "type": "Feature",
      "geometry": {
        "type": "Point",
        "coordinates": [
          0.0,
          0.0
        ]
      },
      "properties": {
        "junction_id": 39593,
        "veh_id": 11565,
        "sim_time_s": 1397.7,
        "tier": "harmony-no-ge-local",
        "prearm_status": "skip",
        "focus_role": "none"
      }
    },
    {
      "type": "Feature",
      "geometry": {
        "type": "Point",
        "coordinates": [
          500648.2680353248,
          6965256.691605177
        ]
      },
      "properties": {
        "junction_id": 36385,
        "veh_id": 11565,
        "sim_time_s": 1399.0,
        "tier": "track-zone",
        "prearm_status": "",
        "focus_role": "none"
      }
    },
    {
      "type": "Feature",
      "geometry": {
        "type": "Point",
        "coordinates": [
          500727.4822147898,
          6964399.476683015
        ]
      },
      "properties": {
        "junction_id": 39606,
        "veh_id": 11539,
        "sim_time_s": 1400.4,
        "tier": "track-zone",
        "prearm_status": "",
        "focus_role": "none"
      }
    },
    {
      "type": "Feature",
      "geometry": {
        "type": "Point",
        "coordinates": [
          500551.5855274649,
          6965570.860758129
        ]
      },
      "properties": {
        "junction_id": 10157950,
        "veh_id": 11546,
        "sim_time_s": 1404.5,
        "tier": "track-zone",
        "prearm_status": "",
        "focus_role": "none"
      }
    },
    {
      "type": "Feature",
      "geometry": {
        "type": "Point",
        "coordinates": [
          499965.86404267425,
          6967104.1358778905
        ]
      },
      "properties": {
        "junction_id": 11118289,
        "veh_id": 11566,
        "sim_time_s": 1416.6,
        "tier": "track-zone",
        "prearm_status": "",
        "focus_role": "none"
      }
    },
    {
      "type": "Feature",
      "geometry": {
        "type": "Point",
        "coordinates": [
          0.0,
          0.0
        ]
      },
      "properties": {
        "junction_id": 39606,
        "veh_id": 11539,
        "sim_time_s": 1422.0,
        "tier": "harmony-no-ge-local",
        "prearm_status": "skip",
        "focus_role": "none"
      }
    },
    {
      "type": "Feature",
      "geometry": {
        "type": "Point",
        "coordinates": [
          0.0,
          0.0
        ]
      },
      "properties": {
        "junction_id": 36385,
        "veh_id": 11565,
        "sim_time_s": 1431.5,
        "tier": "harmony-no-ge-local",
        "prearm_status": "skip",
        "focus_role": "none"
      }
    },
    {
      "type": "Feature",
      "geometry": {
        "type": "Point",
        "coordinates": [
          500692.7603608746,
          6964658.49581675
        ]
      },
      "properties": {
        "junction_id": 36393,
        "veh_id": 11540,
        "sim_time_s": 1435.5,
        "tier": "IC-detect",
        "prearm_status": "",
        "focus_role": "none"
      }
    },
    {
      "type": "Feature",
      "geometry": {
        "type": "Point",
        "coordinates": [
          500715.33357402316,
          6965087.426086259
        ]
      },
      "properties": {
        "junction_id": 36393,
        "veh_id": 11565,
        "sim_time_s": 1435.5,
        "tier": "coord-prearm-harmony/SHOCKWAVE",
        "prearm_status": "fired",
        "focus_role": "none"
      }
    },
    {
      "type": "Feature",
      "geometry": {
        "type": "Point",
        "coordinates": [
          0.0,
          0.0
        ]
      },
      "properties": {
        "junction_id": 36393,
        "veh_id": 11565,
        "sim_time_s": 1436.0,
        "tier": "harmony-no-ge-local",
        "prearm_status": "skip",
        "focus_role": "none"
      }
    },
    {
      "type": "Feature",
      "geometry": {
        "type": "Point",
        "coordinates": [
          500684.0987813321,
          6964756.319799706
        ]
      },
      "properties": {
        "junction_id": 36393,
        "veh_id": 11565,
        "sim_time_s": 1436.0,
        "tier": "coord-prearm-success/SHOCKWAVE",
        "prearm_status": "success",
        "focus_role": "none"
      }
    },
    {
      "type": "Feature",
      "geometry": {
        "type": "Point",
        "coordinates": [
          500018.1330277313,
          6966618.746945154
        ]
      },
      "properties": {
        "junction_id": 11118289,
        "veh_id": 11575,
        "sim_time_s": 1438.2,
        "tier": "track-zone",
        "prearm_status": "",
        "focus_role": "none"
      }
    },
    {
      "type": "Feature",
      "geometry": {
        "type": "Point",
        "coordinates": [
          500716.080713097,
          6965084.409319926
        ]
      },
      "properties": {
        "junction_id": 39590,
        "veh_id": 11565,
        "sim_time_s": 1440.0,
        "tier": "coord-prearm-harmony/SHOCKWAVE",
        "prearm_status": "fired",
        "focus_role": "none"
      }
    },
    {
      "type": "Feature",
      "geometry": {
        "type": "Point",
        "coordinates": [
          0.0,
          0.0
        ]
      },
      "properties": {
        "junction_id": 39590,
        "veh_id": 11565,
        "sim_time_s": 1440.5,
        "tier": "harmony-ins-local",
        "prearm_status": "action",
        "focus_role": "none"
      }
    },
    {
      "type": "Feature",
      "geometry": {
        "type": "Point",
        "coordinates": [
          500756.5972760396,
          6964319.360583134
        ]
      },
      "properties": {
        "junction_id": 39590,
        "veh_id": 11565,
        "sim_time_s": 1440.5,
        "tier": "coord-prearm-success/SHOCKWAVE",
        "prearm_status": "success",
        "focus_role": "none"
      }
    },
    {
      "type": "Feature",
      "geometry": {
        "type": "Point",
        "coordinates": [
          500698.3064574021,
          6964788.395685004
        ]
      },
      "properties": {
        "junction_id": 36393,
        "veh_id": 11533,
        "sim_time_s": 1452.2,
        "tier": "IC-detect",
        "prearm_status": "",
        "focus_role": "none"
      }
    },
    {
      "type": "Feature",
      "geometry": {
        "type": "Point",
        "coordinates": [
          499960.9988326406,
          6966778.459227736
        ]
      },
      "properties": {
        "junction_id": 38339,
        "veh_id": 11575,
        "sim_time_s": 1453.0,
        "tier": "track-zone",
        "prearm_status": "",
        "focus_role": "none"
      }
    },
    {
      "type": "Feature",
      "geometry": {
        "type": "Point",
        "coordinates": [
          500682.67380707455,
          6964780.560511508
        ]
      },
      "properties": {
        "junction_id": 36385,
        "veh_id": 11529,
        "sim_time_s": 1462.5,
        "tier": "track-zone",
        "prearm_status": "",
        "focus_role": "none"
      }
    },
    {
      "type": "Feature",
      "geometry": {
        "type": "Point",
        "coordinates": [
          500573.92936572473,
          6965514.1011307435
        ]
      },
      "properties": {
        "junction_id": 1119660,
        "veh_id": 11557,
        "sim_time_s": 1466.5,
        "tier": "track-zone",
        "prearm_status": "",
        "focus_role": "none"
      }
    },
    {
      "type": "Feature",
      "geometry": {
        "type": "Point",
        "coordinates": [
          499960.7395629038,
          6966791.458569632
        ]
      },
      "properties": {
        "junction_id": 39568,
        "veh_id": 11575,
        "sim_time_s": 1474.7,
        "tier": "track-zone",
        "prearm_status": "",
        "focus_role": "none"
      }
    },
    {
      "type": "Feature",
      "geometry": {
        "type": "Point",
        "coordinates": [
          500704.4788121264,
          6964931.363399407
        ]
      },
      "properties": {
        "junction_id": 39593,
        "veh_id": 11529,
        "sim_time_s": 1477.3,
        "tier": "track-zone",
        "prearm_status": "",
        "focus_role": "none"
      }
    },
    {
      "type": "Feature",
      "geometry": {
        "type": "Point",
        "coordinates": [
          500678.71398559946,
          6964736.273146446
        ]
      },
      "properties": {
        "junction_id": 36393,
        "veh_id": 11576,
        "sim_time_s": 1477.3,
        "tier": "IC-detect",
        "prearm_status": "",
        "focus_role": "none"
      }
    },
    {
      "type": "Feature",
      "geometry": {
        "type": "Point",
        "coordinates": [
          500689.33339585096,
          6964559.371191111
        ]
      },
      "properties": {
        "junction_id": 39590,
        "veh_id": 11540,
        "sim_time_s": 1481.4,
        "tier": "track-zone",
        "prearm_status": "",
        "focus_role": "none"
      }
    },
    {
      "type": "Feature",
      "geometry": {
        "type": "Point",
        "coordinates": [
          499962.82972239313,
          6967083.465080692
        ]
      },
      "properties": {
        "junction_id": 38339,
        "veh_id": 11566,
        "sim_time_s": 1484.1,
        "tier": "IC-detect",
        "prearm_status": "",
        "focus_role": "none"
      }
    },
    {
      "type": "Feature",
      "geometry": {
        "type": "Point",
        "coordinates": [
          500559.120511427,
          6965554.507588496
        ]
      },
      "properties": {
        "junction_id": 39576,
        "veh_id": 11546,
        "sim_time_s": 1486.8,
        "tier": "track-zone",
        "prearm_status": "",
        "focus_role": "none"
      }
    },
    {
      "type": "Feature",
      "geometry": {
        "type": "Point",
        "coordinates": [
          500715.8236629802,
          6965003.893210389
        ]
      },
      "properties": {
        "junction_id": 36393,
        "veh_id": 11529,
        "sim_time_s": 1492.2,
        "tier": "track-zone",
        "prearm_status": "",
        "focus_role": "none"
      }
    },
    {
      "type": "Feature",
      "geometry": {
        "type": "Point",
        "coordinates": [
          500691.5088594605,
          6964880.332102194
        ]
      },
      "properties": {
        "junction_id": 36385,
        "veh_id": 11576,
        "sim_time_s": 1494.9,
        "tier": "IC-detect",
        "prearm_status": "",
        "focus_role": "none"
      }
    },
    {
      "type": "Feature",
      "geometry": {
        "type": "Point",
        "coordinates": [
          499960.9129308503,
          6966957.774987581
        ]
      },
      "properties": {
        "junction_id": 39568,
        "veh_id": 11566,
        "sim_time_s": 1500.3,
        "tier": "track-zone",
        "prearm_status": "",
        "focus_role": "none"
      }
    },
    {
      "type": "Feature",
      "geometry": {
        "type": "Point",
        "coordinates": [
          500701.58949804056,
          6964931.1155166365
        ]
      },
      "properties": {
        "junction_id": 39593,
        "veh_id": 11576,
        "sim_time_s": 1500.3,
        "tier": "track-zone",
        "prearm_status": "",
        "focus_role": "none"
      }
    },
    {
      "type": "Feature",
      "geometry": {
        "type": "Point",
        "coordinates": [
          500599.7487501573,
          6965438.453147917
        ]
      },
      "properties": {
        "junction_id": 39587,
        "veh_id": 11557,
        "sim_time_s": 1503.9,
        "tier": "IC-detect",
        "prearm_status": "",
        "focus_role": "none"
      }
    },
    {
      "type": "Feature",
      "geometry": {
        "type": "Point",
        "coordinates": [
          500599.7487501573,
          6965438.453147917
        ]
      },
      "properties": {
        "junction_id": 10157950,
        "veh_id": 11557,
        "sim_time_s": 1505.7,
        "tier": "track-zone",
        "prearm_status": "",
        "focus_role": "none"
      }
    },
    {
      "type": "Feature",
      "geometry": {
        "type": "Point",
        "coordinates": [
          499966.0287882758,
          6966896.429739149
        ]
      },
      "properties": {
        "junction_id": 39572,
        "veh_id": 11566,
        "sim_time_s": 1505.7,
        "tier": "track-zone",
        "prearm_status": "",
        "focus_role": "none"
      }
    },
    {
      "type": "Feature",
      "geometry": {
        "type": "Point",
        "coordinates": [
          500581.64770533034,
          6965492.295002096
        ]
      },
      "properties": {
        "junction_id": 39587,
        "veh_id": 11546,
        "sim_time_s": 1505.7,
        "tier": "IC-detect",
        "prearm_status": "",
        "focus_role": "none"
      }
    },
    {
      "type": "Feature",
      "geometry": {
        "type": "Point",
        "coordinates": [
          0.0,
          0.0
        ]
      },
      "properties": {
        "junction_id": 36385,
        "veh_id": 11529,
        "sim_time_s": 1507.0,
        "tier": "harmony-no-ge-local",
        "prearm_status": "skip",
        "focus_role": "none"
      }
    },
    {
      "type": "Feature",
      "geometry": {
        "type": "Point",
        "coordinates": [
          500689.29936897603,
          6964557.85401629
        ]
      },
      "properties": {
        "junction_id": 39590,
        "veh_id": 11533,
        "sim_time_s": 1508.4,
        "tier": "track-zone",
        "prearm_status": "",
        "focus_role": "none"
      }
    },
    {
      "type": "Feature",
      "geometry": {
        "type": "Point",
        "coordinates": [
          0.0,
          0.0
        ]
      },
      "properties": {
        "junction_id": 39587,
        "veh_id": 11546,
        "sim_time_s": 1512.5,
        "tier": "harmony-ins-local",
        "prearm_status": "action",
        "focus_role": "none"
      }
    },
    {
      "type": "Feature",
      "geometry": {
        "type": "Point",
        "coordinates": [
          500581.7456832833,
          6965492.0218455065
        ]
      },
      "properties": {
        "junction_id": 1119660,
        "veh_id": 11546,
        "sim_time_s": 1513.8,
        "tier": "track-zone",
        "prearm_status": "",
        "focus_role": "none"
      }
    },
    {
      "type": "Feature",
      "geometry": {
        "type": "Point",
        "coordinates": [
          500610.9755426162,
          6965402.258300638
        ]
      },
      "properties": {
        "junction_id": 39593,
        "veh_id": 11557,
        "sim_time_s": 1513.8,
        "tier": "track-zone",
        "prearm_status": "",
        "focus_role": "none"
      }
    },
    {
      "type": "Feature",
      "geometry": {
        "type": "Point",
        "coordinates": [
          500596.23075189546,
          6965448.978991071
        ]
      },
      "properties": {
        "junction_id": 10157950,
        "veh_id": 11546,
        "sim_time_s": 1526.0,
        "tier": "track-zone",
        "prearm_status": "",
        "focus_role": "none"
      }
    },
    {
      "type": "Feature",
      "geometry": {
        "type": "Point",
        "coordinates": [
          500643.8705740743,
          6965259.168432603
        ]
      },
      "properties": {
        "junction_id": 36385,
        "veh_id": 11557,
        "sim_time_s": 1528.7,
        "tier": "track-zone",
        "prearm_status": "",
        "focus_role": "none"
      }
    },
    {
      "type": "Feature",
      "geometry": {
        "type": "Point",
        "coordinates": [
          0.0,
          0.0
        ]
      },
      "properties": {
        "junction_id": 39593,
        "veh_id": 11557,
        "sim_time_s": 1534.0,
        "tier": "harmony-no-ge-local",
        "prearm_status": "skip",
        "focus_role": "none"
      }
    },
    {
      "type": "Feature",
      "geometry": {
        "type": "Point",
        "coordinates": [
          0.0,
          0.0
        ]
      },
      "properties": {
        "junction_id": 38339,
        "veh_id": 11575,
        "sim_time_s": 1534.0,
        "tier": "harmony-ins-local",
        "prearm_status": "action",
        "focus_role": "none"
      }
    },
    {
      "type": "Feature",
      "geometry": {
        "type": "Point",
        "coordinates": [
          499970.28308078146,
          6966804.660352148
        ]
      },
      "properties": {
        "junction_id": 11118289,
        "veh_id": 11566,
        "sim_time_s": 1538.1,
        "tier": "track-zone",
        "prearm_status": "",
        "focus_role": "none"
      }
    },
    {
      "type": "Feature",
      "geometry": {
        "type": "Point",
        "coordinates": [
          500194.4909337783,
          6965100.592864177
        ]
      },
      "properties": {
        "junction_id": 39593,
        "veh_id": 11550,
        "sim_time_s": 1544.0,
        "tier": "IC-detect",
        "prearm_status": "",
        "focus_role": "none"
      }
    },
    {
      "type": "Feature",
      "geometry": {
        "type": "Point",
        "coordinates": [
          0.0,
          0.0
        ]
      },
      "properties": {
        "junction_id": 39572,
        "veh_id": 11566,
        "sim_time_s": 1546.2,
        "tier": "harmony-no-ge-local",
        "prearm_status": "skip",
        "focus_role": "none"
      }
    },
    {
      "type": "Feature",
      "geometry": {
        "type": "Point",
        "coordinates": [
          500009.467497274,
          6966675.746835881
        ]
      },
      "properties": {
        "junction_id": 39569,
        "veh_id": 11566,
        "sim_time_s": 1547.5,
        "tier": "track-zone",
        "prearm_status": "",
        "focus_role": "none"
      }
    },
    {
      "type": "Feature",
      "geometry": {
        "type": "Point",
        "coordinates": [
          500607.8496544582,
          6965413.009466209
        ]
      },
      "properties": {
        "junction_id": 39593,
        "veh_id": 11546,
        "sim_time_s": 1551.6,
        "tier": "track-zone",
        "prearm_status": "",
        "focus_role": "none"
      }
    },
    {
      "type": "Feature",
      "geometry": {
        "type": "Point",
        "coordinates": [
          500296.7963361917,
          6965084.328571196
        ]
      },
      "properties": {
        "junction_id": 36385,
        "veh_id": 11550,
        "sim_time_s": 1551.6,
        "tier": "IC-detect",
        "prearm_status": "",
        "focus_role": "none"
      }
    },
    {
      "type": "Feature",
      "geometry": {
        "type": "Point",
        "coordinates": [
          0.0,
          0.0
        ]
      },
      "properties": {
        "junction_id": 39590,
        "veh_id": 11540,
        "sim_time_s": 1554.3,
        "tier": "harmony-no-ge-local",
        "prearm_status": "skip",
        "focus_role": "none"
      }
    },
    {
      "type": "Feature",
      "geometry": {
        "type": "Point",
        "coordinates": [
          500691.11780797504,
          6964617.99124708
        ]
      },
      "properties": {
        "junction_id": 36393,
        "veh_id": 11565,
        "sim_time_s": 1556.1,
        "tier": "IC-detect-far",
        "prearm_status": "",
        "focus_role": "none"
      }
    },
    {
      "type": "Feature",
      "geometry": {
        "type": "Point",
        "coordinates": [
          0.0,
          0.0
        ]
      },
      "properties": {
        "junction_id": 39593,
        "veh_id": 11550,
        "sim_time_s": 1556.5,
        "tier": "harmony-no-ge-local",
        "prearm_status": "skip",
        "focus_role": "none"
      }
    },
    {
      "type": "Feature",
      "geometry": {
        "type": "Point",
        "coordinates": [
          0.0,
          0.0
        ]
      },
      "properties": {
        "junction_id": 36385,
        "veh_id": 11550,
        "sim_time_s": 1557.5,
        "tier": "harmony-ins-local",
        "prearm_status": "action",
        "focus_role": "none"
      }
    },
    {
      "type": "Feature",
      "geometry": {
        "type": "Point",
        "coordinates": [
          500729.31458341115,
          6964411.945390783
        ]
      },
      "properties": {
        "junction_id": 39606,
        "veh_id": 11540,
        "sim_time_s": 1561.0,
        "tier": "track-zone",
        "prearm_status": "",
        "focus_role": "none"
      }
    },
    {
      "type": "Feature",
      "geometry": {
        "type": "Point",
        "coordinates": [
          500651.2802885672,
          6965249.49309674
        ]
      },
      "properties": {
        "junction_id": 36385,
        "veh_id": 11546,
        "sim_time_s": 1562.4,
        "tier": "track-zone",
        "prearm_status": "",
        "focus_role": "none"
      }
    },
    {
      "type": "Feature",
      "geometry": {
        "type": "Point",
        "coordinates": [
          0.0,
          0.0
        ]
      },
      "properties": {
        "junction_id": 39593,
        "veh_id": 11576,
        "sim_time_s": 1567.8,
        "tier": "harmony-no-ge-local",
        "prearm_status": "skip",
        "focus_role": "none"
      }
    },
    {
      "type": "Feature",
      "geometry": {
        "type": "Point",
        "coordinates": [
          500682.42831022997,
          6965106.051497406
        ]
      },
      "properties": {
        "junction_id": 10157950,
        "veh_id": 11576,
        "sim_time_s": 1569.2,
        "tier": "track-zone",
        "prearm_status": "",
        "focus_role": "none"
      }
    },
    {
      "type": "Feature",
      "geometry": {
        "type": "Point",
        "coordinates": [
          500660.7260487942,
          6965184.625122894
        ]
      },
      "properties": {
        "junction_id": 1119660,
        "veh_id": 11576,
        "sim_time_s": 1574.5,
        "tier": "track-zone",
        "prearm_status": "",
        "focus_role": "none"
      }
    },
    {
      "type": "Feature",
      "geometry": {
        "type": "Point",
        "coordinates": [
          500634.2833788861,
          6965244.476186851
        ]
      },
      "properties": {
        "junction_id": 39587,
        "veh_id": 11576,
        "sim_time_s": 1578.6,
        "tier": "track-zone",
        "prearm_status": "",
        "focus_role": "none"
      }
    },
    {
      "type": "Feature",
      "geometry": {
        "type": "Point",
        "coordinates": [
          0.0,
          0.0
        ]
      },
      "properties": {
        "junction_id": 39593,
        "veh_id": 11546,
        "sim_time_s": 1586.7,
        "tier": "harmony-ins-local",
        "prearm_status": "action",
        "focus_role": "none"
      }
    },
    {
      "type": "Feature",
      "geometry": {
        "type": "Point",
        "coordinates": [
          0.0,
          0.0
        ]
      },
      "properties": {
        "junction_id": 39569,
        "veh_id": 11566,
        "sim_time_s": 1590.8,
        "tier": "harmony-no-ge-local",
        "prearm_status": "skip",
        "focus_role": "none"
      }
    },
    {
      "type": "Feature",
      "geometry": {
        "type": "Point",
        "coordinates": [
          500732.1174588942,
          6964404.573016413
        ]
      },
      "properties": {
        "junction_id": 39606,
        "veh_id": 11533,
        "sim_time_s": 1596.2,
        "tier": "track-zone",
        "prearm_status": "",
        "focus_role": "none"
      }
    },
    {
      "type": "Feature",
      "geometry": {
        "type": "Point",
        "coordinates": [
          500715.8177457753,
          6965004.015189678
        ]
      },
      "properties": {
        "junction_id": 39593,
        "veh_id": 11529,
        "sim_time_s": 1598.8,
        "tier": "track-zone",
        "prearm_status": "",
        "focus_role": "none"
      }
    },
    {
      "type": "Feature",
      "geometry": {
        "type": "Point",
        "coordinates": [
          500687.9479761786,
          6964540.3643163545
        ]
      },
      "properties": {
        "junction_id": 39590,
        "veh_id": 11565,
        "sim_time_s": 1612.3,
        "tier": "IC-detect",
        "prearm_status": "",
        "focus_role": "none"
      }
    },
    {
      "type": "Feature",
      "geometry": {
        "type": "Point",
        "coordinates": [
          500715.8177457753,
          6965004.015189678
        ]
      },
      "properties": {
        "junction_id": 36393,
        "veh_id": 11529,
        "sim_time_s": 1613.7,
        "tier": "track-zone",
        "prearm_status": "",
        "focus_role": "none"
      }
    },
    {
      "type": "Feature",
      "geometry": {
        "type": "Point",
        "coordinates": [
          0.0,
          0.0
        ]
      },
      "properties": {
        "junction_id": 36385,
        "veh_id": 11557,
        "sim_time_s": 1617.8,
        "tier": "harmony-ins-local",
        "prearm_status": "action",
        "focus_role": "none"
      }
    },
    {
      "type": "Feature",
      "geometry": {
        "type": "Point",
        "coordinates": [
          500724.1657352874,
          6965032.38368124
        ]
      },
      "properties": {
        "junction_id": 36393,
        "veh_id": 11557,
        "sim_time_s": 1622.7,
        "tier": "coord-prearm-harmony/SHOCKWAVE",
        "prearm_status": "fired",
        "focus_role": "none"
      }
    },
    {
      "type": "Feature",
      "geometry": {
        "type": "Point",
        "coordinates": [
          0.0,
          0.0
        ]
      },
      "properties": {
        "junction_id": 36393,
        "veh_id": 11557,
        "sim_time_s": 1623.2,
        "tier": "harmony-no-ge-local",
        "prearm_status": "skip",
        "focus_role": "none"
      }
    },
    {
      "type": "Feature",
      "geometry": {
        "type": "Point",
        "coordinates": [
          500684.0987813321,
          6964756.319799706
        ]
      },
      "properties": {
        "junction_id": 36393,
        "veh_id": 11557,
        "sim_time_s": 1623.2,
        "tier": "coord-prearm-success/SHOCKWAVE",
        "prearm_status": "success",
        "focus_role": "none"
      }
    },
    {
      "type": "Feature",
      "geometry": {
        "type": "Point",
        "coordinates": [
          0.0,
          0.0
        ]
      },
      "properties": {
        "junction_id": 39587,
        "veh_id": 11576,
        "sim_time_s": 1624.5,
        "tier": "harmony-no-ge-local",
        "prearm_status": "skip",
        "focus_role": "none"
      }
    },
    {
      "type": "Feature",
      "geometry": {
        "type": "Point",
        "coordinates": [
          500728.72314300993,
          6964988.7714866
        ]
      },
      "properties": {
        "junction_id": 39590,
        "veh_id": 11557,
        "sim_time_s": 1626.3,
        "tier": "coord-prearm-harmony/SHOCKWAVE",
        "prearm_status": "fired",
        "focus_role": "none"
      }
    },
    {
      "type": "Feature",
      "geometry": {
        "type": "Point",
        "coordinates": [
          0.0,
          0.0
        ]
      },
      "properties": {
        "junction_id": 39590,
        "veh_id": 11557,
        "sim_time_s": 1626.8,
        "tier": "harmony-ins-local",
        "prearm_status": "action",
        "focus_role": "none"
      }
    },
    {
      "type": "Feature",
      "geometry": {
        "type": "Point",
        "coordinates": [
          500756.5972760396,
          6964319.360583134
        ]
      },
      "properties": {
        "junction_id": 39590,
        "veh_id": 11557,
        "sim_time_s": 1626.8,
        "tier": "coord-prearm-success/SHOCKWAVE",
        "prearm_status": "success",
        "focus_role": "none"
      }
    },
    {
      "type": "Feature",
      "geometry": {
        "type": "Point",
        "coordinates": [
          500576.072593108,
          6965458.227462701
        ]
      },
      "properties": {
        "junction_id": 39576,
        "veh_id": 11576,
        "sim_time_s": 1627.2,
        "tier": "track-zone",
        "prearm_status": "",
        "focus_role": "none"
      }
    },
    {
      "type": "Feature",
      "geometry": {
        "type": "Point",
        "coordinates": [
          500715.8177457753,
          6965004.015189678
        ]
      },
      "properties": {
        "junction_id": 36385,
        "veh_id": 11529,
        "sim_time_s": 1627.2,
        "tier": "IC-detect",
        "prearm_status": "",
        "focus_role": "none"
      }
    },
    {
      "type": "Feature",
      "geometry": {
        "type": "Point",
        "coordinates": [
          500784.0949713528,
          6964289.5330747105
        ]
      },
      "properties": {
        "junction_id": 39590,
        "veh_id": 11533,
        "sim_time_s": 1628.5,
        "tier": "IC-detect",
        "prearm_status": "",
        "focus_role": "none"
      }
    },
    {
      "type": "Feature",
      "geometry": {
        "type": "Point",
        "coordinates": [
          0.0,
          0.0
        ]
      },
      "properties": {
        "junction_id": 39606,
        "veh_id": 11533,
        "sim_time_s": 1634.0,
        "tier": "harmony-no-ge-local",
        "prearm_status": "skip",
        "focus_role": "none"
      }
    },
    {
      "type": "Feature",
      "geometry": {
        "type": "Point",
        "coordinates": [
          500125.5475118194,
          6966441.074240143
        ]
      },
      "properties": {
        "junction_id": 1043762,
        "veh_id": 11566,
        "sim_time_s": 1638.0,
        "tier": "track-zone",
        "prearm_status": "",
        "focus_role": "none"
      }
    },
    {
      "type": "Feature",
      "geometry": {
        "type": "Point",
        "coordinates": [
          0.0,
          0.0
        ]
      },
      "properties": {
        "junction_id": 39606,
        "veh_id": 11540,
        "sim_time_s": 1642.0,
        "tier": "harmony-no-ge-local",
        "prearm_status": "skip",
        "focus_role": "none"
      }
    },
    {
      "type": "Feature",
      "geometry": {
        "type": "Point",
        "coordinates": [
          0.0,
          0.0
        ]
      },
      "properties": {
        "junction_id": 39576,
        "veh_id": 11576,
        "sim_time_s": 1642.0,
        "tier": "harmony-no-ge-local",
        "prearm_status": "skip",
        "focus_role": "none"
      }
    },
    {
      "type": "Feature",
      "geometry": {
        "type": "Point",
        "coordinates": [
          0.0,
          0.0
        ]
      },
      "properties": {
        "junction_id": 1043762,
        "veh_id": 11566,
        "sim_time_s": 1644.8,
        "tier": "harmony-no-ge-local",
        "prearm_status": "skip",
        "focus_role": "none"
      }
    },
    {
      "type": "Feature",
      "geometry": {
        "type": "Point",
        "coordinates": [
          500728.8112765034,
          6964990.288653188
        ]
      },
      "properties": {
        "junction_id": 36393,
        "veh_id": 11546,
        "sim_time_s": 1646.1,
        "tier": "track-zone",
        "prearm_status": "",
        "focus_role": "none"
      }
    },
    {
      "type": "Feature",
      "geometry": {
        "type": "Point",
        "coordinates": [
          500730.18798608886,
          6964409.335403916
        ]
      },
      "properties": {
        "junction_id": 39606,
        "veh_id": 11565,
        "sim_time_s": 1654.2,
        "tier": "track-zone",
        "prearm_status": "",
        "focus_role": "none"
      }
    },
    {
      "type": "Feature",
      "geometry": {
        "type": "Point",
        "coordinates": [
          500492.16287130455,
          6965689.432795328
        ]
      },
      "properties": {
        "junction_id": 39578,
        "veh_id": 11576,
        "sim_time_s": 1677.2,
        "tier": "track-zone",
        "prearm_status": "",
        "focus_role": "none"
      }
    },
    {
      "type": "Feature",
      "geometry": {
        "type": "Point",
        "coordinates": [
          500693.8093940587,
          6965025.97839573
        ]
      },
      "properties": {
        "junction_id": 36385,
        "veh_id": 11550,
        "sim_time_s": 1677.6,
        "tier": "IC-detect",
        "prearm_status": "",
        "focus_role": "none"
      }
    },
    {
      "type": "Feature",
      "geometry": {
        "type": "Point",
        "coordinates": [
          500351.5660771476,
          6966097.2786488095
        ]
      },
      "properties": {
        "junction_id": 39578,
        "veh_id": 11566,
        "sim_time_s": 1678.5,
        "tier": "track-section",
        "prearm_status": "",
        "focus_role": "none"
      }
    },
    {
      "type": "Feature",
      "geometry": {
        "type": "Point",
        "coordinates": [
          500921.69442742714,
          6965247.411337567
        ]
      },
      "properties": {
        "junction_id": 39593,
        "veh_id": 11561,
        "sim_time_s": 1680.3,
        "tier": "IC-detect",
        "prearm_status": "",
        "focus_role": "none"
      }
    },
    {
      "type": "Feature",
      "geometry": {
        "type": "Point",
        "coordinates": [
          0.0,
          0.0
        ]
      },
      "properties": {
        "junction_id": 39593,
        "veh_id": 11561,
        "sim_time_s": 1680.3,
        "tier": "harmony-ins-local",
        "prearm_status": "action",
        "focus_role": "none"
      }
    },
    {
      "type": "Feature",
      "geometry": {
        "type": "Point",
        "coordinates": [
          0.0,
          0.0
        ]
      },
      "properties": {
        "junction_id": 39578,
        "veh_id": 11566,
        "sim_time_s": 1681.2,
        "tier": "harmony-no-ge-local",
        "prearm_status": "skip",
        "focus_role": "none"
      }
    },
    {
      "type": "Feature",
      "geometry": {
        "type": "Point",
        "coordinates": [
          0.0,
          0.0
        ]
      },
      "properties": {
        "junction_id": 36393,
        "veh_id": 11546,
        "sim_time_s": 1683.9,
        "tier": "harmony-no-ge-local",
        "prearm_status": "skip",
        "focus_role": "none"
      }
    },
    {
      "type": "Feature",
      "geometry": {
        "type": "Point",
        "coordinates": [
          500855.3945011801,
          6965222.846981351
        ]
      },
      "properties": {
        "junction_id": 36385,
        "veh_id": 11561,
        "sim_time_s": 1685.2,
        "tier": "track-zone",
        "prearm_status": "",
        "focus_role": "none"
      }
    },
    {
      "type": "Feature",
      "geometry": {
        "type": "Point",
        "coordinates": [
          500698.2244436167,
          6964703.200141065
        ]
      },
      "properties": {
        "junction_id": 39590,
        "veh_id": 11546,
        "sim_time_s": 1687.0,
        "tier": "coord-prearm-harmony/SHOCKWAVE",
        "prearm_status": "fired",
        "focus_role": "none"
      }
    },
    {
      "type": "Feature",
      "geometry": {
        "type": "Point",
        "coordinates": [
          0.0,
          0.0
        ]
      },
      "properties": {
        "junction_id": 39590,
        "veh_id": 11546,
        "sim_time_s": 1687.5,
        "tier": "harmony-no-ge-local",
        "prearm_status": "skip",
        "focus_role": "none"
      }
    },
    {
      "type": "Feature",
      "geometry": {
        "type": "Point",
        "coordinates": [
          500756.5972760396,
          6964319.360583134
        ]
      },
      "properties": {
        "junction_id": 39590,
        "veh_id": 11546,
        "sim_time_s": 1687.5,
        "tier": "coord-prearm-success/SHOCKWAVE",
        "prearm_status": "success",
        "focus_role": "none"
      }
    },
    {
      "type": "Feature",
      "geometry": {
        "type": "Point",
        "coordinates": [
          500830.6258922046,
          6965211.46227299
        ]
      },
      "properties": {
        "junction_id": 10157950,
        "veh_id": 11561,
        "sim_time_s": 1688.0,
        "tier": "track-zone",
        "prearm_status": "",
        "focus_role": "none"
      }
    },
    {
      "type": "Feature",
      "geometry": {
        "type": "Point",
        "coordinates": [
          499517.39046187786,
          6966652.513049488
        ]
      },
      "properties": {
        "junction_id": 39572,
        "veh_id": 11534,
        "sim_time_s": 1692.9,
        "tier": "IC-detect",
        "prearm_status": "",
        "focus_role": "none"
      }
    },
    {
      "type": "Feature",
      "geometry": {
        "type": "Point",
        "coordinates": [
          0.0,
          0.0
        ]
      },
      "properties": {
        "junction_id": 39572,
        "veh_id": 11534,
        "sim_time_s": 1703.2,
        "tier": "harmony-no-ge-local",
        "prearm_status": "skip",
        "focus_role": "none"
      }
    },
    {
      "type": "Feature",
      "geometry": {
        "type": "Point",
        "coordinates": [
          499765.74018803757,
          6966602.643993888
        ]
      },
      "properties": {
        "junction_id": 39568,
        "veh_id": 11534,
        "sim_time_s": 1708.2,
        "tier": "track-zone",
        "prearm_status": "",
        "focus_role": "none"
      }
    },
    {
      "type": "Feature",
      "geometry": {
        "type": "Point",
        "coordinates": [
          0.0,
          0.0
        ]
      },
      "properties": {
        "junction_id": 39578,
        "veh_id": 11576,
        "sim_time_s": 1710.9,
        "tier": "harmony-ins-local",
        "prearm_status": "action",
        "focus_role": "none"
      }
    },
    {
      "type": "Feature",
      "geometry": {
        "type": "Point",
        "coordinates": [
          499878.06130109215,
          6966548.98006379
        ]
      },
      "properties": {
        "junction_id": 39569,
        "veh_id": 11534,
        "sim_time_s": 1716.3,
        "tier": "track-zone",
        "prearm_status": "",
        "focus_role": "none"
      }
    },
    {
      "type": "Feature",
      "geometry": {
        "type": "Point",
        "coordinates": [
          500832.6459338698,
          6965061.353948427
        ]
      },
      "properties": {
        "junction_id": 39593,
        "veh_id": 11529,
        "sim_time_s": 1720.3,
        "tier": "track-zone",
        "prearm_status": "",
        "focus_role": "none"
      }
    },
    {
      "type": "Feature",
      "geometry": {
        "type": "Point",
        "coordinates": [
          500528.406126122,
          6965939.960068511
        ]
      },
      "properties": {
        "junction_id": 39576,
        "veh_id": 11566,
        "sim_time_s": 1721.7,
        "tier": "track-zone",
        "prearm_status": "",
        "focus_role": "none"
      }
    },
    {
      "type": "Feature",
      "geometry": {
        "type": "Point",
        "coordinates": [
          0.0,
          0.0
        ]
      },
      "properties": {
        "junction_id": 39569,
        "veh_id": 11534,
        "sim_time_s": 1728.5,
        "tier": "harmony-no-ge-local",
        "prearm_status": "skip",
        "focus_role": "none"
      }
    },
    {
      "type": "Feature",
      "geometry": {
        "type": "Point",
        "coordinates": [
          500394.29934022634,
          6966042.955562766
        ]
      },
      "properties": {
        "junction_id": 1043762,
        "veh_id": 11576,
        "sim_time_s": 1729.8,
        "tier": "track-zone",
        "prearm_status": "",
        "focus_role": "none"
      }
    },
    {
      "type": "Feature",
      "geometry": {
        "type": "Point",
        "coordinates": [
          499986.16829722055,
          6966496.978726082
        ]
      },
      "properties": {
        "junction_id": 1043762,
        "veh_id": 11534,
        "sim_time_s": 1730.7,
        "tier": "coord-prearm-harmony/SHOCKWAVE",
        "prearm_status": "fired",
        "focus_role": "none"
      }
    },
    {
      "type": "Feature",
      "geometry": {
        "type": "Point",
        "coordinates": [
          0.0,
          0.0
        ]
      },
      "properties": {
        "junction_id": 1043762,
        "veh_id": 11534,
        "sim_time_s": 1731.2,
        "tier": "harmony-no-ge-local",
        "prearm_status": "skip",
        "focus_role": "none"
      }
    },
    {
      "type": "Feature",
      "geometry": {
        "type": "Point",
        "coordinates": [
          500248.43905837496,
          6966228.103814566
        ]
      },
      "properties": {
        "junction_id": 1043762,
        "veh_id": 11534,
        "sim_time_s": 1731.2,
        "tier": "coord-prearm-success/SHOCKWAVE",
        "prearm_status": "success",
        "focus_role": "none"
      }
    },
    {
      "type": "Feature",
      "geometry": {
        "type": "Point",
        "coordinates": [
          0.0,
          0.0
        ]
      },
      "properties": {
        "junction_id": 1043762,
        "veh_id": 11576,
        "sim_time_s": 1731.6,
        "tier": "harmony-no-ge-local",
        "prearm_status": "skip",
        "focus_role": "none"
      }
    },
    {
      "type": "Feature",
      "geometry": {
        "type": "Point",
        "coordinates": [
          500752.978911629,
          6964358.89942913
        ]
      },
      "properties": {
        "junction_id": 39590,
        "veh_id": 11565,
        "sim_time_s": 1732.5,
        "tier": "IC-detect",
        "prearm_status": "",
        "focus_role": "none"
      }
    },
    {
      "type": "Feature",
      "geometry": {
        "type": "Point",
        "coordinates": [
          0.0,
          0.0
        ]
      },
      "properties": {
        "junction_id": 39576,
        "veh_id": 11566,
        "sim_time_s": 1732.5,
        "tier": "harmony-no-ge-local",
        "prearm_status": "skip",
        "focus_role": "none"
      }
    },
    {
      "type": "Feature",
      "geometry": {
        "type": "Point",
        "coordinates": [
          0.0,
          0.0
        ]
      },
      "properties": {
        "junction_id": 39590,
        "veh_id": 11565,
        "sim_time_s": 1740.6,
        "tier": "harmony-no-ge-local",
        "prearm_status": "skip",
        "focus_role": "none"
      }
    },
    {
      "type": "Feature",
      "geometry": {
        "type": "Point",
        "coordinates": [
          500687.18279301934,
          6964545.268726835
        ]
      },
      "properties": {
        "junction_id": 36393,
        "veh_id": 11557,
        "sim_time_s": 1743.3,
        "tier": "IC-detect-far",
        "prearm_status": "",
        "focus_role": "none"
      }
    },
    {
      "type": "Feature",
      "geometry": {
        "type": "Point",
        "coordinates": [
          0.0,
          0.0
        ]
      },
      "properties": {
        "junction_id": 39606,
        "veh_id": 11565,
        "sim_time_s": 1746.0,
        "tier": "harmony-no-ge-local",
        "prearm_status": "skip",
        "focus_role": "none"
      }
    },
    {
      "type": "Feature",
      "geometry": {
        "type": "Point",
        "coordinates": [
          500687.35205335956,
          6964543.874649771
        ]
      },
      "properties": {
        "junction_id": 39590,
        "veh_id": 11557,
        "sim_time_s": 1746.9,
        "tier": "IC-detect-far",
        "prearm_status": "",
        "focus_role": "none"
      }
    },
    {
      "type": "Feature",
      "geometry": {
        "type": "Point",
        "coordinates": [
          0.0,
          0.0
        ]
      },
      "properties": {
        "junction_id": 39593,
        "veh_id": 11529,
        "sim_time_s": 1746.9,
        "tier": "harmony-no-ge-local",
        "prearm_status": "skip",
        "focus_role": "none"
      }
    },
    {
      "type": "Feature",
      "geometry": {
        "type": "Point",
        "coordinates": [
          500974.5615758451,
          6965109.722464535
        ]
      },
      "properties": {
        "junction_id": 36385,
        "veh_id": 11529,
        "sim_time_s": 1747.3,
        "tier": "IC-detect",
        "prearm_status": "",
        "focus_role": "none"
      }
    },
    {
      "type": "Feature",
      "geometry": {
        "type": "Point",
        "coordinates": [
          500232.9003125044,
          6966232.994177112
        ]
      },
      "properties": {
        "junction_id": 39569,
        "veh_id": 11576,
        "sim_time_s": 1779.8,
        "tier": "track-zone",
        "prearm_status": "",
        "focus_role": "none"
      }
    },
    {
      "type": "Feature",
      "geometry": {
        "type": "Point",
        "coordinates": [
          500512.6129330554,
          6965701.458225155
        ]
      },
      "properties": {
        "junction_id": 39587,
        "veh_id": 11566,
        "sim_time_s": 1787.8,
        "tier": "track-zone",
        "prearm_status": "",
        "focus_role": "none"
      }
    },
    {
      "type": "Feature",
      "geometry": {
        "type": "Point",
        "coordinates": [
          0.0,
          0.0
        ]
      },
      "properties": {
        "junction_id": 39569,
        "veh_id": 11576,
        "sim_time_s": 1787.8,
        "tier": "harmony-no-ge-local",
        "prearm_status": "skip",
        "focus_role": "none"
      }
    },
    {
      "type": "Feature",
      "geometry": {
        "type": "Point",
        "coordinates": [
          500725.6349171269,
          6964987.682689146
        ]
      },
      "properties": {
        "junction_id": 36393,
        "veh_id": 11550,
        "sim_time_s": 1791.9,
        "tier": "track-zone",
        "prearm_status": "",
        "focus_role": "none"
      }
    },
    {
      "type": "Feature",
      "geometry": {
        "type": "Point",
        "coordinates": [
          500114.56356076774,
          6966435.84496756
        ]
      },
      "properties": {
        "junction_id": 39572,
        "veh_id": 11576,
        "sim_time_s": 1794.6,
        "tier": "track-zone",
        "prearm_status": "",
        "focus_role": "none"
      }
    },
    {
      "type": "Feature",
      "geometry": {
        "type": "Point",
        "coordinates": [
          500114.56356076774,
          6966435.84496756
        ]
      },
      "properties": {
        "junction_id": 39572,
        "veh_id": 11576,
        "sim_time_s": 1794.6,
        "tier": "coord-prearm-harmony/SHOCKWAVE",
        "prearm_status": "fired",
        "focus_role": "none"
      }
    },
    {
      "type": "Feature",
      "geometry": {
        "type": "Point",
        "coordinates": [
          0.0,
          0.0
        ]
      },
      "properties": {
        "junction_id": 39572,
        "veh_id": 11576,
        "sim_time_s": 1795.0,
        "tier": "harmony-ins-local",
        "prearm_status": "action",
        "focus_role": "none"
      }
    },
    {
      "type": "Feature",
      "geometry": {
        "type": "Point",
        "coordinates": [
          500012.2556836749,
          6966653.44887729
        ]
      },
      "properties": {
        "junction_id": 39572,
        "veh_id": 11576,
        "sim_time_s": 1795.0,
        "tier": "coord-prearm-success/SHOCKWAVE",
        "prearm_status": "success",
        "focus_role": "none"
      }
    },
    {
      "type": "Feature",
      "geometry": {
        "type": "Point",
        "coordinates": [
          500733.34173685464,
          6964401.04348046
        ]
      },
      "properties": {
        "junction_id": 39606,
        "veh_id": 11557,
        "sim_time_s": 1797.3,
        "tier": "track-zone",
        "prearm_status": "",
        "focus_role": "none"
      }
    },
    {
      "type": "Feature",
      "geometry": {
        "type": "Point",
        "coordinates": [
          500716.0695989716,
          6964910.192841661
        ]
      },
      "properties": {
        "junction_id": 36385,
        "veh_id": 11550,
        "sim_time_s": 1797.8,
        "tier": "IC-detect",
        "prearm_status": "",
        "focus_role": "none"
      }
    },
    {
      "type": "Feature",
      "geometry": {
        "type": "Point",
        "coordinates": [
          500519.22081467713,
          6965646.406072551
        ]
      },
      "properties": {
        "junction_id": 1119660,
        "veh_id": 11566,
        "sim_time_s": 1798.7,
        "tier": "track-zone",
        "prearm_status": "",
        "focus_role": "none"
      }
    },
    {
      "type": "Feature",
      "geometry": {
        "type": "Point",
        "coordinates": [
          500080.7724473499,
          6966480.327981688
        ]
      },
      "properties": {
        "junction_id": 39568,
        "veh_id": 11576,
        "sim_time_s": 1798.7,
        "tier": "track-zone",
        "prearm_status": "",
        "focus_role": "none"
      }
    },
    {
      "type": "Feature",
      "geometry": {
        "type": "Point",
        "coordinates": [
          0.0,
          0.0
        ]
      },
      "properties": {
        "junction_id": 36393,
        "veh_id": 11550,
        "sim_time_s": 1798.7,
        "tier": "harmony-no-ge-local",
        "prearm_status": "skip",
        "focus_role": "none"
      }
    },
    {
      "type": "Feature",
      "geometry": {
        "type": "Point",
        "coordinates": [
          500946.97228876385,
          6964034.668682542
        ]
      },
      "properties": {
        "junction_id": 39606,
        "veh_id": 11577,
        "sim_time_s": 1800.0,
        "tier": "track-section",
        "prearm_status": "",
        "focus_role": "none"
      }
    },
    {
      "type": "Feature",
      "geometry": {
        "type": "Point",
        "coordinates": [
          0.0,
          0.0
        ]
      },
      "properties": {
        "junction_id": 39606,
        "veh_id": 11577,
        "sim_time_s": 1800.0,
        "tier": "harmony-no-ge-local",
        "prearm_status": "skip",
        "focus_role": "none"
      }
    },
    {
      "type": "Feature",
      "geometry": {
        "type": "Point",
        "coordinates": [
          500776.0221251781,
          6965190.104479788
        ]
      },
      "properties": {
        "junction_id": 39593,
        "veh_id": 11561,
        "sim_time_s": 1800.5,
        "tier": "IC-detect",
        "prearm_status": "",
        "focus_role": "none"
      }
    },
    {
      "type": "Feature",
      "geometry": {
        "type": "Point",
        "coordinates": [
          500922.98419245187,
          6964072.738457688
        ]
      },
      "properties": {
        "junction_id": 39590,
        "veh_id": 11577,
        "sim_time_s": 1803.2,
        "tier": "coord-prearm-harmony/SHOCKWAVE",
        "prearm_status": "fired",
        "focus_role": "none"
      }
    },
    {
      "type": "Feature",
      "geometry": {
        "type": "Point",
        "coordinates": [
          0.0,
          0.0
        ]
      },
      "properties": {
        "junction_id": 39590,
        "veh_id": 11577,
        "sim_time_s": 1803.6,
        "tier": "harmony-ins-local",
        "prearm_status": "action",
        "focus_role": "none"
      }
    },
    {
      "type": "Feature",
      "geometry": {
        "type": "Point",
        "coordinates": [
          500756.5972760396,
          6964319.360583134
        ]
      },
      "properties": {
        "junction_id": 39590,
        "veh_id": 11577,
        "sim_time_s": 1803.6,
        "tier": "coord-prearm-success/SHOCKWAVE",
        "prearm_status": "success",
        "focus_role": "none"
      }
    },
    {
      "type": "Feature",
      "geometry": {
        "type": "Point",
        "coordinates": [
          500730.98078421643,
          6964407.108311272
        ]
      },
      "properties": {
        "junction_id": 39606,
        "veh_id": 11546,
        "sim_time_s": 1805.4,
        "tier": "track-zone",
        "prearm_status": "",
        "focus_role": "none"
      }
    },
    {
      "type": "Feature",
      "geometry": {
        "type": "Point",
        "coordinates": [
          500750.2117597615,
          6965182.665723678
        ]
      },
      "properties": {
        "junction_id": 36385,
        "veh_id": 11561,
        "sim_time_s": 1806.8,
        "tier": "track-zone",
        "prearm_status": "",
        "focus_role": "none"
      }
    },
    {
      "type": "Feature",
      "geometry": {
        "type": "Point",
        "coordinates": [
          500882.2469921606,
          6964126.204717517
        ]
      },
      "properties": {
        "junction_id": 36393,
        "veh_id": 11577,
        "sim_time_s": 1806.8,
        "tier": "coord-prearm-harmony/SHOCKWAVE",
        "prearm_status": "fired",
        "focus_role": "none"
      }
    },
    {
      "type": "Feature",
      "geometry": {
        "type": "Point",
        "coordinates": [
          0.0,
          0.0
        ]
      },
      "properties": {
        "junction_id": 36393,
        "veh_id": 11577,
        "sim_time_s": 1807.2,
        "tier": "harmony-no-ge-local",
        "prearm_status": "skip",
        "focus_role": "none"
      }
    },
    {
      "type": "Feature",
      "geometry": {
        "type": "Point",
        "coordinates": [
          500684.0987813321,
          6964756.319799706
        ]
      },
      "properties": {
        "junction_id": 36393,
        "veh_id": 11577,
        "sim_time_s": 1807.2,
        "tier": "coord-prearm-success/SHOCKWAVE",
        "prearm_status": "success",
        "focus_role": "none"
      }
    },
    {
      "type": "Feature",
      "geometry": {
        "type": "Point",
        "coordinates": [
          500734.77836693823,
          6964397.4929898195
        ]
      },
      "properties": {
        "junction_id": 39590,
        "veh_id": 11546,
        "sim_time_s": 1807.7,
        "tier": "IC-detect",
        "prearm_status": "",
        "focus_role": "none"
      }
    },
    {
      "type": "Feature",
      "geometry": {
        "type": "Point",
        "coordinates": [
          500735.42395736004,
          6965178.919287285
        ]
      },
      "properties": {
        "junction_id": 10157950,
        "veh_id": 11561,
        "sim_time_s": 1809.5,
        "tier": "track-zone",
        "prearm_status": "",
        "focus_role": "none"
      }
    },
    {
      "type": "Feature",
      "geometry": {
        "type": "Point",
        "coordinates": [
          500831.9440225058,
          6964181.895486219
        ]
      },
      "properties": {
        "junction_id": 36385,
        "veh_id": 11577,
        "sim_time_s": 1813.0,
        "tier": "coord-prearm-harmony/SHOCKWAVE",
        "prearm_status": "fired",
        "focus_role": "none"
      }
    },
    {
      "type": "Feature",
      "geometry": {
        "type": "Point",
        "coordinates": [
          0.0,
          0.0
        ]
      },
      "properties": {
        "junction_id": 36385,
        "veh_id": 11577,
        "sim_time_s": 1813.5,
        "tier": "harmony-ins-local",
        "prearm_status": "action",
        "focus_role": "none"
      }
    },
    {
      "type": "Feature",
      "geometry": {
        "type": "Point",
        "coordinates": [
          500715.9750991549,
          6965021.28412977
        ]
      },
      "properties": {
        "junction_id": 36385,
        "veh_id": 11577,
        "sim_time_s": 1813.5,
        "tier": "coord-prearm-success/SHOCKWAVE",
        "prearm_status": "success",
        "focus_role": "none"
      }
    },
    {
      "type": "Feature",
      "geometry": {
        "type": "Point",
        "coordinates": [
          500085.17414149945,
          6967503.087901591
        ]
      },
      "properties": {
        "junction_id": 38339,
        "veh_id": 11567,
        "sim_time_s": 1813.5,
        "tier": "IC-detect",
        "prearm_status": "",
        "focus_role": "none"
      }
    },
    {
      "type": "Feature",
      "geometry": {
        "type": "Point",
        "coordinates": [
          0.0,
          0.0
        ]
      },
      "properties": {
        "junction_id": 38339,
        "veh_id": 11567,
        "sim_time_s": 1824.3,
        "tier": "harmony-ins-local",
        "prearm_status": "action",
        "focus_role": "none"
      }
    },
    {
      "type": "Feature",
      "geometry": {
        "type": "Point",
        "coordinates": [
          500728.6604293916,
          6964984.619991142
        ]
      },
      "properties": {
        "junction_id": 36393,
        "veh_id": 11561,
        "sim_time_s": 1829.7,
        "tier": "track-zone",
        "prearm_status": "",
        "focus_role": "none"
      }
    },
    {
      "type": "Feature",
      "geometry": {
        "type": "Point",
        "coordinates": [
          0.0,
          0.0
        ]
      },
      "properties": {
        "junction_id": 36393,
        "veh_id": 11561,
        "sim_time_s": 1836.5,
        "tier": "harmony-no-ge-local",
        "prearm_status": "skip",
        "focus_role": "none"
      }
    },
    {
      "type": "Feature",
      "geometry": {
        "type": "Point",
        "coordinates": [
          500354.75543624046,
          6966098.569554399
        ]
      },
      "properties": {
        "junction_id": 39578,
        "veh_id": 11534,
        "sim_time_s": 1839.2,
        "tier": "track-section",
        "prearm_status": "",
        "focus_role": "none"
      }
    },
    {
      "type": "Feature",
      "geometry": {
        "type": "Point",
        "coordinates": [
          500698.9031941753,
          6964841.544659834
        ]
      },
      "properties": {
        "junction_id": 39590,
        "veh_id": 11561,
        "sim_time_s": 1840.5,
        "tier": "coord-prearm-harmony/SHOCKWAVE",
        "prearm_status": "fired",
        "focus_role": "none"
      }
    },
    {
      "type": "Feature",
      "geometry": {
        "type": "Point",
        "coordinates": [
          0.0,
          0.0
        ]
      },
      "properties": {
        "junction_id": 39578,
        "veh_id": 11534,
        "sim_time_s": 1841.8,
        "tier": "harmony-no-ge-local",
        "prearm_status": "skip",
        "focus_role": "none"
      }
    },
    {
      "type": "Feature",
      "geometry": {
        "type": "Point",
        "coordinates": [
          500017.9797840852,
          6966619.132387137
        ]
      },
      "properties": {
        "junction_id": 11118289,
        "veh_id": 11576,
        "sim_time_s": 1844.5,
        "tier": "track-zone",
        "prearm_status": "",
        "focus_role": "none"
      }
    },
    {
      "type": "Feature",
      "geometry": {
        "type": "Point",
        "coordinates": [
          500527.76103321393,
          6965624.251452114
        ]
      },
      "properties": {
        "junction_id": 39576,
        "veh_id": 11566,
        "sim_time_s": 1852.7,
        "tier": "IC-detect",
        "prearm_status": "",
        "focus_role": "none"
      }
    },
    {
      "type": "Feature",
      "geometry": {
        "type": "Point",
        "coordinates": [
          500530.4123866422,
          6965938.153862835
        ]
      },
      "properties": {
        "junction_id": 39576,
        "veh_id": 11534,
        "sim_time_s": 1856.7,
        "tier": "track-zone",
        "prearm_status": "",
        "focus_role": "none"
      }
    },
    {
      "type": "Feature",
      "geometry": {
        "type": "Point",
        "coordinates": [
          499960.84506797075,
          6966786.866055688
        ]
      },
      "properties": {
        "junction_id": 38339,
        "veh_id": 11576,
        "sim_time_s": 1858.0,
        "tier": "track-zone",
        "prearm_status": "",
        "focus_role": "none"
      }
    },
    {
      "type": "Feature",
      "geometry": {
        "type": "Point",
        "coordinates": [
          500684.2783864795,
          6964544.450767611
        ]
      },
      "properties": {
        "junction_id": 39590,
        "veh_id": 11550,
        "sim_time_s": 1859.4,
        "tier": "track-zone",
        "prearm_status": "",
        "focus_role": "none"
      }
    },
    {
      "type": "Feature",
      "geometry": {
        "type": "Point",
        "coordinates": [
          0.0,
          0.0
        ]
      },
      "properties": {
        "junction_id": 39606,
        "veh_id": 11557,
        "sim_time_s": 1859.4,
        "tier": "harmony-no-ge-local",
        "prearm_status": "skip",
        "focus_role": "none"
      }
    },
    {
      "type": "Feature",
      "geometry": {
        "type": "Point",
        "coordinates": [
          500944.51358507737,
          6964038.69291645
        ]
      },
      "properties": {
        "junction_id": 39606,
        "veh_id": 11553,
        "sim_time_s": 1860.3,
        "tier": "IC-detect",
        "prearm_status": "",
        "focus_role": "none"
      }
    },
    {
      "type": "Feature",
      "geometry": {
        "type": "Point",
        "coordinates": [
          0.0,
          0.0
        ]
      },
      "properties": {
        "junction_id": 39606,
        "veh_id": 11553,
        "sim_time_s": 1860.3,
        "tier": "harmony-no-ge-local",
        "prearm_status": "skip",
        "focus_role": "none"
      }
    },
    {
      "type": "Feature",
      "geometry": {
        "type": "Point",
        "coordinates": [
          0.0,
          0.0
        ]
      },
      "properties": {
        "junction_id": 39590,
        "veh_id": 11561,
        "sim_time_s": 1863.9,
        "tier": "harmony-no-ge-local",
        "prearm_status": "skip",
        "focus_role": "none"
      }
    },
    {
      "type": "Feature",
      "geometry": {
        "type": "Point",
        "coordinates": [
          500756.5972760396,
          6964319.360583134
        ]
      },
      "properties": {
        "junction_id": 39590,
        "veh_id": 11561,
        "sim_time_s": 1863.9,
        "tier": "coord-prearm-success/SHOCKWAVE",
        "prearm_status": "success",
        "focus_role": "none"
      }
    },
    {
      "type": "Feature",
      "geometry": {
        "type": "Point",
        "coordinates": [
          500721.44883945957,
          6964405.829985034
        ]
      },
      "properties": {
        "junction_id": 39606,
        "veh_id": 11550,
        "sim_time_s": 1868.8,
        "tier": "track-zone",
        "prearm_status": "",
        "focus_role": "none"
      }
    },
    {
      "type": "Feature",
      "geometry": {
        "type": "Point",
        "coordinates": [
          0.0,
          0.0
        ]
      },
      "properties": {
        "junction_id": 39587,
        "veh_id": 11566,
        "sim_time_s": 1874.2,
        "tier": "harmony-ins-local",
        "prearm_status": "action",
        "focus_role": "none"
      }
    },
    {
      "type": "Feature",
      "geometry": {
        "type": "Point",
        "coordinates": [
          500553.32689504314,
          6965567.223467136
        ]
      },
      "properties": {
        "junction_id": 10157950,
        "veh_id": 11566,
        "sim_time_s": 1878.3,
        "tier": "track-zone",
        "prearm_status": "",
        "focus_role": "none"
      }
    },
    {
      "type": "Feature",
      "geometry": {
        "type": "Point",
        "coordinates": [
          499965.9184908776,
          6967103.254354211
        ]
      },
      "properties": {
        "junction_id": 11118289,
        "veh_id": 11567,
        "sim_time_s": 1879.7,
        "tier": "track-zone",
        "prearm_status": "",
        "focus_role": "none"
      }
    },
    {
      "type": "Feature",
      "geometry": {
        "type": "Point",
        "coordinates": [
          0.0,
          0.0
        ]
      },
      "properties": {
        "junction_id": 38339,
        "veh_id": 11576,
        "sim_time_s": 1885.0,
        "tier": "harmony-ins-local",
        "prearm_status": "action",
        "focus_role": "none"
      }
    },
    {
      "type": "Feature",
      "geometry": {
        "type": "Point",
        "coordinates": [
          0.0,
          0.0
        ]
      },
      "properties": {
        "junction_id": 39576,
        "veh_id": 11534,
        "sim_time_s": 1891.8,
        "tier": "harmony-no-ge-local",
        "prearm_status": "skip",
        "focus_role": "none"
      }
    },
    {
      "type": "Feature",
      "geometry": {
        "type": "Point",
        "coordinates": [
          500885.0279323499,
          6964123.01215921
        ]
      },
      "properties": {
        "junction_id": 39590,
        "veh_id": 11553,
        "sim_time_s": 1904.0,
        "tier": "track-zone",
        "prearm_status": "",
        "focus_role": "none"
      }
    },
    {
      "type": "Feature",
      "geometry": {
        "type": "Point",
        "coordinates": [
          500584.71022496436,
          6965483.93288607
        ]
      },
      "properties": {
        "junction_id": 1119660,
        "veh_id": 11566,
        "sim_time_s": 1920.2,
        "tier": "track-zone",
        "prearm_status": "",
        "focus_role": "none"
      }
    },
    {
      "type": "Feature",
      "geometry": {
        "type": "Point",
        "coordinates": [
          0.0,
          0.0
        ]
      },
      "properties": {
        "junction_id": 39606,
        "veh_id": 11546,
        "sim_time_s": 1920.2,
        "tier": "harmony-no-ge-local",
        "prearm_status": "skip",
        "focus_role": "none"
      }
    },
    {
      "type": "Feature",
      "geometry": {
        "type": "Point",
        "coordinates": [
          500714.90536675224,
          6964388.330684328
        ]
      },
      "properties": {
        "junction_id": 39606,
        "veh_id": 11577,
        "sim_time_s": 1921.5,
        "tier": "track-zone",
        "prearm_status": "",
        "focus_role": "none"
      }
    },
    {
      "type": "Feature",
      "geometry": {
        "type": "Point",
        "coordinates": [
          0.0,
          0.0
        ]
      },
      "properties": {
        "junction_id": 39590,
        "veh_id": 11553,
        "sim_time_s": 1921.5,
        "tier": "harmony-no-ge-local",
        "prearm_status": "skip",
        "focus_role": "none"
      }
    },
    {
      "type": "Feature",
      "geometry": {
        "type": "Point",
        "coordinates": [
          500512.5638161688,
          6965705.312722393
        ]
      },
      "properties": {
        "junction_id": 39587,
        "veh_id": 11534,
        "sim_time_s": 1922.8,
        "tier": "track-zone",
        "prearm_status": "",
        "focus_role": "none"
      }
    },
    {
      "type": "Feature",
      "geometry": {
        "type": "Point",
        "coordinates": [
          500714.69089646655,
          6964388.869737758
        ]
      },
      "properties": {
        "junction_id": 39590,
        "veh_id": 11577,
        "sim_time_s": 1923.8,
        "tier": "IC-detect-far",
        "prearm_status": "",
        "focus_role": "none"
      }
    },
    {
      "type": "Feature",
      "geometry": {
        "type": "Point",
        "coordinates": [
          500518.8174056354,
          6965648.115507545
        ]
      },
      "properties": {
        "junction_id": 1119660,
        "veh_id": 11534,
        "sim_time_s": 1940.4,
        "tier": "track-zone",
        "prearm_status": "",
        "focus_role": "none"
      }
    },
    {
      "type": "Feature",
      "geometry": {
        "type": "Point",
        "coordinates": [
          0.0,
          0.0
        ]
      },
      "properties": {
        "junction_id": 39606,
        "veh_id": 11550,
        "sim_time_s": 1943.1,
        "tier": "harmony-no-ge-local",
        "prearm_status": "skip",
        "focus_role": "none"
      }
    },
    {
      "type": "Feature",
      "geometry": {
        "type": "Point",
        "coordinates": [
          500726.6811735876,
          6964409.688564479
        ]
      },
      "properties": {
        "junction_id": 39606,
        "veh_id": 11561,
        "sim_time_s": 1944.5,
        "tier": "track-zone",
        "prearm_status": "",
        "focus_role": "none"
      }
    },
    {
      "type": "Feature",
      "geometry": {
        "type": "Point",
        "coordinates": [
          499959.13588600507,
          6967054.393967944
        ]
      },
      "properties": {
        "junction_id": 38339,
        "veh_id": 11567,
        "sim_time_s": 1944.5,
        "tier": "IC-detect",
        "prearm_status": "",
        "focus_role": "none"
      }
    },
    {
      "type": "Feature",
      "geometry": {
        "type": "Point",
        "coordinates": [
          500674.8568062788,
          6964509.726719983
        ]
      },
      "properties": {
        "junction_id": 36393,
        "veh_id": 11577,
        "sim_time_s": 1947.2,
        "tier": "track-zone",
        "prearm_status": "",
        "focus_role": "none"
      }
    },
    {
      "type": "Feature",
      "geometry": {
        "type": "Point",
        "coordinates": [
          0.0,
          0.0
        ]
      },
      "properties": {
        "junction_id": 39590,
        "veh_id": 11550,
        "sim_time_s": 1951.2,
        "tier": "harmony-no-ge-local",
        "prearm_status": "skip",
        "focus_role": "none"
      }
    },
    {
      "type": "Feature",
      "geometry": {
        "type": "Point",
        "coordinates": [
          500608.0859220492,
          6965412.440453589
        ]
      },
      "properties": {
        "junction_id": 39593,
        "veh_id": 11566,
        "sim_time_s": 1962.0,
        "tier": "track-zone",
        "prearm_status": "",
        "focus_role": "none"
      }
    },
    {
      "type": "Feature",
      "geometry": {
        "type": "Point",
        "coordinates": [
          500680.0825273812,
          6964788.148373699
        ]
      },
      "properties": {
        "junction_id": 36385,
        "veh_id": 11577,
        "sim_time_s": 1967.4,
        "tier": "track-zone",
        "prearm_status": "",
        "focus_role": "none"
      }
    },
    {
      "type": "Feature",
      "geometry": {
        "type": "Point",
        "coordinates": [
          0.0,
          0.0
        ]
      },
      "properties": {
        "junction_id": 39606,
        "veh_id": 11561,
        "sim_time_s": 1971.5,
        "tier": "harmony-no-ge-local",
        "prearm_status": "skip",
        "focus_role": "none"
      }
    },
    {
      "type": "Feature",
      "geometry": {
        "type": "Point",
        "coordinates": [
          500650.7004316651,
          6965250.985306392
        ]
      },
      "properties": {
        "junction_id": 36385,
        "veh_id": 11566,
        "sim_time_s": 1972.8,
        "tier": "track-zone",
        "prearm_status": "",
        "focus_role": "none"
      }
    },
    {
      "type": "Feature",
      "geometry": {
        "type": "Point",
        "coordinates": [
          0.0,
          0.0
        ]
      },
      "properties": {
        "junction_id": 39593,
        "veh_id": 11566,
        "sim_time_s": 1972.8,
        "tier": "harmony-no-ge-local",
        "prearm_status": "skip",
        "focus_role": "none"
      }
    },
    {
      "type": "Feature",
      "geometry": {
        "type": "Point",
        "coordinates": [
          500673.62534760195,
          6964518.026290814
        ]
      },
      "properties": {
        "junction_id": 36393,
        "veh_id": 11553,
        "sim_time_s": 1976.4,
        "tier": "IC-detect",
        "prearm_status": "",
        "focus_role": "none"
      }
    },
    {
      "type": "Feature",
      "geometry": {
        "type": "Point",
        "coordinates": [
          0.0,
          0.0
        ]
      },
      "properties": {
        "junction_id": 36393,
        "veh_id": 11553,
        "sim_time_s": 1976.4,
        "tier": "harmony-no-ge-local",
        "prearm_status": "skip",
        "focus_role": "none"
      }
    },
    {
      "type": "Feature",
      "geometry": {
        "type": "Point",
        "coordinates": [
          500671.73256182,
          6964564.447590973
        ]
      },
      "properties": {
        "junction_id": 36385,
        "veh_id": 11553,
        "sim_time_s": 1980.5,
        "tier": "coord-prearm-harmony/SHOCKWAVE",
        "prearm_status": "fired",
        "focus_role": "none"
      }
    },
    {
      "type": "Feature",
      "geometry": {
        "type": "Point",
        "coordinates": [
          500702.05230816366,
          6964934.204059977
        ]
      },
      "properties": {
        "junction_id": 39593,
        "veh_id": 11577,
        "sim_time_s": 1980.9,
        "tier": "track-zone",
        "prearm_status": "",
        "focus_role": "none"
      }
    },
    {
      "type": "Feature",
      "geometry": {
        "type": "Point",
        "coordinates": [
          0.0,
          0.0
        ]
      },
      "properties": {
        "junction_id": 36385,
        "veh_id": 11553,
        "sim_time_s": 1980.9,
        "tier": "harmony-no-ge-local",
        "prearm_status": "skip",
        "focus_role": "none"
      }
    },
    {
      "type": "Feature",
      "geometry": {
        "type": "Point",
        "coordinates": [
          500715.9750991549,
          6965021.28412977
        ]
      },
      "properties": {
        "junction_id": 36385,
        "veh_id": 11553,
        "sim_time_s": 1980.9,
        "tier": "coord-prearm-success/SHOCKWAVE",
        "prearm_status": "success",
        "focus_role": "none"
      }
    },
    {
      "type": "Feature",
      "geometry": {
        "type": "Point",
        "coordinates": [
          499966.4592553283,
          6966892.726737792
        ]
      },
      "properties": {
        "junction_id": 39572,
        "veh_id": 11567,
        "sim_time_s": 1994.4,
        "tier": "track-zone",
        "prearm_status": "",
        "focus_role": "none"
      }
    },
    {
      "type": "Feature",
      "geometry": {
        "type": "Point",
        "coordinates": [
          499967.2632217139,
          6966873.975881756
        ]
      },
      "properties": {
        "junction_id": 11118289,
        "veh_id": 11567,
        "sim_time_s": 2001.2,
        "tier": "track-zone",
        "prearm_status": "",
        "focus_role": "none"
      }
    },
    {
      "type": "Feature",
      "geometry": {
        "type": "Point",
        "coordinates": [
          0.0,
          0.0
        ]
      },
      "properties": {
        "junction_id": 36385,
        "veh_id": 11566,
        "sim_time_s": 2005.2,
        "tier": "harmony-ins-local",
        "prearm_status": "action",
        "focus_role": "none"
      }
    },
    {
      "type": "Feature",
      "geometry": {
        "type": "Point",
        "coordinates": [
          500553.0588420006,
          6965568.059304672
        ]
      },
      "properties": {
        "junction_id": 10157950,
        "veh_id": 11534,
        "sim_time_s": 2009.2,
        "tier": "track-zone",
        "prearm_status": "",
        "focus_role": "none"
      }
    },
    {
      "type": "Feature",
      "geometry": {
        "type": "Point",
        "coordinates": [
          500716.1391620464,
          6965084.074490019
        ]
      },
      "properties": {
        "junction_id": 36393,
        "veh_id": 11566,
        "sim_time_s": 2009.2,
        "tier": "coord-prearm-harmony/SHOCKWAVE",
        "prearm_status": "fired",
        "focus_role": "none"
      }
    },
    {
      "type": "Feature",
      "geometry": {
        "type": "Point",
        "coordinates": [
          0.0,
          0.0
        ]
      },
      "properties": {
        "junction_id": 36393,
        "veh_id": 11566,
        "sim_time_s": 2009.7,
        "tier": "harmony-no-ge-local",
        "prearm_status": "skip",
        "focus_role": "none"
      }
    },
    {
      "type": "Feature",
      "geometry": {
        "type": "Point",
        "coordinates": [
          500684.0987813321,
          6964756.319799706
        ]
      },
      "properties": {
        "junction_id": 36393,
        "veh_id": 11566,
        "sim_time_s": 2009.7,
        "tier": "coord-prearm-success/SHOCKWAVE",
        "prearm_status": "success",
        "focus_role": "none"
      }
    },
    {
      "type": "Feature",
      "geometry": {
        "type": "Point",
        "coordinates": [
          500716.1391620464,
          6965084.074490019
        ]
      },
      "properties": {
        "junction_id": 39590,
        "veh_id": 11566,
        "sim_time_s": 2013.8,
        "tier": "coord-prearm-harmony/SHOCKWAVE",
        "prearm_status": "fired",
        "focus_role": "none"
      }
    },
    {
      "type": "Feature",
      "geometry": {
        "type": "Point",
        "coordinates": [
          0.0,
          0.0
        ]
      },
      "properties": {
        "junction_id": 39590,
        "veh_id": 11566,
        "sim_time_s": 2014.2,
        "tier": "harmony-ins-local",
        "prearm_status": "action",
        "focus_role": "none"
      }
    },
    {
      "type": "Feature",
      "geometry": {
        "type": "Point",
        "coordinates": [
          500756.5972760396,
          6964319.360583134
        ]
      },
      "properties": {
        "junction_id": 39590,
        "veh_id": 11566,
        "sim_time_s": 2014.2,
        "tier": "coord-prearm-success/SHOCKWAVE",
        "prearm_status": "success",
        "focus_role": "none"
      }
    },
    {
      "type": "Feature",
      "geometry": {
        "type": "Point",
        "coordinates": [
          0.0,
          0.0
        ]
      },
      "properties": {
        "junction_id": 39593,
        "veh_id": 11577,
        "sim_time_s": 2022.8,
        "tier": "harmony-no-ge-local",
        "prearm_status": "skip",
        "focus_role": "none"
      }
    },
    {
      "type": "Feature",
      "geometry": {
        "type": "Point",
        "coordinates": [
          500685.4252220514,
          6965107.434198724
        ]
      },
      "properties": {
        "junction_id": 10157950,
        "veh_id": 11577,
        "sim_time_s": 2024.1,
        "tier": "track-zone",
        "prearm_status": "",
        "focus_role": "none"
      }
    },
    {
      "type": "Feature",
      "geometry": {
        "type": "Point",
        "coordinates": [
          0.0,
          0.0
        ]
      },
      "properties": {
        "junction_id": 39587,
        "veh_id": 11534,
        "sim_time_s": 2028.2,
        "tier": "harmony-ins-local",
        "prearm_status": "action",
        "focus_role": "none"
      }
    },
    {
      "type": "Feature",
      "geometry": {
        "type": "Point",
        "coordinates": [
          500664.3567904728,
          6965184.310732232
        ]
      },
      "properties": {
        "junction_id": 1119660,
        "veh_id": 11577,
        "sim_time_s": 2029.5,
        "tier": "track-zone",
        "prearm_status": "",
        "focus_role": "none"
      }
    },
    {
      "type": "Feature",
      "geometry": {
        "type": "Point",
        "coordinates": [
          500637.8976720377,
          6965244.375314834
        ]
      },
      "properties": {
        "junction_id": 39587,
        "veh_id": 11577,
        "sim_time_s": 2033.5,
        "tier": "track-zone",
        "prearm_status": "",
        "focus_role": "none"
      }
    },
    {
      "type": "Feature",
      "geometry": {
        "type": "Point",
        "coordinates": [
          0.0,
          0.0
        ]
      },
      "properties": {
        "junction_id": 39572,
        "veh_id": 11567,
        "sim_time_s": 2033.5,
        "tier": "harmony-no-ge-local",
        "prearm_status": "skip",
        "focus_role": "none"
      }
    },
    {
      "type": "Feature",
      "geometry": {
        "type": "Point",
        "coordinates": [
          500010.68264023255,
          6966673.250764798
        ]
      },
      "properties": {
        "junction_id": 39569,
        "veh_id": 11567,
        "sim_time_s": 2034.9,
        "tier": "track-zone",
        "prearm_status": "",
        "focus_role": "none"
      }
    },
    {
      "type": "Feature",
      "geometry": {
        "type": "Point",
        "coordinates": [
          500570.49972925364,
          6965523.865815289
        ]
      },
      "properties": {
        "junction_id": 1119660,
        "veh_id": 11534,
        "sim_time_s": 2061.9,
        "tier": "track-zone",
        "prearm_status": "",
        "focus_role": "none"
      }
    },
    {
      "type": "Feature",
      "geometry": {
        "type": "Point",
        "coordinates": [
          499461.0704243222,
          6967098.411968635
        ]
      },
      "properties": {
        "junction_id": 38339,
        "veh_id": 11541,
        "sim_time_s": 2067.8,
        "tier": "IC-detect",
        "prearm_status": "",
        "focus_role": "none"
      }
    },
    {
      "type": "Feature",
      "geometry": {
        "type": "Point",
        "coordinates": [
          0.0,
          0.0
        ]
      },
      "properties": {
        "junction_id": 39587,
        "veh_id": 11577,
        "sim_time_s": 2088.4,
        "tier": "harmony-ins-local",
        "prearm_status": "action",
        "focus_role": "none"
      }
    },
    {
      "type": "Feature",
      "geometry": {
        "type": "Point",
        "coordinates": [
          0.0,
          0.0
        ]
      },
      "properties": {
        "junction_id": 39569,
        "veh_id": 11567,
        "sim_time_s": 2090.2,
        "tier": "harmony-ins-local",
        "prearm_status": "action",
        "focus_role": "none"
      }
    },
    {
      "type": "Feature",
      "geometry": {
        "type": "Point",
        "coordinates": [
          500576.0394695821,
          6965458.042682095
        ]
      },
      "properties": {
        "junction_id": 39576,
        "veh_id": 11577,
        "sim_time_s": 2095.7,
        "tier": "track-zone",
        "prearm_status": "",
        "focus_role": "none"
      }
    },
    {
      "type": "Feature",
      "geometry": {
        "type": "Point",
        "coordinates": [
          500678.4604764814,
          6964822.715284215
        ]
      },
      "properties": {
        "junction_id": 36393,
        "veh_id": 11553,
        "sim_time_s": 2096.6,
        "tier": "IC-detect",
        "prearm_status": "",
        "focus_role": "none"
      }
    },
    {
      "type": "Feature",
      "geometry": {
        "type": "Point",
        "coordinates": [
          500570.70981584396,
          6965523.28010662
        ]
      },
      "properties": {
        "junction_id": 39576,
        "veh_id": 11534,
        "sim_time_s": 2099.7,
        "tier": "track-zone",
        "prearm_status": "",
        "focus_role": "none"
      }
    },
    {
      "type": "Feature",
      "geometry": {
        "type": "Point",
        "coordinates": [
          0.0,
          0.0
        ]
      },
      "properties": {
        "junction_id": 39576,
        "veh_id": 11577,
        "sim_time_s": 2106.4,
        "tier": "harmony-no-ge-local",
        "prearm_status": "skip",
        "focus_role": "none"
      }
    },
    {
      "type": "Feature",
      "geometry": {
        "type": "Point",
        "coordinates": [
          500691.2989018173,
          6964880.137227671
        ]
      },
      "properties": {
        "junction_id": 36385,
        "veh_id": 11553,
        "sim_time_s": 2107.8,
        "tier": "IC-detect",
        "prearm_status": "",
        "focus_role": "none"
      }
    },
    {
      "type": "Feature",
      "geometry": {
        "type": "Point",
        "coordinates": [
          500079.06852794025,
          6966512.873876121
        ]
      },
      "properties": {
        "junction_id": 39568,
        "veh_id": 11567,
        "sim_time_s": 2110.5,
        "tier": "track-zone",
        "prearm_status": "",
        "focus_role": "none"
      }
    },
    {
      "type": "Feature",
      "geometry": {
        "type": "Point",
        "coordinates": [
          0.0,
          0.0
        ]
      },
      "properties": {
        "junction_id": 38339,
        "veh_id": 11541,
        "sim_time_s": 2111.4,
        "tier": "harmony-no-ge-local",
        "prearm_status": "skip",
        "focus_role": "none"
      }
    },
    {
      "type": "Feature",
      "geometry": {
        "type": "Point",
        "coordinates": [
          500702.2942700842,
          6964936.090293483
        ]
      },
      "properties": {
        "junction_id": 39593,
        "veh_id": 11553,
        "sim_time_s": 2113.2,
        "tier": "track-zone",
        "prearm_status": "",
        "focus_role": "none"
      }
    },
    {
      "type": "Feature",
      "geometry": {
        "type": "Point",
        "coordinates": [
          500608.9075428672,
          6965410.07557632
        ]
      },
      "properties": {
        "junction_id": 39593,
        "veh_id": 11534,
        "sim_time_s": 2118.6,
        "tier": "track-zone",
        "prearm_status": "",
        "focus_role": "none"
      }
    },
    {
      "type": "Feature",
      "geometry": {
        "type": "Point",
        "coordinates": [
          500492.1841770414,
          6965687.540356657
        ]
      },
      "properties": {
        "junction_id": 39578,
        "veh_id": 11577,
        "sim_time_s": 2118.6,
        "tier": "track-zone",
        "prearm_status": "",
        "focus_role": "none"
      }
    },
    {
      "type": "Feature",
      "geometry": {
        "type": "Point",
        "coordinates": [
          499807.98807426344,
          6967047.006876782
        ]
      },
      "properties": {
        "junction_id": 11118289,
        "veh_id": 11541,
        "sim_time_s": 2125.3,
        "tier": "track-zone",
        "prearm_status": "",
        "focus_role": "none"
      }
    },
    {
      "type": "Feature",
      "geometry": {
        "type": "Point",
        "coordinates": [
          500646.41674094927,
          6965261.401851674
        ]
      },
      "properties": {
        "junction_id": 36385,
        "veh_id": 11534,
        "sim_time_s": 2129.4,
        "tier": "track-zone",
        "prearm_status": "",
        "focus_role": "none"
      }
    },
    {
      "type": "Feature",
      "geometry": {
        "type": "Point",
        "coordinates": [
          0.0,
          0.0
        ]
      },
      "properties": {
        "junction_id": 39593,
        "veh_id": 11534,
        "sim_time_s": 2129.4,
        "tier": "harmony-no-ge-local",
        "prearm_status": "skip",
        "focus_role": "none"
      }
    },
    {
      "type": "Feature",
      "geometry": {
        "type": "Point",
        "coordinates": [
          500691.4642639648,
          6964630.042505283
        ]
      },
      "properties": {
        "junction_id": 36393,
        "veh_id": 11566,
        "sim_time_s": 2129.8,
        "tier": "IC-detect",
        "prearm_status": "",
        "focus_role": "none"
      }
    },
    {
      "type": "Feature",
      "geometry": {
        "type": "Point",
        "coordinates": [
          500654.7180270295,
          6965242.244822334
        ]
      },
      "properties": {
        "junction_id": 10157950,
        "veh_id": 11534,
        "sim_time_s": 2130.8,
        "tier": "track-zone",
        "prearm_status": "",
        "focus_role": "none"
      }
    },
    {
      "type": "Feature",
      "geometry": {
        "type": "Point",
        "coordinates": [
          500689.3960645617,
          6964555.095604817
        ]
      },
      "properties": {
        "junction_id": 39590,
        "veh_id": 11566,
        "sim_time_s": 2138.8,
        "tier": "track-zone",
        "prearm_status": "",
        "focus_role": "none"
      }
    },
    {
      "type": "Feature",
      "geometry": {
        "type": "Point",
        "coordinates": [
          500729.009747517,
          6964991.309723757
        ]
      },
      "properties": {
        "junction_id": 36393,
        "veh_id": 11534,
        "sim_time_s": 2149.7,
        "tier": "track-zone",
        "prearm_status": "",
        "focus_role": "none"
      }
    },
    {
      "type": "Feature",
      "geometry": {
        "type": "Point",
        "coordinates": [
          0.0,
          0.0
        ]
      },
      "properties": {
        "junction_id": 39578,
        "veh_id": 11577,
        "sim_time_s": 2149.7,
        "tier": "harmony-no-ge-local",
        "prearm_status": "skip",
        "focus_role": "none"
      }
    },
    {
      "type": "Feature",
      "geometry": {
        "type": "Point",
        "coordinates": [
          500133.93911495985,
          6966429.794705854
        ]
      },
      "properties": {
        "junction_id": 1043762,
        "veh_id": 11567,
        "sim_time_s": 2153.7,
        "tier": "track-zone",
        "prearm_status": "",
        "focus_role": "none"
      }
    },
    {
      "type": "Feature",
      "geometry": {
        "type": "Point",
        "coordinates": [
          0.0,
          0.0
        ]
      },
      "properties": {
        "junction_id": 39593,
        "veh_id": 11553,
        "sim_time_s": 2153.7,
        "tier": "harmony-no-ge-local",
        "prearm_status": "skip",
        "focus_role": "none"
      }
    },
    {
      "type": "Feature",
      "geometry": {
        "type": "Point",
        "coordinates": [
          500680.8655048194,
          6965098.1244871905
        ]
      },
      "properties": {
        "junction_id": 10157950,
        "veh_id": 11553,
        "sim_time_s": 2155.1,
        "tier": "track-zone",
        "prearm_status": "",
        "focus_role": "none"
      }
    },
    {
      "type": "Feature",
      "geometry": {
        "type": "Point",
        "coordinates": [
          0.0,
          0.0
        ]
      },
      "properties": {
        "junction_id": 36393,
        "veh_id": 11534,
        "sim_time_s": 2159.1,
        "tier": "harmony-ins-local",
        "prearm_status": "action",
        "focus_role": "none"
      }
    },
    {
      "type": "Feature",
      "geometry": {
        "type": "Point",
        "coordinates": [
          0.0,
          0.0
        ]
      },
      "properties": {
        "junction_id": 36385,
        "veh_id": 11534,
        "sim_time_s": 2159.1,
        "tier": "harmony-ins-local",
        "prearm_status": "action",
        "focus_role": "none"
      }
    },
    {
      "type": "Feature",
      "geometry": {
        "type": "Point",
        "coordinates": [
          0.0,
          0.0
        ]
      },
      "properties": {
        "junction_id": 1043762,
        "veh_id": 11567,
        "sim_time_s": 2160.4,
        "tier": "harmony-no-ge-local",
        "prearm_status": "skip",
        "focus_role": "none"
      }
    },
    {
      "type": "Feature",
      "geometry": {
        "type": "Point",
        "coordinates": [
          500389.7469058264,
          6966046.773477453
        ]
      },
      "properties": {
        "junction_id": 1043762,
        "veh_id": 11577,
        "sim_time_s": 2172.6,
        "tier": "track-zone",
        "prearm_status": "",
        "focus_role": "none"
      }
    },
    {
      "type": "Feature",
      "geometry": {
        "type": "Point",
        "coordinates": [
          0.0,
          0.0
        ]
      },
      "properties": {
        "junction_id": 1043762,
        "veh_id": 11577,
        "sim_time_s": 2173.9,
        "tier": "harmony-no-ge-local",
        "prearm_status": "skip",
        "focus_role": "none"
      }
    },
    {
      "type": "Feature",
      "geometry": {
        "type": "Point",
        "coordinates": [
          500355.8004412764,
          6966076.159052337
        ]
      },
      "properties": {
        "junction_id": 39569,
        "veh_id": 11577,
        "sim_time_s": 2176.2,
        "tier": "coord-prearm-harmony/SHOCKWAVE",
        "prearm_status": "fired",
        "focus_role": "none"
      }
    },
    {
      "type": "Feature",
      "geometry": {
        "type": "Point",
        "coordinates": [
          0.0,
          0.0
        ]
      },
      "properties": {
        "junction_id": 39569,
        "veh_id": 11577,
        "sim_time_s": 2176.7,
        "tier": "harmony-ins-local",
        "prearm_status": "action",
        "focus_role": "none"
      }
    },
    {
      "type": "Feature",
      "geometry": {
        "type": "Point",
        "coordinates": [
          500105.32496907446,
          6966447.427635934
        ]
      },
      "properties": {
        "junction_id": 39569,
        "veh_id": 11577,
        "sim_time_s": 2176.7,
        "tier": "coord-prearm-success/SHOCKWAVE",
        "prearm_status": "success",
        "focus_role": "none"
      }
    },
    {
      "type": "Feature",
      "geometry": {
        "type": "Point",
        "coordinates": [
          500351.55208747135,
          6966097.512983865
        ]
      },
      "properties": {
        "junction_id": 39578,
        "veh_id": 11567,
        "sim_time_s": 2180.7,
        "tier": "track-section",
        "prearm_status": "",
        "focus_role": "none"
      }
    },
    {
      "type": "Feature",
      "geometry": {
        "type": "Point",
        "coordinates": [
          500300.2080086889,
          6966139.656241777
        ]
      },
      "properties": {
        "junction_id": 39572,
        "veh_id": 11577,
        "sim_time_s": 2181.6,
        "tier": "coord-prearm-harmony/SHOCKWAVE",
        "prearm_status": "fired",
        "focus_role": "none"
      }
    },
    {
      "type": "Feature",
      "geometry": {
        "type": "Point",
        "coordinates": [
          500729.5833656617,
          6964410.813836397
        ]
      },
      "properties": {
        "junction_id": 39606,
        "veh_id": 11566,
        "sim_time_s": 2182.1,
        "tier": "track-zone",
        "prearm_status": "",
        "focus_role": "none"
      }
    },
    {
      "type": "Feature",
      "geometry": {
        "type": "Point",
        "coordinates": [
          0.0,
          0.0
        ]
      },
      "properties": {
        "junction_id": 39572,
        "veh_id": 11577,
        "sim_time_s": 2182.1,
        "tier": "harmony-ins-local",
        "prearm_status": "action",
        "focus_role": "none"
      }
    },
    {
      "type": "Feature",
      "geometry": {
        "type": "Point",
        "coordinates": [
          500012.2556836749,
          6966653.44887729
        ]
      },
      "properties": {
        "junction_id": 39572,
        "veh_id": 11577,
        "sim_time_s": 2182.1,
        "tier": "coord-prearm-success/SHOCKWAVE",
        "prearm_status": "success",
        "focus_role": "none"
      }
    },
    {
      "type": "Feature",
      "geometry": {
        "type": "Point",
        "coordinates": [
          0.0,
          0.0
        ]
      },
      "properties": {
        "junction_id": 39578,
        "veh_id": 11567,
        "sim_time_s": 2183.4,
        "tier": "harmony-ins-local",
        "prearm_status": "action",
        "focus_role": "none"
      }
    },
    {
      "type": "Feature",
      "geometry": {
        "type": "Point",
        "coordinates": [
          500656.91523735644,
          6965193.52333907
        ]
      },
      "properties": {
        "junction_id": 1119660,
        "veh_id": 11553,
        "sim_time_s": 2184.8,
        "tier": "track-zone",
        "prearm_status": "",
        "focus_role": "none"
      }
    },
    {
      "type": "Feature",
      "geometry": {
        "type": "Point",
        "coordinates": [
          500638.6640389445,
          6965234.39999142
        ]
      },
      "properties": {
        "junction_id": 39587,
        "veh_id": 11553,
        "sim_time_s": 2187.4,
        "tier": "track-zone",
        "prearm_status": "",
        "focus_role": "none"
      }
    },
    {
      "type": "Feature",
      "geometry": {
        "type": "Point",
        "coordinates": [
          500944.51358507737,
          6964038.69291645
        ]
      },
      "properties": {
        "junction_id": 39606,
        "veh_id": 11543,
        "sim_time_s": 2220.3,
        "tier": "IC-detect",
        "prearm_status": "",
        "focus_role": "none"
      }
    },
    {
      "type": "Feature",
      "geometry": {
        "type": "Point",
        "coordinates": [
          0.0,
          0.0
        ]
      },
      "properties": {
        "junction_id": 39606,
        "veh_id": 11543,
        "sim_time_s": 2220.3,
        "tier": "harmony-no-ge-local",
        "prearm_status": "skip",
        "focus_role": "none"
      }
    },
    {
      "type": "Feature",
      "geometry": {
        "type": "Point",
        "coordinates": [
          500928.43533054116,
          6964064.265338543
        ]
      },
      "properties": {
        "junction_id": 39590,
        "veh_id": 11543,
        "sim_time_s": 2223.4,
        "tier": "coord-prearm-harmony/SHOCKWAVE",
        "prearm_status": "fired",
        "focus_role": "none"
      }
    },
    {
      "type": "Feature",
      "geometry": {
        "type": "Point",
        "coordinates": [
          0.0,
          0.0
        ]
      },
      "properties": {
        "junction_id": 39590,
        "veh_id": 11543,
        "sim_time_s": 2223.9,
        "tier": "harmony-ins-local",
        "prearm_status": "action",
        "focus_role": "none"
      }
    },
    {
      "type": "Feature",
      "geometry": {
        "type": "Point",
        "coordinates": [
          500756.5972760396,
          6964319.360583134
        ]
      },
      "properties": {
        "junction_id": 39590,
        "veh_id": 11543,
        "sim_time_s": 2223.9,
        "tier": "coord-prearm-success/SHOCKWAVE",
        "prearm_status": "success",
        "focus_role": "none"
      }
    },
    {
      "type": "Feature",
      "geometry": {
        "type": "Point",
        "coordinates": [
          0.0,
          0.0
        ]
      },
      "properties": {
        "junction_id": 39587,
        "veh_id": 11553,
        "sim_time_s": 2223.9,
        "tier": "harmony-no-ge-local",
        "prearm_status": "skip",
        "focus_role": "none"
      }
    },
    {
      "type": "Feature",
      "geometry": {
        "type": "Point",
        "coordinates": [
          500571.8993573512,
          6965460.655139399
        ]
      },
      "properties": {
        "junction_id": 39576,
        "veh_id": 11553,
        "sim_time_s": 2225.2,
        "tier": "track-zone",
        "prearm_status": "",
        "focus_role": "none"
      }
    },
    {
      "type": "Feature",
      "geometry": {
        "type": "Point",
        "coordinates": [
          500912.2700768127,
          6964083.897719416
        ]
      },
      "properties": {
        "junction_id": 36393,
        "veh_id": 11543,
        "sim_time_s": 2227.1,
        "tier": "coord-prearm-harmony/SHOCKWAVE",
        "prearm_status": "fired",
        "focus_role": "none"
      }
    },
    {
      "type": "Feature",
      "geometry": {
        "type": "Point",
        "coordinates": [
          0.0,
          0.0
        ]
      },
      "properties": {
        "junction_id": 36393,
        "veh_id": 11543,
        "sim_time_s": 2227.5,
        "tier": "harmony-no-ge-local",
        "prearm_status": "skip",
        "focus_role": "none"
      }
    },
    {
      "type": "Feature",
      "geometry": {
        "type": "Point",
        "coordinates": [
          500684.0987813321,
          6964756.319799706
        ]
      },
      "properties": {
        "junction_id": 36393,
        "veh_id": 11543,
        "sim_time_s": 2227.5,
        "tier": "coord-prearm-success/SHOCKWAVE",
        "prearm_status": "success",
        "focus_role": "none"
      }
    },
    {
      "type": "Feature",
      "geometry": {
        "type": "Point",
        "coordinates": [
          499917.2537255679,
          6967030.446887264
        ]
      },
      "properties": {
        "junction_id": 38339,
        "veh_id": 11541,
        "sim_time_s": 2231.6,
        "tier": "IC-detect",
        "prearm_status": "",
        "focus_role": "none"
      }
    },
    {
      "type": "Feature",
      "geometry": {
        "type": "Point",
        "coordinates": [
          500909.04336181714,
          6964088.419894888
        ]
      },
      "properties": {
        "junction_id": 36385,
        "veh_id": 11543,
        "sim_time_s": 2233.3,
        "tier": "coord-prearm-harmony/SHOCKWAVE",
        "prearm_status": "fired",
        "focus_role": "none"
      }
    },
    {
      "type": "Feature",
      "geometry": {
        "type": "Point",
        "coordinates": [
          0.0,
          0.0
        ]
      },
      "properties": {
        "junction_id": 36385,
        "veh_id": 11543,
        "sim_time_s": 2233.8,
        "tier": "harmony-ins-local",
        "prearm_status": "action",
        "focus_role": "none"
      }
    },
    {
      "type": "Feature",
      "geometry": {
        "type": "Point",
        "coordinates": [
          500715.9750991549,
          6965021.28412977
        ]
      },
      "properties": {
        "junction_id": 36385,
        "veh_id": 11543,
        "sim_time_s": 2233.8,
        "tier": "coord-prearm-success/SHOCKWAVE",
        "prearm_status": "success",
        "focus_role": "none"
      }
    },
    {
      "type": "Feature",
      "geometry": {
        "type": "Point",
        "coordinates": [
          0.0,
          0.0
        ]
      },
      "properties": {
        "junction_id": 39576,
        "veh_id": 11553,
        "sim_time_s": 2234.7,
        "tier": "harmony-no-ge-local",
        "prearm_status": "skip",
        "focus_role": "none"
      }
    },
    {
      "type": "Feature",
      "geometry": {
        "type": "Point",
        "coordinates": [
          500527.8482988346,
          6965936.649859011
        ]
      },
      "properties": {
        "junction_id": 39576,
        "veh_id": 11567,
        "sim_time_s": 2242.8,
        "tier": "track-zone",
        "prearm_status": "",
        "focus_role": "none"
      }
    },
    {
      "type": "Feature",
      "geometry": {
        "type": "Point",
        "coordinates": [
          0.0,
          0.0
        ]
      },
      "properties": {
        "junction_id": 39606,
        "veh_id": 11566,
        "sim_time_s": 2244.2,
        "tier": "harmony-no-ge-local",
        "prearm_status": "skip",
        "focus_role": "none"
      }
    },
    {
      "type": "Feature",
      "geometry": {
        "type": "Point",
        "coordinates": [
          499923.2514340119,
          6967030.255520032
        ]
      },
      "properties": {
        "junction_id": 11118289,
        "veh_id": 11541,
        "sim_time_s": 2246.8,
        "tier": "track-zone",
        "prearm_status": "",
        "focus_role": "none"
      }
    },
    {
      "type": "Feature",
      "geometry": {
        "type": "Point",
        "coordinates": [
          500491.79486792826,
          6965697.771002916
        ]
      },
      "properties": {
        "junction_id": 39578,
        "veh_id": 11553,
        "sim_time_s": 2246.8,
        "tier": "track-zone",
        "prearm_status": "",
        "focus_role": "none"
      }
    },
    {
      "type": "Feature",
      "geometry": {
        "type": "Point",
        "coordinates": [
          500952.09229130344,
          6964037.796872752
        ]
      },
      "properties": {
        "junction_id": 39606,
        "veh_id": 11578,
        "sim_time_s": 2250.0,
        "tier": "IC-detect",
        "prearm_status": "",
        "focus_role": "none"
      }
    },
    {
      "type": "Feature",
      "geometry": {
        "type": "Point",
        "coordinates": [
          0.0,
          0.0
        ]
      },
      "properties": {
        "junction_id": 39606,
        "veh_id": 11578,
        "sim_time_s": 2250.0,
        "tier": "harmony-no-ge-local",
        "prearm_status": "skip",
        "focus_role": "none"
      }
    },
    {
      "type": "Feature",
      "geometry": {
        "type": "Point",
        "coordinates": [
          500929.6202290327,
          6964068.006796754
        ]
      },
      "properties": {
        "junction_id": 39590,
        "veh_id": 11578,
        "sim_time_s": 2253.2,
        "tier": "coord-prearm-harmony/SHOCKWAVE",
        "prearm_status": "fired",
        "focus_role": "none"
      }
    },
    {
      "type": "Feature",
      "geometry": {
        "type": "Point",
        "coordinates": [
          500689.4365120982,
          6964556.179711436
        ]
      },
      "properties": {
        "junction_id": 39590,
        "veh_id": 11534,
        "sim_time_s": 2254.9,
        "tier": "track-zone",
        "prearm_status": "",
        "focus_role": "none"
      }
    },
    {
      "type": "Feature",
      "geometry": {
        "type": "Point",
        "coordinates": [
          500731.4998109041,
          6964406.245379151
        ]
      },
      "properties": {
        "junction_id": 39606,
        "veh_id": 11534,
        "sim_time_s": 2264.4,
        "tier": "track-zone",
        "prearm_status": "",
        "focus_role": "none"
      }
    },
    {
      "type": "Feature",
      "geometry": {
        "type": "Point",
        "coordinates": [
          500076.41457642236,
          6966489.04801412
        ]
      },
      "properties": {
        "junction_id": 39568,
        "veh_id": 11577,
        "sim_time_s": 2268.4,
        "tier": "track-zone",
        "prearm_status": "",
        "focus_role": "none"
      }
    },
    {
      "type": "Feature",
      "geometry": {
        "type": "Point",
        "coordinates": [
          0.0,
          0.0
        ]
      },
      "properties": {
        "junction_id": 39590,
        "veh_id": 11578,
        "sim_time_s": 2284.7,
        "tier": "harmony-ins-local",
        "prearm_status": "action",
        "focus_role": "none"
      }
    },
    {
      "type": "Feature",
      "geometry": {
        "type": "Point",
        "coordinates": [
          500756.5972760396,
          6964319.360583134
        ]
      },
      "properties": {
        "junction_id": 39590,
        "veh_id": 11578,
        "sim_time_s": 2284.7,
        "tier": "coord-prearm-success/SHOCKWAVE",
        "prearm_status": "success",
        "focus_role": "none"
      }
    },
    {
      "type": "Feature",
      "geometry": {
        "type": "Point",
        "coordinates": [
          499514.957602059,
          6966653.088543277
        ]
      },
      "properties": {
        "junction_id": 39572,
        "veh_id": 11535,
        "sim_time_s": 2292.8,
        "tier": "IC-detect",
        "prearm_status": "",
        "focus_role": "none"
      }
    },
    {
      "type": "Feature",
      "geometry": {
        "type": "Point",
        "coordinates": [
          0.0,
          0.0
        ]
      },
      "properties": {
        "junction_id": 39606,
        "veh_id": 11534,
        "sim_time_s": 2295.4,
        "tier": "harmony-ins-local",
        "prearm_status": "action",
        "focus_role": "none"
      }
    },
    {
      "type": "Feature",
      "geometry": {
        "type": "Point",
        "coordinates": [
          500083.7622236945,
          6967501.558707912
        ]
      },
      "properties": {
        "junction_id": 38339,
        "veh_id": 11568,
        "sim_time_s": 2295.9,
        "tier": "IC-detect",
        "prearm_status": "",
        "focus_role": "none"
      }
    },
    {
      "type": "Feature",
      "geometry": {
        "type": "Point",
        "coordinates": [
          500017.42186013365,
          6966617.961999979
        ]
      },
      "properties": {
        "junction_id": 39572,
        "veh_id": 11577,
        "sim_time_s": 2302.2,
        "tier": "IC-detect",
        "prearm_status": "",
        "focus_role": "none"
      }
    },
    {
      "type": "Feature",
      "geometry": {
        "type": "Point",
        "coordinates": [
          0.0,
          0.0
        ]
      },
      "properties": {
        "junction_id": 39572,
        "veh_id": 11535,
        "sim_time_s": 2303.1,
        "tier": "harmony-no-ge-local",
        "prearm_status": "skip",
        "focus_role": "none"
      }
    },
    {
      "type": "Feature",
      "geometry": {
        "type": "Point",
        "coordinates": [
          500534.53667546,
          6965881.203944716
        ]
      },
      "properties": {
        "junction_id": 39578,
        "veh_id": 11567,
        "sim_time_s": 2303.6,
        "tier": "IC-detect",
        "prearm_status": "",
        "focus_role": "none"
      }
    },
    {
      "type": "Feature",
      "geometry": {
        "type": "Point",
        "coordinates": [
          0.0,
          0.0
        ]
      },
      "properties": {
        "junction_id": 39578,
        "veh_id": 11553,
        "sim_time_s": 2306.2,
        "tier": "harmony-no-ge-local",
        "prearm_status": "skip",
        "focus_role": "none"
      }
    },
    {
      "type": "Feature",
      "geometry": {
        "type": "Point",
        "coordinates": [
          0.0,
          0.0
        ]
      },
      "properties": {
        "junction_id": 38339,
        "veh_id": 11568,
        "sim_time_s": 2306.2,
        "tier": "harmony-ins-local",
        "prearm_status": "action",
        "focus_role": "none"
      }
    },
    {
      "type": "Feature",
      "geometry": {
        "type": "Point",
        "coordinates": [
          499757.2411916045,
          6966606.737896703
        ]
      },
      "properties": {
        "junction_id": 39568,
        "veh_id": 11535,
        "sim_time_s": 2307.6,
        "tier": "track-zone",
        "prearm_status": "",
        "focus_role": "none"
      }
    },
    {
      "type": "Feature",
      "geometry": {
        "type": "Point",
        "coordinates": [
          500017.77233361953,
          6966618.306054283
        ]
      },
      "properties": {
        "junction_id": 39569,
        "veh_id": 11577,
        "sim_time_s": 2311.7,
        "tier": "track-zone",
        "prearm_status": "",
        "focus_role": "none"
      }
    },
    {
      "type": "Feature",
      "geometry": {
        "type": "Point",
        "coordinates": [
          499886.59998009494,
          6966544.96811718
        ]
      },
      "properties": {
        "junction_id": 39569,
        "veh_id": 11535,
        "sim_time_s": 2317.1,
        "tier": "track-zone",
        "prearm_status": "",
        "focus_role": "none"
      }
    },
    {
      "type": "Feature",
      "geometry": {
        "type": "Point",
        "coordinates": [
          499960.99433769437,
          6966778.32403996
        ]
      },
      "properties": {
        "junction_id": 38339,
        "veh_id": 11577,
        "sim_time_s": 2325.2,
        "tier": "track-zone",
        "prearm_status": "",
        "focus_role": "none"
      }
    },
    {
      "type": "Feature",
      "geometry": {
        "type": "Point",
        "coordinates": [
          0.0,
          0.0
        ]
      },
      "properties": {
        "junction_id": 39569,
        "veh_id": 11535,
        "sim_time_s": 2340.0,
        "tier": "harmony-no-ge-local",
        "prearm_status": "skip",
        "focus_role": "none"
      }
    },
    {
      "type": "Feature",
      "geometry": {
        "type": "Point",
        "coordinates": [
          499984.38171629916,
          6966497.823119674
        ]
      },
      "properties": {
        "junction_id": 1043762,
        "veh_id": 11535,
        "sim_time_s": 2342.2,
        "tier": "coord-prearm-harmony/SHOCKWAVE",
        "prearm_status": "fired",
        "focus_role": "none"
      }
    },
    {
      "type": "Feature",
      "geometry": {
        "type": "Point",
        "coordinates": [
          500759.1728432979,
          6964292.592514354
        ]
      },
      "properties": {
        "junction_id": 39606,
        "veh_id": 11543,
        "sim_time_s": 2342.7,
        "tier": "track-zone",
        "prearm_status": "",
        "focus_role": "none"
      }
    },
    {
      "type": "Feature",
      "geometry": {
        "type": "Point",
        "coordinates": [
          500673.5403433371,
          6964519.116497218
        ]
      },
      "properties": {
        "junction_id": 36393,
        "veh_id": 11578,
        "sim_time_s": 2342.7,
        "tier": "track-zone",
        "prearm_status": "",
        "focus_role": "none"
      }
    },
    {
      "type": "Feature",
      "geometry": {
        "type": "Point",
        "coordinates": [
          0.0,
          0.0
        ]
      },
      "properties": {
        "junction_id": 36393,
        "veh_id": 11578,
        "sim_time_s": 2342.7,
        "tier": "harmony-ins-local",
        "prearm_status": "action",
        "focus_role": "none"
      }
    },
    {
      "type": "Feature",
      "geometry": {
        "type": "Point",
        "coordinates": [
          0.0,
          0.0
        ]
      },
      "properties": {
        "junction_id": 1043762,
        "veh_id": 11535,
        "sim_time_s": 2342.7,
        "tier": "harmony-no-ge-local",
        "prearm_status": "skip",
        "focus_role": "none"
      }
    },
    {
      "type": "Feature",
      "geometry": {
        "type": "Point",
        "coordinates": [
          500248.43905837496,
          6966228.103814566
        ]
      },
      "properties": {
        "junction_id": 1043762,
        "veh_id": 11535,
        "sim_time_s": 2342.7,
        "tier": "coord-prearm-success/SHOCKWAVE",
        "prearm_status": "success",
        "focus_role": "none"
      }
    },
    {
      "type": "Feature",
      "geometry": {
        "type": "Point",
        "coordinates": [
          500397.6645398805,
          6966039.8373300135
        ]
      },
      "properties": {
        "junction_id": 1043762,
        "veh_id": 11553,
        "sim_time_s": 2344.1,
        "tier": "track-zone",
        "prearm_status": "",
        "focus_role": "none"
      }
    },
    {
      "type": "Feature",
      "geometry": {
        "type": "Point",
        "coordinates": [
          500759.1728432979,
          6964292.592514354
        ]
      },
      "properties": {
        "junction_id": 39590,
        "veh_id": 11543,
        "sim_time_s": 2344.1,
        "tier": "IC-detect",
        "prearm_status": "",
        "focus_role": "none"
      }
    },
    {
      "type": "Feature",
      "geometry": {
        "type": "Point",
        "coordinates": [
          0.0,
          0.0
        ]
      },
      "properties": {
        "junction_id": 1043762,
        "veh_id": 11553,
        "sim_time_s": 2346.8,
        "tier": "harmony-ins-local",
        "prearm_status": "action",
        "focus_role": "none"
      }
    },
    {
      "type": "Feature",
      "geometry": {
        "type": "Point",
        "coordinates": [
          500672.42812382476,
          6964586.091504283
        ]
      },
      "properties": {
        "junction_id": 36385,
        "veh_id": 11578,
        "sim_time_s": 2346.8,
        "tier": "coord-prearm-harmony/SHOCKWAVE",
        "prearm_status": "fired",
        "focus_role": "none"
      }
    },
    {
      "type": "Feature",
      "geometry": {
        "type": "Point",
        "coordinates": [
          0.0,
          0.0
        ]
      },
      "properties": {
        "junction_id": 36385,
        "veh_id": 11578,
        "sim_time_s": 2347.2,
        "tier": "harmony-no-ge-local",
        "prearm_status": "skip",
        "focus_role": "none"
      }
    },
    {
      "type": "Feature",
      "geometry": {
        "type": "Point",
        "coordinates": [
          500715.9750991549,
          6965021.28412977
        ]
      },
      "properties": {
        "junction_id": 36385,
        "veh_id": 11578,
        "sim_time_s": 2347.2,
        "tier": "coord-prearm-success/SHOCKWAVE",
        "prearm_status": "success",
        "focus_role": "none"
      }
    },
    {
      "type": "Feature",
      "geometry": {
        "type": "Point",
        "coordinates": [
          500353.1071920252,
          6966078.427581592
        ]
      },
      "properties": {
        "junction_id": 39569,
        "veh_id": 11553,
        "sim_time_s": 2349.0,
        "tier": "coord-prearm-harmony/SHOCKWAVE",
        "prearm_status": "fired",
        "focus_role": "none"
      }
    },
    {
      "type": "Feature",
      "geometry": {
        "type": "Point",
        "coordinates": [
          0.0,
          0.0
        ]
      },
      "properties": {
        "junction_id": 39569,
        "veh_id": 11553,
        "sim_time_s": 2349.4,
        "tier": "harmony-ins-local",
        "prearm_status": "action",
        "focus_role": "none"
      }
    },
    {
      "type": "Feature",
      "geometry": {
        "type": "Point",
        "coordinates": [
          500105.32496907446,
          6966447.427635934
        ]
      },
      "properties": {
        "junction_id": 39569,
        "veh_id": 11553,
        "sim_time_s": 2349.4,
        "tier": "coord-prearm-success/SHOCKWAVE",
        "prearm_status": "success",
        "focus_role": "none"
      }
    },
    {
      "type": "Feature",
      "geometry": {
        "type": "Point",
        "coordinates": [
          499925.81795444887,
          6967030.230086625
        ]
      },
      "properties": {
        "junction_id": 38339,
        "veh_id": 11541,
        "sim_time_s": 2351.7,
        "tier": "IC-detect",
        "prearm_status": "",
        "focus_role": "none"
      }
    },
    {
      "type": "Feature",
      "geometry": {
        "type": "Point",
        "coordinates": [
          499964.973491578,
          6967112.474040491
        ]
      },
      "properties": {
        "junction_id": 11118289,
        "veh_id": 11568,
        "sim_time_s": 2356.2,
        "tier": "track-zone",
        "prearm_status": "",
        "focus_role": "none"
      }
    },
    {
      "type": "Feature",
      "geometry": {
        "type": "Point",
        "coordinates": [
          499961.1885262651,
          6966956.247761564
        ]
      },
      "properties": {
        "junction_id": 39568,
        "veh_id": 11541,
        "sim_time_s": 2360.2,
        "tier": "track-zone",
        "prearm_status": "",
        "focus_role": "none"
      }
    },
    {
      "type": "Feature",
      "geometry": {
        "type": "Point",
        "coordinates": [
          500508.50554737105,
          6965773.085437645
        ]
      },
      "properties": {
        "junction_id": 39576,
        "veh_id": 11567,
        "sim_time_s": 2362.9,
        "tier": "IC-detect-far",
        "prearm_status": "",
        "focus_role": "none"
      }
    },
    {
      "type": "Feature",
      "geometry": {
        "type": "Point",
        "coordinates": [
          0.0,
          0.0
        ]
      },
      "properties": {
        "junction_id": 38339,
        "veh_id": 11577,
        "sim_time_s": 2366.6,
        "tier": "harmony-no-ge-local",
        "prearm_status": "skip",
        "focus_role": "none"
      }
    },
    {
      "type": "Feature",
      "geometry": {
        "type": "Point",
        "coordinates": [
          499969.15886900446,
          6966896.293644887
        ]
      },
      "properties": {
        "junction_id": 39572,
        "veh_id": 11541,
        "sim_time_s": 2367.0,
        "tier": "track-zone",
        "prearm_status": "",
        "focus_role": "none"
      }
    },
    {
      "type": "Feature",
      "geometry": {
        "type": "Point",
        "coordinates": [
          499969.32365688024,
          6966893.659566816
        ]
      },
      "properties": {
        "junction_id": 11118289,
        "veh_id": 11541,
        "sim_time_s": 2368.3,
        "tier": "track-zone",
        "prearm_status": "",
        "focus_role": "none"
      }
    },
    {
      "type": "Feature",
      "geometry": {
        "type": "Point",
        "coordinates": [
          0.0,
          0.0
        ]
      },
      "properties": {
        "junction_id": 39576,
        "veh_id": 11567,
        "sim_time_s": 2368.3,
        "tier": "harmony-no-ge-local",
        "prearm_status": "skip",
        "focus_role": "none"
      }
    },
    {
      "type": "Feature",
      "geometry": {
        "type": "Point",
        "coordinates": [
          500362.3009038937,
          6966091.617986863
        ]
      },
      "properties": {
        "junction_id": 39578,
        "veh_id": 11535,
        "sim_time_s": 2383.2,
        "tier": "track-section",
        "prearm_status": "",
        "focus_role": "none"
      }
    },
    {
      "type": "Feature",
      "geometry": {
        "type": "Point",
        "coordinates": [
          500132.67452070327,
          6965614.9595346935
        ]
      },
      "properties": {
        "junction_id": 39576,
        "veh_id": 11547,
        "sim_time_s": 2400.3,
        "tier": "IC-detect",
        "prearm_status": "",
        "focus_role": "none"
      }
    },
    {
      "type": "Feature",
      "geometry": {
        "type": "Point",
        "coordinates": [
          499962.81376372493,
          6966940.810749211
        ]
      },
      "properties": {
        "junction_id": 39568,
        "veh_id": 11568,
        "sim_time_s": 2415.6,
        "tier": "track-zone",
        "prearm_status": "",
        "focus_role": "none"
      }
    },
    {
      "type": "Feature",
      "geometry": {
        "type": "Point",
        "coordinates": [
          499966.0489794478,
          6966897.460012462
        ]
      },
      "properties": {
        "junction_id": 39572,
        "veh_id": 11568,
        "sim_time_s": 2418.3,
        "tier": "track-zone",
        "prearm_status": "",
        "focus_role": "none"
      }
    },
    {
      "type": "Feature",
      "geometry": {
        "type": "Point",
        "coordinates": [
          500512.2538245114,
          6965721.702009299
        ]
      },
      "properties": {
        "junction_id": 39578,
        "veh_id": 11567,
        "sim_time_s": 2423.7,
        "tier": "track-zone",
        "prearm_status": "",
        "focus_role": "none"
      }
    },
    {
      "type": "Feature",
      "geometry": {
        "type": "Point",
        "coordinates": [
          0.0,
          0.0
        ]
      },
      "properties": {
        "junction_id": 39578,
        "veh_id": 11535,
        "sim_time_s": 2423.7,
        "tier": "harmony-no-ge-local",
        "prearm_status": "skip",
        "focus_role": "none"
      }
    },
    {
      "type": "Feature",
      "geometry": {
        "type": "Point",
        "coordinates": [
          500701.61852861504,
          6964931.869596635
        ]
      },
      "properties": {
        "junction_id": 39593,
        "veh_id": 11578,
        "sim_time_s": 2427.8,
        "tier": "track-zone",
        "prearm_status": "",
        "focus_role": "none"
      }
    },
    {
      "type": "Feature",
      "geometry": {
        "type": "Point",
        "coordinates": [
          500675.3191893221,
          6964507.313991848
        ]
      },
      "properties": {
        "junction_id": 36393,
        "veh_id": 11543,
        "sim_time_s": 2435.8,
        "tier": "track-zone",
        "prearm_status": "",
        "focus_role": "none"
      }
    },
    {
      "type": "Feature",
      "geometry": {
        "type": "Point",
        "coordinates": [
          500113.0887947444,
          6966425.724014058
        ]
      },
      "properties": {
        "junction_id": 39572,
        "veh_id": 11553,
        "sim_time_s": 2435.8,
        "tier": "track-zone",
        "prearm_status": "",
        "focus_role": "none"
      }
    },
    {
      "type": "Feature",
      "geometry": {
        "type": "Point",
        "coordinates": [
          0.0,
          0.0
        ]
      },
      "properties": {
        "junction_id": 39572,
        "veh_id": 11541,
        "sim_time_s": 2450.7,
        "tier": "harmony-no-ge-local",
        "prearm_status": "skip",
        "focus_role": "none"
      }
    },
    {
      "type": "Feature",
      "geometry": {
        "type": "Point",
        "coordinates": [
          500031.0245161319,
          6966465.615885528
        ]
      },
      "properties": {
        "junction_id": 39568,
        "veh_id": 11553,
        "sim_time_s": 2453.4,
        "tier": "track-zone",
        "prearm_status": "",
        "focus_role": "none"
      }
    },
    {
      "type": "Feature",
      "geometry": {
        "type": "Point",
        "coordinates": [
          500010.3720450207,
          6966673.796451891
        ]
      },
      "properties": {
        "junction_id": 39569,
        "veh_id": 11541,
        "sim_time_s": 2454.8,
        "tier": "track-zone",
        "prearm_status": "",
        "focus_role": "none"
      }
    },
    {
      "type": "Feature",
      "geometry": {
        "type": "Point",
        "coordinates": [
          0.0,
          0.0
        ]
      },
      "properties": {
        "junction_id": 39572,
        "veh_id": 11568,
        "sim_time_s": 2454.8,
        "tier": "harmony-no-ge-local",
        "prearm_status": "skip",
        "focus_role": "none"
      }
    },
    {
      "type": "Feature",
      "geometry": {
        "type": "Point",
        "coordinates": [
          500690.76997804287,
          6965073.1304118745
        ]
      },
      "properties": {
        "junction_id": 36385,
        "veh_id": 11578,
        "sim_time_s": 2467.3,
        "tier": "IC-detect",
        "prearm_status": "",
        "focus_role": "none"
      }
    },
    {
      "type": "Feature",
      "geometry": {
        "type": "Point",
        "coordinates": [
          500686.000854318,
          6965091.780259667
        ]
      },
      "properties": {
        "junction_id": 10157950,
        "veh_id": 11578,
        "sim_time_s": 2468.2,
        "tier": "track-zone",
        "prearm_status": "",
        "focus_role": "none"
      }
    },
    {
      "type": "Feature",
      "geometry": {
        "type": "Point",
        "coordinates": [
          0.0,
          0.0
        ]
      },
      "properties": {
        "junction_id": 39593,
        "veh_id": 11578,
        "sim_time_s": 2468.2,
        "tier": "harmony-no-ge-local",
        "prearm_status": "skip",
        "focus_role": "none"
      }
    },
    {
      "type": "Feature",
      "geometry": {
        "type": "Point",
        "coordinates": [
          500025.1053083585,
          6966468.408108377
        ]
      },
      "properties": {
        "junction_id": 39569,
        "veh_id": 11553,
        "sim_time_s": 2469.6,
        "tier": "IC-detect",
        "prearm_status": "",
        "focus_role": "none"
      }
    },
    {
      "type": "Feature",
      "geometry": {
        "type": "Point",
        "coordinates": [
          500007.2694261214,
          6966681.470337093
        ]
      },
      "properties": {
        "junction_id": 11118289,
        "veh_id": 11568,
        "sim_time_s": 2477.7,
        "tier": "track-zone",
        "prearm_status": "",
        "focus_role": "none"
      }
    },
    {
      "type": "Feature",
      "geometry": {
        "type": "Point",
        "coordinates": [
          500679.81788396445,
          6964781.717263688
        ]
      },
      "properties": {
        "junction_id": 36385,
        "veh_id": 11543,
        "sim_time_s": 2480.4,
        "tier": "track-zone",
        "prearm_status": "",
        "focus_role": "none"
      }
    },
    {
      "type": "Feature",
      "geometry": {
        "type": "Point",
        "coordinates": [
          500012.3149135543,
          6966668.961423628
        ]
      },
      "properties": {
        "junction_id": 39568,
        "veh_id": 11541,
        "sim_time_s": 2481.8,
        "tier": "track-zone",
        "prearm_status": "",
        "focus_role": "none"
      }
    },
    {
      "type": "Feature",
      "geometry": {
        "type": "Point",
        "coordinates": [
          500659.21115814766,
          6965188.093923846
        ]
      },
      "properties": {
        "junction_id": 1119660,
        "veh_id": 11578,
        "sim_time_s": 2487.2,
        "tier": "track-zone",
        "prearm_status": "",
        "focus_role": "none"
      }
    },
    {
      "type": "Feature",
      "geometry": {
        "type": "Point",
        "coordinates": [
          500512.31591431185,
          6965717.754897493
        ]
      },
      "properties": {
        "junction_id": 39576,
        "veh_id": 11567,
        "sim_time_s": 2488.5,
        "tier": "IC-detect",
        "prearm_status": "",
        "focus_role": "none"
      }
    },
    {
      "type": "Feature",
      "geometry": {
        "type": "Point",
        "coordinates": [
          500012.3149135543,
          6966668.961423628
        ]
      },
      "properties": {
        "junction_id": 11118289,
        "veh_id": 11541,
        "sim_time_s": 2489.8,
        "tier": "track-zone",
        "prearm_status": "",
        "focus_role": "none"
      }
    },
    {
      "type": "Feature",
      "geometry": {
        "type": "Point",
        "coordinates": [
          500635.3943369057,
          6965241.792347392
        ]
      },
      "properties": {
        "junction_id": 39587,
        "veh_id": 11578,
        "sim_time_s": 2491.2,
        "tier": "track-zone",
        "prearm_status": "",
        "focus_role": "none"
      }
    },
    {
      "type": "Feature",
      "geometry": {
        "type": "Point",
        "coordinates": [
          500009.7175649123,
          6966675.377891803
        ]
      },
      "properties": {
        "junction_id": 39569,
        "veh_id": 11568,
        "sim_time_s": 2500.7,
        "tier": "track-zone",
        "prearm_status": "",
        "focus_role": "none"
      }
    },
    {
      "type": "Feature",
      "geometry": {
        "type": "Point",
        "coordinates": [
          0.0,
          0.0
        ]
      },
      "properties": {
        "junction_id": 39587,
        "veh_id": 11578,
        "sim_time_s": 2504.7,
        "tier": "harmony-ins-local",
        "prearm_status": "action",
        "focus_role": "none"
      }
    },
    {
      "type": "Feature",
      "geometry": {
        "type": "Point",
        "coordinates": [
          500512.4635505841,
          6965708.7111084405
        ]
      },
      "properties": {
        "junction_id": 39587,
        "veh_id": 11567,
        "sim_time_s": 2508.8,
        "tier": "track-zone",
        "prearm_status": "",
        "focus_role": "none"
      }
    },
    {
      "type": "Feature",
      "geometry": {
        "type": "Point",
        "coordinates": [
          500701.7400161354,
          6964932.524279448
        ]
      },
      "properties": {
        "junction_id": 39593,
        "veh_id": 11543,
        "sim_time_s": 2518.2,
        "tier": "track-zone",
        "prearm_status": "",
        "focus_role": "none"
      }
    },
    {
      "type": "Feature",
      "geometry": {
        "type": "Point",
        "coordinates": [
          500200.7012395961,
          6965626.139795783
        ]
      },
      "properties": {
        "junction_id": 39576,
        "veh_id": 11547,
        "sim_time_s": 2520.4,
        "tier": "IC-detect-far",
        "prearm_status": "",
        "focus_role": "none"
      }
    },
    {
      "type": "Feature",
      "geometry": {
        "type": "Point",
        "coordinates": [
          500519.24156772223,
          6965646.669524387
        ]
      },
      "properties": {
        "junction_id": 1119660,
        "veh_id": 11567,
        "sim_time_s": 2520.9,
        "tier": "track-zone",
        "prearm_status": "",
        "focus_role": "none"
      }
    },
    {
      "type": "Feature",
      "geometry": {
        "type": "Point",
        "coordinates": [
          499512.512419305,
          6966653.6669520615
        ]
      },
      "properties": {
        "junction_id": 39572,
        "veh_id": 11558,
        "sim_time_s": 2532.6,
        "tier": "IC-detect",
        "prearm_status": "",
        "focus_role": "none"
      }
    },
    {
      "type": "Feature",
      "geometry": {
        "type": "Point",
        "coordinates": [
          0.0,
          0.0
        ]
      },
      "properties": {
        "junction_id": 36385,
        "veh_id": 11543,
        "sim_time_s": 2533.9,
        "tier": "harmony-no-ge-local",
        "prearm_status": "skip",
        "focus_role": "none"
      }
    },
    {
      "type": "Feature",
      "geometry": {
        "type": "Point",
        "coordinates": [
          500031.32687338867,
          6966624.303277957
        ]
      },
      "properties": {
        "junction_id": 39568,
        "veh_id": 11568,
        "sim_time_s": 2537.1,
        "tier": "track-zone",
        "prearm_status": "",
        "focus_role": "none"
      }
    },
    {
      "type": "Feature",
      "geometry": {
        "type": "Point",
        "coordinates": [
          0.0,
          0.0
        ]
      },
      "properties": {
        "junction_id": 39572,
        "veh_id": 11553,
        "sim_time_s": 2542.5,
        "tier": "harmony-no-ge-local",
        "prearm_status": "skip",
        "focus_role": "none"
      }
    },
    {
      "type": "Feature",
      "geometry": {
        "type": "Point",
        "coordinates": [
          500491.46820197074,
          6965983.286594046
        ]
      },
      "properties": {
        "junction_id": 39578,
        "veh_id": 11535,
        "sim_time_s": 2543.8,
        "tier": "IC-detect",
        "prearm_status": "",
        "focus_role": "none"
      }
    },
    {
      "type": "Feature",
      "geometry": {
        "type": "Point",
        "coordinates": [
          0.0,
          0.0
        ]
      },
      "properties": {
        "junction_id": 39569,
        "veh_id": 11541,
        "sim_time_s": 2543.8,
        "tier": "harmony-no-ge-local",
        "prearm_status": "skip",
        "focus_role": "none"
      }
    },
    {
      "type": "Feature",
      "geometry": {
        "type": "Point",
        "coordinates": [
          0.0,
          0.0
        ]
      },
      "properties": {
        "junction_id": 39569,
        "veh_id": 11568,
        "sim_time_s": 2547.9,
        "tier": "harmony-no-ge-local",
        "prearm_status": "skip",
        "focus_role": "none"
      }
    },
    {
      "type": "Feature",
      "geometry": {
        "type": "Point",
        "coordinates": [
          500127.32997688086,
          6966443.890920263
        ]
      },
      "properties": {
        "junction_id": 1043762,
        "veh_id": 11541,
        "sim_time_s": 2553.3,
        "tier": "track-zone",
        "prearm_status": "",
        "focus_role": "none"
      }
    },
    {
      "type": "Feature",
      "geometry": {
        "type": "Point",
        "coordinates": [
          500706.10100093717,
          6964966.338343467
        ]
      },
      "properties": {
        "junction_id": 36393,
        "veh_id": 11543,
        "sim_time_s": 2557.3,
        "tier": "track-zone",
        "prearm_status": "",
        "focus_role": "none"
      }
    },
    {
      "type": "Feature",
      "geometry": {
        "type": "Point",
        "coordinates": [
          500132.1196376444,
          6966432.311951871
        ]
      },
      "properties": {
        "junction_id": 1043762,
        "veh_id": 11568,
        "sim_time_s": 2557.3,
        "tier": "track-zone",
        "prearm_status": "",
        "focus_role": "none"
      }
    },
    {
      "type": "Feature",
      "geometry": {
        "type": "Point",
        "coordinates": [
          0.0,
          0.0
        ]
      },
      "properties": {
        "junction_id": 1043762,
        "veh_id": 11541,
        "sim_time_s": 2560.1,
        "tier": "harmony-no-ge-local",
        "prearm_status": "skip",
        "focus_role": "none"
      }
    },
    {
      "type": "Feature",
      "geometry": {
        "type": "Point",
        "coordinates": [
          0.0,
          0.0
        ]
      },
      "properties": {
        "junction_id": 1043762,
        "veh_id": 11568,
        "sim_time_s": 2564.1,
        "tier": "harmony-no-ge-local",
        "prearm_status": "skip",
        "focus_role": "none"
      }
    },
    {
      "type": "Feature",
      "geometry": {
        "type": "Point",
        "coordinates": [
          500571.7980018668,
          6965461.261776824
        ]
      },
      "properties": {
        "junction_id": 39576,
        "veh_id": 11578,
        "sim_time_s": 2569.5,
        "tier": "track-zone",
        "prearm_status": "",
        "focus_role": "none"
      }
    },
    {
      "type": "Feature",
      "geometry": {
        "type": "Point",
        "coordinates": [
          0.0,
          0.0
        ]
      },
      "properties": {
        "junction_id": 39572,
        "veh_id": 11558,
        "sim_time_s": 2573.1,
        "tier": "harmony-no-ge-local",
        "prearm_status": "skip",
        "focus_role": "none"
      }
    },
    {
      "type": "Feature",
      "geometry": {
        "type": "Point",
        "coordinates": [
          0.0,
          0.0
        ]
      },
      "properties": {
        "junction_id": 39576,
        "veh_id": 11578,
        "sim_time_s": 2578.9,
        "tier": "harmony-ins-local",
        "prearm_status": "action",
        "focus_role": "none"
      }
    },
    {
      "type": "Feature",
      "geometry": {
        "type": "Point",
        "coordinates": [
          500683.4984547422,
          6965092.70610917
        ]
      },
      "properties": {
        "junction_id": 10157950,
        "veh_id": 11543,
        "sim_time_s": 2585.7,
        "tier": "track-zone",
        "prearm_status": "",
        "focus_role": "none"
      }
    },
    {
      "type": "Feature",
      "geometry": {
        "type": "Point",
        "coordinates": [
          0.0,
          0.0
        ]
      },
      "properties": {
        "junction_id": 39593,
        "veh_id": 11543,
        "sim_time_s": 2585.7,
        "tier": "harmony-no-ge-local",
        "prearm_status": "skip",
        "focus_role": "none"
      }
    },
    {
      "type": "Feature",
      "geometry": {
        "type": "Point",
        "coordinates": [
          0.0,
          0.0
        ]
      },
      "properties": {
        "junction_id": 39587,
        "veh_id": 11567,
        "sim_time_s": 2597.8,
        "tier": "harmony-no-ge-local",
        "prearm_status": "skip",
        "focus_role": "none"
      }
    },
    {
      "type": "Feature",
      "geometry": {
        "type": "Point",
        "coordinates": [
          500551.75219357683,
          6965570.881322391
        ]
      },
      "properties": {
        "junction_id": 10157950,
        "veh_id": 11567,
        "sim_time_s": 2599.2,
        "tier": "track-zone",
        "prearm_status": "",
        "focus_role": "none"
      }
    },
    {
      "type": "Feature",
      "geometry": {
        "type": "Point",
        "coordinates": [
          500531.3834779534,
          6965935.793199711
        ]
      },
      "properties": {
        "junction_id": 39576,
        "veh_id": 11535,
        "sim_time_s": 2601.9,
        "tier": "track-zone",
        "prearm_status": "",
        "focus_role": "none"
      }
    },
    {
      "type": "Feature",
      "geometry": {
        "type": "Point",
        "coordinates": [
          500354.2739271509,
          6966090.798767451
        ]
      },
      "properties": {
        "junction_id": 39578,
        "veh_id": 11568,
        "sim_time_s": 2604.6,
        "tier": "track-section",
        "prearm_status": "",
        "focus_role": "none"
      }
    },
    {
      "type": "Feature",
      "geometry": {
        "type": "Point",
        "coordinates": [
          500663.3594995995,
          6965177.911125125
        ]
      },
      "properties": {
        "junction_id": 1119660,
        "veh_id": 11543,
        "sim_time_s": 2618.1,
        "tier": "track-zone",
        "prearm_status": "",
        "focus_role": "none"
      }
    },
    {
      "type": "Feature",
      "geometry": {
        "type": "Point",
        "coordinates": [
          499757.9586293669,
          6966606.392312316
        ]
      },
      "properties": {
        "junction_id": 39568,
        "veh_id": 11558,
        "sim_time_s": 2619.4,
        "tier": "track-zone",
        "prearm_status": "",
        "focus_role": "none"
      }
    },
    {
      "type": "Feature",
      "geometry": {
        "type": "Point",
        "coordinates": [
          0.0,
          0.0
        ]
      },
      "properties": {
        "junction_id": 39578,
        "veh_id": 11568,
        "sim_time_s": 2620.8,
        "tier": "harmony-no-ge-local",
        "prearm_status": "skip",
        "focus_role": "none"
      }
    },
    {
      "type": "Feature",
      "geometry": {
        "type": "Point",
        "coordinates": [
          500492.1487423818,
          6965687.739658828
        ]
      },
      "properties": {
        "junction_id": 39578,
        "veh_id": 11578,
        "sim_time_s": 2622.2,
        "tier": "track-zone",
        "prearm_status": "",
        "focus_role": "none"
      }
    },
    {
      "type": "Feature",
      "geometry": {
        "type": "Point",
        "coordinates": [
          500637.3175077836,
          6965237.624897583
        ]
      },
      "properties": {
        "junction_id": 39587,
        "veh_id": 11543,
        "sim_time_s": 2623.5,
        "tier": "track-zone",
        "prearm_status": "",
        "focus_role": "none"
      }
    },
    {
      "type": "Feature",
      "geometry": {
        "type": "Point",
        "coordinates": [
          499880.407024155,
          6966547.887213804
        ]
      },
      "properties": {
        "junction_id": 39569,
        "veh_id": 11558,
        "sim_time_s": 2630.2,
        "tier": "track-zone",
        "prearm_status": "",
        "focus_role": "none"
      }
    },
    {
      "type": "Feature",
      "geometry": {
        "type": "Point",
        "coordinates": [
          500350.6207529718,
          6966102.332663337
        ]
      },
      "properties": {
        "junction_id": 39578,
        "veh_id": 11541,
        "sim_time_s": 2631.6,
        "tier": "track-section",
        "prearm_status": "",
        "focus_role": "none"
      }
    },
    {
      "type": "Feature",
      "geometry": {
        "type": "Point",
        "coordinates": [
          0.0,
          0.0
        ]
      },
      "properties": {
        "junction_id": 39569,
        "veh_id": 11558,
        "sim_time_s": 2635.7,
        "tier": "harmony-no-ge-local",
        "prearm_status": "skip",
        "focus_role": "none"
      }
    },
    {
      "type": "Feature",
      "geometry": {
        "type": "Point",
        "coordinates": [
          499992.04737221886,
          6966494.200629447
        ]
      },
      "properties": {
        "junction_id": 1043762,
        "veh_id": 11558,
        "sim_time_s": 2638.8,
        "tier": "coord-prearm-harmony/SHOCKWAVE",
        "prearm_status": "fired",
        "focus_role": "none"
      }
    },
    {
      "type": "Feature",
      "geometry": {
        "type": "Point",
        "coordinates": [
          0.0,
          0.0
        ]
      },
      "properties": {
        "junction_id": 1043762,
        "veh_id": 11558,
        "sim_time_s": 2639.2,
        "tier": "harmony-no-ge-local",
        "prearm_status": "skip",
        "focus_role": "none"
      }
    },
    {
      "type": "Feature",
      "geometry": {
        "type": "Point",
        "coordinates": [
          500248.43905837496,
          6966228.103814566
        ]
      },
      "properties": {
        "junction_id": 1043762,
        "veh_id": 11558,
        "sim_time_s": 2639.2,
        "tier": "coord-prearm-success/SHOCKWAVE",
        "prearm_status": "success",
        "focus_role": "none"
      }
    },
    {
      "type": "Feature",
      "geometry": {
        "type": "Point",
        "coordinates": [
          500922.1688693233,
          6965247.583490348
        ]
      },
      "properties": {
        "junction_id": 39593,
        "veh_id": 11528,
        "sim_time_s": 2640.2,
        "tier": "IC-detect",
        "prearm_status": "",
        "focus_role": "none"
      }
    },
    {
      "type": "Feature",
      "geometry": {
        "type": "Point",
        "coordinates": [
          0.0,
          0.0
        ]
      },
      "properties": {
        "junction_id": 39593,
        "veh_id": 11528,
        "sim_time_s": 2640.2,
        "tier": "harmony-no-ge-local",
        "prearm_status": "skip",
        "focus_role": "none"
      }
    },
    {
      "type": "Feature",
      "geometry": {
        "type": "Point",
        "coordinates": [
          500226.57723765116,
          6965633.420998413
        ]
      },
      "properties": {
        "junction_id": 39576,
        "veh_id": 11547,
        "sim_time_s": 2640.6,
        "tier": "IC-detect-far",
        "prearm_status": "",
        "focus_role": "none"
      }
    },
    {
      "type": "Feature",
      "geometry": {
        "type": "Point",
        "coordinates": [
          500577.7741565922,
          6965503.568047999
        ]
      },
      "properties": {
        "junction_id": 1119660,
        "veh_id": 11567,
        "sim_time_s": 2642.4,
        "tier": "track-zone",
        "prearm_status": "",
        "focus_role": "none"
      }
    },
    {
      "type": "Feature",
      "geometry": {
        "type": "Point",
        "coordinates": [
          500844.93180763366,
          6965218.624851349
        ]
      },
      "properties": {
        "junction_id": 36385,
        "veh_id": 11528,
        "sim_time_s": 2645.1,
        "tier": "track-zone",
        "prearm_status": "",
        "focus_role": "none"
      }
    },
    {
      "type": "Feature",
      "geometry": {
        "type": "Point",
        "coordinates": [
          500825.00234793796,
          6965208.5751760565
        ]
      },
      "properties": {
        "junction_id": 10157950,
        "veh_id": 11528,
        "sim_time_s": 2646.4,
        "tier": "track-zone",
        "prearm_status": "",
        "focus_role": "none"
      }
    },
    {
      "type": "Feature",
      "geometry": {
        "type": "Point",
        "coordinates": [
          0.0,
          0.0
        ]
      },
      "properties": {
        "junction_id": 39578,
        "veh_id": 11578,
        "sim_time_s": 2654.6,
        "tier": "harmony-no-ge-local",
        "prearm_status": "skip",
        "focus_role": "none"
      }
    },
    {
      "type": "Feature",
      "geometry": {
        "type": "Point",
        "coordinates": [
          500040.72152318386,
          6966471.5533492705
        ]
      },
      "properties": {
        "junction_id": 39578,
        "veh_id": 11558,
        "sim_time_s": 2662.2,
        "tier": "coord-prearm-harmony/SHOCKWAVE",
        "prearm_status": "fired",
        "focus_role": "none"
      }
    },
    {
      "type": "Feature",
      "geometry": {
        "type": "Point",
        "coordinates": [
          0.0,
          0.0
        ]
      },
      "properties": {
        "junction_id": 39578,
        "veh_id": 11558,
        "sim_time_s": 2662.7,
        "tier": "harmony-no-ge-local",
        "prearm_status": "skip",
        "focus_role": "none"
      }
    },
    {
      "type": "Feature",
      "geometry": {
        "type": "Point",
        "coordinates": [
          500534.0301698125,
          6965929.528541097
        ]
      },
      "properties": {
        "junction_id": 39578,
        "veh_id": 11558,
        "sim_time_s": 2662.7,
        "tier": "coord-prearm-success/SHOCKWAVE",
        "prearm_status": "success",
        "focus_role": "none"
      }
    },
    {
      "type": "Feature",
      "geometry": {
        "type": "Point",
        "coordinates": [
          500519.55315620196,
          6965822.722558575
        ]
      },
      "properties": {
        "junction_id": 39578,
        "veh_id": 11535,
        "sim_time_s": 2664.0,
        "tier": "IC-detect",
        "prearm_status": "",
        "focus_role": "none"
      }
    },
    {
      "type": "Feature",
      "geometry": {
        "type": "Point",
        "coordinates": [
          500407.5774074299,
          6966035.353416614
        ]
      },
      "properties": {
        "junction_id": 1043762,
        "veh_id": 11578,
        "sim_time_s": 2673.4,
        "tier": "track-zone",
        "prearm_status": "",
        "focus_role": "none"
      }
    },
    {
      "type": "Feature",
      "geometry": {
        "type": "Point",
        "coordinates": [
          0.0,
          0.0
        ]
      },
      "properties": {
        "junction_id": 1043762,
        "veh_id": 11578,
        "sim_time_s": 2676.2,
        "tier": "harmony-no-ge-local",
        "prearm_status": "skip",
        "focus_role": "none"
      }
    },
    {
      "type": "Feature",
      "geometry": {
        "type": "Point",
        "coordinates": [
          0.0,
          0.0
        ]
      },
      "properties": {
        "junction_id": 39578,
        "veh_id": 11541,
        "sim_time_s": 2677.5,
        "tier": "harmony-no-ge-local",
        "prearm_status": "skip",
        "focus_role": "none"
      }
    },
    {
      "type": "Feature",
      "geometry": {
        "type": "Point",
        "coordinates": [
          500952.09229130344,
          6964037.796872752
        ]
      },
      "properties": {
        "junction_id": 39606,
        "veh_id": 11579,
        "sim_time_s": 2700.0,
        "tier": "IC-detect",
        "prearm_status": "",
        "focus_role": "none"
      }
    },
    {
      "type": "Feature",
      "geometry": {
        "type": "Point",
        "coordinates": [
          0.0,
          0.0
        ]
      },
      "properties": {
        "junction_id": 39606,
        "veh_id": 11579,
        "sim_time_s": 2700.0,
        "tier": "harmony-no-ge-local",
        "prearm_status": "skip",
        "focus_role": "none"
      }
    },
    {
      "type": "Feature",
      "geometry": {
        "type": "Point",
        "coordinates": [
          0.0,
          0.0
        ]
      },
      "properties": {
        "junction_id": 39576,
        "veh_id": 11535,
        "sim_time_s": 2703.2,
        "tier": "harmony-no-ge-local",
        "prearm_status": "skip",
        "focus_role": "none"
      }
    },
    {
      "type": "Feature",
      "geometry": {
        "type": "Point",
        "coordinates": [
          500921.56028858473,
          6964080.657557944
        ]
      },
      "properties": {
        "junction_id": 39590,
        "veh_id": 11579,
        "sim_time_s": 2703.2,
        "tier": "coord-prearm-harmony/SHOCKWAVE",
        "prearm_status": "fired",
        "focus_role": "none"
      }
    },
    {
      "type": "Feature",
      "geometry": {
        "type": "Point",
        "coordinates": [
          0.0,
          0.0
        ]
      },
      "properties": {
        "junction_id": 39590,
        "veh_id": 11579,
        "sim_time_s": 2703.6,
        "tier": "harmony-no-ge-local",
        "prearm_status": "skip",
        "focus_role": "none"
      }
    },
    {
      "type": "Feature",
      "geometry": {
        "type": "Point",
        "coordinates": [
          500756.5972760396,
          6964319.360583134
        ]
      },
      "properties": {
        "junction_id": 39590,
        "veh_id": 11579,
        "sim_time_s": 2703.6,
        "tier": "coord-prearm-success/SHOCKWAVE",
        "prearm_status": "success",
        "focus_role": "none"
      }
    },
    {
      "type": "Feature",
      "geometry": {
        "type": "Point",
        "coordinates": [
          500610.81974923,
          6965403.128928959
        ]
      },
      "properties": {
        "junction_id": 39593,
        "veh_id": 11567,
        "sim_time_s": 2704.5,
        "tier": "track-zone",
        "prearm_status": "",
        "focus_role": "none"
      }
    },
    {
      "type": "Feature",
      "geometry": {
        "type": "Point",
        "coordinates": [
          500085.89676515205,
          6967503.870547378
        ]
      },
      "properties": {
        "junction_id": 38339,
        "veh_id": 11569,
        "sim_time_s": 2704.5,
        "tier": "IC-detect",
        "prearm_status": "",
        "focus_role": "none"
      }
    },
    {
      "type": "Feature",
      "geometry": {
        "type": "Point",
        "coordinates": [
          500894.77954953106,
          6964116.758721456
        ]
      },
      "properties": {
        "junction_id": 36393,
        "veh_id": 11579,
        "sim_time_s": 2706.8,
        "tier": "coord-prearm-harmony/SHOCKWAVE",
        "prearm_status": "fired",
        "focus_role": "none"
      }
    },
    {
      "type": "Feature",
      "geometry": {
        "type": "Point",
        "coordinates": [
          500580.5484015753,
          6965434.194530078
        ]
      },
      "properties": {
        "junction_id": 10157950,
        "veh_id": 11543,
        "sim_time_s": 2707.2,
        "tier": "track-zone",
        "prearm_status": "",
        "focus_role": "none"
      }
    },
    {
      "type": "Feature",
      "geometry": {
        "type": "Point",
        "coordinates": [
          0.0,
          0.0
        ]
      },
      "properties": {
        "junction_id": 36393,
        "veh_id": 11579,
        "sim_time_s": 2707.2,
        "tier": "harmony-no-ge-local",
        "prearm_status": "skip",
        "focus_role": "none"
      }
    },
    {
      "type": "Feature",
      "geometry": {
        "type": "Point",
        "coordinates": [
          500684.0987813321,
          6964756.319799706
        ]
      },
      "properties": {
        "junction_id": 36393,
        "veh_id": 11579,
        "sim_time_s": 2707.2,
        "tier": "coord-prearm-success/SHOCKWAVE",
        "prearm_status": "success",
        "focus_role": "none"
      }
    },
    {
      "type": "Feature",
      "geometry": {
        "type": "Point",
        "coordinates": [
          0.0,
          0.0
        ]
      },
      "properties": {
        "junction_id": 39587,
        "veh_id": 11543,
        "sim_time_s": 2707.2,
        "tier": "harmony-no-ge-local",
        "prearm_status": "skip",
        "focus_role": "none"
      }
    },
    {
      "type": "Feature",
      "geometry": {
        "type": "Point",
        "coordinates": [
          500573.5175309498,
          6965456.000743596
        ]
      },
      "properties": {
        "junction_id": 39576,
        "veh_id": 11543,
        "sim_time_s": 2709.9,
        "tier": "track-zone",
        "prearm_status": "",
        "focus_role": "none"
      }
    },
    {
      "type": "Feature",
      "geometry": {
        "type": "Point",
        "coordinates": [
          500229.83443992585,
          6966237.96778776
        ]
      },
      "properties": {
        "junction_id": 39569,
        "veh_id": 11578,
        "sim_time_s": 2712.6,
        "tier": "track-zone",
        "prearm_status": "",
        "focus_role": "none"
      }
    },
    {
      "type": "Feature",
      "geometry": {
        "type": "Point",
        "coordinates": [
          0.0,
          0.0
        ]
      },
      "properties": {
        "junction_id": 36385,
        "veh_id": 11528,
        "sim_time_s": 2712.6,
        "tier": "harmony-no-ge-local",
        "prearm_status": "skip",
        "focus_role": "none"
      }
    },
    {
      "type": "Feature",
      "geometry": {
        "type": "Point",
        "coordinates": [
          500829.9224436652,
          6964189.3916141195
        ]
      },
      "properties": {
        "junction_id": 36385,
        "veh_id": 11579,
        "sim_time_s": 2713.1,
        "tier": "coord-prearm-harmony/SHOCKWAVE",
        "prearm_status": "fired",
        "focus_role": "none"
      }
    },
    {
      "type": "Feature",
      "geometry": {
        "type": "Point",
        "coordinates": [
          0.0,
          0.0
        ]
      },
      "properties": {
        "junction_id": 36385,
        "veh_id": 11579,
        "sim_time_s": 2713.5,
        "tier": "harmony-no-ge-local",
        "prearm_status": "skip",
        "focus_role": "none"
      }
    },
    {
      "type": "Feature",
      "geometry": {
        "type": "Point",
        "coordinates": [
          500715.9750991549,
          6965021.28412977
        ]
      },
      "properties": {
        "junction_id": 36385,
        "veh_id": 11579,
        "sim_time_s": 2713.5,
        "tier": "coord-prearm-success/SHOCKWAVE",
        "prearm_status": "success",
        "focus_role": "none"
      }
    },
    {
      "type": "Feature",
      "geometry": {
        "type": "Point",
        "coordinates": [
          0.0,
          0.0
        ]
      },
      "properties": {
        "junction_id": 38339,
        "veh_id": 11569,
        "sim_time_s": 2714.8,
        "tier": "harmony-ins-local",
        "prearm_status": "action",
        "focus_role": "none"
      }
    },
    {
      "type": "Feature",
      "geometry": {
        "type": "Point",
        "coordinates": [
          500650.05885839113,
          6965252.72778082
        ]
      },
      "properties": {
        "junction_id": 36385,
        "veh_id": 11567,
        "sim_time_s": 2716.7,
        "tier": "track-zone",
        "prearm_status": "",
        "focus_role": "none"
      }
    },
    {
      "type": "Feature",
      "geometry": {
        "type": "Point",
        "coordinates": [
          0.0,
          0.0
        ]
      },
      "properties": {
        "junction_id": 39593,
        "veh_id": 11567,
        "sim_time_s": 2716.7,
        "tier": "harmony-no-ge-local",
        "prearm_status": "skip",
        "focus_role": "none"
      }
    },
    {
      "type": "Feature",
      "geometry": {
        "type": "Point",
        "coordinates": [
          500715.13711880526,
          6965088.21296646
        ]
      },
      "properties": {
        "junction_id": 36393,
        "veh_id": 11528,
        "sim_time_s": 2716.7,
        "tier": "coord-prearm-harmony/SHOCKWAVE",
        "prearm_status": "fired",
        "focus_role": "none"
      }
    },
    {
      "type": "Feature",
      "geometry": {
        "type": "Point",
        "coordinates": [
          0.0,
          0.0
        ]
      },
      "properties": {
        "junction_id": 36393,
        "veh_id": 11528,
        "sim_time_s": 2717.1,
        "tier": "harmony-no-ge-local",
        "prearm_status": "skip",
        "focus_role": "none"
      }
    },
    {
      "type": "Feature",
      "geometry": {
        "type": "Point",
        "coordinates": [
          500684.0987813321,
          6964756.319799706
        ]
      },
      "properties": {
        "junction_id": 36393,
        "veh_id": 11528,
        "sim_time_s": 2717.1,
        "tier": "coord-prearm-success/SHOCKWAVE",
        "prearm_status": "success",
        "focus_role": "none"
      }
    },
    {
      "type": "Feature",
      "geometry": {
        "type": "Point",
        "coordinates": [
          0.0,
          0.0
        ]
      },
      "properties": {
        "junction_id": 39569,
        "veh_id": 11578,
        "sim_time_s": 2719.3,
        "tier": "harmony-no-ge-local",
        "prearm_status": "skip",
        "focus_role": "none"
      }
    },
    {
      "type": "Feature",
      "geometry": {
        "type": "Point",
        "coordinates": [
          500715.92955824937,
          6965085.013288221
        ]
      },
      "properties": {
        "junction_id": 39590,
        "veh_id": 11528,
        "sim_time_s": 2720.2,
        "tier": "coord-prearm-harmony/SHOCKWAVE",
        "prearm_status": "fired",
        "focus_role": "none"
      }
    },
    {
      "type": "Feature",
      "geometry": {
        "type": "Point",
        "coordinates": [
          500663.03259052563,
          6965224.611855459
        ]
      },
      "properties": {
        "junction_id": 10157950,
        "veh_id": 11567,
        "sim_time_s": 2720.7,
        "tier": "track-zone",
        "prearm_status": "",
        "focus_role": "none"
      }
    },
    {
      "type": "Feature",
      "geometry": {
        "type": "Point",
        "coordinates": [
          0.0,
          0.0
        ]
      },
      "properties": {
        "junction_id": 39590,
        "veh_id": 11528,
        "sim_time_s": 2720.7,
        "tier": "harmony-no-ge-local",
        "prearm_status": "skip",
        "focus_role": "none"
      }
    },
    {
      "type": "Feature",
      "geometry": {
        "type": "Point",
        "coordinates": [
          500756.5972760396,
          6964319.360583134
        ]
      },
      "properties": {
        "junction_id": 39590,
        "veh_id": 11528,
        "sim_time_s": 2720.7,
        "tier": "coord-prearm-success/SHOCKWAVE",
        "prearm_status": "success",
        "focus_role": "none"
      }
    },
    {
      "type": "Feature",
      "geometry": {
        "type": "Point",
        "coordinates": [
          0.0,
          0.0
        ]
      },
      "properties": {
        "junction_id": 39576,
        "veh_id": 11543,
        "sim_time_s": 2722.1,
        "tier": "harmony-no-ge-local",
        "prearm_status": "skip",
        "focus_role": "none"
      }
    },
    {
      "type": "Feature",
      "geometry": {
        "type": "Point",
        "coordinates": [
          500120.6399727439,
          6966428.83549356
        ]
      },
      "properties": {
        "junction_id": 39572,
        "veh_id": 11578,
        "sim_time_s": 2730.2,
        "tier": "track-zone",
        "prearm_status": "",
        "focus_role": "none"
      }
    },
    {
      "type": "Feature",
      "geometry": {
        "type": "Point",
        "coordinates": [
          500522.4662863669,
          6965940.801342743
        ]
      },
      "properties": {
        "junction_id": 39576,
        "veh_id": 11568,
        "sim_time_s": 2736.9,
        "tier": "track-zone",
        "prearm_status": "",
        "focus_role": "none"
      }
    },
    {
      "type": "Feature",
      "geometry": {
        "type": "Point",
        "coordinates": [
          500504.8736921566,
          6965630.952145869
        ]
      },
      "properties": {
        "junction_id": 1119660,
        "veh_id": 11543,
        "sim_time_s": 2739.6,
        "tier": "track-zone",
        "prearm_status": "",
        "focus_role": "none"
      }
    },
    {
      "type": "Feature",
      "geometry": {
        "type": "Point",
        "coordinates": [
          500522.4662863669,
          6965940.801342743
        ]
      },
      "properties": {
        "junction_id": 39578,
        "veh_id": 11568,
        "sim_time_s": 2740.9,
        "tier": "IC-detect",
        "prearm_status": "",
        "focus_role": "none"
      }
    },
    {
      "type": "Feature",
      "geometry": {
        "type": "Point",
        "coordinates": [
          0.0,
          0.0
        ]
      },
      "properties": {
        "junction_id": 36385,
        "veh_id": 11567,
        "sim_time_s": 2742.3,
        "tier": "harmony-no-ge-local",
        "prearm_status": "skip",
        "focus_role": "none"
      }
    },
    {
      "type": "Feature",
      "geometry": {
        "type": "Point",
        "coordinates": [
          500714.0843070644,
          6965092.788934778
        ]
      },
      "properties": {
        "junction_id": 36393,
        "veh_id": 11567,
        "sim_time_s": 2745.4,
        "tier": "coord-prearm-harmony/SHOCKWAVE",
        "prearm_status": "fired",
        "focus_role": "none"
      }
    },
    {
      "type": "Feature",
      "geometry": {
        "type": "Point",
        "coordinates": [
          0.0,
          0.0
        ]
      },
      "properties": {
        "junction_id": 36393,
        "veh_id": 11567,
        "sim_time_s": 2745.9,
        "tier": "harmony-no-ge-local",
        "prearm_status": "skip",
        "focus_role": "none"
      }
    },
    {
      "type": "Feature",
      "geometry": {
        "type": "Point",
        "coordinates": [
          500684.0987813321,
          6964756.319799706
        ]
      },
      "properties": {
        "junction_id": 36393,
        "veh_id": 11567,
        "sim_time_s": 2745.9,
        "tier": "coord-prearm-success/SHOCKWAVE",
        "prearm_status": "success",
        "focus_role": "none"
      }
    },
    {
      "type": "Feature",
      "geometry": {
        "type": "Point",
        "coordinates": [
          500715.98221844935,
          6965085.125629018
        ]
      },
      "properties": {
        "junction_id": 39590,
        "veh_id": 11567,
        "sim_time_s": 2749.9,
        "tier": "coord-prearm-harmony/SHOCKWAVE",
        "prearm_status": "fired",
        "focus_role": "none"
      }
    },
    {
      "type": "Feature",
      "geometry": {
        "type": "Point",
        "coordinates": [
          500481.2927095444,
          6965687.819769947
        ]
      },
      "properties": {
        "junction_id": 39578,
        "veh_id": 11543,
        "sim_time_s": 2750.4,
        "tier": "track-zone",
        "prearm_status": "",
        "focus_role": "none"
      }
    },
    {
      "type": "Feature",
      "geometry": {
        "type": "Point",
        "coordinates": [
          0.0,
          0.0
        ]
      },
      "properties": {
        "junction_id": 39590,
        "veh_id": 11567,
        "sim_time_s": 2750.4,
        "tier": "harmony-no-ge-local",
        "prearm_status": "skip",
        "focus_role": "none"
      }
    },
    {
      "type": "Feature",
      "geometry": {
        "type": "Point",
        "coordinates": [
          500756.5972760396,
          6964319.360583134
        ]
      },
      "properties": {
        "junction_id": 39590,
        "veh_id": 11567,
        "sim_time_s": 2750.4,
        "tier": "coord-prearm-success/SHOCKWAVE",
        "prearm_status": "success",
        "focus_role": "none"
      }
    },
    {
      "type": "Feature",
      "geometry": {
        "type": "Point",
        "coordinates": [
          500073.062764757,
          6966497.106834594
        ]
      },
      "properties": {
        "junction_id": 39568,
        "veh_id": 11578,
        "sim_time_s": 2754.4,
        "tier": "track-zone",
        "prearm_status": "",
        "focus_role": "none"
      }
    },
    {
      "type": "Feature",
      "geometry": {
        "type": "Point",
        "coordinates": [
          0.0,
          0.0
        ]
      },
      "properties": {
        "junction_id": 39572,
        "veh_id": 11578,
        "sim_time_s": 2758.5,
        "tier": "harmony-no-ge-local",
        "prearm_status": "skip",
        "focus_role": "none"
      }
    },
    {
      "type": "Feature",
      "geometry": {
        "type": "Point",
        "coordinates": [
          500320.7959278359,
          6966137.776998135
        ]
      },
      "properties": {
        "junction_id": 1043762,
        "veh_id": 11558,
        "sim_time_s": 2759.4,
        "tier": "IC-detect-far",
        "prearm_status": "",
        "focus_role": "none"
      }
    },
    {
      "type": "Feature",
      "geometry": {
        "type": "Point",
        "coordinates": [
          500228.64262590045,
          6965630.720199235
        ]
      },
      "properties": {
        "junction_id": 39576,
        "veh_id": 11547,
        "sim_time_s": 2760.8,
        "tier": "IC-detect-far",
        "prearm_status": "",
        "focus_role": "none"
      }
    },
    {
      "type": "Feature",
      "geometry": {
        "type": "Point",
        "coordinates": [
          500512.5377392567,
          6965705.707697682
        ]
      },
      "properties": {
        "junction_id": 39587,
        "veh_id": 11535,
        "sim_time_s": 2763.9,
        "tier": "track-zone",
        "prearm_status": "",
        "focus_role": "none"
      }
    },
    {
      "type": "Feature",
      "geometry": {
        "type": "Point",
        "coordinates": [
          499966.9525697124,
          6967111.517084725
        ]
      },
      "properties": {
        "junction_id": 11118289,
        "veh_id": 11569,
        "sim_time_s": 2773.3,
        "tier": "track-zone",
        "prearm_status": "",
        "focus_role": "none"
      }
    },
    {
      "type": "Feature",
      "geometry": {
        "type": "Point",
        "coordinates": [
          500518.42147346644,
          6965649.44203932
        ]
      },
      "properties": {
        "junction_id": 1119660,
        "veh_id": 11535,
        "sim_time_s": 2780.1,
        "tier": "track-zone",
        "prearm_status": "",
        "focus_role": "none"
      }
    },
    {
      "type": "Feature",
      "geometry": {
        "type": "Point",
        "coordinates": [
          500531.56929033215,
          6965935.2937904345
        ]
      },
      "properties": {
        "junction_id": 39576,
        "veh_id": 11541,
        "sim_time_s": 2793.6,
        "tier": "track-zone",
        "prearm_status": "",
        "focus_role": "none"
      }
    },
    {
      "type": "Feature",
      "geometry": {
        "type": "Point",
        "coordinates": [
          500702.0752114117,
          6964934.086641407
        ]
      },
      "properties": {
        "junction_id": 39593,
        "veh_id": 11579,
        "sim_time_s": 2794.9,
        "tier": "track-zone",
        "prearm_status": "",
        "focus_role": "none"
      }
    },
    {
      "type": "Feature",
      "geometry": {
        "type": "Point",
        "coordinates": [
          500018.3496620705,
          6966619.451936037
        ]
      },
      "properties": {
        "junction_id": 11118289,
        "veh_id": 11578,
        "sim_time_s": 2797.7,
        "tier": "track-zone",
        "prearm_status": "",
        "focus_role": "none"
      }
    },
    {
      "type": "Feature",
      "geometry": {
        "type": "Point",
        "coordinates": [
          500538.44828269316,
          6965912.650208764
        ]
      },
      "properties": {
        "junction_id": 39578,
        "veh_id": 11541,
        "sim_time_s": 2797.7,
        "tier": "IC-detect",
        "prearm_status": "",
        "focus_role": "none"
      }
    },
    {
      "type": "Feature",
      "geometry": {
        "type": "Point",
        "coordinates": [
          500729.21111341176,
          6964411.8234613575
        ]
      },
      "properties": {
        "junction_id": 39606,
        "veh_id": 11528,
        "sim_time_s": 2820.6,
        "tier": "track-zone",
        "prearm_status": "",
        "focus_role": "none"
      }
    },
    {
      "type": "Feature",
      "geometry": {
        "type": "Point",
        "coordinates": [
          500521.649610702,
          6965639.483669129
        ]
      },
      "properties": {
        "junction_id": 39576,
        "veh_id": 11535,
        "sim_time_s": 2823.3,
        "tier": "IC-detect",
        "prearm_status": "",
        "focus_role": "none"
      }
    },
    {
      "type": "Feature",
      "geometry": {
        "type": "Point",
        "coordinates": [
          499962.24923538306,
          6966944.047417633
        ]
      },
      "properties": {
        "junction_id": 39568,
        "veh_id": 11569,
        "sim_time_s": 2824.7,
        "tier": "track-zone",
        "prearm_status": "",
        "focus_role": "none"
      }
    },
    {
      "type": "Feature",
      "geometry": {
        "type": "Point",
        "coordinates": [
          499966.17368706065,
          6966892.126226477
        ]
      },
      "properties": {
        "junction_id": 39572,
        "veh_id": 11569,
        "sim_time_s": 2828.7,
        "tier": "track-zone",
        "prearm_status": "",
        "focus_role": "none"
      }
    },
    {
      "type": "Feature",
      "geometry": {
        "type": "Point",
        "coordinates": [
          500707.2261460532,
          6964988.873474171
        ]
      },
      "properties": {
        "junction_id": 36385,
        "veh_id": 11579,
        "sim_time_s": 2833.7,
        "tier": "IC-detect",
        "prearm_status": "",
        "focus_role": "none"
      }
    },
    {
      "type": "Feature",
      "geometry": {
        "type": "Point",
        "coordinates": [
          500375.77165174775,
          6966079.165285179
        ]
      },
      "properties": {
        "junction_id": 39578,
        "veh_id": 11558,
        "sim_time_s": 2838.2,
        "tier": "IC-detect-far",
        "prearm_status": "",
        "focus_role": "none"
      }
    },
    {
      "type": "Feature",
      "geometry": {
        "type": "Point",
        "coordinates": [
          0.0,
          0.0
        ]
      },
      "properties": {
        "junction_id": 39576,
        "veh_id": 11568,
        "sim_time_s": 2838.6,
        "tier": "harmony-no-ge-local",
        "prearm_status": "skip",
        "focus_role": "none"
      }
    },
    {
      "type": "Feature",
      "geometry": {
        "type": "Point",
        "coordinates": [
          500730.95744926756,
          6964407.390223175
        ]
      },
      "properties": {
        "junction_id": 39590,
        "veh_id": 11528,
        "sim_time_s": 2840.8,
        "tier": "IC-detect-far",
        "prearm_status": "",
        "focus_role": "none"
      }
    },
    {
      "type": "Feature",
      "geometry": {
        "type": "Point",
        "coordinates": [
          499960.95425675303,
          6966778.652046334
        ]
      },
      "properties": {
        "junction_id": 38339,
        "veh_id": 11578,
        "sim_time_s": 2842.2,
        "tier": "track-zone",
        "prearm_status": "",
        "focus_role": "none"
      }
    },
    {
      "type": "Feature",
      "geometry": {
        "type": "Point",
        "coordinates": [
          500515.7699590225,
          6965809.833930332
        ]
      },
      "properties": {
        "junction_id": 39578,
        "veh_id": 11568,
        "sim_time_s": 2861.1,
        "tier": "IC-detect",
        "prearm_status": "",
        "focus_role": "none"
      }
    },
    {
      "type": "Feature",
      "geometry": {
        "type": "Point",
        "coordinates": [
          0.0,
          0.0
        ]
      },
      "properties": {
        "junction_id": 39606,
        "veh_id": 11528,
        "sim_time_s": 2862.4,
        "tier": "harmony-no-ge-local",
        "prearm_status": "skip",
        "focus_role": "none"
      }
    },
    {
      "type": "Feature",
      "geometry": {
        "type": "Point",
        "coordinates": [
          500684.87674666947,
          6965096.408095644
        ]
      },
      "properties": {
        "junction_id": 10157950,
        "veh_id": 11579,
        "sim_time_s": 2863.8,
        "tier": "track-zone",
        "prearm_status": "",
        "focus_role": "none"
      }
    },
    {
      "type": "Feature",
      "geometry": {
        "type": "Point",
        "coordinates": [
          0.0,
          0.0
        ]
      },
      "properties": {
        "junction_id": 39593,
        "veh_id": 11579,
        "sim_time_s": 2863.8,
        "tier": "harmony-no-ge-local",
        "prearm_status": "skip",
        "focus_role": "none"
      }
    },
    {
      "type": "Feature",
      "geometry": {
        "type": "Point",
        "coordinates": [
          500551.65720752376,
          6965571.069128467
        ]
      },
      "properties": {
        "junction_id": 10157950,
        "veh_id": 11535,
        "sim_time_s": 2866.5,
        "tier": "track-zone",
        "prearm_status": "",
        "focus_role": "none"
      }
    },
    {
      "type": "Feature",
      "geometry": {
        "type": "Point",
        "coordinates": [
          500664.6568845389,
          6965174.099362302
        ]
      },
      "properties": {
        "junction_id": 1119660,
        "veh_id": 11579,
        "sim_time_s": 2869.2,
        "tier": "track-zone",
        "prearm_status": "",
        "focus_role": "none"
      }
    },
    {
      "type": "Feature",
      "geometry": {
        "type": "Point",
        "coordinates": [
          500710.6320058983,
          6964460.013942222
        ]
      },
      "properties": {
        "junction_id": 39590,
        "veh_id": 11567,
        "sim_time_s": 2870.6,
        "tier": "IC-detect",
        "prearm_status": "",
        "focus_role": "none"
      }
    },
    {
      "type": "Feature",
      "geometry": {
        "type": "Point",
        "coordinates": [
          500640.20583635836,
          6965231.392475387
        ]
      },
      "properties": {
        "junction_id": 39587,
        "veh_id": 11579,
        "sim_time_s": 2873.2,
        "tier": "track-zone",
        "prearm_status": "",
        "focus_role": "none"
      }
    },
    {
      "type": "Feature",
      "geometry": {
        "type": "Point",
        "coordinates": [
          499960.7477817775,
          6966786.349351335
        ]
      },
      "properties": {
        "junction_id": 39568,
        "veh_id": 11578,
        "sim_time_s": 2875.9,
        "tier": "track-zone",
        "prearm_status": "",
        "focus_role": "none"
      }
    },
    {
      "type": "Feature",
      "geometry": {
        "type": "Point",
        "coordinates": [
          500730.9387020184,
          6964407.650361932
        ]
      },
      "properties": {
        "junction_id": 39606,
        "veh_id": 11567,
        "sim_time_s": 2877.3,
        "tier": "track-zone",
        "prearm_status": "",
        "focus_role": "none"
      }
    },
    {
      "type": "Feature",
      "geometry": {
        "type": "Point",
        "coordinates": [
          499969.31641281175,
          6966836.052590778
        ]
      },
      "properties": {
        "junction_id": 38339,
        "veh_id": 11569,
        "sim_time_s": 2880.0,
        "tier": "track-zone",
        "prearm_status": "",
        "focus_role": "none"
      }
    },
    {
      "type": "Feature",
      "geometry": {
        "type": "Point",
        "coordinates": [
          500257.73227047594,
          6965635.501111188
        ]
      },
      "properties": {
        "junction_id": 39576,
        "veh_id": 11547,
        "sim_time_s": 2880.9,
        "tier": "IC-detect-far",
        "prearm_status": "",
        "focus_role": "none"
      }
    },
    {
      "type": "Feature",
      "geometry": {
        "type": "Point",
        "coordinates": [
          500563.4656138031,
          6965543.436662678
        ]
      },
      "properties": {
        "junction_id": 39587,
        "veh_id": 11535,
        "sim_time_s": 2884.1,
        "tier": "IC-detect-far",
        "prearm_status": "",
        "focus_role": "none"
      }
    },
    {
      "type": "Feature",
      "geometry": {
        "type": "Point",
        "coordinates": [
          0.0,
          0.0
        ]
      },
      "properties": {
        "junction_id": 39587,
        "veh_id": 11535,
        "sim_time_s": 2886.8,
        "tier": "harmony-ins-local",
        "prearm_status": "action",
        "focus_role": "none"
      }
    },
    {
      "type": "Feature",
      "geometry": {
        "type": "Point",
        "coordinates": [
          499512.5247422402,
          6966653.6640370665
        ]
      },
      "properties": {
        "junction_id": 39572,
        "veh_id": 11536,
        "sim_time_s": 2892.6,
        "tier": "IC-detect",
        "prearm_status": "",
        "focus_role": "none"
      }
    },
    {
      "type": "Feature",
      "geometry": {
        "type": "Point",
        "coordinates": [
          499969.31641281175,
          6966836.052590778
        ]
      },
      "properties": {
        "junction_id": 11118289,
        "veh_id": 11569,
        "sim_time_s": 2894.8,
        "tier": "track-zone",
        "prearm_status": "",
        "focus_role": "none"
      }
    },
    {
      "type": "Feature",
      "geometry": {
        "type": "Point",
        "coordinates": [
          500563.4897629512,
          6965543.369336317
        ]
      },
      "properties": {
        "junction_id": 1119660,
        "veh_id": 11535,
        "sim_time_s": 2901.6,
        "tier": "track-zone",
        "prearm_status": "",
        "focus_role": "none"
      }
    },
    {
      "type": "Feature",
      "geometry": {
        "type": "Point",
        "coordinates": [
          0.0,
          0.0
        ]
      },
      "properties": {
        "junction_id": 39572,
        "veh_id": 11536,
        "sim_time_s": 2905.7,
        "tier": "harmony-no-ge-local",
        "prearm_status": "skip",
        "focus_role": "none"
      }
    },
    {
      "type": "Feature",
      "geometry": {
        "type": "Point",
        "coordinates": [
          0.0,
          0.0
        ]
      },
      "properties": {
        "junction_id": 38339,
        "veh_id": 11578,
        "sim_time_s": 2907.0,
        "tier": "harmony-no-ge-local",
        "prearm_status": "skip",
        "focus_role": "none"
      }
    },
    {
      "type": "Feature",
      "geometry": {
        "type": "Point",
        "coordinates": [
          499769.84961459605,
          6966600.664513947
        ]
      },
      "properties": {
        "junction_id": 39568,
        "veh_id": 11536,
        "sim_time_s": 2909.7,
        "tier": "track-zone",
        "prearm_status": "",
        "focus_role": "none"
      }
    },
    {
      "type": "Feature",
      "geometry": {
        "type": "Point",
        "coordinates": [
          500578.89515500277,
          6965459.018452233
        ]
      },
      "properties": {
        "junction_id": 39576,
        "veh_id": 11579,
        "sim_time_s": 2912.4,
        "tier": "track-zone",
        "prearm_status": "",
        "focus_role": "none"
      }
    },
    {
      "type": "Feature",
      "geometry": {
        "type": "Point",
        "coordinates": [
          500511.6616299555,
          6965758.024341355
        ]
      },
      "properties": {
        "junction_id": 39576,
        "veh_id": 11541,
        "sim_time_s": 2913.8,
        "tier": "IC-detect",
        "prearm_status": "",
        "focus_role": "none"
      }
    },
    {
      "type": "Feature",
      "geometry": {
        "type": "Point",
        "coordinates": [
          0.0,
          0.0
        ]
      },
      "properties": {
        "junction_id": 39572,
        "veh_id": 11569,
        "sim_time_s": 2915.1,
        "tier": "harmony-no-ge-local",
        "prearm_status": "skip",
        "focus_role": "none"
      }
    },
    {
      "type": "Feature",
      "geometry": {
        "type": "Point",
        "coordinates": [
          499878.42327675736,
          6966548.811422783
        ]
      },
      "properties": {
        "junction_id": 39569,
        "veh_id": 11536,
        "sim_time_s": 2917.8,
        "tier": "track-zone",
        "prearm_status": "",
        "focus_role": "none"
      }
    },
    {
      "type": "Feature",
      "geometry": {
        "type": "Point",
        "coordinates": [
          499940.7896281704,
          6967002.438960679
        ]
      },
      "properties": {
        "junction_id": 11118289,
        "veh_id": 11578,
        "sim_time_s": 2919.2,
        "tier": "track-zone",
        "prearm_status": "",
        "focus_role": "none"
      }
    },
    {
      "type": "Feature",
      "geometry": {
        "type": "Point",
        "coordinates": [
          0.0,
          0.0
        ]
      },
      "properties": {
        "junction_id": 39576,
        "veh_id": 11579,
        "sim_time_s": 2921.8,
        "tier": "harmony-no-ge-local",
        "prearm_status": "skip",
        "focus_role": "none"
      }
    },
    {
      "type": "Feature",
      "geometry": {
        "type": "Point",
        "coordinates": [
          500611.7640148256,
          6965399.352055736
        ]
      },
      "properties": {
        "junction_id": 39593,
        "veh_id": 11535,
        "sim_time_s": 2936.7,
        "tier": "track-zone",
        "prearm_status": "",
        "focus_role": "none"
      }
    },
    {
      "type": "Feature",
      "geometry": {
        "type": "Point",
        "coordinates": [
          0.0,
          0.0
        ]
      },
      "properties": {
        "junction_id": 39569,
        "veh_id": 11536,
        "sim_time_s": 2940.3,
        "tier": "harmony-no-ge-local",
        "prearm_status": "skip",
        "focus_role": "none"
      }
    },
    {
      "type": "Feature",
      "geometry": {
        "type": "Point",
        "coordinates": [
          500011.171058754,
          6966671.174028568
        ]
      },
      "properties": {
        "junction_id": 39569,
        "veh_id": 11569,
        "sim_time_s": 2942.1,
        "tier": "track-zone",
        "prearm_status": "",
        "focus_role": "none"
      }
    },
    {
      "type": "Feature",
      "geometry": {
        "type": "Point",
        "coordinates": [
          499973.9765546476,
          6966502.7687105145
        ]
      },
      "properties": {
        "junction_id": 1043762,
        "veh_id": 11536,
        "sim_time_s": 2942.6,
        "tier": "coord-prearm-harmony/SHOCKWAVE",
        "prearm_status": "fired",
        "focus_role": "none"
      }
    },
    {
      "type": "Feature",
      "geometry": {
        "type": "Point",
        "coordinates": [
          0.0,
          0.0
        ]
      },
      "properties": {
        "junction_id": 1043762,
        "veh_id": 11536,
        "sim_time_s": 2943.0,
        "tier": "harmony-no-ge-local",
        "prearm_status": "skip",
        "focus_role": "none"
      }
    },
    {
      "type": "Feature",
      "geometry": {
        "type": "Point",
        "coordinates": [
          500248.43905837496,
          6966228.103814566
        ]
      },
      "properties": {
        "junction_id": 1043762,
        "veh_id": 11536,
        "sim_time_s": 2943.0,
        "tier": "coord-prearm-success/SHOCKWAVE",
        "prearm_status": "success",
        "focus_role": "none"
      }
    },
    {
      "type": "Feature",
      "geometry": {
        "type": "Point",
        "coordinates": [
          500028.12008188217,
          6966631.623045093
        ]
      },
      "properties": {
        "junction_id": 39568,
        "veh_id": 11569,
        "sim_time_s": 2946.2,
        "tier": "track-zone",
        "prearm_status": "",
        "focus_role": "none"
      }
    },
    {
      "type": "Feature",
      "geometry": {
        "type": "Point",
        "coordinates": [
          0.0,
          0.0
        ]
      },
      "properties": {
        "junction_id": 39593,
        "veh_id": 11535,
        "sim_time_s": 2951.6,
        "tier": "harmony-no-ge-local",
        "prearm_status": "skip",
        "focus_role": "none"
      }
    },
    {
      "type": "Feature",
      "geometry": {
        "type": "Point",
        "coordinates": [
          500647.8775899857,
          6965257.810889771
        ]
      },
      "properties": {
        "junction_id": 36385,
        "veh_id": 11535,
        "sim_time_s": 2952.9,
        "tier": "track-zone",
        "prearm_status": "",
        "focus_role": "none"
      }
    },
    {
      "type": "Feature",
      "geometry": {
        "type": "Point",
        "coordinates": [
          499517.17489504704,
          6966652.564041892
        ]
      },
      "properties": {
        "junction_id": 39572,
        "veh_id": 11559,
        "sim_time_s": 2952.9,
        "tier": "IC-detect",
        "prearm_status": "",
        "focus_role": "none"
      }
    },
    {
      "type": "Feature",
      "geometry": {
        "type": "Point",
        "coordinates": [
          500512.50085211755,
          6965705.790801245
        ]
      },
      "properties": {
        "junction_id": 39587,
        "veh_id": 11568,
        "sim_time_s": 2958.3,
        "tier": "track-zone",
        "prearm_status": "",
        "focus_role": "none"
      }
    },
    {
      "type": "Feature",
      "geometry": {
        "type": "Point",
        "coordinates": [
          500513.3939545592,
          6965963.382905495
        ]
      },
      "properties": {
        "junction_id": 39578,
        "veh_id": 11558,
        "sim_time_s": 2958.3,
        "tier": "IC-detect",
        "prearm_status": "",
        "focus_role": "none"
      }
    },
    {
      "type": "Feature",
      "geometry": {
        "type": "Point",
        "coordinates": [
          500512.50085211755,
          6965705.790801245
        ]
      },
      "properties": {
        "junction_id": 39576,
        "veh_id": 11568,
        "sim_time_s": 2958.8,
        "tier": "IC-detect",
        "prearm_status": "",
        "focus_role": "none"
      }
    },
    {
      "type": "Feature",
      "geometry": {
        "type": "Point",
        "coordinates": [
          500491.97449203837,
          6965694.212926264
        ]
      },
      "properties": {
        "junction_id": 39578,
        "veh_id": 11579,
        "sim_time_s": 2962.3,
        "tier": "track-zone",
        "prearm_status": "",
        "focus_role": "none"
      }
    },
    {
      "type": "Feature",
      "geometry": {
        "type": "Point",
        "coordinates": [
          0.0,
          0.0
        ]
      },
      "properties": {
        "junction_id": 39578,
        "veh_id": 11558,
        "sim_time_s": 2962.8,
        "tier": "harmony-no-ge-local",
        "prearm_status": "skip",
        "focus_role": "none"
      }
    },
    {
      "type": "Feature",
      "geometry": {
        "type": "Point",
        "coordinates": [
          500518.70209677157,
          6965648.343720306
        ]
      },
      "properties": {
        "junction_id": 1119660,
        "veh_id": 11568,
        "sim_time_s": 2966.4,
        "tier": "track-zone",
        "prearm_status": "",
        "focus_role": "none"
      }
    },
    {
      "type": "Feature",
      "geometry": {
        "type": "Point",
        "coordinates": [
          0.0,
          0.0
        ]
      },
      "properties": {
        "junction_id": 39606,
        "veh_id": 11567,
        "sim_time_s": 2986.7,
        "tier": "harmony-no-ge-local",
        "prearm_status": "skip",
        "focus_role": "none"
      }
    },
    {
      "type": "Feature",
      "geometry": {
        "type": "Point",
        "coordinates": [
          0.0,
          0.0
        ]
      },
      "properties": {
        "junction_id": 39569,
        "veh_id": 11569,
        "sim_time_s": 2986.7,
        "tier": "harmony-no-ge-local",
        "prearm_status": "skip",
        "focus_role": "none"
      }
    },
    {
      "type": "Feature",
      "geometry": {
        "type": "Point",
        "coordinates": [
          500693.8739434263,
          6965161.539206846
        ]
      },
      "properties": {
        "junction_id": 10157950,
        "veh_id": 11535,
        "sim_time_s": 2988.0,
        "tier": "track-zone",
        "prearm_status": "",
        "focus_role": "none"
      }
    },
    {
      "type": "Feature",
      "geometry": {
        "type": "Point",
        "coordinates": [
          0.0,
          0.0
        ]
      },
      "properties": {
        "junction_id": 39576,
        "veh_id": 11541,
        "sim_time_s": 2990.7,
        "tier": "harmony-no-ge-local",
        "prearm_status": "skip",
        "focus_role": "none"
      }
    },
    {
      "type": "Feature",
      "geometry": {
        "type": "Point",
        "coordinates": [
          500512.77770724444,
          6965699.743168347
        ]
      },
      "properties": {
        "junction_id": 39587,
        "veh_id": 11541,
        "sim_time_s": 2992.1,
        "tier": "track-zone",
        "prearm_status": "",
        "focus_role": "none"
      }
    },
    {
      "type": "Feature",
      "geometry": {
        "type": "Point",
        "coordinates": [
          0.0,
          0.0
        ]
      },
      "properties": {
        "junction_id": 39572,
        "veh_id": 11559,
        "sim_time_s": 2992.5,
        "tier": "harmony-no-ge-local",
        "prearm_status": "skip",
        "focus_role": "none"
      }
    },
    {
      "type": "Feature",
      "geometry": {
        "type": "Point",
        "coordinates": [
          0.0,
          0.0
        ]
      },
      "properties": {
        "junction_id": 39578,
        "veh_id": 11579,
        "sim_time_s": 2998.8,
        "tier": "harmony-no-ge-local",
        "prearm_status": "skip",
        "focus_role": "none"
      }
    },
    {
      "type": "Feature",
      "geometry": {
        "type": "Point",
        "coordinates": [
          500297.1886342268,
          6965646.420384684
        ]
      },
      "properties": {
        "junction_id": 39576,
        "veh_id": 11547,
        "sim_time_s": 3001.1,
        "tier": "IC-detect-far",
        "prearm_status": "",
        "focus_role": "none"
      }
    },
    {
      "type": "Feature",
      "geometry": {
        "type": "Point",
        "coordinates": [
          500518.0638879191,
          6965650.713795508
        ]
      },
      "properties": {
        "junction_id": 1119660,
        "veh_id": 11541,
        "sim_time_s": 3001.5,
        "tier": "track-zone",
        "prearm_status": "",
        "focus_role": "none"
      }
    },
    {
      "type": "Feature",
      "geometry": {
        "type": "Point",
        "coordinates": [
          500533.05702601647,
          6965931.292766004
        ]
      },
      "properties": {
        "junction_id": 39576,
        "veh_id": 11558,
        "sim_time_s": 3006.9,
        "tier": "track-zone",
        "prearm_status": "",
        "focus_role": "none"
      }
    },
    {
      "type": "Feature",
      "geometry": {
        "type": "Point",
        "coordinates": [
          499759.2576089252,
          6966605.766603609
        ]
      },
      "properties": {
        "junction_id": 39568,
        "veh_id": 11559,
        "sim_time_s": 3008.2,
        "tier": "track-zone",
        "prearm_status": "",
        "focus_role": "none"
      }
    },
    {
      "type": "Feature",
      "geometry": {
        "type": "Point",
        "coordinates": [
          0.0,
          0.0
        ]
      },
      "properties": {
        "junction_id": 39587,
        "veh_id": 11568,
        "sim_time_s": 3009.6,
        "tier": "harmony-ins-local",
        "prearm_status": "action",
        "focus_role": "none"
      }
    },
    {
      "type": "Feature",
      "geometry": {
        "type": "Point",
        "coordinates": [
          500403.80625858443,
          6966038.679149075
        ]
      },
      "properties": {
        "junction_id": 1043762,
        "veh_id": 11579,
        "sim_time_s": 3017.7,
        "tier": "track-zone",
        "prearm_status": "",
        "focus_role": "none"
      }
    },
    {
      "type": "Feature",
      "geometry": {
        "type": "Point",
        "coordinates": [
          0.0,
          0.0
        ]
      },
      "properties": {
        "junction_id": 1043762,
        "veh_id": 11579,
        "sim_time_s": 3020.4,
        "tier": "harmony-no-ge-local",
        "prearm_status": "skip",
        "focus_role": "none"
      }
    },
    {
      "type": "Feature",
      "geometry": {
        "type": "Point",
        "coordinates": [
          500352.80784299574,
          6966082.885377565
        ]
      },
      "properties": {
        "junction_id": 39569,
        "veh_id": 11579,
        "sim_time_s": 3022.7,
        "tier": "coord-prearm-harmony/SHOCKWAVE",
        "prearm_status": "fired",
        "focus_role": "none"
      }
    },
    {
      "type": "Feature",
      "geometry": {
        "type": "Point",
        "coordinates": [
          0.0,
          0.0
        ]
      },
      "properties": {
        "junction_id": 39569,
        "veh_id": 11579,
        "sim_time_s": 3023.1,
        "tier": "harmony-no-ge-local",
        "prearm_status": "skip",
        "focus_role": "none"
      }
    },
    {
      "type": "Feature",
      "geometry": {
        "type": "Point",
        "coordinates": [
          500105.32496907446,
          6966447.427635934
        ]
      },
      "properties": {
        "junction_id": 39569,
        "veh_id": 11579,
        "sim_time_s": 3023.1,
        "tier": "coord-prearm-success/SHOCKWAVE",
        "prearm_status": "success",
        "focus_role": "none"
      }
    },
    {
      "type": "Feature",
      "geometry": {
        "type": "Point",
        "coordinates": [
          500293.0228418378,
          6966149.979911381
        ]
      },
      "properties": {
        "junction_id": 39572,
        "veh_id": 11579,
        "sim_time_s": 3028.1,
        "tier": "coord-prearm-harmony/SHOCKWAVE",
        "prearm_status": "fired",
        "focus_role": "none"
      }
    },
    {
      "type": "Feature",
      "geometry": {
        "type": "Point",
        "coordinates": [
          0.0,
          0.0
        ]
      },
      "properties": {
        "junction_id": 39572,
        "veh_id": 11579,
        "sim_time_s": 3028.5,
        "tier": "harmony-no-ge-local",
        "prearm_status": "skip",
        "focus_role": "none"
      }
    },
    {
      "type": "Feature",
      "geometry": {
        "type": "Point",
        "coordinates": [
          500012.2556836749,
          6966653.44887729
        ]
      },
      "properties": {
        "junction_id": 39572,
        "veh_id": 11579,
        "sim_time_s": 3028.5,
        "tier": "coord-prearm-success/SHOCKWAVE",
        "prearm_status": "success",
        "focus_role": "none"
      }
    },
    {
      "type": "Feature",
      "geometry": {
        "type": "Point",
        "coordinates": [
          0.0,
          0.0
        ]
      },
      "properties": {
        "junction_id": 36385,
        "veh_id": 11535,
        "sim_time_s": 3031.2,
        "tier": "harmony-no-ge-local",
        "prearm_status": "skip",
        "focus_role": "none"
      }
    },
    {
      "type": "Feature",
      "geometry": {
        "type": "Point",
        "coordinates": [
          500715.04281414376,
          6965088.881250585
        ]
      },
      "properties": {
        "junction_id": 36393,
        "veh_id": 11535,
        "sim_time_s": 3036.2,
        "tier": "coord-prearm-harmony/SHOCKWAVE",
        "prearm_status": "fired",
        "focus_role": "none"
      }
    },
    {
      "type": "Feature",
      "geometry": {
        "type": "Point",
        "coordinates": [
          0.0,
          0.0
        ]
      },
      "properties": {
        "junction_id": 36393,
        "veh_id": 11535,
        "sim_time_s": 3036.6,
        "tier": "harmony-no-ge-local",
        "prearm_status": "skip",
        "focus_role": "none"
      }
    },
    {
      "type": "Feature",
      "geometry": {
        "type": "Point",
        "coordinates": [
          500684.0987813321,
          6964756.319799706
        ]
      },
      "properties": {
        "junction_id": 36393,
        "veh_id": 11535,
        "sim_time_s": 3036.6,
        "tier": "coord-prearm-success/SHOCKWAVE",
        "prearm_status": "success",
        "focus_role": "none"
      }
    },
    {
      "type": "Feature",
      "geometry": {
        "type": "Point",
        "coordinates": [
          500716.1041528155,
          6965084.595822497
        ]
      },
      "properties": {
        "junction_id": 39590,
        "veh_id": 11535,
        "sim_time_s": 3039.8,
        "tier": "coord-prearm-harmony/SHOCKWAVE",
        "prearm_status": "fired",
        "focus_role": "none"
      }
    },
    {
      "type": "Feature",
      "geometry": {
        "type": "Point",
        "coordinates": [
          0.0,
          0.0
        ]
      },
      "properties": {
        "junction_id": 39590,
        "veh_id": 11535,
        "sim_time_s": 3040.2,
        "tier": "harmony-no-ge-local",
        "prearm_status": "skip",
        "focus_role": "none"
      }
    },
    {
      "type": "Feature",
      "geometry": {
        "type": "Point",
        "coordinates": [
          500756.5972760396,
          6964319.360583134
        ]
      },
      "properties": {
        "junction_id": 39590,
        "veh_id": 11535,
        "sim_time_s": 3040.2,
        "tier": "coord-prearm-success/SHOCKWAVE",
        "prearm_status": "success",
        "focus_role": "none"
      }
    },
    {
      "type": "Feature",
      "geometry": {
        "type": "Point",
        "coordinates": [
          0.0,
          0.0
        ]
      },
      "properties": {
        "junction_id": 39576,
        "veh_id": 11547,
        "sim_time_s": 3040.7,
        "tier": "harmony-no-ge-local",
        "prearm_status": "skip",
        "focus_role": "none"
      }
    },
    {
      "type": "Feature",
      "geometry": {
        "type": "Point",
        "coordinates": [
          500552.18974285905,
          6965569.831608186
        ]
      },
      "properties": {
        "junction_id": 10157950,
        "veh_id": 11568,
        "sim_time_s": 3046.1,
        "tier": "track-zone",
        "prearm_status": "",
        "focus_role": "none"
      }
    },
    {
      "type": "Feature",
      "geometry": {
        "type": "Point",
        "coordinates": [
          500126.9698263324,
          6966438.969502213
        ]
      },
      "properties": {
        "junction_id": 1043762,
        "veh_id": 11569,
        "sim_time_s": 3052.8,
        "tier": "track-zone",
        "prearm_status": "",
        "focus_role": "none"
      }
    },
    {
      "type": "Feature",
      "geometry": {
        "type": "Point",
        "coordinates": [
          500079.5072896791,
          6966482.736060002
        ]
      },
      "properties": {
        "junction_id": 39568,
        "veh_id": 11579,
        "sim_time_s": 3058.2,
        "tier": "track-zone",
        "prearm_status": "",
        "focus_role": "none"
      }
    },
    {
      "type": "Feature",
      "geometry": {
        "type": "Point",
        "coordinates": [
          0.0,
          0.0
        ]
      },
      "properties": {
        "junction_id": 1043762,
        "veh_id": 11569,
        "sim_time_s": 3059.6,
        "tier": "harmony-no-ge-local",
        "prearm_status": "skip",
        "focus_role": "none"
      }
    },
    {
      "type": "Feature",
      "geometry": {
        "type": "Point",
        "coordinates": [
          500293.41863195086,
          6966174.00297042
        ]
      },
      "properties": {
        "junction_id": 1043762,
        "veh_id": 11536,
        "sim_time_s": 3063.2,
        "tier": "IC-detect-far",
        "prearm_status": "",
        "focus_role": "none"
      }
    },
    {
      "type": "Feature",
      "geometry": {
        "type": "Point",
        "coordinates": [
          500553.0321450051,
          6965568.053679552
        ]
      },
      "properties": {
        "junction_id": 10157950,
        "veh_id": 11541,
        "sim_time_s": 3070.3,
        "tier": "track-zone",
        "prearm_status": "",
        "focus_role": "none"
      }
    },
    {
      "type": "Feature",
      "geometry": {
        "type": "Point",
        "coordinates": [
          500524.47775985446,
          6965837.448504438
        ]
      },
      "properties": {
        "junction_id": 39578,
        "veh_id": 11558,
        "sim_time_s": 3082.9,
        "tier": "IC-detect",
        "prearm_status": "",
        "focus_role": "none"
      }
    },
    {
      "type": "Feature",
      "geometry": {
        "type": "Point",
        "coordinates": [
          499883.52915522526,
          6966546.42483242
        ]
      },
      "properties": {
        "junction_id": 39569,
        "veh_id": 11559,
        "sim_time_s": 3086.6,
        "tier": "track-zone",
        "prearm_status": "",
        "focus_role": "none"
      }
    },
    {
      "type": "Feature",
      "geometry": {
        "type": "Point",
        "coordinates": [
          500583.12285851693,
          6965488.532118122
        ]
      },
      "properties": {
        "junction_id": 1119660,
        "veh_id": 11568,
        "sim_time_s": 3087.9,
        "tier": "track-zone",
        "prearm_status": "",
        "focus_role": "none"
      }
    },
    {
      "type": "Feature",
      "geometry": {
        "type": "Point",
        "coordinates": [
          0.0,
          0.0
        ]
      },
      "properties": {
        "junction_id": 39569,
        "veh_id": 11559,
        "sim_time_s": 3090.6,
        "tier": "harmony-no-ge-local",
        "prearm_status": "skip",
        "focus_role": "none"
      }
    },
    {
      "type": "Feature",
      "geometry": {
        "type": "Point",
        "coordinates": [
          499984.2213647958,
          6966497.898803375
        ]
      },
      "properties": {
        "junction_id": 1043762,
        "veh_id": 11559,
        "sim_time_s": 3093.8,
        "tier": "coord-prearm-harmony/SHOCKWAVE",
        "prearm_status": "fired",
        "focus_role": "none"
      }
    },
    {
      "type": "Feature",
      "geometry": {
        "type": "Point",
        "coordinates": [
          0.0,
          0.0
        ]
      },
      "properties": {
        "junction_id": 1043762,
        "veh_id": 11559,
        "sim_time_s": 3094.2,
        "tier": "harmony-no-ge-local",
        "prearm_status": "skip",
        "focus_role": "none"
      }
    },
    {
      "type": "Feature",
      "geometry": {
        "type": "Point",
        "coordinates": [
          500248.43905837496,
          6966228.103814566
        ]
      },
      "properties": {
        "junction_id": 1043762,
        "veh_id": 11559,
        "sim_time_s": 3094.2,
        "tier": "coord-prearm-success/SHOCKWAVE",
        "prearm_status": "success",
        "focus_role": "none"
      }
    },
    {
      "type": "Feature",
      "geometry": {
        "type": "Point",
        "coordinates": [
          500583.12285851693,
          6965488.532118122
        ]
      },
      "properties": {
        "junction_id": 39576,
        "veh_id": 11568,
        "sim_time_s": 3101.4,
        "tier": "track-zone",
        "prearm_status": "",
        "focus_role": "none"
      }
    },
    {
      "type": "Feature",
      "geometry": {
        "type": "Point",
        "coordinates": [
          500018.3600175661,
          6966620.7412116835
        ]
      },
      "properties": {
        "junction_id": 11118289,
        "veh_id": 11579,
        "sim_time_s": 3105.4,
        "tier": "track-zone",
        "prearm_status": "",
        "focus_role": "none"
      }
    },
    {
      "type": "Feature",
      "geometry": {
        "type": "Point",
        "coordinates": [
          500350.9213184118,
          6966101.85994579
        ]
      },
      "properties": {
        "junction_id": 39578,
        "veh_id": 11536,
        "sim_time_s": 3112.2,
        "tier": "track-section",
        "prearm_status": "",
        "focus_role": "none"
      }
    },
    {
      "type": "Feature",
      "geometry": {
        "type": "Point",
        "coordinates": [
          500561.8159953629,
          6965547.996750456
        ]
      },
      "properties": {
        "junction_id": 39587,
        "veh_id": 11541,
        "sim_time_s": 3112.2,
        "tier": "IC-detect-far",
        "prearm_status": "",
        "focus_role": "none"
      }
    },
    {
      "type": "Feature",
      "geometry": {
        "type": "Point",
        "coordinates": [
          500043.51701269957,
          6966470.296906199
        ]
      },
      "properties": {
        "junction_id": 39578,
        "veh_id": 11559,
        "sim_time_s": 3116.2,
        "tier": "coord-prearm-harmony/SHOCKWAVE",
        "prearm_status": "fired",
        "focus_role": "none"
      }
    },
    {
      "type": "Feature",
      "geometry": {
        "type": "Point",
        "coordinates": [
          0.0,
          0.0
        ]
      },
      "properties": {
        "junction_id": 39578,
        "veh_id": 11559,
        "sim_time_s": 3116.7,
        "tier": "harmony-no-ge-local",
        "prearm_status": "skip",
        "focus_role": "none"
      }
    },
    {
      "type": "Feature",
      "geometry": {
        "type": "Point",
        "coordinates": [
          500534.0301698125,
          6965929.528541097
        ]
      },
      "properties": {
        "junction_id": 39578,
        "veh_id": 11559,
        "sim_time_s": 3116.7,
        "tier": "coord-prearm-success/SHOCKWAVE",
        "prearm_status": "success",
        "focus_role": "none"
      }
    },
    {
      "type": "Feature",
      "geometry": {
        "type": "Point",
        "coordinates": [
          500561.8159953629,
          6965547.996750456
        ]
      },
      "properties": {
        "junction_id": 1119660,
        "veh_id": 11541,
        "sim_time_s": 3123.0,
        "tier": "track-zone",
        "prearm_status": "",
        "focus_role": "none"
      }
    },
    {
      "type": "Feature",
      "geometry": {
        "type": "Point",
        "coordinates": [
          500511.4543793158,
          6965768.531739615
        ]
      },
      "properties": {
        "junction_id": 39576,
        "veh_id": 11558,
        "sim_time_s": 3127.1,
        "tier": "IC-detect-far",
        "prearm_status": "",
        "focus_role": "none"
      }
    },
    {
      "type": "Feature",
      "geometry": {
        "type": "Point",
        "coordinates": [
          500043.51701269957,
          6966470.296906199
        ]
      },
      "properties": {
        "junction_id": 39568,
        "veh_id": 11559,
        "sim_time_s": 3129.8,
        "tier": "track-zone",
        "prearm_status": "",
        "focus_role": "none"
      }
    },
    {
      "type": "Feature",
      "geometry": {
        "type": "Point",
        "coordinates": [
          500583.12285851693,
          6965488.532118122
        ]
      },
      "properties": {
        "junction_id": 39587,
        "veh_id": 11568,
        "sim_time_s": 3129.8,
        "tier": "IC-detect",
        "prearm_status": "",
        "focus_role": "none"
      }
    },
    {
      "type": "Feature",
      "geometry": {
        "type": "Point",
        "coordinates": [
          0.0,
          0.0
        ]
      },
      "properties": {
        "junction_id": 39576,
        "veh_id": 11558,
        "sim_time_s": 3143.2,
        "tier": "harmony-ins-local",
        "prearm_status": "action",
        "focus_role": "none"
      }
    },
    {
      "type": "Feature",
      "geometry": {
        "type": "Point",
        "coordinates": [
          500013.08039042394,
          6966635.240182463
        ]
      },
      "properties": {
        "junction_id": 39572,
        "veh_id": 11579,
        "sim_time_s": 3148.7,
        "tier": "IC-detect",
        "prearm_status": "",
        "focus_role": "none"
      }
    },
    {
      "type": "Feature",
      "geometry": {
        "type": "Point",
        "coordinates": [
          500952.09229130344,
          6964037.796872752
        ]
      },
      "properties": {
        "junction_id": 39606,
        "veh_id": 11580,
        "sim_time_s": 3150.0,
        "tier": "track-section",
        "prearm_status": "",
        "focus_role": "none"
      }
    },
    {
      "type": "Feature",
      "geometry": {
        "type": "Point",
        "coordinates": [
          0.0,
          0.0
        ]
      },
      "properties": {
        "junction_id": 39606,
        "veh_id": 11580,
        "sim_time_s": 3150.0,
        "tier": "harmony-no-ge-local",
        "prearm_status": "skip",
        "focus_role": "none"
      }
    },
    {
      "type": "Feature",
      "geometry": {
        "type": "Point",
        "coordinates": [
          500716.23034083407,
          6965084.08630589
        ]
      },
      "properties": {
        "junction_id": 36385,
        "veh_id": 11535,
        "sim_time_s": 3151.3,
        "tier": "IC-detect",
        "prearm_status": "",
        "focus_role": "none"
      }
    },
    {
      "type": "Feature",
      "geometry": {
        "type": "Point",
        "coordinates": [
          0.0,
          0.0
        ]
      },
      "properties": {
        "junction_id": 39587,
        "veh_id": 11541,
        "sim_time_s": 3151.3,
        "tier": "harmony-no-ge-local",
        "prearm_status": "skip",
        "focus_role": "none"
      }
    },
    {
      "type": "Feature",
      "geometry": {
        "type": "Point",
        "coordinates": [
          500610.8665159506,
          6965402.7764720805
        ]
      },
      "properties": {
        "junction_id": 39593,
        "veh_id": 11568,
        "sim_time_s": 3152.7,
        "tier": "track-zone",
        "prearm_status": "",
        "focus_role": "none"
      }
    },
    {
      "type": "Feature",
      "geometry": {
        "type": "Point",
        "coordinates": [
          500087.97191681445,
          6967506.11806405
        ]
      },
      "properties": {
        "junction_id": 38339,
        "veh_id": 11570,
        "sim_time_s": 3153.2,
        "tier": "IC-detect",
        "prearm_status": "",
        "focus_role": "none"
      }
    },
    {
      "type": "Feature",
      "geometry": {
        "type": "Point",
        "coordinates": [
          500928.105566907,
          6964075.867508147
        ]
      },
      "properties": {
        "junction_id": 39590,
        "veh_id": 11580,
        "sim_time_s": 3153.2,
        "tier": "coord-prearm-harmony/SHOCKWAVE",
        "prearm_status": "fired",
        "focus_role": "none"
      }
    },
    {
      "type": "Feature",
      "geometry": {
        "type": "Point",
        "coordinates": [
          0.0,
          0.0
        ]
      },
      "properties": {
        "junction_id": 39590,
        "veh_id": 11580,
        "sim_time_s": 3153.6,
        "tier": "harmony-no-ge-local",
        "prearm_status": "skip",
        "focus_role": "none"
      }
    },
    {
      "type": "Feature",
      "geometry": {
        "type": "Point",
        "coordinates": [
          500756.5972760396,
          6964319.360583134
        ]
      },
      "properties": {
        "junction_id": 39590,
        "veh_id": 11580,
        "sim_time_s": 3153.6,
        "tier": "coord-prearm-success/SHOCKWAVE",
        "prearm_status": "success",
        "focus_role": "none"
      }
    },
    {
      "type": "Feature",
      "geometry": {
        "type": "Point",
        "coordinates": [
          500887.47799769824,
          6964129.351499783
        ]
      },
      "properties": {
        "junction_id": 36393,
        "veh_id": 11580,
        "sim_time_s": 3156.8,
        "tier": "coord-prearm-harmony/SHOCKWAVE",
        "prearm_status": "fired",
        "focus_role": "none"
      }
    },
    {
      "type": "Feature",
      "geometry": {
        "type": "Point",
        "coordinates": [
          0.0,
          0.0
        ]
      },
      "properties": {
        "junction_id": 36393,
        "veh_id": 11580,
        "sim_time_s": 3157.2,
        "tier": "harmony-no-ge-local",
        "prearm_status": "skip",
        "focus_role": "none"
      }
    },
    {
      "type": "Feature",
      "geometry": {
        "type": "Point",
        "coordinates": [
          500684.0987813321,
          6964756.319799706
        ]
      },
      "properties": {
        "junction_id": 36393,
        "veh_id": 11580,
        "sim_time_s": 3157.2,
        "tier": "coord-prearm-success/SHOCKWAVE",
        "prearm_status": "success",
        "focus_role": "none"
      }
    },
    {
      "type": "Feature",
      "geometry": {
        "type": "Point",
        "coordinates": [
          500562.5233282846,
          6965546.02474918
        ]
      },
      "properties": {
        "junction_id": 39576,
        "veh_id": 11541,
        "sim_time_s": 3158.1,
        "tier": "track-zone",
        "prearm_status": "",
        "focus_role": "none"
      }
    },
    {
      "type": "Feature",
      "geometry": {
        "type": "Point",
        "coordinates": [
          500308.2042446939,
          6965650.56202263
        ]
      },
      "properties": {
        "junction_id": 39576,
        "veh_id": 11547,
        "sim_time_s": 3160.8,
        "tier": "IC-detect",
        "prearm_status": "",
        "focus_role": "none"
      }
    },
    {
      "type": "Feature",
      "geometry": {
        "type": "Point",
        "coordinates": [
          500837.5940116232,
          6964184.434265275
        ]
      },
      "properties": {
        "junction_id": 36385,
        "veh_id": 11580,
        "sim_time_s": 3163.1,
        "tier": "coord-prearm-harmony/SHOCKWAVE",
        "prearm_status": "fired",
        "focus_role": "none"
      }
    },
    {
      "type": "Feature",
      "geometry": {
        "type": "Point",
        "coordinates": [
          499961.15197092673,
          6966776.584202877
        ]
      },
      "properties": {
        "junction_id": 38339,
        "veh_id": 11579,
        "sim_time_s": 3163.5,
        "tier": "track-zone",
        "prearm_status": "",
        "focus_role": "none"
      }
    },
    {
      "type": "Feature",
      "geometry": {
        "type": "Point",
        "coordinates": [
          0.0,
          0.0
        ]
      },
      "properties": {
        "junction_id": 36385,
        "veh_id": 11580,
        "sim_time_s": 3163.5,
        "tier": "harmony-no-ge-local",
        "prearm_status": "skip",
        "focus_role": "none"
      }
    },
    {
      "type": "Feature",
      "geometry": {
        "type": "Point",
        "coordinates": [
          500715.9750991549,
          6965021.28412977
        ]
      },
      "properties": {
        "junction_id": 36385,
        "veh_id": 11580,
        "sim_time_s": 3163.5,
        "tier": "coord-prearm-success/SHOCKWAVE",
        "prearm_status": "success",
        "focus_role": "none"
      }
    },
    {
      "type": "Feature",
      "geometry": {
        "type": "Point",
        "coordinates": [
          0.0,
          0.0
        ]
      },
      "properties": {
        "junction_id": 39593,
        "veh_id": 11568,
        "sim_time_s": 3163.5,
        "tier": "harmony-no-ge-local",
        "prearm_status": "skip",
        "focus_role": "none"
      }
    },
    {
      "type": "Feature",
      "geometry": {
        "type": "Point",
        "coordinates": [
          0.0,
          0.0
        ]
      },
      "properties": {
        "junction_id": 38339,
        "veh_id": 11570,
        "sim_time_s": 3163.9,
        "tier": "harmony-no-ge-local",
        "prearm_status": "skip",
        "focus_role": "none"
      }
    },
    {
      "type": "Feature",
      "geometry": {
        "type": "Point",
        "coordinates": [
          500651.4633982496,
          6965249.373651733
        ]
      },
      "properties": {
        "junction_id": 36385,
        "veh_id": 11568,
        "sim_time_s": 3164.8,
        "tier": "track-zone",
        "prearm_status": "",
        "focus_role": "none"
      }
    },
    {
      "type": "Feature",
      "geometry": {
        "type": "Point",
        "coordinates": [
          500662.66107198596,
          6965225.290554121
        ]
      },
      "properties": {
        "junction_id": 10157950,
        "veh_id": 11568,
        "sim_time_s": 3167.6,
        "tier": "track-zone",
        "prearm_status": "",
        "focus_role": "none"
      }
    },
    {
      "type": "Feature",
      "geometry": {
        "type": "Point",
        "coordinates": [
          0.0,
          0.0
        ]
      },
      "properties": {
        "junction_id": 38339,
        "veh_id": 11579,
        "sim_time_s": 3172.9,
        "tier": "harmony-no-ge-local",
        "prearm_status": "skip",
        "focus_role": "none"
      }
    },
    {
      "type": "Feature",
      "geometry": {
        "type": "Point",
        "coordinates": [
          500725.81240733474,
          6965025.208169319
        ]
      },
      "properties": {
        "junction_id": 39593,
        "veh_id": 11535,
        "sim_time_s": 3179.7,
        "tier": "track-zone",
        "prearm_status": "",
        "focus_role": "none"
      }
    },
    {
      "type": "Feature",
      "geometry": {
        "type": "Point",
        "coordinates": [
          500308.8656311497,
          6966153.195301538
        ]
      },
      "properties": {
        "junction_id": 1043762,
        "veh_id": 11569,
        "sim_time_s": 3179.7,
        "tier": "IC-detect",
        "prearm_status": "",
        "focus_role": "none"
      }
    },
    {
      "type": "Feature",
      "geometry": {
        "type": "Point",
        "coordinates": [
          500948.2288774459,
          6964038.3661120385
        ]
      },
      "properties": {
        "junction_id": 39606,
        "veh_id": 11530,
        "sim_time_s": 3180.2,
        "tier": "IC-detect",
        "prearm_status": "",
        "focus_role": "none"
      }
    },
    {
      "type": "Feature",
      "geometry": {
        "type": "Point",
        "coordinates": [
          0.0,
          0.0
        ]
      },
      "properties": {
        "junction_id": 39606,
        "veh_id": 11530,
        "sim_time_s": 3180.2,
        "tier": "harmony-no-ge-local",
        "prearm_status": "skip",
        "focus_role": "none"
      }
    },
    {
      "type": "Feature",
      "geometry": {
        "type": "Point",
        "coordinates": [
          500729.13444521325,
          6965000.9013639875
        ]
      },
      "properties": {
        "junction_id": 36393,
        "veh_id": 11535,
        "sim_time_s": 3182.4,
        "tier": "track-zone",
        "prearm_status": "",
        "focus_role": "none"
      }
    },
    {
      "type": "Feature",
      "geometry": {
        "type": "Point",
        "coordinates": [
          500382.82258136827,
          6966072.888179281
        ]
      },
      "properties": {
        "junction_id": 1043762,
        "veh_id": 11536,
        "sim_time_s": 3183.3,
        "tier": "IC-detect",
        "prearm_status": "",
        "focus_role": "none"
      }
    },
    {
      "type": "Feature",
      "geometry": {
        "type": "Point",
        "coordinates": [
          500925.6505278012,
          6964068.502801683
        ]
      },
      "properties": {
        "junction_id": 39590,
        "veh_id": 11530,
        "sim_time_s": 3183.3,
        "tier": "coord-prearm-harmony/SHOCKWAVE",
        "prearm_status": "fired",
        "focus_role": "none"
      }
    },
    {
      "type": "Feature",
      "geometry": {
        "type": "Point",
        "coordinates": [
          0.0,
          0.0
        ]
      },
      "properties": {
        "junction_id": 39590,
        "veh_id": 11530,
        "sim_time_s": 3183.8,
        "tier": "harmony-no-ge-local",
        "prearm_status": "skip",
        "focus_role": "none"
      }
    },
    {
      "type": "Feature",
      "geometry": {
        "type": "Point",
        "coordinates": [
          500756.5972760396,
          6964319.360583134
        ]
      },
      "properties": {
        "junction_id": 39590,
        "veh_id": 11530,
        "sim_time_s": 3183.8,
        "tier": "coord-prearm-success/SHOCKWAVE",
        "prearm_status": "success",
        "focus_role": "none"
      }
    },
    {
      "type": "Feature",
      "geometry": {
        "type": "Point",
        "coordinates": [
          500885.4373532555,
          6964122.543335263
        ]
      },
      "properties": {
        "junction_id": 36393,
        "veh_id": 11530,
        "sim_time_s": 3186.9,
        "tier": "coord-prearm-harmony/SHOCKWAVE",
        "prearm_status": "fired",
        "focus_role": "none"
      }
    },
    {
      "type": "Feature",
      "geometry": {
        "type": "Point",
        "coordinates": [
          0.0,
          0.0
        ]
      },
      "properties": {
        "junction_id": 36393,
        "veh_id": 11530,
        "sim_time_s": 3187.3,
        "tier": "harmony-no-ge-local",
        "prearm_status": "skip",
        "focus_role": "none"
      }
    },
    {
      "type": "Feature",
      "geometry": {
        "type": "Point",
        "coordinates": [
          500684.0987813321,
          6964756.319799706
        ]
      },
      "properties": {
        "junction_id": 36393,
        "veh_id": 11530,
        "sim_time_s": 3187.3,
        "tier": "coord-prearm-success/SHOCKWAVE",
        "prearm_status": "success",
        "focus_role": "none"
      }
    },
    {
      "type": "Feature",
      "geometry": {
        "type": "Point",
        "coordinates": [
          500600.4272822969,
          6965436.498186918
        ]
      },
      "properties": {
        "junction_id": 10157950,
        "veh_id": 11541,
        "sim_time_s": 3191.8,
        "tier": "track-zone",
        "prearm_status": "",
        "focus_role": "none"
      }
    },
    {
      "type": "Feature",
      "geometry": {
        "type": "Point",
        "coordinates": [
          500819.71632288984,
          6964197.3098588735
        ]
      },
      "properties": {
        "junction_id": 36385,
        "veh_id": 11530,
        "sim_time_s": 3193.2,
        "tier": "coord-prearm-harmony/SHOCKWAVE",
        "prearm_status": "fired",
        "focus_role": "none"
      }
    },
    {
      "type": "Feature",
      "geometry": {
        "type": "Point",
        "coordinates": [
          0.0,
          0.0
        ]
      },
      "properties": {
        "junction_id": 36385,
        "veh_id": 11530,
        "sim_time_s": 3193.7,
        "tier": "harmony-no-ge-local",
        "prearm_status": "skip",
        "focus_role": "none"
      }
    },
    {
      "type": "Feature",
      "geometry": {
        "type": "Point",
        "coordinates": [
          500715.9750991549,
          6965021.28412977
        ]
      },
      "properties": {
        "junction_id": 36385,
        "veh_id": 11530,
        "sim_time_s": 3193.7,
        "tier": "coord-prearm-success/SHOCKWAVE",
        "prearm_status": "success",
        "focus_role": "none"
      }
    },
    {
      "type": "Feature",
      "geometry": {
        "type": "Point",
        "coordinates": [
          500610.82622489345,
          6965403.019396002
        ]
      },
      "properties": {
        "junction_id": 39593,
        "veh_id": 11541,
        "sim_time_s": 3195.9,
        "tier": "track-zone",
        "prearm_status": "",
        "focus_role": "none"
      }
    },
    {
      "type": "Feature",
      "geometry": {
        "type": "Point",
        "coordinates": [
          500646.5489073026,
          6965261.004008741
        ]
      },
      "properties": {
        "junction_id": 36385,
        "veh_id": 11541,
        "sim_time_s": 3209.4,
        "tier": "track-zone",
        "prearm_status": "",
        "focus_role": "none"
      }
    },
    {
      "type": "Feature",
      "geometry": {
        "type": "Point",
        "coordinates": [
          500677.6408701774,
          6965195.433821027
        ]
      },
      "properties": {
        "junction_id": 1119660,
        "veh_id": 11568,
        "sim_time_s": 3209.4,
        "tier": "track-zone",
        "prearm_status": "",
        "focus_role": "none"
      }
    },
    {
      "type": "Feature",
      "geometry": {
        "type": "Point",
        "coordinates": [
          500351.70864583936,
          6966101.138986099
        ]
      },
      "properties": {
        "junction_id": 39578,
        "veh_id": 11569,
        "sim_time_s": 3212.1,
        "tier": "track-section",
        "prearm_status": "",
        "focus_role": "none"
      }
    },
    {
      "type": "Feature",
      "geometry": {
        "type": "Point",
        "coordinates": [
          500224.5535983364,
          6966282.774435249
        ]
      },
      "properties": {
        "junction_id": 1043762,
        "veh_id": 11559,
        "sim_time_s": 3214.3,
        "tier": "IC-detect-far",
        "prearm_status": "",
        "focus_role": "none"
      }
    },
    {
      "type": "Feature",
      "geometry": {
        "type": "Point",
        "coordinates": [
          499961.0629284974,
          6967097.270867725
        ]
      },
      "properties": {
        "junction_id": 11118289,
        "veh_id": 11570,
        "sim_time_s": 3214.8,
        "tier": "track-zone",
        "prearm_status": "",
        "focus_role": "none"
      }
    },
    {
      "type": "Feature",
      "geometry": {
        "type": "Point",
        "coordinates": [
          500689.39684460266,
          6964556.588806048
        ]
      },
      "properties": {
        "junction_id": 39590,
        "veh_id": 11535,
        "sim_time_s": 3222.9,
        "tier": "track-zone",
        "prearm_status": "",
        "focus_role": "none"
      }
    },
    {
      "type": "Feature",
      "geometry": {
        "type": "Point",
        "coordinates": [
          0.0,
          0.0
        ]
      },
      "properties": {
        "junction_id": 36385,
        "veh_id": 11568,
        "sim_time_s": 3222.9,
        "tier": "harmony-no-ge-local",
        "prearm_status": "skip",
        "focus_role": "none"
      }
    },
    {
      "type": "Feature",
      "geometry": {
        "type": "Point",
        "coordinates": [
          500715.02203284844,
          6965088.827909386
        ]
      },
      "properties": {
        "junction_id": 36393,
        "veh_id": 11568,
        "sim_time_s": 3226.9,
        "tier": "coord-prearm-harmony/SHOCKWAVE",
        "prearm_status": "fired",
        "focus_role": "none"
      }
    },
    {
      "type": "Feature",
      "geometry": {
        "type": "Point",
        "coordinates": [
          0.0,
          0.0
        ]
      },
      "properties": {
        "junction_id": 36393,
        "veh_id": 11568,
        "sim_time_s": 3227.4,
        "tier": "harmony-no-ge-local",
        "prearm_status": "skip",
        "focus_role": "none"
      }
    },
    {
      "type": "Feature",
      "geometry": {
        "type": "Point",
        "coordinates": [
          500684.0987813321,
          6964756.319799706
        ]
      },
      "properties": {
        "junction_id": 36393,
        "veh_id": 11568,
        "sim_time_s": 3227.4,
        "tier": "coord-prearm-success/SHOCKWAVE",
        "prearm_status": "success",
        "focus_role": "none"
      }
    },
    {
      "type": "Feature",
      "geometry": {
        "type": "Point",
        "coordinates": [
          500715.9261339419,
          6965085.177368495
        ]
      },
      "properties": {
        "junction_id": 39590,
        "veh_id": 11568,
        "sim_time_s": 3230.6,
        "tier": "coord-prearm-harmony/SHOCKWAVE",
        "prearm_status": "fired",
        "focus_role": "none"
      }
    },
    {
      "type": "Feature",
      "geometry": {
        "type": "Point",
        "coordinates": [
          0.0,
          0.0
        ]
      },
      "properties": {
        "junction_id": 39590,
        "veh_id": 11568,
        "sim_time_s": 3231.0,
        "tier": "harmony-ins-local",
        "prearm_status": "action",
        "focus_role": "none"
      }
    },
    {
      "type": "Feature",
      "geometry": {
        "type": "Point",
        "coordinates": [
          500756.5972760396,
          6964319.360583134
        ]
      },
      "properties": {
        "junction_id": 39590,
        "veh_id": 11568,
        "sim_time_s": 3231.0,
        "tier": "coord-prearm-success/SHOCKWAVE",
        "prearm_status": "success",
        "focus_role": "none"
      }
    },
    {
      "type": "Feature",
      "geometry": {
        "type": "Point",
        "coordinates": [
          0.0,
          0.0
        ]
      },
      "properties": {
        "junction_id": 39593,
        "veh_id": 11541,
        "sim_time_s": 3231.0,
        "tier": "harmony-no-ge-local",
        "prearm_status": "skip",
        "focus_role": "none"
      }
    },
    {
      "type": "Feature",
      "geometry": {
        "type": "Point",
        "coordinates": [
          0.0,
          0.0
        ]
      },
      "properties": {
        "junction_id": 39578,
        "veh_id": 11536,
        "sim_time_s": 3231.0,
        "tier": "harmony-no-ge-local",
        "prearm_status": "skip",
        "focus_role": "none"
      }
    },
    {
      "type": "Feature",
      "geometry": {
        "type": "Point",
        "coordinates": [
          500702.64608644386,
          6964937.909215996
        ]
      },
      "properties": {
        "junction_id": 39593,
        "veh_id": 11580,
        "sim_time_s": 3247.2,
        "tier": "track-zone",
        "prearm_status": "",
        "focus_role": "none"
      }
    },
    {
      "type": "Feature",
      "geometry": {
        "type": "Point",
        "coordinates": [
          0.0,
          0.0
        ]
      },
      "properties": {
        "junction_id": 39578,
        "veh_id": 11569,
        "sim_time_s": 3252.6,
        "tier": "harmony-no-ge-local",
        "prearm_status": "skip",
        "focus_role": "none"
      }
    },
    {
      "type": "Feature",
      "geometry": {
        "type": "Point",
        "coordinates": [
          500512.2452699748,
          6965718.254015448
        ]
      },
      "properties": {
        "junction_id": 39578,
        "veh_id": 11558,
        "sim_time_s": 3263.4,
        "tier": "track-zone",
        "prearm_status": "",
        "focus_role": "none"
      }
    },
    {
      "type": "Feature",
      "geometry": {
        "type": "Point",
        "coordinates": [
          500512.2452699748,
          6965718.254015448
        ]
      },
      "properties": {
        "junction_id": 39576,
        "veh_id": 11558,
        "sim_time_s": 3263.4,
        "tier": "IC-detect",
        "prearm_status": "",
        "focus_role": "none"
      }
    },
    {
      "type": "Feature",
      "geometry": {
        "type": "Point",
        "coordinates": [
          499958.2989364977,
          6966952.828899267
        ]
      },
      "properties": {
        "junction_id": 39568,
        "veh_id": 11570,
        "sim_time_s": 3275.6,
        "tier": "track-zone",
        "prearm_status": "",
        "focus_role": "none"
      }
    },
    {
      "type": "Feature",
      "geometry": {
        "type": "Point",
        "coordinates": [
          499963.5232231463,
          6966886.251248158
        ]
      },
      "properties": {
        "junction_id": 39572,
        "veh_id": 11570,
        "sim_time_s": 3279.6,
        "tier": "track-zone",
        "prearm_status": "",
        "focus_role": "none"
      }
    },
    {
      "type": "Feature",
      "geometry": {
        "type": "Point",
        "coordinates": [
          500332.3383020793,
          6965661.058933182
        ]
      },
      "properties": {
        "junction_id": 39576,
        "veh_id": 11547,
        "sim_time_s": 3280.9,
        "tier": "IC-detect",
        "prearm_status": "",
        "focus_role": "none"
      }
    },
    {
      "type": "Feature",
      "geometry": {
        "type": "Point",
        "coordinates": [
          500729.5596917379,
          6964411.124266233
        ]
      },
      "properties": {
        "junction_id": 39606,
        "veh_id": 11535,
        "sim_time_s": 3283.7,
        "tier": "track-zone",
        "prearm_status": "",
        "focus_role": "none"
      }
    },
    {
      "type": "Feature",
      "geometry": {
        "type": "Point",
        "coordinates": [
          500707.09320563794,
          6964996.300955361
        ]
      },
      "properties": {
        "junction_id": 36385,
        "veh_id": 11580,
        "sim_time_s": 3283.7,
        "tier": "IC-detect",
        "prearm_status": "",
        "focus_role": "none"
      }
    },
    {
      "type": "Feature",
      "geometry": {
        "type": "Point",
        "coordinates": [
          0.0,
          0.0
        ]
      },
      "properties": {
        "junction_id": 39572,
        "veh_id": 11570,
        "sim_time_s": 3293.1,
        "tier": "harmony-no-ge-local",
        "prearm_status": "skip",
        "focus_role": "none"
      }
    },
    {
      "type": "Feature",
      "geometry": {
        "type": "Point",
        "coordinates": [
          500009.96606645,
          6966674.357471685
        ]
      },
      "properties": {
        "junction_id": 39569,
        "veh_id": 11570,
        "sim_time_s": 3294.4,
        "tier": "track-zone",
        "prearm_status": "",
        "focus_role": "none"
      }
    },
    {
      "type": "Feature",
      "geometry": {
        "type": "Point",
        "coordinates": [
          0.0,
          0.0
        ]
      },
      "properties": {
        "junction_id": 39606,
        "veh_id": 11535,
        "sim_time_s": 3298.5,
        "tier": "harmony-no-ge-local",
        "prearm_status": "skip",
        "focus_role": "none"
      }
    },
    {
      "type": "Feature",
      "geometry": {
        "type": "Point",
        "coordinates": [
          500678.3961250357,
          6964732.404015213
        ]
      },
      "properties": {
        "junction_id": 36393,
        "veh_id": 11530,
        "sim_time_s": 3307.5,
        "tier": "IC-detect",
        "prearm_status": "",
        "focus_role": "none"
      }
    },
    {
      "type": "Feature",
      "geometry": {
        "type": "Point",
        "coordinates": [
          0.0,
          0.0
        ]
      },
      "properties": {
        "junction_id": 39593,
        "veh_id": 11580,
        "sim_time_s": 3314.7,
        "tier": "harmony-no-ge-local",
        "prearm_status": "skip",
        "focus_role": "none"
      }
    },
    {
      "type": "Feature",
      "geometry": {
        "type": "Point",
        "coordinates": [
          500683.5000475314,
          6965101.357888767
        ]
      },
      "properties": {
        "junction_id": 10157950,
        "veh_id": 11580,
        "sim_time_s": 3316.1,
        "tier": "track-zone",
        "prearm_status": "",
        "focus_role": "none"
      }
    },
    {
      "type": "Feature",
      "geometry": {
        "type": "Point",
        "coordinates": [
          500512.40084617416,
          6965708.7068585055
        ]
      },
      "properties": {
        "junction_id": 39587,
        "veh_id": 11558,
        "sim_time_s": 3320.1,
        "tier": "track-zone",
        "prearm_status": "",
        "focus_role": "none"
      }
    },
    {
      "type": "Feature",
      "geometry": {
        "type": "Point",
        "coordinates": [
          500729.12551908306,
          6965001.343811167
        ]
      },
      "properties": {
        "junction_id": 36393,
        "veh_id": 11541,
        "sim_time_s": 3321.4,
        "tier": "track-zone",
        "prearm_status": "",
        "focus_role": "none"
      }
    },
    {
      "type": "Feature",
      "geometry": {
        "type": "Point",
        "coordinates": [
          500518.8549638954,
          6965647.737264017
        ]
      },
      "properties": {
        "junction_id": 1119660,
        "veh_id": 11558,
        "sim_time_s": 3328.2,
        "tier": "track-zone",
        "prearm_status": "",
        "focus_role": "none"
      }
    },
    {
      "type": "Feature",
      "geometry": {
        "type": "Point",
        "coordinates": [
          500717.2391066841,
          6964914.588230183
        ]
      },
      "properties": {
        "junction_id": 36385,
        "veh_id": 11541,
        "sim_time_s": 3329.6,
        "tier": "IC-detect",
        "prearm_status": "",
        "focus_role": "none"
      }
    },
    {
      "type": "Feature",
      "geometry": {
        "type": "Point",
        "coordinates": [
          0.0,
          0.0
        ]
      },
      "properties": {
        "junction_id": 36385,
        "veh_id": 11541,
        "sim_time_s": 3329.6,
        "tier": "harmony-no-ge-local",
        "prearm_status": "skip",
        "focus_role": "none"
      }
    },
    {
      "type": "Feature",
      "geometry": {
        "type": "Point",
        "coordinates": [
          0.0,
          0.0
        ]
      },
      "properties": {
        "junction_id": 36393,
        "veh_id": 11541,
        "sim_time_s": 3332.2,
        "tier": "harmony-no-ge-local",
        "prearm_status": "skip",
        "focus_role": "none"
      }
    },
    {
      "type": "Feature",
      "geometry": {
        "type": "Point",
        "coordinates": [
          500314.8469235343,
          6966145.306424794
        ]
      },
      "properties": {
        "junction_id": 1043762,
        "veh_id": 11559,
        "sim_time_s": 3334.5,
        "tier": "IC-detect-far",
        "prearm_status": "",
        "focus_role": "none"
      }
    },
    {
      "type": "Feature",
      "geometry": {
        "type": "Point",
        "coordinates": [
          500679.5005116717,
          6964775.46327822
        ]
      },
      "properties": {
        "junction_id": 36385,
        "veh_id": 11530,
        "sim_time_s": 3334.9,
        "tier": "track-zone",
        "prearm_status": "",
        "focus_role": "none"
      }
    },
    {
      "type": "Feature",
      "geometry": {
        "type": "Point",
        "coordinates": [
          500704.5690101355,
          6964859.1993889725
        ]
      },
      "properties": {
        "junction_id": 39590,
        "veh_id": 11541,
        "sim_time_s": 3336.3,
        "tier": "coord-prearm-harmony/SHOCKWAVE",
        "prearm_status": "fired",
        "focus_role": "none"
      }
    },
    {
      "type": "Feature",
      "geometry": {
        "type": "Point",
        "coordinates": [
          0.0,
          0.0
        ]
      },
      "properties": {
        "junction_id": 39590,
        "veh_id": 11541,
        "sim_time_s": 3336.8,
        "tier": "harmony-no-ge-local",
        "prearm_status": "skip",
        "focus_role": "none"
      }
    },
    {
      "type": "Feature",
      "geometry": {
        "type": "Point",
        "coordinates": [
          500756.5972760396,
          6964319.360583134
        ]
      },
      "properties": {
        "junction_id": 39590,
        "veh_id": 11541,
        "sim_time_s": 3336.8,
        "tier": "coord-prearm-success/SHOCKWAVE",
        "prearm_status": "success",
        "focus_role": "none"
      }
    },
    {
      "type": "Feature",
      "geometry": {
        "type": "Point",
        "coordinates": [
          0.0,
          0.0
        ]
      },
      "properties": {
        "junction_id": 39569,
        "veh_id": 11570,
        "sim_time_s": 3339.0,
        "tier": "harmony-no-ge-local",
        "prearm_status": "skip",
        "focus_role": "none"
      }
    },
    {
      "type": "Feature",
      "geometry": {
        "type": "Point",
        "coordinates": [
          500660.2346512185,
          6965185.482849613
        ]
      },
      "properties": {
        "junction_id": 1119660,
        "veh_id": 11580,
        "sim_time_s": 3341.7,
        "tier": "track-zone",
        "prearm_status": "",
        "focus_role": "none"
      }
    },
    {
      "type": "Feature",
      "geometry": {
        "type": "Point",
        "coordinates": [
          500635.3582894798,
          6965241.795221382
        ]
      },
      "properties": {
        "junction_id": 39587,
        "veh_id": 11580,
        "sim_time_s": 3345.8,
        "tier": "track-zone",
        "prearm_status": "",
        "focus_role": "none"
      }
    },
    {
      "type": "Feature",
      "geometry": {
        "type": "Point",
        "coordinates": [
          0.0,
          0.0
        ]
      },
      "properties": {
        "junction_id": 39576,
        "veh_id": 11547,
        "sim_time_s": 3347.1,
        "tier": "harmony-no-ge-local",
        "prearm_status": "skip",
        "focus_role": "none"
      }
    },
    {
      "type": "Feature",
      "geometry": {
        "type": "Point",
        "coordinates": [
          500701.1052516169,
          6964833.613402124
        ]
      },
      "properties": {
        "junction_id": 36393,
        "veh_id": 11568,
        "sim_time_s": 3347.6,
        "tier": "IC-detect",
        "prearm_status": "",
        "focus_role": "none"
      }
    },
    {
      "type": "Feature",
      "geometry": {
        "type": "Point",
        "coordinates": [
          500702.8067748586,
          6964939.239484969
        ]
      },
      "properties": {
        "junction_id": 39593,
        "veh_id": 11530,
        "sim_time_s": 3351.2,
        "tier": "track-zone",
        "prearm_status": "",
        "focus_role": "none"
      }
    },
    {
      "type": "Feature",
      "geometry": {
        "type": "Point",
        "coordinates": [
          500469.11762429157,
          6966001.556747648
        ]
      },
      "properties": {
        "junction_id": 39578,
        "veh_id": 11536,
        "sim_time_s": 3351.2,
        "tier": "IC-detect",
        "prearm_status": "",
        "focus_role": "none"
      }
    },
    {
      "type": "Feature",
      "geometry": {
        "type": "Point",
        "coordinates": [
          0.0,
          0.0
        ]
      },
      "properties": {
        "junction_id": 39587,
        "veh_id": 11558,
        "sim_time_s": 3359.2,
        "tier": "harmony-no-ge-local",
        "prearm_status": "skip",
        "focus_role": "none"
      }
    },
    {
      "type": "Feature",
      "geometry": {
        "type": "Point",
        "coordinates": [
          500124.4698845014,
          6966444.241248693
        ]
      },
      "properties": {
        "junction_id": 1043762,
        "veh_id": 11570,
        "sim_time_s": 3370.1,
        "tier": "track-zone",
        "prearm_status": "",
        "focus_role": "none"
      }
    },
    {
      "type": "Feature",
      "geometry": {
        "type": "Point",
        "coordinates": [
          500408.641402512,
          6966051.548737167
        ]
      },
      "properties": {
        "junction_id": 39578,
        "veh_id": 11569,
        "sim_time_s": 3372.8,
        "tier": "IC-detect",
        "prearm_status": "",
        "focus_role": "none"
      }
    },
    {
      "type": "Feature",
      "geometry": {
        "type": "Point",
        "coordinates": [
          500689.22495187557,
          6964559.458528255
        ]
      },
      "properties": {
        "junction_id": 39590,
        "veh_id": 11568,
        "sim_time_s": 3375.4,
        "tier": "track-zone",
        "prearm_status": "",
        "focus_role": "none"
      }
    },
    {
      "type": "Feature",
      "geometry": {
        "type": "Point",
        "coordinates": [
          500541.75631418126,
          6965592.425339692
        ]
      },
      "properties": {
        "junction_id": 39576,
        "veh_id": 11558,
        "sim_time_s": 3383.6,
        "tier": "IC-detect",
        "prearm_status": "",
        "focus_role": "none"
      }
    },
    {
      "type": "Feature",
      "geometry": {
        "type": "Point",
        "coordinates": [
          500451.90204847953,
          6965695.77911499
        ]
      },
      "properties": {
        "junction_id": 39578,
        "veh_id": 11547,
        "sim_time_s": 3384.9,
        "tier": "track-zone",
        "prearm_status": "",
        "focus_role": "none"
      }
    },
    {
      "type": "Feature",
      "geometry": {
        "type": "Point",
        "coordinates": [
          0.0,
          0.0
        ]
      },
      "properties": {
        "junction_id": 39587,
        "veh_id": 11580,
        "sim_time_s": 3390.3,
        "tier": "harmony-no-ge-local",
        "prearm_status": "skip",
        "focus_role": "none"
      }
    },
    {
      "type": "Feature",
      "geometry": {
        "type": "Point",
        "coordinates": [
          500571.8607440207,
          6965460.964170292
        ]
      },
      "properties": {
        "junction_id": 39576,
        "veh_id": 11580,
        "sim_time_s": 3394.3,
        "tier": "track-zone",
        "prearm_status": "",
        "focus_role": "none"
      }
    },
    {
      "type": "Feature",
      "geometry": {
        "type": "Point",
        "coordinates": [
          0.0,
          0.0
        ]
      },
      "properties": {
        "junction_id": 1043762,
        "veh_id": 11559,
        "sim_time_s": 3395.7,
        "tier": "harmony-no-ge-local",
        "prearm_status": "skip",
        "focus_role": "none"
      }
    },
    {
      "type": "Feature",
      "geometry": {
        "type": "Point",
        "coordinates": [
          0.0,
          0.0
        ]
      },
      "properties": {
        "junction_id": 39576,
        "veh_id": 11580,
        "sim_time_s": 3409.2,
        "tier": "harmony-no-ge-local",
        "prearm_status": "skip",
        "focus_role": "none"
      }
    },
    {
      "type": "Feature",
      "geometry": {
        "type": "Point",
        "coordinates": [
          0.0,
          0.0
        ]
      },
      "properties": {
        "junction_id": 1043762,
        "veh_id": 11570,
        "sim_time_s": 3409.2,
        "tier": "harmony-no-ge-local",
        "prearm_status": "skip",
        "focus_role": "none"
      }
    },
    {
      "type": "Feature",
      "geometry": {
        "type": "Point",
        "coordinates": [
          500552.76240988786,
          6965568.538819033
        ]
      },
      "properties": {
        "junction_id": 10157950,
        "veh_id": 11558,
        "sim_time_s": 3413.2,
        "tier": "track-zone",
        "prearm_status": "",
        "focus_role": "none"
      }
    },
    {
      "type": "Feature",
      "geometry": {
        "type": "Point",
        "coordinates": [
          500946.18332170724,
          6964035.9600085355
        ]
      },
      "properties": {
        "junction_id": 39606,
        "veh_id": 11554,
        "sim_time_s": 3421.8,
        "tier": "IC-detect",
        "prearm_status": "",
        "focus_role": "none"
      }
    },
    {
      "type": "Feature",
      "geometry": {
        "type": "Point",
        "coordinates": [
          0.0,
          0.0
        ]
      },
      "properties": {
        "junction_id": 39606,
        "veh_id": 11554,
        "sim_time_s": 3421.8,
        "tier": "harmony-no-ge-local",
        "prearm_status": "skip",
        "focus_role": "none"
      }
    },
    {
      "type": "Feature",
      "geometry": {
        "type": "Point",
        "coordinates": [
          500491.918601094,
          6965692.460446875
        ]
      },
      "properties": {
        "junction_id": 39578,
        "veh_id": 11580,
        "sim_time_s": 3424.1,
        "tier": "track-zone",
        "prearm_status": "",
        "focus_role": "none"
      }
    },
    {
      "type": "Feature",
      "geometry": {
        "type": "Point",
        "coordinates": [
          500929.78819235426,
          6964062.162482379
        ]
      },
      "properties": {
        "junction_id": 39590,
        "veh_id": 11554,
        "sim_time_s": 3424.9,
        "tier": "coord-prearm-harmony/SHOCKWAVE",
        "prearm_status": "fired",
        "focus_role": "none"
      }
    },
    {
      "type": "Feature",
      "geometry": {
        "type": "Point",
        "coordinates": [
          500730.0026462503,
          6964409.90607592
        ]
      },
      "properties": {
        "junction_id": 39606,
        "veh_id": 11568,
        "sim_time_s": 3425.4,
        "tier": "track-zone",
        "prearm_status": "",
        "focus_role": "none"
      }
    },
    {
      "type": "Feature",
      "geometry": {
        "type": "Point",
        "coordinates": [
          0.0,
          0.0
        ]
      },
      "properties": {
        "junction_id": 39590,
        "veh_id": 11554,
        "sim_time_s": 3425.4,
        "tier": "harmony-no-ge-local",
        "prearm_status": "skip",
        "focus_role": "none"
      }
    },
    {
      "type": "Feature",
      "geometry": {
        "type": "Point",
        "coordinates": [
          500756.5972760396,
          6964319.360583134
        ]
      },
      "properties": {
        "junction_id": 39590,
        "veh_id": 11554,
        "sim_time_s": 3425.4,
        "tier": "coord-prearm-success/SHOCKWAVE",
        "prearm_status": "success",
        "focus_role": "none"
      }
    },
    {
      "type": "Feature",
      "geometry": {
        "type": "Point",
        "coordinates": [
          500912.63350324694,
          6964083.317013708
        ]
      },
      "properties": {
        "junction_id": 36393,
        "veh_id": 11554,
        "sim_time_s": 3428.6,
        "tier": "coord-prearm-harmony/SHOCKWAVE",
        "prearm_status": "fired",
        "focus_role": "none"
      }
    },
    {
      "type": "Feature",
      "geometry": {
        "type": "Point",
        "coordinates": [
          0.0,
          0.0
        ]
      },
      "properties": {
        "junction_id": 36393,
        "veh_id": 11554,
        "sim_time_s": 3429.0,
        "tier": "harmony-no-ge-local",
        "prearm_status": "skip",
        "focus_role": "none"
      }
    },
    {
      "type": "Feature",
      "geometry": {
        "type": "Point",
        "coordinates": [
          500684.0987813321,
          6964756.319799706
        ]
      },
      "properties": {
        "junction_id": 36393,
        "veh_id": 11554,
        "sim_time_s": 3429.0,
        "tier": "coord-prearm-success/SHOCKWAVE",
        "prearm_status": "success",
        "focus_role": "none"
      }
    },
    {
      "type": "Feature",
      "geometry": {
        "type": "Point",
        "coordinates": [
          500909.04740348633,
          6964088.399606772
        ]
      },
      "properties": {
        "junction_id": 36385,
        "veh_id": 11554,
        "sim_time_s": 3434.8,
        "tier": "coord-prearm-harmony/SHOCKWAVE",
        "prearm_status": "fired",
        "focus_role": "none"
      }
    },
    {
      "type": "Feature",
      "geometry": {
        "type": "Point",
        "coordinates": [
          0.0,
          0.0
        ]
      },
      "properties": {
        "junction_id": 36385,
        "veh_id": 11554,
        "sim_time_s": 3435.3,
        "tier": "harmony-ins-local",
        "prearm_status": "action",
        "focus_role": "none"
      }
    },
    {
      "type": "Feature",
      "geometry": {
        "type": "Point",
        "coordinates": [
          500715.9750991549,
          6965021.28412977
        ]
      },
      "properties": {
        "junction_id": 36385,
        "veh_id": 11554,
        "sim_time_s": 3435.3,
        "tier": "coord-prearm-success/SHOCKWAVE",
        "prearm_status": "success",
        "focus_role": "none"
      }
    },
    {
      "type": "Feature",
      "geometry": {
        "type": "Point",
        "coordinates": [
          500531.2927359538,
          6965935.595127964
        ]
      },
      "properties": {
        "junction_id": 39576,
        "veh_id": 11536,
        "sim_time_s": 3449.7,
        "tier": "track-zone",
        "prearm_status": "",
        "focus_role": "none"
      }
    },
    {
      "type": "Feature",
      "geometry": {
        "type": "Point",
        "coordinates": [
          500579.55375883006,
          6965498.420663967
        ]
      },
      "properties": {
        "junction_id": 1119660,
        "veh_id": 11558,
        "sim_time_s": 3449.7,
        "tier": "track-zone",
        "prearm_status": "",
        "focus_role": "none"
      }
    },
    {
      "type": "Feature",
      "geometry": {
        "type": "Point",
        "coordinates": [
          500350.86323426315,
          6966102.052871283
        ]
      },
      "properties": {
        "junction_id": 39578,
        "veh_id": 11559,
        "sim_time_s": 3453.8,
        "tier": "track-section",
        "prearm_status": "",
        "focus_role": "none"
      }
    },
    {
      "type": "Feature",
      "geometry": {
        "type": "Point",
        "coordinates": [
          500793.4091593244,
          6965043.6867634645
        ]
      },
      "properties": {
        "junction_id": 36385,
        "veh_id": 11530,
        "sim_time_s": 3455.1,
        "tier": "IC-detect",
        "prearm_status": "",
        "focus_role": "none"
      }
    },
    {
      "type": "Feature",
      "geometry": {
        "type": "Point",
        "coordinates": [
          500730.45811402355,
          6964408.8008619975
        ]
      },
      "properties": {
        "junction_id": 39606,
        "veh_id": 11541,
        "sim_time_s": 3456.4,
        "tier": "track-zone",
        "prearm_status": "",
        "focus_role": "none"
      }
    },
    {
      "type": "Feature",
      "geometry": {
        "type": "Point",
        "coordinates": [
          500730.45811402355,
          6964408.8008619975
        ]
      },
      "properties": {
        "junction_id": 39590,
        "veh_id": 11541,
        "sim_time_s": 3456.9,
        "tier": "IC-detect",
        "prearm_status": "",
        "focus_role": "none"
      }
    },
    {
      "type": "Feature",
      "geometry": {
        "type": "Point",
        "coordinates": [
          500496.10082692525,
          6965702.886847102
        ]
      },
      "properties": {
        "junction_id": 39587,
        "veh_id": 11547,
        "sim_time_s": 3459.2,
        "tier": "track-zone",
        "prearm_status": "",
        "focus_role": "none"
      }
    },
    {
      "type": "Feature",
      "geometry": {
        "type": "Point",
        "coordinates": [
          0.0,
          0.0
        ]
      },
      "properties": {
        "junction_id": 39578,
        "veh_id": 11580,
        "sim_time_s": 3459.2,
        "tier": "harmony-no-ge-local",
        "prearm_status": "skip",
        "focus_role": "none"
      }
    },
    {
      "type": "Feature",
      "geometry": {
        "type": "Point",
        "coordinates": [
          0.0,
          0.0
        ]
      },
      "properties": {
        "junction_id": 39606,
        "veh_id": 11568,
        "sim_time_s": 3460.5,
        "tier": "harmony-no-ge-local",
        "prearm_status": "skip",
        "focus_role": "none"
      }
    },
    {
      "type": "Feature",
      "geometry": {
        "type": "Point",
        "coordinates": [
          500515.4905810499,
          6965648.537496738
        ]
      },
      "properties": {
        "junction_id": 1119660,
        "veh_id": 11547,
        "sim_time_s": 3465.9,
        "tier": "track-zone",
        "prearm_status": "",
        "focus_role": "none"
      }
    },
    {
      "type": "Feature",
      "geometry": {
        "type": "Point",
        "coordinates": [
          500517.31897985435,
          6965642.618678425
        ]
      },
      "properties": {
        "junction_id": 39576,
        "veh_id": 11547,
        "sim_time_s": 3467.2,
        "tier": "IC-detect",
        "prearm_status": "",
        "focus_role": "none"
      }
    },
    {
      "type": "Feature",
      "geometry": {
        "type": "Point",
        "coordinates": [
          500538.5570718668,
          6965910.573072056
        ]
      },
      "properties": {
        "junction_id": 39578,
        "veh_id": 11536,
        "sim_time_s": 3471.3,
        "tier": "IC-detect",
        "prearm_status": "",
        "focus_role": "none"
      }
    },
    {
      "type": "Feature",
      "geometry": {
        "type": "Point",
        "coordinates": [
          500832.65862180066,
          6965061.316375062
        ]
      },
      "properties": {
        "junction_id": 39593,
        "veh_id": 11530,
        "sim_time_s": 3472.7,
        "tier": "track-zone",
        "prearm_status": "",
        "focus_role": "none"
      }
    },
    {
      "type": "Feature",
      "geometry": {
        "type": "Point",
        "coordinates": [
          500402.47132381966,
          6966035.740261924
        ]
      },
      "properties": {
        "junction_id": 1043762,
        "veh_id": 11580,
        "sim_time_s": 3478.1,
        "tier": "track-zone",
        "prearm_status": "",
        "focus_role": "none"
      }
    },
    {
      "type": "Feature",
      "geometry": {
        "type": "Point",
        "coordinates": [
          500579.55375883006,
          6965498.420663967
        ]
      },
      "properties": {
        "junction_id": 39587,
        "veh_id": 11558,
        "sim_time_s": 3479.4,
        "tier": "IC-detect",
        "prearm_status": "",
        "focus_role": "none"
      }
    },
    {
      "type": "Feature",
      "geometry": {
        "type": "Point",
        "coordinates": [
          0.0,
          0.0
        ]
      },
      "properties": {
        "junction_id": 1043762,
        "veh_id": 11580,
        "sim_time_s": 3480.8,
        "tier": "harmony-no-ge-local",
        "prearm_status": "skip",
        "focus_role": "none"
      }
    },
    {
      "type": "Feature",
      "geometry": {
        "type": "Point",
        "coordinates": [
          500356.6871730836,
          6966079.301370905
        ]
      },
      "properties": {
        "junction_id": 39569,
        "veh_id": 11580,
        "sim_time_s": 3483.0,
        "tier": "coord-prearm-harmony/SHOCKWAVE",
        "prearm_status": "fired",
        "focus_role": "none"
      }
    },
    {
      "type": "Feature",
      "geometry": {
        "type": "Point",
        "coordinates": [
          0.0,
          0.0
        ]
      },
      "properties": {
        "junction_id": 39569,
        "veh_id": 11580,
        "sim_time_s": 3483.4,
        "tier": "harmony-no-ge-local",
        "prearm_status": "skip",
        "focus_role": "none"
      }
    },
    {
      "type": "Feature",
      "geometry": {
        "type": "Point",
        "coordinates": [
          500105.32496907446,
          6966447.427635934
        ]
      },
      "properties": {
        "junction_id": 39569,
        "veh_id": 11580,
        "sim_time_s": 3483.4,
        "tier": "coord-prearm-success/SHOCKWAVE",
        "prearm_status": "success",
        "focus_role": "none"
      }
    },
    {
      "type": "Feature",
      "geometry": {
        "type": "Point",
        "coordinates": [
          500300.67801238765,
          6966140.592968748
        ]
      },
      "properties": {
        "junction_id": 39572,
        "veh_id": 11580,
        "sim_time_s": 3488.4,
        "tier": "coord-prearm-harmony/SHOCKWAVE",
        "prearm_status": "fired",
        "focus_role": "none"
      }
    },
    {
      "type": "Feature",
      "geometry": {
        "type": "Point",
        "coordinates": [
          0.0,
          0.0
        ]
      },
      "properties": {
        "junction_id": 39572,
        "veh_id": 11580,
        "sim_time_s": 3488.8,
        "tier": "harmony-no-ge-local",
        "prearm_status": "skip",
        "focus_role": "none"
      }
    },
    {
      "type": "Feature",
      "geometry": {
        "type": "Point",
        "coordinates": [
          500012.2556836749,
          6966653.44887729
        ]
      },
      "properties": {
        "junction_id": 39572,
        "veh_id": 11580,
        "sim_time_s": 3488.8,
        "tier": "coord-prearm-success/SHOCKWAVE",
        "prearm_status": "success",
        "focus_role": "none"
      }
    },
    {
      "type": "Feature",
      "geometry": {
        "type": "Point",
        "coordinates": [
          500482.3976525393,
          6965990.581864354
        ]
      },
      "properties": {
        "junction_id": 39578,
        "veh_id": 11569,
        "sim_time_s": 3492.9,
        "tier": "IC-detect-far",
        "prearm_status": "",
        "focus_role": "none"
      }
    },
    {
      "type": "Feature",
      "geometry": {
        "type": "Point",
        "coordinates": [
          499514.57078320807,
          6966653.180045404
        ]
      },
      "properties": {
        "junction_id": 39572,
        "veh_id": 11537,
        "sim_time_s": 3493.3,
        "tier": "IC-detect",
        "prearm_status": "",
        "focus_role": "none"
      }
    },
    {
      "type": "Feature",
      "geometry": {
        "type": "Point",
        "coordinates": [
          0.0,
          0.0
        ]
      },
      "properties": {
        "junction_id": 36385,
        "veh_id": 11530,
        "sim_time_s": 3495.6,
        "tier": "harmony-no-ge-local",
        "prearm_status": "skip",
        "focus_role": "none"
      }
    },
    {
      "type": "Feature",
      "geometry": {
        "type": "Point",
        "coordinates": [
          0.0,
          0.0
        ]
      },
      "properties": {
        "junction_id": 39593,
        "veh_id": 11530,
        "sim_time_s": 3501.9,
        "tier": "harmony-no-ge-local",
        "prearm_status": "skip",
        "focus_role": "none"
      }
    },
    {
      "type": "Feature",
      "geometry": {
        "type": "Point",
        "coordinates": [
          0.0,
          0.0
        ]
      },
      "properties": {
        "junction_id": 39572,
        "veh_id": 11537,
        "sim_time_s": 3504.6,
        "tier": "harmony-no-ge-local",
        "prearm_status": "skip",
        "focus_role": "none"
      }
    },
    {
      "type": "Feature",
      "geometry": {
        "type": "Point",
        "coordinates": [
          499758.95152868633,
          6966605.914040163
        ]
      },
      "properties": {
        "junction_id": 39568,
        "veh_id": 11537,
        "sim_time_s": 3509.1,
        "tier": "track-zone",
        "prearm_status": "",
        "focus_role": "none"
      }
    },
    {
      "type": "Feature",
      "geometry": {
        "type": "Point",
        "coordinates": [
          500385.30804430647,
          6966070.967018413
        ]
      },
      "properties": {
        "junction_id": 1043762,
        "veh_id": 11559,
        "sim_time_s": 3515.8,
        "tier": "IC-detect-far",
        "prearm_status": "",
        "focus_role": "none"
      }
    },
    {
      "type": "Feature",
      "geometry": {
        "type": "Point",
        "coordinates": [
          499882.96813937416,
          6966545.551628993
        ]
      },
      "properties": {
        "junction_id": 39569,
        "veh_id": 11537,
        "sim_time_s": 3518.6,
        "tier": "track-zone",
        "prearm_status": "",
        "focus_role": "none"
      }
    },
    {
      "type": "Feature",
      "geometry": {
        "type": "Point",
        "coordinates": [
          500239.6073209866,
          6966250.15892949
        ]
      },
      "properties": {
        "junction_id": 1043762,
        "veh_id": 11570,
        "sim_time_s": 3529.3,
        "tier": "IC-detect",
        "prearm_status": "",
        "focus_role": "none"
      }
    },
    {
      "type": "Feature",
      "geometry": {
        "type": "Point",
        "coordinates": [
          500599.74799706234,
          6965438.455468579
        ]
      },
      "properties": {
        "junction_id": 10157950,
        "veh_id": 11558,
        "sim_time_s": 3534.8,
        "tier": "track-zone",
        "prearm_status": "",
        "focus_role": "none"
      }
    },
    {
      "type": "Feature",
      "geometry": {
        "type": "Point",
        "coordinates": [
          500239.6073209866,
          6966250.15892949
        ]
      },
      "properties": {
        "junction_id": 39569,
        "veh_id": 11570,
        "sim_time_s": 3537.4,
        "tier": "track-zone",
        "prearm_status": "",
        "focus_role": "none"
      }
    },
    {
      "type": "Feature",
      "geometry": {
        "type": "Point",
        "coordinates": [
          500610.16388112836,
          6965405.383476545
        ]
      },
      "properties": {
        "junction_id": 39593,
        "veh_id": 11558,
        "sim_time_s": 3541.5,
        "tier": "track-zone",
        "prearm_status": "",
        "focus_role": "none"
      }
    },
    {
      "type": "Feature",
      "geometry": {
        "type": "Point",
        "coordinates": [
          500761.65587816475,
          6964288.241610826
        ]
      },
      "properties": {
        "junction_id": 39606,
        "veh_id": 11554,
        "sim_time_s": 3544.2,
        "tier": "track-zone",
        "prearm_status": "",
        "focus_role": "none"
      }
    },
    {
      "type": "Feature",
      "geometry": {
        "type": "Point",
        "coordinates": [
          500761.65587816475,
          6964288.241610826
        ]
      },
      "properties": {
        "junction_id": 39590,
        "veh_id": 11554,
        "sim_time_s": 3545.6,
        "tier": "IC-detect",
        "prearm_status": "",
        "focus_role": "none"
      }
    },
    {
      "type": "Feature",
      "geometry": {
        "type": "Point",
        "coordinates": [
          500650.51457735494,
          6965251.511900841
        ]
      },
      "properties": {
        "junction_id": 36385,
        "veh_id": 11558,
        "sim_time_s": 3552.3,
        "tier": "track-zone",
        "prearm_status": "",
        "focus_role": "none"
      }
    },
    {
      "type": "Feature",
      "geometry": {
        "type": "Point",
        "coordinates": [
          0.0,
          0.0
        ]
      },
      "properties": {
        "junction_id": 39593,
        "veh_id": 11558,
        "sim_time_s": 3552.3,
        "tier": "harmony-no-ge-local",
        "prearm_status": "skip",
        "focus_role": "none"
      }
    },
    {
      "type": "Feature",
      "geometry": {
        "type": "Point",
        "coordinates": [
          500079.1568709363,
          6966483.194579586
        ]
      },
      "properties": {
        "junction_id": 39568,
        "veh_id": 11580,
        "sim_time_s": 3555.0,
        "tier": "track-zone",
        "prearm_status": "",
        "focus_role": "none"
      }
    },
    {
      "type": "Feature",
      "geometry": {
        "type": "Point",
        "coordinates": [
          0.0,
          0.0
        ]
      },
      "properties": {
        "junction_id": 39578,
        "veh_id": 11559,
        "sim_time_s": 3556.3,
        "tier": "harmony-no-ge-local",
        "prearm_status": "skip",
        "focus_role": "none"
      }
    },
    {
      "type": "Feature",
      "geometry": {
        "type": "Point",
        "coordinates": [
          0.0,
          0.0
        ]
      },
      "properties": {
        "junction_id": 39578,
        "veh_id": 11569,
        "sim_time_s": 3559.1,
        "tier": "harmony-no-ge-local",
        "prearm_status": "skip",
        "focus_role": "none"
      }
    },
    {
      "type": "Feature",
      "geometry": {
        "type": "Point",
        "coordinates": [
          0.0,
          0.0
        ]
      },
      "properties": {
        "junction_id": 39569,
        "veh_id": 11537,
        "sim_time_s": 3561.8,
        "tier": "harmony-no-ge-local",
        "prearm_status": "skip",
        "focus_role": "none"
      }
    },
    {
      "type": "Feature",
      "geometry": {
        "type": "Point",
        "coordinates": [
          500068.1054970856,
          6966456.740640674
        ]
      },
      "properties": {
        "junction_id": 1043762,
        "veh_id": 11537,
        "sim_time_s": 3564.9,
        "tier": "coord-prearm-harmony/SHOCKWAVE",
        "prearm_status": "fired",
        "focus_role": "none"
      }
    },
    {
      "type": "Feature",
      "geometry": {
        "type": "Point",
        "coordinates": [
          0.0,
          0.0
        ]
      },
      "properties": {
        "junction_id": 1043762,
        "veh_id": 11537,
        "sim_time_s": 3565.3,
        "tier": "harmony-no-ge-local",
        "prearm_status": "skip",
        "focus_role": "none"
      }
    },
    {
      "type": "Feature",
      "geometry": {
        "type": "Point",
        "coordinates": [
          500248.43905837496,
          6966228.103814566
        ]
      },
      "properties": {
        "junction_id": 1043762,
        "veh_id": 11537,
        "sim_time_s": 3565.3,
        "tier": "coord-prearm-success/SHOCKWAVE",
        "prearm_status": "success",
        "focus_role": "none"
      }
    },
    {
      "type": "Feature",
      "geometry": {
        "type": "Point",
        "coordinates": [
          0.0,
          0.0
        ]
      },
      "properties": {
        "junction_id": 39606,
        "veh_id": 11541,
        "sim_time_s": 3567.2,
        "tier": "harmony-no-ge-local",
        "prearm_status": "skip",
        "focus_role": "none"
      }
    },
    {
      "type": "Feature",
      "geometry": {
        "type": "Point",
        "coordinates": [
          500525.27621038386,
          6965840.092462768
        ]
      },
      "properties": {
        "junction_id": 39576,
        "veh_id": 11536,
        "sim_time_s": 3571.2,
        "tier": "track-zone",
        "prearm_status": "",
        "focus_role": "none"
      }
    },
    {
      "type": "Feature",
      "geometry": {
        "type": "Point",
        "coordinates": [
          500548.6786977959,
          6965570.205084213
        ]
      },
      "properties": {
        "junction_id": 10157950,
        "veh_id": 11547,
        "sim_time_s": 3571.2,
        "tier": "track-zone",
        "prearm_status": "",
        "focus_role": "none"
      }
    },
    {
      "type": "Feature",
      "geometry": {
        "type": "Point",
        "coordinates": [
          500673.0921388951,
          6965204.326454525
        ]
      },
      "properties": {
        "junction_id": 1119660,
        "veh_id": 11558,
        "sim_time_s": 3571.2,
        "tier": "track-zone",
        "prearm_status": "",
        "focus_role": "none"
      }
    },
    {
      "type": "Feature",
      "geometry": {
        "type": "Point",
        "coordinates": [
          500550.24499090126,
          6965566.805759546
        ]
      },
      "properties": {
        "junction_id": 39587,
        "veh_id": 11547,
        "sim_time_s": 3579.3,
        "tier": "IC-detect-far",
        "prearm_status": "",
        "focus_role": "none"
      }
    },
    {
      "type": "Feature",
      "geometry": {
        "type": "Point",
        "coordinates": [
          500530.4677283482,
          6965937.59601085
        ]
      },
      "properties": {
        "junction_id": 39576,
        "veh_id": 11569,
        "sim_time_s": 3582.0,
        "tier": "track-zone",
        "prearm_status": "",
        "focus_role": "none"
      }
    },
    {
      "type": "Feature",
      "geometry": {
        "type": "Point",
        "coordinates": [
          0.0,
          0.0
        ]
      },
      "properties": {
        "junction_id": 39587,
        "veh_id": 11547,
        "sim_time_s": 3582.0,
        "tier": "harmony-ins-local",
        "prearm_status": "action",
        "focus_role": "none"
      }
    },
    {
      "type": "Feature",
      "geometry": {
        "type": "Point",
        "coordinates": [
          500550.2522803115,
          6965566.789939346
        ]
      },
      "properties": {
        "junction_id": 1119660,
        "veh_id": 11547,
        "sim_time_s": 3587.4,
        "tier": "track-zone",
        "prearm_status": "",
        "focus_role": "none"
      }
    },
    {
      "type": "Feature",
      "geometry": {
        "type": "Point",
        "coordinates": [
          500068.1054970856,
          6966456.740640674
        ]
      },
      "properties": {
        "junction_id": 39578,
        "veh_id": 11537,
        "sim_time_s": 3588.3,
        "tier": "coord-prearm-harmony/SHOCKWAVE",
        "prearm_status": "fired",
        "focus_role": "none"
      }
    },
    {
      "type": "Feature",
      "geometry": {
        "type": "Point",
        "coordinates": [
          0.0,
          0.0
        ]
      },
      "properties": {
        "junction_id": 39578,
        "veh_id": 11537,
        "sim_time_s": 3588.8,
        "tier": "harmony-no-ge-local",
        "prearm_status": "skip",
        "focus_role": "none"
      }
    },
    {
      "type": "Feature",
      "geometry": {
        "type": "Point",
        "coordinates": [
          500534.0301698125,
          6965929.528541097
        ]
      },
      "properties": {
        "junction_id": 39578,
        "veh_id": 11537,
        "sim_time_s": 3588.8,
        "tier": "coord-prearm-success/SHOCKWAVE",
        "prearm_status": "success",
        "focus_role": "none"
      }
    },
    {
      "type": "Feature",
      "geometry": {
        "type": "Point",
        "coordinates": [
          500525.2707639725,
          6965840.076587729
        ]
      },
      "properties": {
        "junction_id": 39578,
        "veh_id": 11536,
        "sim_time_s": 3591.4,
        "tier": "IC-detect",
        "prearm_status": "",
        "focus_role": "none"
      }
    },
    {
      "type": "Feature",
      "geometry": {
        "type": "Point",
        "coordinates": [
          500674.8844868576,
          6964509.338063388
        ]
      },
      "properties": {
        "junction_id": 36393,
        "veh_id": 11554,
        "sim_time_s": 3599.6,
        "tier": "track-zone",
        "prearm_status": "",
        "focus_role": "none"
      }
    },
    {
      "type": "Feature",
      "geometry": {
        "type": "Point",
        "coordinates": [
          500952.09229130344,
          6964037.796872752
        ]
      },
      "properties": {
        "junction_id": 39606,
        "veh_id": 11581,
        "sim_time_s": 3600.0,
        "tier": "IC-detect",
        "prearm_status": "",
        "focus_role": "none"
      }
    },
    {
      "type": "Feature",
      "geometry": {
        "type": "Point",
        "coordinates": [
          0.0,
          0.0
        ]
      },
      "properties": {
        "junction_id": 39606,
        "veh_id": 11581,
        "sim_time_s": 3600.0,
        "tier": "harmony-no-ge-local",
        "prearm_status": "skip",
        "focus_role": "none"
      }
    },
    {
      "type": "Feature",
      "geometry": {
        "type": "Point",
        "coordinates": [
          499459.96015812777,
          6967098.574197091
        ]
      },
      "properties": {
        "junction_id": 38339,
        "veh_id": 11542,
        "sim_time_s": 3600.4,
        "tier": "IC-detect",
        "prearm_status": "",
        "focus_role": "none"
      }
    },
    {
      "type": "Feature",
      "geometry": {
        "type": "Point",
        "coordinates": [
          500087.97191681445,
          6967506.11806405
        ]
      },
      "properties": {
        "junction_id": 38339,
        "veh_id": 11571,
        "sim_time_s": 3603.2,
        "tier": "IC-detect",
        "prearm_status": "",
        "focus_role": "none"
      }
    },
    {
      "type": "Feature",
      "geometry": {
        "type": "Point",
        "coordinates": [
          500929.4990852943,
          6964067.928859547
        ]
      },
      "properties": {
        "junction_id": 39590,
        "veh_id": 11581,
        "sim_time_s": 3603.2,
        "tier": "coord-prearm-harmony/SHOCKWAVE",
        "prearm_status": "fired",
        "focus_role": "none"
      }
    },
    {
      "type": "Feature",
      "geometry": {
        "type": "Point",
        "coordinates": [
          500018.33248810505,
          6966619.451457159
        ]
      },
      "properties": {
        "junction_id": 11118289,
        "veh_id": 11580,
        "sim_time_s": 3603.6,
        "tier": "track-zone",
        "prearm_status": "",
        "focus_role": "none"
      }
    },
    {
      "type": "Feature",
      "geometry": {
        "type": "Point",
        "coordinates": [
          0.0,
          0.0
        ]
      },
      "properties": {
        "junction_id": 39590,
        "veh_id": 11581,
        "sim_time_s": 3603.6,
        "tier": "harmony-no-ge-local",
        "prearm_status": "skip",
        "focus_role": "none"
      }
    },
    {
      "type": "Feature",
      "geometry": {
        "type": "Point",
        "coordinates": [
          500756.5972760396,
          6964319.360583134
        ]
      },
      "properties": {
        "junction_id": 39590,
        "veh_id": 11581,
        "sim_time_s": 3603.6,
        "tier": "coord-prearm-success/SHOCKWAVE",
        "prearm_status": "success",
        "focus_role": "none"
      }
    },
    {
      "type": "Feature",
      "geometry": {
        "type": "Point",
        "coordinates": [
          500552.3659619017,
          6965562.20261789
        ]
      },
      "properties": {
        "junction_id": 39576,
        "veh_id": 11547,
        "sim_time_s": 3604.9,
        "tier": "track-zone",
        "prearm_status": "",
        "focus_role": "none"
      }
    },
    {
      "type": "Feature",
      "geometry": {
        "type": "Point",
        "coordinates": [
          500889.63807718694,
          6964122.223107808
        ]
      },
      "properties": {
        "junction_id": 36393,
        "veh_id": 11581,
        "sim_time_s": 3606.8,
        "tier": "coord-prearm-harmony/SHOCKWAVE",
        "prearm_status": "fired",
        "focus_role": "none"
      }
    },
    {
      "type": "Feature",
      "geometry": {
        "type": "Point",
        "coordinates": [
          0.0,
          0.0
        ]
      },
      "properties": {
        "junction_id": 36393,
        "veh_id": 11581,
        "sim_time_s": 3607.2,
        "tier": "harmony-no-ge-local",
        "prearm_status": "skip",
        "focus_role": "none"
      }
    },
    {
      "type": "Feature",
      "geometry": {
        "type": "Point",
        "coordinates": [
          500684.0987813321,
          6964756.319799706
        ]
      },
      "properties": {
        "junction_id": 36393,
        "veh_id": 11581,
        "sim_time_s": 3607.2,
        "tier": "coord-prearm-success/SHOCKWAVE",
        "prearm_status": "success",
        "focus_role": "none"
      }
    },
    {
      "type": "Feature",
      "geometry": {
        "type": "Point",
        "coordinates": [
          500000.68358414446,
          6966664.783572131
        ]
      },
      "properties": {
        "junction_id": 39572,
        "veh_id": 11580,
        "sim_time_s": 3609.0,
        "tier": "IC-detect",
        "prearm_status": "",
        "focus_role": "none"
      }
    },
    {
      "type": "Feature",
      "geometry": {
        "type": "Point",
        "coordinates": [
          500824.9567581122,
          6964193.872895277
        ]
      },
      "properties": {
        "junction_id": 36385,
        "veh_id": 11581,
        "sim_time_s": 3613.1,
        "tier": "coord-prearm-harmony/SHOCKWAVE",
        "prearm_status": "fired",
        "focus_role": "none"
      }
    },
    {
      "type": "Feature",
      "geometry": {
        "type": "Point",
        "coordinates": [
          0.0,
          0.0
        ]
      },
      "properties": {
        "junction_id": 36385,
        "veh_id": 11581,
        "sim_time_s": 3613.5,
        "tier": "harmony-no-ge-local",
        "prearm_status": "skip",
        "focus_role": "none"
      }
    },
    {
      "type": "Feature",
      "geometry": {
        "type": "Point",
        "coordinates": [
          500715.9750991549,
          6965021.28412977
        ]
      },
      "properties": {
        "junction_id": 36385,
        "veh_id": 11581,
        "sim_time_s": 3613.5,
        "tier": "coord-prearm-success/SHOCKWAVE",
        "prearm_status": "success",
        "focus_role": "none"
      }
    },
    {
      "type": "Feature",
      "geometry": {
        "type": "Point",
        "coordinates": [
          0.0,
          0.0
        ]
      },
      "properties": {
        "junction_id": 38339,
        "veh_id": 11571,
        "sim_time_s": 3613.9,
        "tier": "harmony-no-ge-local",
        "prearm_status": "skip",
        "focus_role": "none"
      }
    },
    {
      "type": "Feature",
      "geometry": {
        "type": "Point",
        "coordinates": [
          0.0,
          0.0
        ]
      },
      "properties": {
        "junction_id": 36385,
        "veh_id": 11558,
        "sim_time_s": 3623.8,
        "tier": "harmony-no-ge-local",
        "prearm_status": "skip",
        "focus_role": "none"
      }
    },
    {
      "type": "Feature",
      "geometry": {
        "type": "Point",
        "coordinates": [
          500715.19569700194,
          6965088.20619147
        ]
      },
      "properties": {
        "junction_id": 36393,
        "veh_id": 11558,
        "sim_time_s": 3627.9,
        "tier": "coord-prearm-harmony/SHOCKWAVE",
        "prearm_status": "fired",
        "focus_role": "none"
      }
    },
    {
      "type": "Feature",
      "geometry": {
        "type": "Point",
        "coordinates": [
          0.0,
          0.0
        ]
      },
      "properties": {
        "junction_id": 36393,
        "veh_id": 11558,
        "sim_time_s": 3628.3,
        "tier": "harmony-no-ge-local",
        "prearm_status": "skip",
        "focus_role": "none"
      }
    },
    {
      "type": "Feature",
      "geometry": {
        "type": "Point",
        "coordinates": [
          500684.0987813321,
          6964756.319799706
        ]
      },
      "properties": {
        "junction_id": 36393,
        "veh_id": 11558,
        "sim_time_s": 3628.3,
        "tier": "coord-prearm-success/SHOCKWAVE",
        "prearm_status": "success",
        "focus_role": "none"
      }
    },
    {
      "type": "Feature",
      "geometry": {
        "type": "Point",
        "coordinates": [
          500715.98442601884,
          6965085.021495037
        ]
      },
      "properties": {
        "junction_id": 39590,
        "veh_id": 11558,
        "sim_time_s": 3631.5,
        "tier": "coord-prearm-harmony/SHOCKWAVE",
        "prearm_status": "fired",
        "focus_role": "none"
      }
    },
    {
      "type": "Feature",
      "geometry": {
        "type": "Point",
        "coordinates": [
          0.0,
          0.0
        ]
      },
      "properties": {
        "junction_id": 39590,
        "veh_id": 11558,
        "sim_time_s": 3631.9,
        "tier": "harmony-no-ge-local",
        "prearm_status": "skip",
        "focus_role": "none"
      }
    },
    {
      "type": "Feature",
      "geometry": {
        "type": "Point",
        "coordinates": [
          500756.5972760396,
          6964319.360583134
        ]
      },
      "properties": {
        "junction_id": 39590,
        "veh_id": 11558,
        "sim_time_s": 3631.9,
        "tier": "coord-prearm-success/SHOCKWAVE",
        "prearm_status": "success",
        "focus_role": "none"
      }
    },
    {
      "type": "Feature",
      "geometry": {
        "type": "Point",
        "coordinates": [
          0.0,
          0.0
        ]
      },
      "properties": {
        "junction_id": 38339,
        "veh_id": 11542,
        "sim_time_s": 3643.7,
        "tier": "harmony-no-ge-local",
        "prearm_status": "skip",
        "focus_role": "none"
      }
    },
    {
      "type": "Feature",
      "geometry": {
        "type": "Point",
        "coordinates": [
          500310.5873552256,
          6966145.843522792
        ]
      },
      "properties": {
        "junction_id": 1043762,
        "veh_id": 11570,
        "sim_time_s": 3649.5,
        "tier": "IC-detect",
        "prearm_status": "",
        "focus_role": "none"
      }
    },
    {
      "type": "Feature",
      "geometry": {
        "type": "Point",
        "coordinates": [
          500679.8901048593,
          6964783.815434115
        ]
      },
      "properties": {
        "junction_id": 36385,
        "veh_id": 11554,
        "sim_time_s": 3656.2,
        "tier": "track-zone",
        "prearm_status": "",
        "focus_role": "none"
      }
    },
    {
      "type": "Feature",
      "geometry": {
        "type": "Point",
        "coordinates": [
          499811.42385244614,
          6967046.495526666
        ]
      },
      "properties": {
        "junction_id": 11118289,
        "veh_id": 11542,
        "sim_time_s": 3658.9,
        "tier": "track-zone",
        "prearm_status": "",
        "focus_role": "none"
      }
    },
    {
      "type": "Feature",
      "geometry": {
        "type": "Point",
        "coordinates": [
          500611.95392442204,
          6965398.324294198
        ]
      },
      "properties": {
        "junction_id": 39593,
        "veh_id": 11547,
        "sim_time_s": 3660.3,
        "tier": "track-zone",
        "prearm_status": "",
        "focus_role": "none"
      }
    },
    {
      "type": "Feature",
      "geometry": {
        "type": "Point",
        "coordinates": [
          499966.24889090034,
          6967105.387833668
        ]
      },
      "properties": {
        "junction_id": 11118289,
        "veh_id": 11571,
        "sim_time_s": 3667.1,
        "tier": "track-zone",
        "prearm_status": "",
        "focus_role": "none"
      }
    },
    {
      "type": "Feature",
      "geometry": {
        "type": "Point",
        "coordinates": [
          500650.2809636107,
          6965252.024486163
        ]
      },
      "properties": {
        "junction_id": 36385,
        "veh_id": 11547,
        "sim_time_s": 3669.8,
        "tier": "track-zone",
        "prearm_status": "",
        "focus_role": "none"
      }
    },
    {
      "type": "Feature",
      "geometry": {
        "type": "Point",
        "coordinates": [
          0.0,
          0.0
        ]
      },
      "properties": {
        "junction_id": 39593,
        "veh_id": 11547,
        "sim_time_s": 3669.8,
        "tier": "harmony-no-ge-local",
        "prearm_status": "skip",
        "focus_role": "none"
      }
    },
    {
      "type": "Feature",
      "geometry": {
        "type": "Point",
        "coordinates": [
          500702.7632611577,
          6964938.491392961
        ]
      },
      "properties": {
        "junction_id": 39593,
        "veh_id": 11554,
        "sim_time_s": 3673.8,
        "tier": "track-zone",
        "prearm_status": "",
        "focus_role": "none"
      }
    },
    {
      "type": "Feature",
      "geometry": {
        "type": "Point",
        "coordinates": [
          499965.5142096318,
          6966755.857862566
        ]
      },
      "properties": {
        "junction_id": 39568,
        "veh_id": 11580,
        "sim_time_s": 3676.5,
        "tier": "track-zone",
        "prearm_status": "",
        "focus_role": "none"
      }
    },
    {
      "type": "Feature",
      "geometry": {
        "type": "Point",
        "coordinates": [
          0.0,
          0.0
        ]
      },
      "properties": {
        "junction_id": 39576,
        "veh_id": 11536,
        "sim_time_s": 3676.5,
        "tier": "harmony-ins-local",
        "prearm_status": "action",
        "focus_role": "none"
      }
    },
    {
      "type": "Feature",
      "geometry": {
        "type": "Point",
        "coordinates": [
          500463.20149455656,
          6966006.580338334
        ]
      },
      "properties": {
        "junction_id": 39578,
        "veh_id": 11559,
        "sim_time_s": 3676.5,
        "tier": "IC-detect-far",
        "prearm_status": "",
        "focus_role": "none"
      }
    },
    {
      "type": "Feature",
      "geometry": {
        "type": "Point",
        "coordinates": [
          500531.90748972516,
          6965860.481537192
        ]
      },
      "properties": {
        "junction_id": 39578,
        "veh_id": 11569,
        "sim_time_s": 3679.2,
        "tier": "IC-detect-far",
        "prearm_status": "",
        "focus_role": "none"
      }
    },
    {
      "type": "Feature",
      "geometry": {
        "type": "Point",
        "coordinates": [
          500160.33595358086,
          6966380.1465879455
        ]
      },
      "properties": {
        "junction_id": 39569,
        "veh_id": 11537,
        "sim_time_s": 3681.9,
        "tier": "IC-detect",
        "prearm_status": "",
        "focus_role": "none"
      }
    },
    {
      "type": "Feature",
      "geometry": {
        "type": "Point",
        "coordinates": [
          500684.7572727142,
          6965182.099803607
        ]
      },
      "properties": {
        "junction_id": 10157950,
        "veh_id": 11547,
        "sim_time_s": 3692.7,
        "tier": "track-zone",
        "prearm_status": "",
        "focus_role": "none"
      }
    },
    {
      "type": "Feature",
      "geometry": {
        "type": "Point",
        "coordinates": [
          500348.7616036876,
          6966099.773744605
        ]
      },
      "properties": {
        "junction_id": 39578,
        "veh_id": 11570,
        "sim_time_s": 3700.8,
        "tier": "track-section",
        "prearm_status": "",
        "focus_role": "none"
      }
    },
    {
      "type": "Feature",
      "geometry": {
        "type": "Point",
        "coordinates": [
          500176.4945747934,
          6966352.257586932
        ]
      },
      "properties": {
        "junction_id": 1043762,
        "veh_id": 11537,
        "sim_time_s": 3702.2,
        "tier": "IC-detect",
        "prearm_status": "",
        "focus_role": "none"
      }
    },
    {
      "type": "Feature",
      "geometry": {
        "type": "Point",
        "coordinates": [
          500531.2813206005,
          6965858.624617692
        ]
      },
      "properties": {
        "junction_id": 39576,
        "veh_id": 11569,
        "sim_time_s": 3703.5,
        "tier": "track-zone",
        "prearm_status": "",
        "focus_role": "none"
      }
    },
    {
      "type": "Feature",
      "geometry": {
        "type": "Point",
        "coordinates": [
          500684.7572727142,
          6965182.099803607
        ]
      },
      "properties": {
        "junction_id": 1119660,
        "veh_id": 11547,
        "sim_time_s": 3708.9,
        "tier": "track-zone",
        "prearm_status": "",
        "focus_role": "none"
      }
    },
    {
      "type": "Feature",
      "geometry": {
        "type": "Point",
        "coordinates": [
          500706.92394315527,
          6964982.9309709575
        ]
      },
      "properties": {
        "junction_id": 36393,
        "veh_id": 11554,
        "sim_time_s": 3721.1,
        "tier": "track-zone",
        "prearm_status": "",
        "focus_role": "none"
      }
    },
    {
      "type": "Feature",
      "geometry": {
        "type": "Point",
        "coordinates": [
          500512.06642876373,
          6965723.089780852
        ]
      },
      "properties": {
        "junction_id": 39578,
        "veh_id": 11536,
        "sim_time_s": 3722.4,
        "tier": "track-zone",
        "prearm_status": "",
        "focus_role": "none"
      }
    },
    {
      "type": "Feature",
      "geometry": {
        "type": "Point",
        "coordinates": [
          500716.7699779253,
          6964383.191032559
        ]
      },
      "properties": {
        "junction_id": 39606,
        "veh_id": 11581,
        "sim_time_s": 3722.4,
        "tier": "track-zone",
        "prearm_status": "",
        "focus_role": "none"
      }
    },
    {
      "type": "Feature",
      "geometry": {
        "type": "Point",
        "coordinates": [
          500715.5687143359,
          6964386.210309827
        ]
      },
      "properties": {
        "junction_id": 39590,
        "veh_id": 11581,
        "sim_time_s": 3723.8,
        "tier": "IC-detect",
        "prearm_status": "",
        "focus_role": "none"
      }
    },
    {
      "type": "Feature",
      "geometry": {
        "type": "Point",
        "coordinates": [
          499965.5142096318,
          6966755.857862566
        ]
      },
      "properties": {
        "junction_id": 11118289,
        "veh_id": 11580,
        "sim_time_s": 3725.1,
        "tier": "track-zone",
        "prearm_status": "",
        "focus_role": "none"
      }
    },
    {
      "type": "Feature",
      "geometry": {
        "type": "Point",
        "coordinates": [
          499959.7097894553,
          6967058.833660432
        ]
      },
      "properties": {
        "junction_id": 38339,
        "veh_id": 11571,
        "sim_time_s": 3734.1,
        "tier": "IC-detect",
        "prearm_status": "",
        "focus_role": "none"
      }
    },
    {
      "type": "Feature",
      "geometry": {
        "type": "Point",
        "coordinates": [
          0.0,
          0.0
        ]
      },
      "properties": {
        "junction_id": 36385,
        "veh_id": 11554,
        "sim_time_s": 3735.4,
        "tier": "harmony-no-ge-local",
        "prearm_status": "skip",
        "focus_role": "none"
      }
    },
    {
      "type": "Feature",
      "geometry": {
        "type": "Point",
        "coordinates": [
          500689.32872341777,
          6964557.480957273
        ]
      },
      "properties": {
        "junction_id": 36393,
        "veh_id": 11558,
        "sim_time_s": 3748.5,
        "tier": "IC-detect-far",
        "prearm_status": "",
        "focus_role": "none"
      }
    },
    {
      "type": "Feature",
      "geometry": {
        "type": "Point",
        "coordinates": [
          499965.5142096318,
          6966755.857862566
        ]
      },
      "properties": {
        "junction_id": 39572,
        "veh_id": 11580,
        "sim_time_s": 3754.8,
        "tier": "track-zone",
        "prearm_status": "",
        "focus_role": "none"
      }
    },
    {
      "type": "Feature",
      "geometry": {
        "type": "Point",
        "coordinates": [
          0.0,
          0.0
        ]
      },
      "properties": {
        "junction_id": 39576,
        "veh_id": 11569,
        "sim_time_s": 3754.8,
        "tier": "harmony-no-ge-local",
        "prearm_status": "skip",
        "focus_role": "none"
      }
    },
    {
      "type": "Feature",
      "geometry": {
        "type": "Point",
        "coordinates": [
          500674.68918851303,
          6964509.716072094
        ]
      },
      "properties": {
        "junction_id": 36393,
        "veh_id": 11581,
        "sim_time_s": 3758.8,
        "tier": "track-zone",
        "prearm_status": "",
        "focus_role": "none"
      }
    },
    {
      "type": "Feature",
      "geometry": {
        "type": "Point",
        "coordinates": [
          500690.391464464,
          6964545.134012317
        ]
      },
      "properties": {
        "junction_id": 39590,
        "veh_id": 11558,
        "sim_time_s": 3761.6,
        "tier": "IC-detect-far",
        "prearm_status": "",
        "focus_role": "none"
      }
    },
    {
      "type": "Feature",
      "geometry": {
        "type": "Point",
        "coordinates": [
          0.0,
          0.0
        ]
      },
      "properties": {
        "junction_id": 39593,
        "veh_id": 11554,
        "sim_time_s": 3762.9,
        "tier": "harmony-no-ge-local",
        "prearm_status": "skip",
        "focus_role": "none"
      }
    },
    {
      "type": "Feature",
      "geometry": {
        "type": "Point",
        "coordinates": [
          499960.5341064338,
          6966962.029882004
        ]
      },
      "properties": {
        "junction_id": 38339,
        "veh_id": 11542,
        "sim_time_s": 3763.8,
        "tier": "IC-detect",
        "prearm_status": "",
        "focus_role": "none"
      }
    },
    {
      "type": "Feature",
      "geometry": {
        "type": "Point",
        "coordinates": [
          500683.1079023747,
          6965094.185612718
        ]
      },
      "properties": {
        "junction_id": 10157950,
        "veh_id": 11554,
        "sim_time_s": 3764.2,
        "tier": "track-zone",
        "prearm_status": "",
        "focus_role": "none"
      }
    },
    {
      "type": "Feature",
      "geometry": {
        "type": "Point",
        "coordinates": [
          500530.1017038878,
          6965938.698736317
        ]
      },
      "properties": {
        "junction_id": 39576,
        "veh_id": 11559,
        "sim_time_s": 3764.2,
        "tier": "track-zone",
        "prearm_status": "",
        "focus_role": "none"
      }
    },
    {
      "type": "Feature",
      "geometry": {
        "type": "Point",
        "coordinates": [
          500130.15331050206,
          6965614.545171209
        ]
      },
      "properties": {
        "junction_id": 39576,
        "veh_id": 11548,
        "sim_time_s": 3767.8,
        "tier": "IC-detect-far",
        "prearm_status": "",
        "focus_role": "none"
      }
    },
    {
      "type": "Feature",
      "geometry": {
        "type": "Point",
        "coordinates": [
          0.0,
          0.0
        ]
      },
      "properties": {
        "junction_id": 36385,
        "veh_id": 11547,
        "sim_time_s": 3769.7,
        "tier": "harmony-no-ge-local",
        "prearm_status": "skip",
        "focus_role": "none"
      }
    },
    {
      "type": "Feature",
      "geometry": {
        "type": "Point",
        "coordinates": [
          0.0,
          0.0
        ]
      },
      "properties": {
        "junction_id": 39578,
        "veh_id": 11570,
        "sim_time_s": 3769.7,
        "tier": "harmony-no-ge-local",
        "prearm_status": "skip",
        "focus_role": "none"
      }
    },
    {
      "type": "Feature",
      "geometry": {
        "type": "Point",
        "coordinates": [
          500722.9970041979,
          6965038.641200576
        ]
      },
      "properties": {
        "junction_id": 36393,
        "veh_id": 11547,
        "sim_time_s": 3774.6,
        "tier": "coord-prearm-harmony/SHOCKWAVE",
        "prearm_status": "fired",
        "focus_role": "none"
      }
    },
    {
      "type": "Feature",
      "geometry": {
        "type": "Point",
        "coordinates": [
          0.0,
          0.0
        ]
      },
      "properties": {
        "junction_id": 36393,
        "veh_id": 11547,
        "sim_time_s": 3775.1,
        "tier": "harmony-no-ge-local",
        "prearm_status": "skip",
        "focus_role": "none"
      }
    },
    {
      "type": "Feature",
      "geometry": {
        "type": "Point",
        "coordinates": [
          500684.0987813321,
          6964756.319799706
        ]
      },
      "properties": {
        "junction_id": 36393,
        "veh_id": 11547,
        "sim_time_s": 3775.1,
        "tier": "coord-prearm-success/SHOCKWAVE",
        "prearm_status": "success",
        "focus_role": "none"
      }
    },
    {
      "type": "Feature",
      "geometry": {
        "type": "Point",
        "coordinates": [
          500729.05731895176,
          6965002.939058057
        ]
      },
      "properties": {
        "junction_id": 39590,
        "veh_id": 11547,
        "sim_time_s": 3778.2,
        "tier": "coord-prearm-harmony/SHOCKWAVE",
        "prearm_status": "fired",
        "focus_role": "none"
      }
    },
    {
      "type": "Feature",
      "geometry": {
        "type": "Point",
        "coordinates": [
          0.0,
          0.0
        ]
      },
      "properties": {
        "junction_id": 39590,
        "veh_id": 11547,
        "sim_time_s": 3778.7,
        "tier": "harmony-no-ge-local",
        "prearm_status": "skip",
        "focus_role": "none"
      }
    },
    {
      "type": "Feature",
      "geometry": {
        "type": "Point",
        "coordinates": [
          500756.5972760396,
          6964319.360583134
        ]
      },
      "properties": {
        "junction_id": 39590,
        "veh_id": 11547,
        "sim_time_s": 3778.7,
        "tier": "coord-prearm-success/SHOCKWAVE",
        "prearm_status": "success",
        "focus_role": "none"
      }
    },
    {
      "type": "Feature",
      "geometry": {
        "type": "Point",
        "coordinates": [
          499960.5341064338,
          6966962.029882004
        ]
      },
      "properties": {
        "junction_id": 11118289,
        "veh_id": 11542,
        "sim_time_s": 3780.4,
        "tier": "track-zone",
        "prearm_status": "",
        "focus_role": "none"
      }
    },
    {
      "type": "Feature",
      "geometry": {
        "type": "Point",
        "coordinates": [
          500658.12739692576,
          6965190.792589347
        ]
      },
      "properties": {
        "junction_id": 1119660,
        "veh_id": 11554,
        "sim_time_s": 3787.2,
        "tier": "track-zone",
        "prearm_status": "",
        "focus_role": "none"
      }
    },
    {
      "type": "Feature",
      "geometry": {
        "type": "Point",
        "coordinates": [
          499958.1534534144,
          6966985.365254279
        ]
      },
      "properties": {
        "junction_id": 11118289,
        "veh_id": 11571,
        "sim_time_s": 3788.6,
        "tier": "track-zone",
        "prearm_status": "",
        "focus_role": "none"
      }
    },
    {
      "type": "Feature",
      "geometry": {
        "type": "Point",
        "coordinates": [
          500639.9850421981,
          6965231.737922079
        ]
      },
      "properties": {
        "junction_id": 39587,
        "veh_id": 11554,
        "sim_time_s": 3789.9,
        "tier": "track-zone",
        "prearm_status": "",
        "focus_role": "none"
      }
    },
    {
      "type": "Feature",
      "geometry": {
        "type": "Point",
        "coordinates": [
          500512.1503566018,
          6965717.754402766
        ]
      },
      "properties": {
        "junction_id": 39576,
        "veh_id": 11536,
        "sim_time_s": 3796.7,
        "tier": "IC-detect",
        "prearm_status": "",
        "focus_role": "none"
      }
    },
    {
      "type": "Feature",
      "geometry": {
        "type": "Point",
        "coordinates": [
          500539.03876036726,
          6965897.530578938
        ]
      },
      "properties": {
        "junction_id": 39578,
        "veh_id": 11559,
        "sim_time_s": 3796.7,
        "tier": "IC-detect",
        "prearm_status": "",
        "focus_role": "none"
      }
    },
    {
      "type": "Feature",
      "geometry": {
        "type": "Point",
        "coordinates": [
          499965.5142096318,
          6966755.857862566
        ]
      },
      "properties": {
        "junction_id": 39568,
        "veh_id": 11580,
        "sim_time_s": 3798.0,
        "tier": "track-zone",
        "prearm_status": "",
        "focus_role": "none"
      }
    },
    {
      "type": "Feature",
      "geometry": {
        "type": "Point",
        "coordinates": [
          500682.66650651995,
          6964781.638761389
        ]
      },
      "properties": {
        "junction_id": 36385,
        "veh_id": 11581,
        "sim_time_s": 3800.7,
        "tier": "track-zone",
        "prearm_status": "",
        "focus_role": "none"
      }
    },
    {
      "type": "Feature",
      "geometry": {
        "type": "Point",
        "coordinates": [
          500512.6283315298,
          6965699.828450749
        ]
      },
      "properties": {
        "junction_id": 39587,
        "veh_id": 11536,
        "sim_time_s": 3808.8,
        "tier": "track-zone",
        "prearm_status": "",
        "focus_role": "none"
      }
    },
    {
      "type": "Feature",
      "geometry": {
        "type": "Point",
        "coordinates": [
          500701.8582339405,
          6964934.067355689
        ]
      },
      "properties": {
        "junction_id": 39593,
        "veh_id": 11581,
        "sim_time_s": 3816.9,
        "tier": "track-zone",
        "prearm_status": "",
        "focus_role": "none"
      }
    },
    {
      "type": "Feature",
      "geometry": {
        "type": "Point",
        "coordinates": [
          500511.4239491956,
          6965764.049503076
        ]
      },
      "properties": {
        "junction_id": 39578,
        "veh_id": 11569,
        "sim_time_s": 3820.9,
        "tier": "track-zone",
        "prearm_status": "",
        "focus_role": "none"
      }
    },
    {
      "type": "Feature",
      "geometry": {
        "type": "Point",
        "coordinates": [
          500236.90755625186,
          6966248.860274624
        ]
      },
      "properties": {
        "junction_id": 1043762,
        "veh_id": 11537,
        "sim_time_s": 3822.3,
        "tier": "IC-detect",
        "prearm_status": "",
        "focus_role": "none"
      }
    },
    {
      "type": "Feature",
      "geometry": {
        "type": "Point",
        "coordinates": [
          0.0,
          0.0
        ]
      },
      "properties": {
        "junction_id": 39587,
        "veh_id": 11554,
        "sim_time_s": 3823.7,
        "tier": "harmony-no-ge-local",
        "prearm_status": "skip",
        "focus_role": "none"
      }
    },
    {
      "type": "Feature",
      "geometry": {
        "type": "Point",
        "coordinates": [
          500570.0847883462,
          6965466.631663053
        ]
      },
      "properties": {
        "junction_id": 39576,
        "veh_id": 11554,
        "sim_time_s": 3835.8,
        "tier": "track-zone",
        "prearm_status": "",
        "focus_role": "none"
      }
    },
    {
      "type": "Feature",
      "geometry": {
        "type": "Point",
        "coordinates": [
          499965.5142096318,
          6966755.857862566
        ]
      },
      "properties": {
        "junction_id": 11118289,
        "veh_id": 11580,
        "sim_time_s": 3846.6,
        "tier": "track-zone",
        "prearm_status": "",
        "focus_role": "none"
      }
    },
    {
      "type": "Feature",
      "geometry": {
        "type": "Point",
        "coordinates": [
          499958.1534534144,
          6966985.365254279
        ]
      },
      "properties": {
        "junction_id": 38339,
        "veh_id": 11571,
        "sim_time_s": 3854.2,
        "tier": "IC-detect",
        "prearm_status": "",
        "focus_role": "none"
      }
    },
    {
      "type": "Feature",
      "geometry": {
        "type": "Point",
        "coordinates": [
          500492.00505140336,
          6965691.009915654
        ]
      },
      "properties": {
        "junction_id": 39578,
        "veh_id": 11554,
        "sim_time_s": 3857.4,
        "tier": "track-zone",
        "prearm_status": "",
        "focus_role": "none"
      }
    },
    {
      "type": "Feature",
      "geometry": {
        "type": "Point",
        "coordinates": [
          0.0,
          0.0
        ]
      },
      "properties": {
        "junction_id": 39587,
        "veh_id": 11536,
        "sim_time_s": 3860.1,
        "tier": "harmony-no-ge-local",
        "prearm_status": "skip",
        "focus_role": "none"
      }
    },
    {
      "type": "Feature",
      "geometry": {
        "type": "Point",
        "coordinates": [
          500552.837288741,
          6965568.130754507
        ]
      },
      "properties": {
        "junction_id": 10157950,
        "veh_id": 11536,
        "sim_time_s": 3862.8,
        "tier": "track-zone",
        "prearm_status": "",
        "focus_role": "none"
      }
    },
    {
      "type": "Feature",
      "geometry": {
        "type": "Point",
        "coordinates": [
          500512.15221016936,
          6965717.753211747
        ]
      },
      "properties": {
        "junction_id": 39576,
        "veh_id": 11569,
        "sim_time_s": 3874.9,
        "tier": "IC-detect",
        "prearm_status": "",
        "focus_role": "none"
      }
    },
    {
      "type": "Feature",
      "geometry": {
        "type": "Point",
        "coordinates": [
          500729.6719144694,
          6964410.800229424
        ]
      },
      "properties": {
        "junction_id": 39606,
        "veh_id": 11558,
        "sim_time_s": 3876.3,
        "tier": "track-zone",
        "prearm_status": "",
        "focus_role": "none"
      }
    },
    {
      "type": "Feature",
      "geometry": {
        "type": "Point",
        "coordinates": [
          499965.5142096318,
          6966755.857862566
        ]
      },
      "properties": {
        "junction_id": 39572,
        "veh_id": 11580,
        "sim_time_s": 3876.3,
        "tier": "track-zone",
        "prearm_status": "",
        "focus_role": "none"
      }
    },
    {
      "type": "Feature",
      "geometry": {
        "type": "Point",
        "coordinates": [
          500707.01446946315,
          6964993.941391328
        ]
      },
      "properties": {
        "junction_id": 36393,
        "veh_id": 11581,
        "sim_time_s": 3880.3,
        "tier": "track-zone",
        "prearm_status": "",
        "focus_role": "none"
      }
    },
    {
      "type": "Feature",
      "geometry": {
        "type": "Point",
        "coordinates": [
          500742.43057795183,
          6964381.2386718495
        ]
      },
      "properties": {
        "junction_id": 39590,
        "veh_id": 11558,
        "sim_time_s": 3881.7,
        "tier": "IC-detect",
        "prearm_status": "",
        "focus_role": "none"
      }
    },
    {
      "type": "Feature",
      "geometry": {
        "type": "Point",
        "coordinates": [
          499960.5341064338,
          6966962.029882004
        ]
      },
      "properties": {
        "junction_id": 38339,
        "veh_id": 11542,
        "sim_time_s": 3883.9,
        "tier": "IC-detect",
        "prearm_status": "",
        "focus_role": "none"
      }
    },
    {
      "type": "Feature",
      "geometry": {
        "type": "Point",
        "coordinates": [
          500525.7823678847,
          6965841.251137317
        ]
      },
      "properties": {
        "junction_id": 39576,
        "veh_id": 11559,
        "sim_time_s": 3885.8,
        "tier": "track-zone",
        "prearm_status": "",
        "focus_role": "none"
      }
    },
    {
      "type": "Feature",
      "geometry": {
        "type": "Point",
        "coordinates": [
          500226.54881258,
          6965633.545833017
        ]
      },
      "properties": {
        "junction_id": 39576,
        "veh_id": 11548,
        "sim_time_s": 3888.0,
        "tier": "IC-detect-far",
        "prearm_status": "",
        "focus_role": "none"
      }
    },
    {
      "type": "Feature",
      "geometry": {
        "type": "Point",
        "coordinates": [
          500514.60371117253,
          6965957.492284419
        ]
      },
      "properties": {
        "junction_id": 39578,
        "veh_id": 11570,
        "sim_time_s": 3889.8,
        "tier": "IC-detect",
        "prearm_status": "",
        "focus_role": "none"
      }
    },
    {
      "type": "Feature",
      "geometry": {
        "type": "Point",
        "coordinates": [
          500528.1773059807,
          6965935.287142782
        ]
      },
      "properties": {
        "junction_id": 39576,
        "veh_id": 11570,
        "sim_time_s": 3893.8,
        "tier": "track-zone",
        "prearm_status": "",
        "focus_role": "none"
      }
    },
    {
      "type": "Feature",
      "geometry": {
        "type": "Point",
        "coordinates": [
          500689.01296225406,
          6964565.83057001
        ]
      },
      "properties": {
        "junction_id": 36393,
        "veh_id": 11547,
        "sim_time_s": 3895.2,
        "tier": "IC-detect-far",
        "prearm_status": "",
        "focus_role": "none"
      }
    },
    {
      "type": "Feature",
      "geometry": {
        "type": "Point",
        "coordinates": [
          499960.5341064338,
          6966962.029882004
        ]
      },
      "properties": {
        "junction_id": 11118289,
        "veh_id": 11542,
        "sim_time_s": 3901.9,
        "tier": "track-zone",
        "prearm_status": "",
        "focus_role": "none"
      }
    },
    {
      "type": "Feature",
      "geometry": {
        "type": "Point",
        "coordinates": [
          0.0,
          0.0
        ]
      },
      "properties": {
        "junction_id": 39593,
        "veh_id": 11581,
        "sim_time_s": 3908.7,
        "tier": "harmony-ins-local",
        "prearm_status": "action",
        "focus_role": "none"
      }
    },
    {
      "type": "Feature",
      "geometry": {
        "type": "Point",
        "coordinates": [
          499958.1534534144,
          6966985.365254279
        ]
      },
      "properties": {
        "junction_id": 11118289,
        "veh_id": 11571,
        "sim_time_s": 3910.1,
        "tier": "track-zone",
        "prearm_status": "",
        "focus_role": "none"
      }
    },
    {
      "type": "Feature",
      "geometry": {
        "type": "Point",
        "coordinates": [
          500682.9575494616,
          6965103.012470722
        ]
      },
      "properties": {
        "junction_id": 10157950,
        "veh_id": 11581,
        "sim_time_s": 3910.1,
        "tier": "track-zone",
        "prearm_status": "",
        "focus_role": "none"
      }
    },
    {
      "type": "Feature",
      "geometry": {
        "type": "Point",
        "coordinates": [
          500689.24155740853,
          6964558.274822441
        ]
      },
      "properties": {
        "junction_id": 39590,
        "veh_id": 11547,
        "sim_time_s": 3914.1,
        "tier": "track-zone",
        "prearm_status": "",
        "focus_role": "none"
      }
    },
    {
      "type": "Feature",
      "geometry": {
        "type": "Point",
        "coordinates": [
          0.0,
          0.0
        ]
      },
      "properties": {
        "junction_id": 38339,
        "veh_id": 11571,
        "sim_time_s": 3914.1,
        "tier": "harmony-no-ge-local",
        "prearm_status": "skip",
        "focus_role": "none"
      }
    },
    {
      "type": "Feature",
      "geometry": {
        "type": "Point",
        "coordinates": [
          500664.5883243494,
          6965183.035513433
        ]
      },
      "properties": {
        "junction_id": 1119660,
        "veh_id": 11581,
        "sim_time_s": 3915.4,
        "tier": "track-zone",
        "prearm_status": "",
        "focus_role": "none"
      }
    },
    {
      "type": "Feature",
      "geometry": {
        "type": "Point",
        "coordinates": [
          500525.4936372057,
          6965840.409553678
        ]
      },
      "properties": {
        "junction_id": 39578,
        "veh_id": 11559,
        "sim_time_s": 3916.8,
        "tier": "IC-detect",
        "prearm_status": "",
        "focus_role": "none"
      }
    },
    {
      "type": "Feature",
      "geometry": {
        "type": "Point",
        "coordinates": [
          500512.4385800383,
          6965704.083561152
        ]
      },
      "properties": {
        "junction_id": 39587,
        "veh_id": 11569,
        "sim_time_s": 3919.5,
        "tier": "track-zone",
        "prearm_status": "",
        "focus_role": "none"
      }
    },
    {
      "type": "Feature",
      "geometry": {
        "type": "Point",
        "coordinates": [
          499965.5142096318,
          6966755.857862566
        ]
      },
      "properties": {
        "junction_id": 39568,
        "veh_id": 11580,
        "sim_time_s": 3919.5,
        "tier": "track-zone",
        "prearm_status": "",
        "focus_role": "none"
      }
    },
    {
      "type": "Feature",
      "geometry": {
        "type": "Point",
        "coordinates": [
          500639.3256789318,
          6965240.604207737
        ]
      },
      "properties": {
        "junction_id": 39587,
        "veh_id": 11581,
        "sim_time_s": 3919.5,
        "tier": "track-zone",
        "prearm_status": "",
        "focus_role": "none"
      }
    },
    {
      "type": "Feature",
      "geometry": {
        "type": "Point",
        "coordinates": [
          0.0,
          0.0
        ]
      },
      "properties": {
        "junction_id": 1043762,
        "veh_id": 11537,
        "sim_time_s": 3919.5,
        "tier": "harmony-no-ge-local",
        "prearm_status": "skip",
        "focus_role": "none"
      }
    },
    {
      "type": "Feature",
      "geometry": {
        "type": "Point",
        "coordinates": [
          0.0,
          0.0
        ]
      },
      "properties": {
        "junction_id": 39606,
        "veh_id": 11558,
        "sim_time_s": 3920.8,
        "tier": "harmony-no-ge-local",
        "prearm_status": "skip",
        "focus_role": "none"
      }
    },
    {
      "type": "Feature",
      "geometry": {
        "type": "Point",
        "coordinates": [
          500519.82611930225,
          6965644.321644848
        ]
      },
      "properties": {
        "junction_id": 1119660,
        "veh_id": 11569,
        "sim_time_s": 3924.9,
        "tier": "track-zone",
        "prearm_status": "",
        "focus_role": "none"
      }
    },
    {
      "type": "Feature",
      "geometry": {
        "type": "Point",
        "coordinates": [
          0.0,
          0.0
        ]
      },
      "properties": {
        "junction_id": 39587,
        "veh_id": 11581,
        "sim_time_s": 3934.3,
        "tier": "harmony-no-ge-local",
        "prearm_status": "skip",
        "focus_role": "none"
      }
    },
    {
      "type": "Feature",
      "geometry": {
        "type": "Point",
        "coordinates": [
          500578.11419833195,
          6965502.129711358
        ]
      },
      "properties": {
        "junction_id": 1119660,
        "veh_id": 11536,
        "sim_time_s": 3935.7,
        "tier": "track-zone",
        "prearm_status": "",
        "focus_role": "none"
      }
    },
    {
      "type": "Feature",
      "geometry": {
        "type": "Point",
        "coordinates": [
          500575.2246727258,
          6965459.709010691
        ]
      },
      "properties": {
        "junction_id": 39576,
        "veh_id": 11581,
        "sim_time_s": 3943.8,
        "tier": "track-zone",
        "prearm_status": "",
        "focus_role": "none"
      }
    },
    {
      "type": "Feature",
      "geometry": {
        "type": "Point",
        "coordinates": [
          500393.4591794995,
          6966043.55624498
        ]
      },
      "properties": {
        "junction_id": 1043762,
        "veh_id": 11554,
        "sim_time_s": 3946.5,
        "tier": "track-zone",
        "prearm_status": "",
        "focus_role": "none"
      }
    },
    {
      "type": "Feature",
      "geometry": {
        "type": "Point",
        "coordinates": [
          500731.0180145857,
          6964407.246950416
        ]
      },
      "properties": {
        "junction_id": 39606,
        "veh_id": 11547,
        "sim_time_s": 3947.8,
        "tier": "track-zone",
        "prearm_status": "",
        "focus_role": "none"
      }
    },
    {
      "type": "Feature",
      "geometry": {
        "type": "Point",
        "coordinates": [
          0.0,
          0.0
        ]
      },
      "properties": {
        "junction_id": 1043762,
        "veh_id": 11554,
        "sim_time_s": 3947.8,
        "tier": "harmony-no-ge-local",
        "prearm_status": "skip",
        "focus_role": "none"
      }
    },
    {
      "type": "Feature",
      "geometry": {
        "type": "Point",
        "coordinates": [
          500333.8375319406,
          6966096.975009759
        ]
      },
      "properties": {
        "junction_id": 39569,
        "veh_id": 11554,
        "sim_time_s": 3952.8,
        "tier": "coord-prearm-harmony/SHOCKWAVE",
        "prearm_status": "fired",
        "focus_role": "none"
      }
    },
    {
      "type": "Feature",
      "geometry": {
        "type": "Point",
        "coordinates": [
          0.0,
          0.0
        ]
      },
      "properties": {
        "junction_id": 39569,
        "veh_id": 11554,
        "sim_time_s": 3953.2,
        "tier": "harmony-no-ge-local",
        "prearm_status": "skip",
        "focus_role": "none"
      }
    },
    {
      "type": "Feature",
      "geometry": {
        "type": "Point",
        "coordinates": [
          500105.32496907446,
          6966447.427635934
        ]
      },
      "properties": {
        "junction_id": 39569,
        "veh_id": 11554,
        "sim_time_s": 3953.2,
        "tier": "coord-prearm-success/SHOCKWAVE",
        "prearm_status": "success",
        "focus_role": "none"
      }
    },
    {
      "type": "Feature",
      "geometry": {
        "type": "Point",
        "coordinates": [
          500610.6965746525,
          6965402.9421982225
        ]
      },
      "properties": {
        "junction_id": 39593,
        "veh_id": 11536,
        "sim_time_s": 3957.3,
        "tier": "track-zone",
        "prearm_status": "",
        "focus_role": "none"
      }
    },
    {
      "type": "Feature",
      "geometry": {
        "type": "Point",
        "coordinates": [
          500346.6882127847,
          6966097.621104757
        ]
      },
      "properties": {
        "junction_id": 39578,
        "veh_id": 11537,
        "sim_time_s": 3958.7,
        "tier": "track-section",
        "prearm_status": "",
        "focus_role": "none"
      }
    },
    {
      "type": "Feature",
      "geometry": {
        "type": "Point",
        "coordinates": [
          0.0,
          0.0
        ]
      },
      "properties": {
        "junction_id": 39576,
        "veh_id": 11581,
        "sim_time_s": 3958.7,
        "tier": "harmony-no-ge-local",
        "prearm_status": "skip",
        "focus_role": "none"
      }
    },
    {
      "type": "Feature",
      "geometry": {
        "type": "Point",
        "coordinates": [
          500492.0788608647,
          6965686.583381154
        ]
      },
      "properties": {
        "junction_id": 39578,
        "veh_id": 11581,
        "sim_time_s": 3965.4,
        "tier": "track-zone",
        "prearm_status": "",
        "focus_role": "none"
      }
    },
    {
      "type": "Feature",
      "geometry": {
        "type": "Point",
        "coordinates": [
          500648.22144705476,
          6965256.57233578
        ]
      },
      "properties": {
        "junction_id": 36385,
        "veh_id": 11536,
        "sim_time_s": 3966.8,
        "tier": "track-zone",
        "prearm_status": "",
        "focus_role": "none"
      }
    },
    {
      "type": "Feature",
      "geometry": {
        "type": "Point",
        "coordinates": [
          499965.5142096318,
          6966755.857862566
        ]
      },
      "properties": {
        "junction_id": 11118289,
        "veh_id": 11580,
        "sim_time_s": 3968.1,
        "tier": "track-zone",
        "prearm_status": "",
        "focus_role": "none"
      }
    },
    {
      "type": "Feature",
      "geometry": {
        "type": "Point",
        "coordinates": [
          0.0,
          0.0
        ]
      },
      "properties": {
        "junction_id": 39593,
        "veh_id": 11536,
        "sim_time_s": 3969.0,
        "tier": "harmony-no-ge-local",
        "prearm_status": "skip",
        "focus_role": "none"
      }
    },
    {
      "type": "Feature",
      "geometry": {
        "type": "Point",
        "coordinates": [
          0.0,
          0.0
        ]
      },
      "properties": {
        "junction_id": 39587,
        "veh_id": 11569,
        "sim_time_s": 3972.2,
        "tier": "harmony-no-ge-local",
        "prearm_status": "skip",
        "focus_role": "none"
      }
    },
    {
      "type": "Feature",
      "geometry": {
        "type": "Point",
        "coordinates": [
          500552.0104348814,
          6965569.929658751
        ]
      },
      "properties": {
        "junction_id": 10157950,
        "veh_id": 11569,
        "sim_time_s": 3973.5,
        "tier": "track-zone",
        "prearm_status": "",
        "focus_role": "none"
      }
    },
    {
      "type": "Feature",
      "geometry": {
        "type": "Point",
        "coordinates": [
          0.0,
          0.0
        ]
      },
      "properties": {
        "junction_id": 36385,
        "veh_id": 11536,
        "sim_time_s": 3977.6,
        "tier": "harmony-ins-local",
        "prearm_status": "action",
        "focus_role": "none"
      }
    },
    {
      "type": "Feature",
      "geometry": {
        "type": "Point",
        "coordinates": [
          500714.0341973177,
          6965092.302640615
        ]
      },
      "properties": {
        "junction_id": 36393,
        "veh_id": 11536,
        "sim_time_s": 3980.7,
        "tier": "coord-prearm-harmony/SHOCKWAVE",
        "prearm_status": "fired",
        "focus_role": "none"
      }
    },
    {
      "type": "Feature",
      "geometry": {
        "type": "Point",
        "coordinates": [
          0.0,
          0.0
        ]
      },
      "properties": {
        "junction_id": 36393,
        "veh_id": 11536,
        "sim_time_s": 3981.2,
        "tier": "harmony-no-ge-local",
        "prearm_status": "skip",
        "focus_role": "none"
      }
    },
    {
      "type": "Feature",
      "geometry": {
        "type": "Point",
        "coordinates": [
          500684.0987813321,
          6964756.319799706
        ]
      },
      "properties": {
        "junction_id": 36393,
        "veh_id": 11536,
        "sim_time_s": 3981.2,
        "tier": "coord-prearm-success/SHOCKWAVE",
        "prearm_status": "success",
        "focus_role": "none"
      }
    },
    {
      "type": "Feature",
      "geometry": {
        "type": "Point",
        "coordinates": [
          500715.8376614356,
          6965085.020690008
        ]
      },
      "properties": {
        "junction_id": 39590,
        "veh_id": 11536,
        "sim_time_s": 3985.2,
        "tier": "coord-prearm-harmony/SHOCKWAVE",
        "prearm_status": "fired",
        "focus_role": "none"
      }
    },
    {
      "type": "Feature",
      "geometry": {
        "type": "Point",
        "coordinates": [
          0.0,
          0.0
        ]
      },
      "properties": {
        "junction_id": 39590,
        "veh_id": 11536,
        "sim_time_s": 3985.7,
        "tier": "harmony-ins-local",
        "prearm_status": "action",
        "focus_role": "none"
      }
    },
    {
      "type": "Feature",
      "geometry": {
        "type": "Point",
        "coordinates": [
          500756.5972760396,
          6964319.360583134
        ]
      },
      "properties": {
        "junction_id": 39590,
        "veh_id": 11536,
        "sim_time_s": 3985.7,
        "tier": "coord-prearm-success/SHOCKWAVE",
        "prearm_status": "success",
        "focus_role": "none"
      }
    },
    {
      "type": "Feature",
      "geometry": {
        "type": "Point",
        "coordinates": [
          0.0,
          0.0
        ]
      },
      "properties": {
        "junction_id": 39578,
        "veh_id": 11581,
        "sim_time_s": 3996.4,
        "tier": "harmony-no-ge-local",
        "prearm_status": "skip",
        "focus_role": "none"
      }
    },
    {
      "type": "Feature",
      "geometry": {
        "type": "Point",
        "coordinates": [
          499965.5142096318,
          6966755.857862566
        ]
      },
      "properties": {
        "junction_id": 39572,
        "veh_id": 11580,
        "sim_time_s": 3997.8,
        "tier": "track-zone",
        "prearm_status": "",
        "focus_role": "none"
      }
    },
    {
      "type": "Feature",
      "geometry": {
        "type": "Point",
        "coordinates": [
          0.0,
          0.0
        ]
      },
      "properties": {
        "junction_id": 39576,
        "veh_id": 11559,
        "sim_time_s": 3999.2,
        "tier": "harmony-no-ge-local",
        "prearm_status": "skip",
        "focus_role": "none"
      }
    },
    {
      "type": "Feature",
      "geometry": {
        "type": "Point",
        "coordinates": [
          499960.5341064338,
          6966962.029882004
        ]
      },
      "properties": {
        "junction_id": 38339,
        "veh_id": 11542,
        "sim_time_s": 4004.1,
        "tier": "IC-detect",
        "prearm_status": "",
        "focus_role": "none"
      }
    },
    {
      "type": "Feature",
      "geometry": {
        "type": "Point",
        "coordinates": [
          0.0,
          0.0
        ]
      },
      "properties": {
        "junction_id": 39576,
        "veh_id": 11548,
        "sim_time_s": 4005.9,
        "tier": "harmony-no-ge-local",
        "prearm_status": "skip",
        "focus_role": "none"
      }
    },
    {
      "type": "Feature",
      "geometry": {
        "type": "Point",
        "coordinates": [
          500521.2501951412,
          6965828.349664435
        ]
      },
      "properties": {
        "junction_id": 39578,
        "veh_id": 11570,
        "sim_time_s": 4009.9,
        "tier": "IC-detect-far",
        "prearm_status": "",
        "focus_role": "none"
      }
    },
    {
      "type": "Feature",
      "geometry": {
        "type": "Point",
        "coordinates": [
          500521.2439657209,
          6965828.331507104
        ]
      },
      "properties": {
        "junction_id": 39576,
        "veh_id": 11570,
        "sim_time_s": 4015.3,
        "tier": "track-zone",
        "prearm_status": "",
        "focus_role": "none"
      }
    },
    {
      "type": "Feature",
      "geometry": {
        "type": "Point",
        "coordinates": [
          500401.0424392935,
          6966038.250958284
        ]
      },
      "properties": {
        "junction_id": 1043762,
        "veh_id": 11581,
        "sim_time_s": 4015.3,
        "tier": "track-zone",
        "prearm_status": "",
        "focus_role": "none"
      }
    },
    {
      "type": "Feature",
      "geometry": {
        "type": "Point",
        "coordinates": [
          0.0,
          0.0
        ]
      },
      "properties": {
        "junction_id": 1043762,
        "veh_id": 11581,
        "sim_time_s": 4018.1,
        "tier": "harmony-no-ge-local",
        "prearm_status": "skip",
        "focus_role": "none"
      }
    },
    {
      "type": "Feature",
      "geometry": {
        "type": "Point",
        "coordinates": [
          500352.16413760243,
          6966083.176690988
        ]
      },
      "properties": {
        "junction_id": 39569,
        "veh_id": 11581,
        "sim_time_s": 4020.3,
        "tier": "coord-prearm-harmony/SHOCKWAVE",
        "prearm_status": "fired",
        "focus_role": "none"
      }
    },
    {
      "type": "Feature",
      "geometry": {
        "type": "Point",
        "coordinates": [
          0.0,
          0.0
        ]
      },
      "properties": {
        "junction_id": 39569,
        "veh_id": 11581,
        "sim_time_s": 4020.8,
        "tier": "harmony-no-ge-local",
        "prearm_status": "skip",
        "focus_role": "none"
      }
    },
    {
      "type": "Feature",
      "geometry": {
        "type": "Point",
        "coordinates": [
          500105.32496907446,
          6966447.427635934
        ]
      },
      "properties": {
        "junction_id": 39569,
        "veh_id": 11581,
        "sim_time_s": 4020.8,
        "tier": "coord-prearm-success/SHOCKWAVE",
        "prearm_status": "success",
        "focus_role": "none"
      }
    },
    {
      "type": "Feature",
      "geometry": {
        "type": "Point",
        "coordinates": [
          499960.5341064338,
          6966962.029882004
        ]
      },
      "properties": {
        "junction_id": 11118289,
        "veh_id": 11542,
        "sim_time_s": 4023.4,
        "tier": "track-zone",
        "prearm_status": "",
        "focus_role": "none"
      }
    },
    {
      "type": "Feature",
      "geometry": {
        "type": "Point",
        "coordinates": [
          500299.71167595184,
          6966146.282778973
        ]
      },
      "properties": {
        "junction_id": 39572,
        "veh_id": 11581,
        "sim_time_s": 4025.7,
        "tier": "coord-prearm-harmony/SHOCKWAVE",
        "prearm_status": "fired",
        "focus_role": "none"
      }
    },
    {
      "type": "Feature",
      "geometry": {
        "type": "Point",
        "coordinates": [
          0.0,
          0.0
        ]
      },
      "properties": {
        "junction_id": 39572,
        "veh_id": 11581,
        "sim_time_s": 4026.2,
        "tier": "harmony-no-ge-local",
        "prearm_status": "skip",
        "focus_role": "none"
      }
    },
    {
      "type": "Feature",
      "geometry": {
        "type": "Point",
        "coordinates": [
          500012.2556836749,
          6966653.44887729
        ]
      },
      "properties": {
        "junction_id": 39572,
        "veh_id": 11581,
        "sim_time_s": 4026.2,
        "tier": "coord-prearm-success/SHOCKWAVE",
        "prearm_status": "success",
        "focus_role": "none"
      }
    },
    {
      "type": "Feature",
      "geometry": {
        "type": "Point",
        "coordinates": [
          499958.1534534144,
          6966985.365254279
        ]
      },
      "properties": {
        "junction_id": 11118289,
        "veh_id": 11571,
        "sim_time_s": 4031.6,
        "tier": "track-zone",
        "prearm_status": "",
        "focus_role": "none"
      }
    },
    {
      "type": "Feature",
      "geometry": {
        "type": "Point",
        "coordinates": [
          500796.53525436285,
          6964267.150778098
        ]
      },
      "properties": {
        "junction_id": 39590,
        "veh_id": 11547,
        "sim_time_s": 4034.2,
        "tier": "IC-detect",
        "prearm_status": "",
        "focus_role": "none"
      }
    },
    {
      "type": "Feature",
      "geometry": {
        "type": "Point",
        "coordinates": [
          499958.1534534144,
          6966985.365254279
        ]
      },
      "properties": {
        "junction_id": 38339,
        "veh_id": 11571,
        "sim_time_s": 4034.2,
        "tier": "IC-detect",
        "prearm_status": "",
        "focus_role": "none"
      }
    },
    {
      "type": "Feature",
      "geometry": {
        "type": "Point",
        "coordinates": [
          0.0,
          0.0
        ]
      },
      "properties": {
        "junction_id": 39606,
        "veh_id": 11547,
        "sim_time_s": 4035.6,
        "tier": "harmony-no-ge-local",
        "prearm_status": "skip",
        "focus_role": "none"
      }
    },
    {
      "type": "Feature",
      "geometry": {
        "type": "Point",
        "coordinates": [
          500361.1319804767,
          6966084.34916659
        ]
      },
      "properties": {
        "junction_id": 1043762,
        "veh_id": 11537,
        "sim_time_s": 4039.7,
        "tier": "IC-detect-far",
        "prearm_status": "",
        "focus_role": "none"
      }
    },
    {
      "type": "Feature",
      "geometry": {
        "type": "Point",
        "coordinates": [
          499965.5142096318,
          6966755.857862566
        ]
      },
      "properties": {
        "junction_id": 39568,
        "veh_id": 11580,
        "sim_time_s": 4041.0,
        "tier": "track-zone",
        "prearm_status": "",
        "focus_role": "none"
      }
    },
    {
      "type": "Feature",
      "geometry": {
        "type": "Point",
        "coordinates": [
          500579.7089444082,
          6965497.689089884
        ]
      },
      "properties": {
        "junction_id": 1119660,
        "veh_id": 11569,
        "sim_time_s": 4046.4,
        "tier": "track-zone",
        "prearm_status": "",
        "focus_role": "none"
      }
    },
    {
      "type": "Feature",
      "geometry": {
        "type": "Point",
        "coordinates": [
          500952.09229130344,
          6964037.796872752
        ]
      },
      "properties": {
        "junction_id": 39606,
        "veh_id": 11582,
        "sim_time_s": 4050.0,
        "tier": "IC-detect",
        "prearm_status": "",
        "focus_role": "none"
      }
    },
    {
      "type": "Feature",
      "geometry": {
        "type": "Point",
        "coordinates": [
          0.0,
          0.0
        ]
      },
      "properties": {
        "junction_id": 39606,
        "veh_id": 11582,
        "sim_time_s": 4050.0,
        "tier": "harmony-no-ge-local",
        "prearm_status": "skip",
        "focus_role": "none"
      }
    },
    {
      "type": "Feature",
      "geometry": {
        "type": "Point",
        "coordinates": [
          500921.6282637348,
          6964080.623445315
        ]
      },
      "properties": {
        "junction_id": 39590,
        "veh_id": 11582,
        "sim_time_s": 4053.2,
        "tier": "coord-prearm-harmony/SHOCKWAVE",
        "prearm_status": "fired",
        "focus_role": "none"
      }
    },
    {
      "type": "Feature",
      "geometry": {
        "type": "Point",
        "coordinates": [
          0.0,
          0.0
        ]
      },
      "properties": {
        "junction_id": 39590,
        "veh_id": 11582,
        "sim_time_s": 4053.6,
        "tier": "harmony-no-ge-local",
        "prearm_status": "skip",
        "focus_role": "none"
      }
    },
    {
      "type": "Feature",
      "geometry": {
        "type": "Point",
        "coordinates": [
          500756.5972760396,
          6964319.360583134
        ]
      },
      "properties": {
        "junction_id": 39590,
        "veh_id": 11582,
        "sim_time_s": 4053.6,
        "tier": "coord-prearm-success/SHOCKWAVE",
        "prearm_status": "success",
        "focus_role": "none"
      }
    },
    {
      "type": "Feature",
      "geometry": {
        "type": "Point",
        "coordinates": [
          500083.6499831611,
          6967501.4371445235
        ]
      },
      "properties": {
        "junction_id": 38339,
        "veh_id": 11572,
        "sim_time_s": 4053.6,
        "tier": "IC-detect",
        "prearm_status": "",
        "focus_role": "none"
      }
    },
    {
      "type": "Feature",
      "geometry": {
        "type": "Point",
        "coordinates": [
          500894.8519815524,
          6964116.7355288975
        ]
      },
      "properties": {
        "junction_id": 36393,
        "veh_id": 11582,
        "sim_time_s": 4056.8,
        "tier": "coord-prearm-harmony/SHOCKWAVE",
        "prearm_status": "fired",
        "focus_role": "none"
      }
    },
    {
      "type": "Feature",
      "geometry": {
        "type": "Point",
        "coordinates": [
          0.0,
          0.0
        ]
      },
      "properties": {
        "junction_id": 36393,
        "veh_id": 11582,
        "sim_time_s": 4057.2,
        "tier": "harmony-no-ge-local",
        "prearm_status": "skip",
        "focus_role": "none"
      }
    },
    {
      "type": "Feature",
      "geometry": {
        "type": "Point",
        "coordinates": [
          500684.0987813321,
          6964756.319799706
        ]
      },
      "properties": {
        "junction_id": 36393,
        "veh_id": 11582,
        "sim_time_s": 4057.2,
        "tier": "coord-prearm-success/SHOCKWAVE",
        "prearm_status": "success",
        "focus_role": "none"
      }
    },
    {
      "type": "Feature",
      "geometry": {
        "type": "Point",
        "coordinates": [
          500829.9679197454,
          6964189.3965123305
        ]
      },
      "properties": {
        "junction_id": 36385,
        "veh_id": 11582,
        "sim_time_s": 4063.1,
        "tier": "coord-prearm-harmony/SHOCKWAVE",
        "prearm_status": "fired",
        "focus_role": "none"
      }
    },
    {
      "type": "Feature",
      "geometry": {
        "type": "Point",
        "coordinates": [
          0.0,
          0.0
        ]
      },
      "properties": {
        "junction_id": 36385,
        "veh_id": 11582,
        "sim_time_s": 4063.5,
        "tier": "harmony-no-ge-local",
        "prearm_status": "skip",
        "focus_role": "none"
      }
    },
    {
      "type": "Feature",
      "geometry": {
        "type": "Point",
        "coordinates": [
          500715.9750991549,
          6965021.28412977
        ]
      },
      "properties": {
        "junction_id": 36385,
        "veh_id": 11582,
        "sim_time_s": 4063.5,
        "tier": "coord-prearm-success/SHOCKWAVE",
        "prearm_status": "success",
        "focus_role": "none"
      }
    },
    {
      "type": "Feature",
      "geometry": {
        "type": "Point",
        "coordinates": [
          500512.19162327494,
          6965721.6643907605
        ]
      },
      "properties": {
        "junction_id": 39578,
        "veh_id": 11559,
        "sim_time_s": 4063.9,
        "tier": "track-zone",
        "prearm_status": "",
        "focus_role": "none"
      }
    },
    {
      "type": "Feature",
      "geometry": {
        "type": "Point",
        "coordinates": [
          500607.5594423765,
          6965413.9361039335
        ]
      },
      "properties": {
        "junction_id": 39593,
        "veh_id": 11569,
        "sim_time_s": 4065.3,
        "tier": "track-zone",
        "prearm_status": "",
        "focus_role": "none"
      }
    },
    {
      "type": "Feature",
      "geometry": {
        "type": "Point",
        "coordinates": [
          500121.0328202633,
          6966418.969870737
        ]
      },
      "properties": {
        "junction_id": 1043762,
        "veh_id": 11554,
        "sim_time_s": 4068.0,
        "tier": "track-zone",
        "prearm_status": "",
        "focus_role": "none"
      }
    },
    {
      "type": "Feature",
      "geometry": {
        "type": "Point",
        "coordinates": [
          500113.24555712065,
          6966425.691860158
        ]
      },
      "properties": {
        "junction_id": 39572,
        "veh_id": 11554,
        "sim_time_s": 4070.7,
        "tier": "track-zone",
        "prearm_status": "",
        "focus_role": "none"
      }
    },
    {
      "type": "Feature",
      "geometry": {
        "type": "Point",
        "coordinates": [
          500110.52073633735,
          6966427.881180089
        ]
      },
      "properties": {
        "junction_id": 39569,
        "veh_id": 11554,
        "sim_time_s": 4073.4,
        "tier": "IC-detect",
        "prearm_status": "",
        "focus_role": "none"
      }
    },
    {
      "type": "Feature",
      "geometry": {
        "type": "Point",
        "coordinates": [
          500646.99955681677,
          6965259.517063181
        ]
      },
      "properties": {
        "junction_id": 36385,
        "veh_id": 11569,
        "sim_time_s": 4076.1,
        "tier": "track-zone",
        "prearm_status": "",
        "focus_role": "none"
      }
    },
    {
      "type": "Feature",
      "geometry": {
        "type": "Point",
        "coordinates": [
          0.0,
          0.0
        ]
      },
      "properties": {
        "junction_id": 39593,
        "veh_id": 11569,
        "sim_time_s": 4076.1,
        "tier": "harmony-no-ge-local",
        "prearm_status": "skip",
        "focus_role": "none"
      }
    },
    {
      "type": "Feature",
      "geometry": {
        "type": "Point",
        "coordinates": [
          500415.9336523884,
          6966037.753090329
        ]
      },
      "properties": {
        "junction_id": 39578,
        "veh_id": 11537,
        "sim_time_s": 4078.8,
        "tier": "IC-detect-far",
        "prearm_status": "",
        "focus_role": "none"
      }
    },
    {
      "type": "Feature",
      "geometry": {
        "type": "Point",
        "coordinates": [
          0.0,
          0.0
        ]
      },
      "properties": {
        "junction_id": 39578,
        "veh_id": 11537,
        "sim_time_s": 4082.8,
        "tier": "harmony-no-ge-local",
        "prearm_status": "skip",
        "focus_role": "none"
      }
    },
    {
      "type": "Feature",
      "geometry": {
        "type": "Point",
        "coordinates": [
          500033.2114936045,
          6966464.671912144
        ]
      },
      "properties": {
        "junction_id": 39568,
        "veh_id": 11554,
        "sim_time_s": 4084.2,
        "tier": "track-zone",
        "prearm_status": "",
        "focus_role": "none"
      }
    },
    {
      "type": "Feature",
      "geometry": {
        "type": "Point",
        "coordinates": [
          0.0,
          0.0
        ]
      },
      "properties": {
        "junction_id": 36385,
        "veh_id": 11569,
        "sim_time_s": 4086.9,
        "tier": "harmony-no-ge-local",
        "prearm_status": "skip",
        "focus_role": "none"
      }
    },
    {
      "type": "Feature",
      "geometry": {
        "type": "Point",
        "coordinates": [
          499965.5142096318,
          6966755.857862566
        ]
      },
      "properties": {
        "junction_id": 11118289,
        "veh_id": 11580,
        "sim_time_s": 4089.6,
        "tier": "track-zone",
        "prearm_status": "",
        "focus_role": "none"
      }
    },
    {
      "type": "Feature",
      "geometry": {
        "type": "Point",
        "coordinates": [
          500713.82752104575,
          6965093.144780756
        ]
      },
      "properties": {
        "junction_id": 36393,
        "veh_id": 11569,
        "sim_time_s": 4090.1,
        "tier": "coord-prearm-harmony/SHOCKWAVE",
        "prearm_status": "fired",
        "focus_role": "none"
      }
    },
    {
      "type": "Feature",
      "geometry": {
        "type": "Point",
        "coordinates": [
          0.0,
          0.0
        ]
      },
      "properties": {
        "junction_id": 36393,
        "veh_id": 11569,
        "sim_time_s": 4090.5,
        "tier": "harmony-no-ge-local",
        "prearm_status": "skip",
        "focus_role": "none"
      }
    },
    {
      "type": "Feature",
      "geometry": {
        "type": "Point",
        "coordinates": [
          500684.0987813321,
          6964756.319799706
        ]
      },
      "properties": {
        "junction_id": 36393,
        "veh_id": 11569,
        "sim_time_s": 4090.5,
        "tier": "coord-prearm-success/SHOCKWAVE",
        "prearm_status": "success",
        "focus_role": "none"
      }
    },
    {
      "type": "Feature",
      "geometry": {
        "type": "Point",
        "coordinates": [
          500715.8087740387,
          6965085.1449618
        ]
      },
      "properties": {
        "junction_id": 39590,
        "veh_id": 11569,
        "sim_time_s": 4094.6,
        "tier": "coord-prearm-harmony/SHOCKWAVE",
        "prearm_status": "fired",
        "focus_role": "none"
      }
    },
    {
      "type": "Feature",
      "geometry": {
        "type": "Point",
        "coordinates": [
          0.0,
          0.0
        ]
      },
      "properties": {
        "junction_id": 39590,
        "veh_id": 11569,
        "sim_time_s": 4095.0,
        "tier": "harmony-no-ge-local",
        "prearm_status": "skip",
        "focus_role": "none"
      }
    },
    {
      "type": "Feature",
      "geometry": {
        "type": "Point",
        "coordinates": [
          500756.5972760396,
          6964319.360583134
        ]
      },
      "properties": {
        "junction_id": 39590,
        "veh_id": 11569,
        "sim_time_s": 4095.0,
        "tier": "coord-prearm-success/SHOCKWAVE",
        "prearm_status": "success",
        "focus_role": "none"
      }
    },
    {
      "type": "Feature",
      "geometry": {
        "type": "Point",
        "coordinates": [
          500080.116645984,
          6966481.070474498
        ]
      },
      "properties": {
        "junction_id": 39568,
        "veh_id": 11581,
        "sim_time_s": 4096.4,
        "tier": "track-zone",
        "prearm_status": "",
        "focus_role": "none"
      }
    },
    {
      "type": "Feature",
      "geometry": {
        "type": "Point",
        "coordinates": [
          500696.66658778855,
          6964749.442716481
        ]
      },
      "properties": {
        "junction_id": 36393,
        "veh_id": 11536,
        "sim_time_s": 4101.3,
        "tier": "IC-detect",
        "prearm_status": "",
        "focus_role": "none"
      }
    },
    {
      "type": "Feature",
      "geometry": {
        "type": "Point",
        "coordinates": [
          0.0,
          0.0
        ]
      },
      "properties": {
        "junction_id": 39576,
        "veh_id": 11570,
        "sim_time_s": 4108.5,
        "tier": "harmony-ins-local",
        "prearm_status": "action",
        "focus_role": "none"
      }
    },
    {
      "type": "Feature",
      "geometry": {
        "type": "Point",
        "coordinates": [
          499965.5142096318,
          6966755.857862566
        ]
      },
      "properties": {
        "junction_id": 39572,
        "veh_id": 11580,
        "sim_time_s": 4119.3,
        "tier": "track-zone",
        "prearm_status": "",
        "focus_role": "none"
      }
    },
    {
      "type": "Feature",
      "geometry": {
        "type": "Point",
        "coordinates": [
          500512.25312149094,
          6965717.754886576
        ]
      },
      "properties": {
        "junction_id": 39576,
        "veh_id": 11559,
        "sim_time_s": 4119.3,
        "tier": "IC-detect",
        "prearm_status": "",
        "focus_role": "none"
      }
    },
    {
      "type": "Feature",
      "geometry": {
        "type": "Point",
        "coordinates": [
          500689.0944981637,
          6964559.622724442
        ]
      },
      "properties": {
        "junction_id": 39590,
        "veh_id": 11536,
        "sim_time_s": 4120.6,
        "tier": "track-zone",
        "prearm_status": "",
        "focus_role": "none"
      }
    },
    {
      "type": "Feature",
      "geometry": {
        "type": "Point",
        "coordinates": [
          499960.5341064338,
          6966962.029882004
        ]
      },
      "properties": {
        "junction_id": 38339,
        "veh_id": 11542,
        "sim_time_s": 4124.2,
        "tier": "IC-detect",
        "prearm_status": "",
        "focus_role": "none"
      }
    },
    {
      "type": "Feature",
      "geometry": {
        "type": "Point",
        "coordinates": [
          0.0,
          0.0
        ]
      },
      "properties": {
        "junction_id": 39572,
        "veh_id": 11554,
        "sim_time_s": 4124.7,
        "tier": "harmony-no-ge-local",
        "prearm_status": "skip",
        "focus_role": "none"
      }
    },
    {
      "type": "Feature",
      "geometry": {
        "type": "Point",
        "coordinates": [
          500379.33536051185,
          6965679.696746412
        ]
      },
      "properties": {
        "junction_id": 39576,
        "veh_id": 11548,
        "sim_time_s": 4126.1,
        "tier": "IC-detect-far",
        "prearm_status": "",
        "focus_role": "none"
      }
    },
    {
      "type": "Feature",
      "geometry": {
        "type": "Point",
        "coordinates": [
          500066.91210221854,
          6966511.631963011
        ]
      },
      "properties": {
        "junction_id": 39569,
        "veh_id": 11581,
        "sim_time_s": 4140.9,
        "tier": "IC-detect",
        "prearm_status": "",
        "focus_role": "none"
      }
    },
    {
      "type": "Feature",
      "geometry": {
        "type": "Point",
        "coordinates": [
          499960.5341064338,
          6966962.029882004
        ]
      },
      "properties": {
        "junction_id": 11118289,
        "veh_id": 11542,
        "sim_time_s": 4144.9,
        "tier": "track-zone",
        "prearm_status": "",
        "focus_role": "none"
      }
    },
    {
      "type": "Feature",
      "geometry": {
        "type": "Point",
        "coordinates": [
          500512.73101029126,
          6965699.83268495
        ]
      },
      "properties": {
        "junction_id": 39587,
        "veh_id": 11559,
        "sim_time_s": 4144.9,
        "tier": "track-zone",
        "prearm_status": "",
        "focus_role": "none"
      }
    },
    {
      "type": "Feature",
      "geometry": {
        "type": "Point",
        "coordinates": [
          500521.5431013052,
          6965639.622872585
        ]
      },
      "properties": {
        "junction_id": 1119660,
        "veh_id": 11559,
        "sim_time_s": 4150.4,
        "tier": "track-zone",
        "prearm_status": "",
        "focus_role": "none"
      }
    },
    {
      "type": "Feature",
      "geometry": {
        "type": "Point",
        "coordinates": [
          499512.503551552,
          6966653.615358096
        ]
      },
      "properties": {
        "junction_id": 39572,
        "veh_id": 11560,
        "sim_time_s": 4152.6,
        "tier": "IC-detect",
        "prearm_status": "",
        "focus_role": "none"
      }
    },
    {
      "type": "Feature",
      "geometry": {
        "type": "Point",
        "coordinates": [
          499958.1534534144,
          6966985.365254279
        ]
      },
      "properties": {
        "junction_id": 11118289,
        "veh_id": 11571,
        "sim_time_s": 4153.1,
        "tier": "track-zone",
        "prearm_status": "",
        "focus_role": "none"
      }
    },
    {
      "type": "Feature",
      "geometry": {
        "type": "Point",
        "coordinates": [
          499958.1534534144,
          6966985.365254279
        ]
      },
      "properties": {
        "junction_id": 38339,
        "veh_id": 11571,
        "sim_time_s": 4154.4,
        "tier": "IC-detect",
        "prearm_status": "",
        "focus_role": "none"
      }
    },
    {
      "type": "Feature",
      "geometry": {
        "type": "Point",
        "coordinates": [
          499965.5142096318,
          6966755.857862566
        ]
      },
      "properties": {
        "junction_id": 39568,
        "veh_id": 11580,
        "sim_time_s": 4162.5,
        "tier": "track-zone",
        "prearm_status": "",
        "focus_role": "none"
      }
    },
    {
      "type": "Feature",
      "geometry": {
        "type": "Point",
        "coordinates": [
          500714.5887151289,
          6964389.347233307
        ]
      },
      "properties": {
        "junction_id": 39606,
        "veh_id": 11582,
        "sim_time_s": 4171.9,
        "tier": "track-zone",
        "prearm_status": "",
        "focus_role": "none"
      }
    },
    {
      "type": "Feature",
      "geometry": {
        "type": "Point",
        "coordinates": [
          500714.5887151289,
          6964389.347233307
        ]
      },
      "properties": {
        "junction_id": 39590,
        "veh_id": 11582,
        "sim_time_s": 4173.8,
        "tier": "IC-detect",
        "prearm_status": "",
        "focus_role": "none"
      }
    },
    {
      "type": "Feature",
      "geometry": {
        "type": "Point",
        "coordinates": [
          500006.44810146804,
          6967332.852115109
        ]
      },
      "properties": {
        "junction_id": 38339,
        "veh_id": 11572,
        "sim_time_s": 4173.8,
        "tier": "IC-detect-far",
        "prearm_status": "",
        "focus_role": "none"
      }
    },
    {
      "type": "Feature",
      "geometry": {
        "type": "Point",
        "coordinates": [
          500731.4790823116,
          6964405.8314814875
        ]
      },
      "properties": {
        "junction_id": 39606,
        "veh_id": 11536,
        "sim_time_s": 4181.4,
        "tier": "track-zone",
        "prearm_status": "",
        "focus_role": "none"
      }
    },
    {
      "type": "Feature",
      "geometry": {
        "type": "Point",
        "coordinates": [
          500512.1001234406,
          6965721.11052763
        ]
      },
      "properties": {
        "junction_id": 39578,
        "veh_id": 11570,
        "sim_time_s": 4188.1,
        "tier": "track-zone",
        "prearm_status": "",
        "focus_role": "none"
      }
    },
    {
      "type": "Feature",
      "geometry": {
        "type": "Point",
        "coordinates": [
          500673.58657082036,
          6964519.550807544
        ]
      },
      "properties": {
        "junction_id": 36393,
        "veh_id": 11582,
        "sim_time_s": 4190.4,
        "tier": "IC-detect",
        "prearm_status": "",
        "focus_role": "none"
      }
    },
    {
      "type": "Feature",
      "geometry": {
        "type": "Point",
        "coordinates": [
          0.0,
          0.0
        ]
      },
      "properties": {
        "junction_id": 39572,
        "veh_id": 11560,
        "sim_time_s": 4193.1,
        "tier": "harmony-no-ge-local",
        "prearm_status": "skip",
        "focus_role": "none"
      }
    },
    {
      "type": "Feature",
      "geometry": {
        "type": "Point",
        "coordinates": [
          0.0,
          0.0
        ]
      },
      "properties": {
        "junction_id": 39606,
        "veh_id": 11536,
        "sim_time_s": 4193.6,
        "tier": "harmony-no-ge-local",
        "prearm_status": "skip",
        "focus_role": "none"
      }
    },
    {
      "type": "Feature",
      "geometry": {
        "type": "Point",
        "coordinates": [
          500920.5921924231,
          6965247.01138802
        ]
      },
      "properties": {
        "junction_id": 39593,
        "veh_id": 11562,
        "sim_time_s": 4200.3,
        "tier": "track-zone",
        "prearm_status": "",
        "focus_role": "none"
      }
    },
    {
      "type": "Feature",
      "geometry": {
        "type": "Point",
        "coordinates": [
          0.0,
          0.0
        ]
      },
      "properties": {
        "junction_id": 39593,
        "veh_id": 11562,
        "sim_time_s": 4200.3,
        "tier": "harmony-no-ge-local",
        "prearm_status": "skip",
        "focus_role": "none"
      }
    },
    {
      "type": "Feature",
      "geometry": {
        "type": "Point",
        "coordinates": [
          0.0,
          0.0
        ]
      },
      "properties": {
        "junction_id": 39587,
        "veh_id": 11559,
        "sim_time_s": 4200.3,
        "tier": "harmony-no-ge-local",
        "prearm_status": "skip",
        "focus_role": "none"
      }
    },
    {
      "type": "Feature",
      "geometry": {
        "type": "Point",
        "coordinates": [
          500497.60134119913,
          6965969.920875984
        ]
      },
      "properties": {
        "junction_id": 39578,
        "veh_id": 11537,
        "sim_time_s": 4203.0,
        "tier": "track-zone",
        "prearm_status": "",
        "focus_role": "none"
      }
    },
    {
      "type": "Feature",
      "geometry": {
        "type": "Point",
        "coordinates": [
          500556.0015706779,
          6965561.508870976
        ]
      },
      "properties": {
        "junction_id": 10157950,
        "veh_id": 11559,
        "sim_time_s": 4203.0,
        "tier": "track-zone",
        "prearm_status": "",
        "focus_role": "none"
      }
    },
    {
      "type": "Feature",
      "geometry": {
        "type": "Point",
        "coordinates": [
          500857.28651367914,
          6965223.610486724
        ]
      },
      "properties": {
        "junction_id": 36385,
        "veh_id": 11562,
        "sim_time_s": 4204.4,
        "tier": "track-zone",
        "prearm_status": "",
        "focus_role": "none"
      }
    },
    {
      "type": "Feature",
      "geometry": {
        "type": "Point",
        "coordinates": [
          500816.481937208,
          6965204.745718813
        ]
      },
      "properties": {
        "junction_id": 10157950,
        "veh_id": 11562,
        "sim_time_s": 4207.1,
        "tier": "track-zone",
        "prearm_status": "",
        "focus_role": "none"
      }
    },
    {
      "type": "Feature",
      "geometry": {
        "type": "Point",
        "coordinates": [
          499759.23507905786,
          6966605.719460625
        ]
      },
      "properties": {
        "junction_id": 39568,
        "veh_id": 11560,
        "sim_time_s": 4208.4,
        "tier": "track-zone",
        "prearm_status": "",
        "focus_role": "none"
      }
    },
    {
      "type": "Feature",
      "geometry": {
        "type": "Point",
        "coordinates": [
          500066.91210221854,
          6966511.631963011
        ]
      },
      "properties": {
        "junction_id": 39572,
        "veh_id": 11581,
        "sim_time_s": 4208.4,
        "tier": "track-zone",
        "prearm_status": "",
        "focus_role": "none"
      }
    },
    {
      "type": "Feature",
      "geometry": {
        "type": "Point",
        "coordinates": [
          500699.41383269225,
          6964817.845947919
        ]
      },
      "properties": {
        "junction_id": 36393,
        "veh_id": 11569,
        "sim_time_s": 4210.6,
        "tier": "IC-detect",
        "prearm_status": "",
        "focus_role": "none"
      }
    },
    {
      "type": "Feature",
      "geometry": {
        "type": "Point",
        "coordinates": [
          499965.5142096318,
          6966755.857862566
        ]
      },
      "properties": {
        "junction_id": 11118289,
        "veh_id": 11580,
        "sim_time_s": 4211.1,
        "tier": "track-zone",
        "prearm_status": "",
        "focus_role": "none"
      }
    },
    {
      "type": "Feature",
      "geometry": {
        "type": "Point",
        "coordinates": [
          0.0,
          0.0
        ]
      },
      "properties": {
        "junction_id": 38339,
        "veh_id": 11571,
        "sim_time_s": 4214.2,
        "tier": "harmony-ins-local",
        "prearm_status": "action",
        "focus_role": "none"
      }
    },
    {
      "type": "Feature",
      "geometry": {
        "type": "Point",
        "coordinates": [
          499960.72898174095,
          6966785.0041322475
        ]
      },
      "properties": {
        "junction_id": 38339,
        "veh_id": 11580,
        "sim_time_s": 4217.9,
        "tier": "track-zone",
        "prearm_status": "",
        "focus_role": "none"
      }
    },
    {
      "type": "Feature",
      "geometry": {
        "type": "Point",
        "coordinates": [
          500066.91210221854,
          6966511.631963011
        ]
      },
      "properties": {
        "junction_id": 39568,
        "veh_id": 11581,
        "sim_time_s": 4217.9,
        "tier": "track-zone",
        "prearm_status": "",
        "focus_role": "none"
      }
    },
    {
      "type": "Feature",
      "geometry": {
        "type": "Point",
        "coordinates": [
          500524.5438518846,
          6965936.187996868
        ]
      },
      "properties": {
        "junction_id": 39576,
        "veh_id": 11537,
        "sim_time_s": 4220.6,
        "tier": "track-zone",
        "prearm_status": "",
        "focus_role": "none"
      }
    },
    {
      "type": "Feature",
      "geometry": {
        "type": "Point",
        "coordinates": [
          500512.1529229218,
          6965717.754010868
        ]
      },
      "properties": {
        "junction_id": 39576,
        "veh_id": 11570,
        "sim_time_s": 4228.6,
        "tier": "IC-detect",
        "prearm_status": "",
        "focus_role": "none"
      }
    },
    {
      "type": "Feature",
      "geometry": {
        "type": "Point",
        "coordinates": [
          500454.74818133155,
          6965696.440204271
        ]
      },
      "properties": {
        "junction_id": 39578,
        "veh_id": 11548,
        "sim_time_s": 4230.0,
        "tier": "track-zone",
        "prearm_status": "",
        "focus_role": "none"
      }
    },
    {
      "type": "Feature",
      "geometry": {
        "type": "Point",
        "coordinates": [
          499961.35714100057,
          6966954.298158196
        ]
      },
      "properties": {
        "junction_id": 39568,
        "veh_id": 11542,
        "sim_time_s": 4238.1,
        "tier": "track-zone",
        "prearm_status": "",
        "focus_role": "none"
      }
    },
    {
      "type": "Feature",
      "geometry": {
        "type": "Point",
        "coordinates": [
          500469.7602629508,
          6965699.390053462
        ]
      },
      "properties": {
        "junction_id": 39576,
        "veh_id": 11548,
        "sim_time_s": 4246.2,
        "tier": "IC-detect",
        "prearm_status": "",
        "focus_role": "none"
      }
    },
    {
      "type": "Feature",
      "geometry": {
        "type": "Point",
        "coordinates": [
          499961.4436103887,
          6966954.45697164
        ]
      },
      "properties": {
        "junction_id": 39568,
        "veh_id": 11571,
        "sim_time_s": 4248.9,
        "tier": "track-zone",
        "prearm_status": "",
        "focus_role": "none"
      }
    },
    {
      "type": "Feature",
      "geometry": {
        "type": "Point",
        "coordinates": [
          500577.5061050916,
          6965504.129398369
        ]
      },
      "properties": {
        "junction_id": 39576,
        "veh_id": 11559,
        "sim_time_s": 4250.2,
        "tier": "track-zone",
        "prearm_status": "",
        "focus_role": "none"
      }
    },
    {
      "type": "Feature",
      "geometry": {
        "type": "Point",
        "coordinates": [
          500685.6463740849,
          6964774.583552647
        ]
      },
      "properties": {
        "junction_id": 36385,
        "veh_id": 11582,
        "sim_time_s": 4250.2,
        "tier": "track-zone",
        "prearm_status": "",
        "focus_role": "none"
      }
    },
    {
      "type": "Feature",
      "geometry": {
        "type": "Point",
        "coordinates": [
          499969.04338691983,
          6966899.055086727
        ]
      },
      "properties": {
        "junction_id": 39572,
        "veh_id": 11542,
        "sim_time_s": 4251.6,
        "tier": "track-zone",
        "prearm_status": "",
        "focus_role": "none"
      }
    },
    {
      "type": "Feature",
      "geometry": {
        "type": "Point",
        "coordinates": [
          500512.32161902054,
          6965707.789188173
        ]
      },
      "properties": {
        "junction_id": 39587,
        "veh_id": 11570,
        "sim_time_s": 4257.0,
        "tier": "track-zone",
        "prearm_status": "",
        "focus_role": "none"
      }
    },
    {
      "type": "Feature",
      "geometry": {
        "type": "Point",
        "coordinates": [
          499969.56000524637,
          6966891.131341157
        ]
      },
      "properties": {
        "junction_id": 38339,
        "veh_id": 11542,
        "sim_time_s": 4261.1,
        "tier": "track-zone",
        "prearm_status": "",
        "focus_role": "none"
      }
    },
    {
      "type": "Feature",
      "geometry": {
        "type": "Point",
        "coordinates": [
          500066.91210221854,
          6966511.631963011
        ]
      },
      "properties": {
        "junction_id": 39569,
        "veh_id": 11581,
        "sim_time_s": 4261.1,
        "tier": "IC-detect",
        "prearm_status": "",
        "focus_role": "none"
      }
    },
    {
      "type": "Feature",
      "geometry": {
        "type": "Point",
        "coordinates": [
          500689.6389815139,
          6964550.9970183
        ]
      },
      "properties": {
        "junction_id": 39590,
        "veh_id": 11569,
        "sim_time_s": 4262.4,
        "tier": "track-zone",
        "prearm_status": "",
        "focus_role": "none"
      }
    },
    {
      "type": "Feature",
      "geometry": {
        "type": "Point",
        "coordinates": [
          500518.3570531971,
          6965649.104451014
        ]
      },
      "properties": {
        "junction_id": 1119660,
        "veh_id": 11570,
        "sim_time_s": 4262.4,
        "tier": "track-zone",
        "prearm_status": "",
        "focus_role": "none"
      }
    },
    {
      "type": "Feature",
      "geometry": {
        "type": "Point",
        "coordinates": [
          499969.56147522427,
          6966891.106913541
        ]
      },
      "properties": {
        "junction_id": 11118289,
        "veh_id": 11542,
        "sim_time_s": 4266.4,
        "tier": "track-zone",
        "prearm_status": "",
        "focus_role": "none"
      }
    },
    {
      "type": "Feature",
      "geometry": {
        "type": "Point",
        "coordinates": [
          500577.5061050916,
          6965504.129398369
        ]
      },
      "properties": {
        "junction_id": 1119660,
        "veh_id": 11559,
        "sim_time_s": 4271.9,
        "tier": "track-zone",
        "prearm_status": "",
        "focus_role": "none"
      }
    },
    {
      "type": "Feature",
      "geometry": {
        "type": "Point",
        "coordinates": [
          499964.15385344945,
          6966924.794883812
        ]
      },
      "properties": {
        "junction_id": 11118289,
        "veh_id": 11571,
        "sim_time_s": 4274.6,
        "tier": "track-zone",
        "prearm_status": "",
        "focus_role": "none"
      }
    },
    {
      "type": "Feature",
      "geometry": {
        "type": "Point",
        "coordinates": [
          500701.9123759994,
          6964932.93561019
        ]
      },
      "properties": {
        "junction_id": 39593,
        "veh_id": 11582,
        "sim_time_s": 4274.6,
        "tier": "track-zone",
        "prearm_status": "",
        "focus_role": "none"
      }
    },
    {
      "type": "Feature",
      "geometry": {
        "type": "Point",
        "coordinates": [
          0.0,
          0.0
        ]
      },
      "properties": {
        "junction_id": 38339,
        "veh_id": 11580,
        "sim_time_s": 4274.6,
        "tier": "harmony-no-ge-local",
        "prearm_status": "skip",
        "focus_role": "none"
      }
    },
    {
      "type": "Feature",
      "geometry": {
        "type": "Point",
        "coordinates": [
          0.0,
          0.0
        ]
      },
      "properties": {
        "junction_id": 36385,
        "veh_id": 11562,
        "sim_time_s": 4286.7,
        "tier": "harmony-ins-local",
        "prearm_status": "action",
        "focus_role": "none"
      }
    },
    {
      "type": "Feature",
      "geometry": {
        "type": "Point",
        "coordinates": [
          499881.2460893903,
          6966547.438659375
        ]
      },
      "properties": {
        "junction_id": 39569,
        "veh_id": 11560,
        "sim_time_s": 4288.1,
        "tier": "track-zone",
        "prearm_status": "",
        "focus_role": "none"
      }
    },
    {
      "type": "Feature",
      "geometry": {
        "type": "Point",
        "coordinates": [
          500714.7727634242,
          6965063.497551338
        ]
      },
      "properties": {
        "junction_id": 36393,
        "veh_id": 11562,
        "sim_time_s": 4291.6,
        "tier": "coord-prearm-harmony/SHOCKWAVE",
        "prearm_status": "fired",
        "focus_role": "none"
      }
    },
    {
      "type": "Feature",
      "geometry": {
        "type": "Point",
        "coordinates": [
          0.0,
          0.0
        ]
      },
      "properties": {
        "junction_id": 36393,
        "veh_id": 11562,
        "sim_time_s": 4292.1,
        "tier": "harmony-no-ge-local",
        "prearm_status": "skip",
        "focus_role": "none"
      }
    },
    {
      "type": "Feature",
      "geometry": {
        "type": "Point",
        "coordinates": [
          500684.0987813321,
          6964756.319799706
        ]
      },
      "properties": {
        "junction_id": 36393,
        "veh_id": 11562,
        "sim_time_s": 4292.1,
        "tier": "coord-prearm-success/SHOCKWAVE",
        "prearm_status": "success",
        "focus_role": "none"
      }
    },
    {
      "type": "Feature",
      "geometry": {
        "type": "Point",
        "coordinates": [
          500006.44810146804,
          6967332.852115109
        ]
      },
      "properties": {
        "junction_id": 38339,
        "veh_id": 11572,
        "sim_time_s": 4293.9,
        "tier": "IC-detect-far",
        "prearm_status": "",
        "focus_role": "none"
      }
    },
    {
      "type": "Feature",
      "geometry": {
        "type": "Point",
        "coordinates": [
          500718.3036903631,
          6965046.788525307
        ]
      },
      "properties": {
        "junction_id": 39590,
        "veh_id": 11562,
        "sim_time_s": 4295.2,
        "tier": "coord-prearm-harmony/SHOCKWAVE",
        "prearm_status": "fired",
        "focus_role": "none"
      }
    },
    {
      "type": "Feature",
      "geometry": {
        "type": "Point",
        "coordinates": [
          0.0,
          0.0
        ]
      },
      "properties": {
        "junction_id": 39590,
        "veh_id": 11562,
        "sim_time_s": 4295.7,
        "tier": "harmony-no-ge-local",
        "prearm_status": "skip",
        "focus_role": "none"
      }
    },
    {
      "type": "Feature",
      "geometry": {
        "type": "Point",
        "coordinates": [
          500756.5972760396,
          6964319.360583134
        ]
      },
      "properties": {
        "junction_id": 39590,
        "veh_id": 11562,
        "sim_time_s": 4295.7,
        "tier": "coord-prearm-success/SHOCKWAVE",
        "prearm_status": "success",
        "focus_role": "none"
      }
    },
    {
      "type": "Feature",
      "geometry": {
        "type": "Point",
        "coordinates": [
          0.0,
          0.0
        ]
      },
      "properties": {
        "junction_id": 39576,
        "veh_id": 11548,
        "sim_time_s": 4306.9,
        "tier": "harmony-no-ge-local",
        "prearm_status": "skip",
        "focus_role": "none"
      }
    },
    {
      "type": "Feature",
      "geometry": {
        "type": "Point",
        "coordinates": [
          500704.0136063737,
          6964946.2738954015
        ]
      },
      "properties": {
        "junction_id": 36393,
        "veh_id": 11582,
        "sim_time_s": 4312.4,
        "tier": "track-zone",
        "prearm_status": "",
        "focus_role": "none"
      }
    },
    {
      "type": "Feature",
      "geometry": {
        "type": "Point",
        "coordinates": [
          499932.3299277612,
          6966522.9728420945
        ]
      },
      "properties": {
        "junction_id": 39572,
        "veh_id": 11560,
        "sim_time_s": 4313.2,
        "tier": "IC-detect-far",
        "prearm_status": "",
        "focus_role": "none"
      }
    },
    {
      "type": "Feature",
      "geometry": {
        "type": "Point",
        "coordinates": [
          500610.0549418379,
          6965405.788536613
        ]
      },
      "properties": {
        "junction_id": 39593,
        "veh_id": 11559,
        "sim_time_s": 4315.1,
        "tier": "track-zone",
        "prearm_status": "",
        "focus_role": "none"
      }
    },
    {
      "type": "Feature",
      "geometry": {
        "type": "Point",
        "coordinates": [
          500730.2763118908,
          6964408.881840463
        ]
      },
      "properties": {
        "junction_id": 39606,
        "veh_id": 11569,
        "sim_time_s": 4319.1,
        "tier": "track-zone",
        "prearm_status": "",
        "focus_role": "none"
      }
    },
    {
      "type": "Feature",
      "geometry": {
        "type": "Point",
        "coordinates": [
          500551.21871767467,
          6965571.649654986
        ]
      },
      "properties": {
        "junction_id": 10157950,
        "veh_id": 11570,
        "sim_time_s": 4319.1,
        "tier": "track-zone",
        "prearm_status": "",
        "focus_role": "none"
      }
    },
    {
      "type": "Feature",
      "geometry": {
        "type": "Point",
        "coordinates": [
          500946.97228876385,
          6964034.668682542
        ]
      },
      "properties": {
        "junction_id": 39606,
        "veh_id": 11555,
        "sim_time_s": 4320.0,
        "tier": "IC-detect",
        "prearm_status": "",
        "focus_role": "none"
      }
    },
    {
      "type": "Feature",
      "geometry": {
        "type": "Point",
        "coordinates": [
          0.0,
          0.0
        ]
      },
      "properties": {
        "junction_id": 39606,
        "veh_id": 11555,
        "sim_time_s": 4320.0,
        "tier": "harmony-no-ge-local",
        "prearm_status": "skip",
        "focus_role": "none"
      }
    },
    {
      "type": "Feature",
      "geometry": {
        "type": "Point",
        "coordinates": [
          500718.94281028904,
          6965043.68524176
        ]
      },
      "properties": {
        "junction_id": 39593,
        "veh_id": 11562,
        "sim_time_s": 4321.8,
        "tier": "track-zone",
        "prearm_status": "",
        "focus_role": "none"
      }
    },
    {
      "type": "Feature",
      "geometry": {
        "type": "Point",
        "coordinates": [
          500924.7112847829,
          6964069.1223039385
        ]
      },
      "properties": {
        "junction_id": 39590,
        "veh_id": 11555,
        "sim_time_s": 4323.1,
        "tier": "coord-prearm-harmony/SHOCKWAVE",
        "prearm_status": "fired",
        "focus_role": "none"
      }
    },
    {
      "type": "Feature",
      "geometry": {
        "type": "Point",
        "coordinates": [
          0.0,
          0.0
        ]
      },
      "properties": {
        "junction_id": 39590,
        "veh_id": 11555,
        "sim_time_s": 4323.6,
        "tier": "harmony-no-ge-local",
        "prearm_status": "skip",
        "focus_role": "none"
      }
    },
    {
      "type": "Feature",
      "geometry": {
        "type": "Point",
        "coordinates": [
          500756.5972760396,
          6964319.360583134
        ]
      },
      "properties": {
        "junction_id": 39590,
        "veh_id": 11555,
        "sim_time_s": 4323.6,
        "tier": "coord-prearm-success/SHOCKWAVE",
        "prearm_status": "success",
        "focus_role": "none"
      }
    },
    {
      "type": "Feature",
      "geometry": {
        "type": "Point",
        "coordinates": [
          500505.42011342186,
          6965778.9725548895
        ]
      },
      "properties": {
        "junction_id": 39578,
        "veh_id": 11537,
        "sim_time_s": 4324.5,
        "tier": "track-zone",
        "prearm_status": "",
        "focus_role": "none"
      }
    },
    {
      "type": "Feature",
      "geometry": {
        "type": "Point",
        "coordinates": [
          500638.7251686611,
          6965283.3931454765
        ]
      },
      "properties": {
        "junction_id": 10157950,
        "veh_id": 11559,
        "sim_time_s": 4324.5,
        "tier": "track-zone",
        "prearm_status": "",
        "focus_role": "none"
      }
    },
    {
      "type": "Feature",
      "geometry": {
        "type": "Point",
        "coordinates": [
          0.0,
          0.0
        ]
      },
      "properties": {
        "junction_id": 39572,
        "veh_id": 11581,
        "sim_time_s": 4326.3,
        "tier": "harmony-no-ge-local",
        "prearm_status": "skip",
        "focus_role": "none"
      }
    },
    {
      "type": "Feature",
      "geometry": {
        "type": "Point",
        "coordinates": [
          500913.51843428187,
          6964081.862191096
        ]
      },
      "properties": {
        "junction_id": 36393,
        "veh_id": 11555,
        "sim_time_s": 4326.8,
        "tier": "coord-prearm-harmony/SHOCKWAVE",
        "prearm_status": "fired",
        "focus_role": "none"
      }
    },
    {
      "type": "Feature",
      "geometry": {
        "type": "Point",
        "coordinates": [
          0.0,
          0.0
        ]
      },
      "properties": {
        "junction_id": 36393,
        "veh_id": 11555,
        "sim_time_s": 4327.2,
        "tier": "harmony-no-ge-local",
        "prearm_status": "skip",
        "focus_role": "none"
      }
    },
    {
      "type": "Feature",
      "geometry": {
        "type": "Point",
        "coordinates": [
          500684.0987813321,
          6964756.319799706
        ]
      },
      "properties": {
        "junction_id": 36393,
        "veh_id": 11555,
        "sim_time_s": 4327.2,
        "tier": "coord-prearm-success/SHOCKWAVE",
        "prearm_status": "success",
        "focus_role": "none"
      }
    },
    {
      "type": "Feature",
      "geometry": {
        "type": "Point",
        "coordinates": [
          0.0,
          0.0
        ]
      },
      "properties": {
        "junction_id": 39593,
        "veh_id": 11559,
        "sim_time_s": 4327.2,
        "tier": "harmony-no-ge-local",
        "prearm_status": "skip",
        "focus_role": "none"
      }
    },
    {
      "type": "Feature",
      "geometry": {
        "type": "Point",
        "coordinates": [
          500648.6611272528,
          6965255.8118873155
        ]
      },
      "properties": {
        "junction_id": 36385,
        "veh_id": 11559,
        "sim_time_s": 4328.6,
        "tier": "track-zone",
        "prearm_status": "",
        "focus_role": "none"
      }
    },
    {
      "type": "Feature",
      "geometry": {
        "type": "Point",
        "coordinates": [
          499932.3622467993,
          6966522.957117678
        ]
      },
      "properties": {
        "junction_id": 39568,
        "veh_id": 11560,
        "sim_time_s": 4329.9,
        "tier": "track-zone",
        "prearm_status": "",
        "focus_role": "none"
      }
    },
    {
      "type": "Feature",
      "geometry": {
        "type": "Point",
        "coordinates": [
          500493.6354290856,
          6965703.401582259
        ]
      },
      "properties": {
        "junction_id": 39587,
        "veh_id": 11548,
        "sim_time_s": 4332.6,
        "tier": "track-zone",
        "prearm_status": "",
        "focus_role": "none"
      }
    },
    {
      "type": "Feature",
      "geometry": {
        "type": "Point",
        "coordinates": [
          500909.0416396678,
          6964088.334069484
        ]
      },
      "properties": {
        "junction_id": 36385,
        "veh_id": 11555,
        "sim_time_s": 4333.1,
        "tier": "coord-prearm-harmony/SHOCKWAVE",
        "prearm_status": "fired",
        "focus_role": "none"
      }
    },
    {
      "type": "Feature",
      "geometry": {
        "type": "Point",
        "coordinates": [
          500046.041265622,
          6966563.1678769635
        ]
      },
      "properties": {
        "junction_id": 39568,
        "veh_id": 11581,
        "sim_time_s": 4339.4,
        "tier": "track-zone",
        "prearm_status": "",
        "focus_role": "none"
      }
    },
    {
      "type": "Feature",
      "geometry": {
        "type": "Point",
        "coordinates": [
          0.0,
          0.0
        ]
      },
      "properties": {
        "junction_id": 39587,
        "veh_id": 11570,
        "sim_time_s": 4339.4,
        "tier": "harmony-ins-local",
        "prearm_status": "action",
        "focus_role": "none"
      }
    },
    {
      "type": "Feature",
      "geometry": {
        "type": "Point",
        "coordinates": [
          500515.99072627386,
          6965647.262273875
        ]
      },
      "properties": {
        "junction_id": 1119660,
        "veh_id": 11548,
        "sim_time_s": 4340.7,
        "tier": "track-zone",
        "prearm_status": "",
        "focus_role": "none"
      }
    },
    {
      "type": "Feature",
      "geometry": {
        "type": "Point",
        "coordinates": [
          500505.3774816304,
          6965778.54404214
        ]
      },
      "properties": {
        "junction_id": 39576,
        "veh_id": 11537,
        "sim_time_s": 4340.7,
        "tier": "IC-detect-far",
        "prearm_status": "",
        "focus_role": "none"
      }
    },
    {
      "type": "Feature",
      "geometry": {
        "type": "Point",
        "coordinates": [
          499969.5619508783,
          6966891.099009277
        ]
      },
      "properties": {
        "junction_id": 39568,
        "veh_id": 11542,
        "sim_time_s": 4359.6,
        "tier": "track-zone",
        "prearm_status": "",
        "focus_role": "none"
      }
    },
    {
      "type": "Feature",
      "geometry": {
        "type": "Point",
        "coordinates": [
          0.0,
          0.0
        ]
      },
      "properties": {
        "junction_id": 36385,
        "veh_id": 11582,
        "sim_time_s": 4363.6,
        "tier": "harmony-no-ge-local",
        "prearm_status": "skip",
        "focus_role": "none"
      }
    },
    {
      "type": "Feature",
      "geometry": {
        "type": "Point",
        "coordinates": [
          0.0,
          0.0
        ]
      },
      "properties": {
        "junction_id": 39569,
        "veh_id": 11560,
        "sim_time_s": 4363.6,
        "tier": "harmony-ins-local",
        "prearm_status": "action",
        "focus_role": "none"
      }
    },
    {
      "type": "Feature",
      "geometry": {
        "type": "Point",
        "coordinates": [
          500685.0246132781,
          6965095.989424383
        ]
      },
      "properties": {
        "junction_id": 10157950,
        "veh_id": 11582,
        "sim_time_s": 4365.0,
        "tier": "track-zone",
        "prearm_status": "",
        "focus_role": "none"
      }
    },
    {
      "type": "Feature",
      "geometry": {
        "type": "Point",
        "coordinates": [
          0.0,
          0.0
        ]
      },
      "properties": {
        "junction_id": 39593,
        "veh_id": 11582,
        "sim_time_s": 4365.0,
        "tier": "harmony-no-ge-local",
        "prearm_status": "skip",
        "focus_role": "none"
      }
    },
    {
      "type": "Feature",
      "geometry": {
        "type": "Point",
        "coordinates": [
          499996.15256274695,
          6966492.204044213
        ]
      },
      "properties": {
        "junction_id": 1043762,
        "veh_id": 11560,
        "sim_time_s": 4367.7,
        "tier": "coord-prearm-harmony/SHOCKWAVE",
        "prearm_status": "fired",
        "focus_role": "none"
      }
    },
    {
      "type": "Feature",
      "geometry": {
        "type": "Point",
        "coordinates": [
          0.0,
          0.0
        ]
      },
      "properties": {
        "junction_id": 1043762,
        "veh_id": 11560,
        "sim_time_s": 4368.1,
        "tier": "harmony-no-ge-local",
        "prearm_status": "skip",
        "focus_role": "none"
      }
    },
    {
      "type": "Feature",
      "geometry": {
        "type": "Point",
        "coordinates": [
          500248.43905837496,
          6966228.103814566
        ]
      },
      "properties": {
        "junction_id": 1043762,
        "veh_id": 11560,
        "sim_time_s": 4368.1,
        "tier": "coord-prearm-success/SHOCKWAVE",
        "prearm_status": "success",
        "focus_role": "none"
      }
    },
    {
      "type": "Feature",
      "geometry": {
        "type": "Point",
        "coordinates": [
          0.0,
          0.0
        ]
      },
      "properties": {
        "junction_id": 39576,
        "veh_id": 11537,
        "sim_time_s": 4369.1,
        "tier": "harmony-no-ge-local",
        "prearm_status": "skip",
        "focus_role": "none"
      }
    },
    {
      "type": "Feature",
      "geometry": {
        "type": "Point",
        "coordinates": [
          499964.15385344945,
          6966924.794883812
        ]
      },
      "properties": {
        "junction_id": 39568,
        "veh_id": 11571,
        "sim_time_s": 4370.4,
        "tier": "track-zone",
        "prearm_status": "",
        "focus_role": "none"
      }
    },
    {
      "type": "Feature",
      "geometry": {
        "type": "Point",
        "coordinates": [
          499969.5619508783,
          6966891.099009277
        ]
      },
      "properties": {
        "junction_id": 39572,
        "veh_id": 11542,
        "sim_time_s": 4373.1,
        "tier": "track-zone",
        "prearm_status": "",
        "focus_role": "none"
      }
    },
    {
      "type": "Feature",
      "geometry": {
        "type": "Point",
        "coordinates": [
          500658.2125383928,
          6965190.839162105
        ]
      },
      "properties": {
        "junction_id": 1119660,
        "veh_id": 11582,
        "sim_time_s": 4373.1,
        "tier": "track-zone",
        "prearm_status": "",
        "focus_role": "none"
      }
    },
    {
      "type": "Feature",
      "geometry": {
        "type": "Point",
        "coordinates": [
          0.0,
          0.0
        ]
      },
      "properties": {
        "junction_id": 39606,
        "veh_id": 11569,
        "sim_time_s": 4374.4,
        "tier": "harmony-no-ge-local",
        "prearm_status": "skip",
        "focus_role": "none"
      }
    },
    {
      "type": "Feature",
      "geometry": {
        "type": "Point",
        "coordinates": [
          0.0,
          0.0
        ]
      },
      "properties": {
        "junction_id": 36385,
        "veh_id": 11559,
        "sim_time_s": 4374.4,
        "tier": "harmony-no-ge-local",
        "prearm_status": "skip",
        "focus_role": "none"
      }
    },
    {
      "type": "Feature",
      "geometry": {
        "type": "Point",
        "coordinates": [
          500641.7972166345,
          6965227.993223405
        ]
      },
      "properties": {
        "junction_id": 39587,
        "veh_id": 11582,
        "sim_time_s": 4375.8,
        "tier": "track-zone",
        "prearm_status": "",
        "focus_role": "none"
      }
    },
    {
      "type": "Feature",
      "geometry": {
        "type": "Point",
        "coordinates": [
          500716.1354009596,
          6965084.074028532
        ]
      },
      "properties": {
        "junction_id": 36393,
        "veh_id": 11559,
        "sim_time_s": 4378.5,
        "tier": "coord-prearm-harmony/SHOCKWAVE",
        "prearm_status": "fired",
        "focus_role": "none"
      }
    },
    {
      "type": "Feature",
      "geometry": {
        "type": "Point",
        "coordinates": [
          0.0,
          0.0
        ]
      },
      "properties": {
        "junction_id": 36393,
        "veh_id": 11559,
        "sim_time_s": 4378.9,
        "tier": "harmony-no-ge-local",
        "prearm_status": "skip",
        "focus_role": "none"
      }
    },
    {
      "type": "Feature",
      "geometry": {
        "type": "Point",
        "coordinates": [
          500684.0987813321,
          6964756.319799706
        ]
      },
      "properties": {
        "junction_id": 36393,
        "veh_id": 11559,
        "sim_time_s": 4378.9,
        "tier": "coord-prearm-success/SHOCKWAVE",
        "prearm_status": "success",
        "focus_role": "none"
      }
    },
    {
      "type": "Feature",
      "geometry": {
        "type": "Point",
        "coordinates": [
          500575.8697906437,
          6965508.394565716
        ]
      },
      "properties": {
        "junction_id": 39576,
        "veh_id": 11570,
        "sim_time_s": 4379.9,
        "tier": "track-zone",
        "prearm_status": "",
        "focus_role": "none"
      }
    },
    {
      "type": "Feature",
      "geometry": {
        "type": "Point",
        "coordinates": [
          500944.51358507737,
          6964038.69291645
        ]
      },
      "properties": {
        "junction_id": 39606,
        "veh_id": 11544,
        "sim_time_s": 4380.3,
        "tier": "IC-detect",
        "prearm_status": "",
        "focus_role": "none"
      }
    },
    {
      "type": "Feature",
      "geometry": {
        "type": "Point",
        "coordinates": [
          0.0,
          0.0
        ]
      },
      "properties": {
        "junction_id": 39606,
        "veh_id": 11544,
        "sim_time_s": 4380.3,
        "tier": "harmony-no-ge-local",
        "prearm_status": "skip",
        "focus_role": "none"
      }
    },
    {
      "type": "Feature",
      "geometry": {
        "type": "Point",
        "coordinates": [
          499969.5619508783,
          6966891.099009277
        ]
      },
      "properties": {
        "junction_id": 38339,
        "veh_id": 11542,
        "sim_time_s": 4382.6,
        "tier": "track-zone",
        "prearm_status": "",
        "focus_role": "none"
      }
    },
    {
      "type": "Feature",
      "geometry": {
        "type": "Point",
        "coordinates": [
          500928.43533054116,
          6964064.265338543
        ]
      },
      "properties": {
        "junction_id": 39590,
        "veh_id": 11544,
        "sim_time_s": 4383.4,
        "tier": "coord-prearm-harmony/SHOCKWAVE",
        "prearm_status": "fired",
        "focus_role": "none"
      }
    },
    {
      "type": "Feature",
      "geometry": {
        "type": "Point",
        "coordinates": [
          500865.9431597552,
          6964181.801553804
        ]
      },
      "properties": {
        "junction_id": 39590,
        "veh_id": 11569,
        "sim_time_s": 4383.9,
        "tier": "track-zone",
        "prearm_status": "",
        "focus_role": "none"
      }
    },
    {
      "type": "Feature",
      "geometry": {
        "type": "Point",
        "coordinates": [
          500591.4212222303,
          6965463.789810211
        ]
      },
      "properties": {
        "junction_id": 1119660,
        "veh_id": 11570,
        "sim_time_s": 4383.9,
        "tier": "track-zone",
        "prearm_status": "",
        "focus_role": "none"
      }
    },
    {
      "type": "Feature",
      "geometry": {
        "type": "Point",
        "coordinates": [
          0.0,
          0.0
        ]
      },
      "properties": {
        "junction_id": 39590,
        "veh_id": 11544,
        "sim_time_s": 4383.9,
        "tier": "harmony-no-ge-local",
        "prearm_status": "skip",
        "focus_role": "none"
      }
    },
    {
      "type": "Feature",
      "geometry": {
        "type": "Point",
        "coordinates": [
          500756.5972760396,
          6964319.360583134
        ]
      },
      "properties": {
        "junction_id": 39590,
        "veh_id": 11544,
        "sim_time_s": 4383.9,
        "tier": "coord-prearm-success/SHOCKWAVE",
        "prearm_status": "success",
        "focus_role": "none"
      }
    },
    {
      "type": "Feature",
      "geometry": {
        "type": "Point",
        "coordinates": [
          499964.15385344945,
          6966924.794883812
        ]
      },
      "properties": {
        "junction_id": 38339,
        "veh_id": 11571,
        "sim_time_s": 4385.2,
        "tier": "track-zone",
        "prearm_status": "",
        "focus_role": "none"
      }
    },
    {
      "type": "Feature",
      "geometry": {
        "type": "Point",
        "coordinates": [
          500912.33672304964,
          6964083.940595933
        ]
      },
      "properties": {
        "junction_id": 36393,
        "veh_id": 11544,
        "sim_time_s": 4387.1,
        "tier": "coord-prearm-harmony/SHOCKWAVE",
        "prearm_status": "fired",
        "focus_role": "none"
      }
    },
    {
      "type": "Feature",
      "geometry": {
        "type": "Point",
        "coordinates": [
          0.0,
          0.0
        ]
      },
      "properties": {
        "junction_id": 36393,
        "veh_id": 11544,
        "sim_time_s": 4387.5,
        "tier": "harmony-no-ge-local",
        "prearm_status": "skip",
        "focus_role": "none"
      }
    },
    {
      "type": "Feature",
      "geometry": {
        "type": "Point",
        "coordinates": [
          500684.0987813321,
          6964756.319799706
        ]
      },
      "properties": {
        "junction_id": 36393,
        "veh_id": 11544,
        "sim_time_s": 4387.5,
        "tier": "coord-prearm-success/SHOCKWAVE",
        "prearm_status": "success",
        "focus_role": "none"
      }
    },
    {
      "type": "Feature",
      "geometry": {
        "type": "Point",
        "coordinates": [
          499969.5619508783,
          6966891.099009277
        ]
      },
      "properties": {
        "junction_id": 11118289,
        "veh_id": 11542,
        "sim_time_s": 4387.9,
        "tier": "track-zone",
        "prearm_status": "",
        "focus_role": "none"
      }
    },
    {
      "type": "Feature",
      "geometry": {
        "type": "Point",
        "coordinates": [
          500608.0310906962,
          6965412.406225647
        ]
      },
      "properties": {
        "junction_id": 39593,
        "veh_id": 11570,
        "sim_time_s": 4387.9,
        "tier": "track-zone",
        "prearm_status": "",
        "focus_role": "none"
      }
    },
    {
      "type": "Feature",
      "geometry": {
        "type": "Point",
        "coordinates": [
          500570.50730378466,
          6965475.250859182
        ]
      },
      "properties": {
        "junction_id": 39576,
        "veh_id": 11582,
        "sim_time_s": 4393.4,
        "tier": "track-zone",
        "prearm_status": "",
        "focus_role": "none"
      }
    },
    {
      "type": "Feature",
      "geometry": {
        "type": "Point",
        "coordinates": [
          500909.1077316028,
          6964088.466118771
        ]
      },
      "properties": {
        "junction_id": 36385,
        "veh_id": 11544,
        "sim_time_s": 4393.4,
        "tier": "coord-prearm-harmony/SHOCKWAVE",
        "prearm_status": "fired",
        "focus_role": "none"
      }
    },
    {
      "type": "Feature",
      "geometry": {
        "type": "Point",
        "coordinates": [
          0.0,
          0.0
        ]
      },
      "properties": {
        "junction_id": 36385,
        "veh_id": 11544,
        "sim_time_s": 4393.8,
        "tier": "harmony-no-ge-local",
        "prearm_status": "skip",
        "focus_role": "none"
      }
    },
    {
      "type": "Feature",
      "geometry": {
        "type": "Point",
        "coordinates": [
          500715.9750991549,
          6965021.28412977
        ]
      },
      "properties": {
        "junction_id": 36385,
        "veh_id": 11544,
        "sim_time_s": 4393.8,
        "tier": "coord-prearm-success/SHOCKWAVE",
        "prearm_status": "success",
        "focus_role": "none"
      }
    },
    {
      "type": "Feature",
      "geometry": {
        "type": "Point",
        "coordinates": [
          500506.4354884085,
          6965704.41327248
        ]
      },
      "properties": {
        "junction_id": 39587,
        "veh_id": 11537,
        "sim_time_s": 4394.7,
        "tier": "track-zone",
        "prearm_status": "",
        "focus_role": "none"
      }
    },
    {
      "type": "Feature",
      "geometry": {
        "type": "Point",
        "coordinates": [
          500715.9750991549,
          6965021.28412977
        ]
      },
      "properties": {
        "junction_id": 36385,
        "veh_id": 11555,
        "sim_time_s": 4395.1,
        "tier": "coord-prearm-missed/SHOCKWAVE",
        "prearm_status": "missed",
        "focus_role": "none"
      }
    },
    {
      "type": "Feature",
      "geometry": {
        "type": "Point",
        "coordinates": [
          499964.15385344945,
          6966924.794883812
        ]
      },
      "properties": {
        "junction_id": 11118289,
        "veh_id": 11571,
        "sim_time_s": 4396.1,
        "tier": "track-zone",
        "prearm_status": "",
        "focus_role": "none"
      }
    },
    {
      "type": "Feature",
      "geometry": {
        "type": "Point",
        "coordinates": [
          500046.041265622,
          6966563.1678769635
        ]
      },
      "properties": {
        "junction_id": 39569,
        "veh_id": 11581,
        "sim_time_s": 4398.8,
        "tier": "track-zone",
        "prearm_status": "",
        "focus_role": "none"
      }
    },
    {
      "type": "Feature",
      "geometry": {
        "type": "Point",
        "coordinates": [
          0.0,
          0.0
        ]
      },
      "properties": {
        "junction_id": 39587,
        "veh_id": 11582,
        "sim_time_s": 4399.6,
        "tier": "harmony-no-ge-local",
        "prearm_status": "skip",
        "focus_role": "none"
      }
    },
    {
      "type": "Feature",
      "geometry": {
        "type": "Point",
        "coordinates": [
          500649.2975049949,
          6965254.082358674
        ]
      },
      "properties": {
        "junction_id": 36385,
        "veh_id": 11570,
        "sim_time_s": 4400.1,
        "tier": "track-zone",
        "prearm_status": "",
        "focus_role": "none"
      }
    },
    {
      "type": "Feature",
      "geometry": {
        "type": "Point",
        "coordinates": [
          0.0,
          0.0
        ]
      },
      "properties": {
        "junction_id": 39593,
        "veh_id": 11570,
        "sim_time_s": 4400.1,
        "tier": "harmony-no-ge-local",
        "prearm_status": "skip",
        "focus_role": "none"
      }
    },
    {
      "type": "Feature",
      "geometry": {
        "type": "Point",
        "coordinates": [
          0.0,
          0.0
        ]
      },
      "properties": {
        "junction_id": 39576,
        "veh_id": 11582,
        "sim_time_s": 4401.4,
        "tier": "harmony-no-ge-local",
        "prearm_status": "skip",
        "focus_role": "none"
      }
    },
    {
      "type": "Feature",
      "geometry": {
        "type": "Point",
        "coordinates": [
          500551.1730986844,
          6965572.2656662855
        ]
      },
      "properties": {
        "junction_id": 10157950,
        "veh_id": 11548,
        "sim_time_s": 4404.1,
        "tier": "track-zone",
        "prearm_status": "",
        "focus_role": "none"
      }
    },
    {
      "type": "Feature",
      "geometry": {
        "type": "Point",
        "coordinates": [
          0.0,
          0.0
        ]
      },
      "properties": {
        "junction_id": 39587,
        "veh_id": 11548,
        "sim_time_s": 4404.1,
        "tier": "harmony-no-ge-local",
        "prearm_status": "skip",
        "focus_role": "none"
      }
    },
    {
      "type": "Feature",
      "geometry": {
        "type": "Point",
        "coordinates": [
          499966.2750077895,
          6966895.449531221
        ]
      },
      "properties": {
        "junction_id": 39572,
        "veh_id": 11571,
        "sim_time_s": 4408.2,
        "tier": "track-zone",
        "prearm_status": "",
        "focus_role": "none"
      }
    },
    {
      "type": "Feature",
      "geometry": {
        "type": "Point",
        "coordinates": [
          500512.2904718652,
          6965648.543591605
        ]
      },
      "properties": {
        "junction_id": 1119660,
        "veh_id": 11537,
        "sim_time_s": 4413.6,
        "tier": "track-zone",
        "prearm_status": "",
        "focus_role": "none"
      }
    },
    {
      "type": "Feature",
      "geometry": {
        "type": "Point",
        "coordinates": [
          500492.35241313284,
          6965686.23584063
        ]
      },
      "properties": {
        "junction_id": 39578,
        "veh_id": 11582,
        "sim_time_s": 4413.6,
        "tier": "track-zone",
        "prearm_status": "",
        "focus_role": "none"
      }
    },
    {
      "type": "Feature",
      "geometry": {
        "type": "Point",
        "coordinates": [
          499999.36442449316,
          6967278.1996467095
        ]
      },
      "properties": {
        "junction_id": 38339,
        "veh_id": 11572,
        "sim_time_s": 4414.1,
        "tier": "IC-detect-far",
        "prearm_status": "",
        "focus_role": "none"
      }
    },
    {
      "type": "Feature",
      "geometry": {
        "type": "Point",
        "coordinates": [
          500722.65970944095,
          6964420.171773691
        ]
      },
      "properties": {
        "junction_id": 39590,
        "veh_id": 11562,
        "sim_time_s": 4415.9,
        "tier": "IC-detect-far",
        "prearm_status": "",
        "focus_role": "none"
      }
    },
    {
      "type": "Feature",
      "geometry": {
        "type": "Point",
        "coordinates": [
          0.0,
          0.0
        ]
      },
      "properties": {
        "junction_id": 39587,
        "veh_id": 11537,
        "sim_time_s": 4420.4,
        "tier": "harmony-ins-local",
        "prearm_status": "action",
        "focus_role": "none"
      }
    },
    {
      "type": "Feature",
      "geometry": {
        "type": "Point",
        "coordinates": [
          500546.8681318959,
          6965566.7828979315
        ]
      },
      "properties": {
        "junction_id": 10157950,
        "veh_id": 11537,
        "sim_time_s": 4424.4,
        "tier": "track-zone",
        "prearm_status": "",
        "focus_role": "none"
      }
    },
    {
      "type": "Feature",
      "geometry": {
        "type": "Point",
        "coordinates": [
          500673.19277485413,
          6965203.903405523
        ]
      },
      "properties": {
        "junction_id": 10157950,
        "veh_id": 11570,
        "sim_time_s": 4440.6,
        "tier": "track-zone",
        "prearm_status": "",
        "focus_role": "none"
      }
    },
    {
      "type": "Feature",
      "geometry": {
        "type": "Point",
        "coordinates": [
          500766.5974477231,
          6964279.530653502
        ]
      },
      "properties": {
        "junction_id": 39606,
        "veh_id": 11555,
        "sim_time_s": 4441.9,
        "tier": "track-zone",
        "prearm_status": "",
        "focus_role": "none"
      }
    },
    {
      "type": "Feature",
      "geometry": {
        "type": "Point",
        "coordinates": [
          0.0,
          0.0
        ]
      },
      "properties": {
        "junction_id": 39578,
        "veh_id": 11582,
        "sim_time_s": 4443.3,
        "tier": "harmony-no-ge-local",
        "prearm_status": "skip",
        "focus_role": "none"
      }
    },
    {
      "type": "Feature",
      "geometry": {
        "type": "Point",
        "coordinates": [
          500766.5974477231,
          6964279.530653502
        ]
      },
      "properties": {
        "junction_id": 39590,
        "veh_id": 11555,
        "sim_time_s": 4443.8,
        "tier": "IC-detect",
        "prearm_status": "",
        "focus_role": "none"
      }
    },
    {
      "type": "Feature",
      "geometry": {
        "type": "Point",
        "coordinates": [
          500569.5059697232,
          6965526.777327834
        ]
      },
      "properties": {
        "junction_id": 39576,
        "veh_id": 11548,
        "sim_time_s": 4444.6,
        "tier": "track-zone",
        "prearm_status": "",
        "focus_role": "none"
      }
    },
    {
      "type": "Feature",
      "geometry": {
        "type": "Point",
        "coordinates": [
          500045.14623761066,
          6966565.248184225
        ]
      },
      "properties": {
        "junction_id": 39572,
        "veh_id": 11581,
        "sim_time_s": 4446.4,
        "tier": "IC-detect",
        "prearm_status": "",
        "focus_role": "none"
      }
    },
    {
      "type": "Feature",
      "geometry": {
        "type": "Point",
        "coordinates": [
          0.0,
          0.0
        ]
      },
      "properties": {
        "junction_id": 36385,
        "veh_id": 11570,
        "sim_time_s": 4456.8,
        "tier": "harmony-no-ge-local",
        "prearm_status": "skip",
        "focus_role": "none"
      }
    },
    {
      "type": "Feature",
      "geometry": {
        "type": "Point",
        "coordinates": [
          500045.14623761066,
          6966565.248184225
        ]
      },
      "properties": {
        "junction_id": 39568,
        "veh_id": 11581,
        "sim_time_s": 4460.9,
        "tier": "track-zone",
        "prearm_status": "",
        "focus_role": "none"
      }
    },
    {
      "type": "Feature",
      "geometry": {
        "type": "Point",
        "coordinates": [
          500711.9248303095,
          6965088.351181133
        ]
      },
      "properties": {
        "junction_id": 36393,
        "veh_id": 11570,
        "sim_time_s": 4460.9,
        "tier": "coord-prearm-harmony/SHOCKWAVE",
        "prearm_status": "fired",
        "focus_role": "none"
      }
    },
    {
      "type": "Feature",
      "geometry": {
        "type": "Point",
        "coordinates": [
          0.0,
          0.0
        ]
      },
      "properties": {
        "junction_id": 36393,
        "veh_id": 11570,
        "sim_time_s": 4461.3,
        "tier": "harmony-no-ge-local",
        "prearm_status": "skip",
        "focus_role": "none"
      }
    },
    {
      "type": "Feature",
      "geometry": {
        "type": "Point",
        "coordinates": [
          500684.0987813321,
          6964756.319799706
        ]
      },
      "properties": {
        "junction_id": 36393,
        "veh_id": 11570,
        "sim_time_s": 4461.3,
        "tier": "coord-prearm-success/SHOCKWAVE",
        "prearm_status": "success",
        "focus_role": "none"
      }
    },
    {
      "type": "Feature",
      "geometry": {
        "type": "Point",
        "coordinates": [
          500591.37887352105,
          6965464.621235461
        ]
      },
      "properties": {
        "junction_id": 1119660,
        "veh_id": 11548,
        "sim_time_s": 4462.2,
        "tier": "track-zone",
        "prearm_status": "",
        "focus_role": "none"
      }
    },
    {
      "type": "Feature",
      "geometry": {
        "type": "Point",
        "coordinates": [
          500728.35414692113,
          6964405.679889171
        ]
      },
      "properties": {
        "junction_id": 39606,
        "veh_id": 11562,
        "sim_time_s": 4463.6,
        "tier": "track-zone",
        "prearm_status": "",
        "focus_role": "none"
      }
    },
    {
      "type": "Feature",
      "geometry": {
        "type": "Point",
        "coordinates": [
          500713.1615781381,
          6965083.357493423
        ]
      },
      "properties": {
        "junction_id": 39590,
        "veh_id": 11570,
        "sim_time_s": 4464.4,
        "tier": "coord-prearm-harmony/SHOCKWAVE",
        "prearm_status": "fired",
        "focus_role": "none"
      }
    },
    {
      "type": "Feature",
      "geometry": {
        "type": "Point",
        "coordinates": [
          500398.89509252633,
          6966040.210218433
        ]
      },
      "properties": {
        "junction_id": 1043762,
        "veh_id": 11582,
        "sim_time_s": 4464.9,
        "tier": "track-zone",
        "prearm_status": "",
        "focus_role": "none"
      }
    },
    {
      "type": "Feature",
      "geometry": {
        "type": "Point",
        "coordinates": [
          0.0,
          0.0
        ]
      },
      "properties": {
        "junction_id": 39590,
        "veh_id": 11570,
        "sim_time_s": 4464.9,
        "tier": "harmony-no-ge-local",
        "prearm_status": "skip",
        "focus_role": "none"
      }
    },
    {
      "type": "Feature",
      "geometry": {
        "type": "Point",
        "coordinates": [
          500756.5972760396,
          6964319.360583134
        ]
      },
      "properties": {
        "junction_id": 39590,
        "veh_id": 11570,
        "sim_time_s": 4464.9,
        "tier": "coord-prearm-success/SHOCKWAVE",
        "prearm_status": "success",
        "focus_role": "none"
      }
    },
    {
      "type": "Feature",
      "geometry": {
        "type": "Point",
        "coordinates": [
          0.0,
          0.0
        ]
      },
      "properties": {
        "junction_id": 1043762,
        "veh_id": 11582,
        "sim_time_s": 4466.2,
        "tier": "harmony-no-ge-local",
        "prearm_status": "skip",
        "focus_role": "none"
      }
    },
    {
      "type": "Feature",
      "geometry": {
        "type": "Point",
        "coordinates": [
          500366.2185867393,
          6966071.195650995
        ]
      },
      "properties": {
        "junction_id": 39569,
        "veh_id": 11582,
        "sim_time_s": 4468.5,
        "tier": "coord-prearm-harmony/SHOCKWAVE",
        "prearm_status": "fired",
        "focus_role": "none"
      }
    },
    {
      "type": "Feature",
      "geometry": {
        "type": "Point",
        "coordinates": [
          0.0,
          0.0
        ]
      },
      "properties": {
        "junction_id": 39569,
        "veh_id": 11582,
        "sim_time_s": 4468.9,
        "tier": "harmony-ins-local",
        "prearm_status": "action",
        "focus_role": "none"
      }
    },
    {
      "type": "Feature",
      "geometry": {
        "type": "Point",
        "coordinates": [
          500105.32496907446,
          6966447.427635934
        ]
      },
      "properties": {
        "junction_id": 39569,
        "veh_id": 11582,
        "sim_time_s": 4468.9,
        "tier": "coord-prearm-success/SHOCKWAVE",
        "prearm_status": "success",
        "focus_role": "none"
      }
    },
    {
      "type": "Feature",
      "geometry": {
        "type": "Point",
        "coordinates": [
          0.0,
          0.0
        ]
      },
      "properties": {
        "junction_id": 39572,
        "veh_id": 11542,
        "sim_time_s": 4473.0,
        "tier": "harmony-no-ge-local",
        "prearm_status": "skip",
        "focus_role": "none"
      }
    },
    {
      "type": "Feature",
      "geometry": {
        "type": "Point",
        "coordinates": [
          500304.8660645689,
          6966135.755525125
        ]
      },
      "properties": {
        "junction_id": 39572,
        "veh_id": 11582,
        "sim_time_s": 4473.9,
        "tier": "coord-prearm-harmony/SHOCKWAVE",
        "prearm_status": "fired",
        "focus_role": "none"
      }
    },
    {
      "type": "Feature",
      "geometry": {
        "type": "Point",
        "coordinates": [
          0.0,
          0.0
        ]
      },
      "properties": {
        "junction_id": 39572,
        "veh_id": 11582,
        "sim_time_s": 4474.4,
        "tier": "harmony-no-ge-local",
        "prearm_status": "skip",
        "focus_role": "none"
      }
    },
    {
      "type": "Feature",
      "geometry": {
        "type": "Point",
        "coordinates": [
          500012.2556836749,
          6966653.44887729
        ]
      },
      "properties": {
        "junction_id": 39572,
        "veh_id": 11582,
        "sim_time_s": 4474.4,
        "tier": "coord-prearm-success/SHOCKWAVE",
        "prearm_status": "success",
        "focus_role": "none"
      }
    },
    {
      "type": "Feature",
      "geometry": {
        "type": "Point",
        "coordinates": [
          500012.5597975483,
          6966668.577441931
        ]
      },
      "properties": {
        "junction_id": 39569,
        "veh_id": 11542,
        "sim_time_s": 4475.7,
        "tier": "track-zone",
        "prearm_status": "",
        "focus_role": "none"
      }
    },
    {
      "type": "Feature",
      "geometry": {
        "type": "Point",
        "coordinates": [
          500689.4719221609,
          6964553.808464492
        ]
      },
      "properties": {
        "junction_id": 39590,
        "veh_id": 11559,
        "sim_time_s": 4477.1,
        "tier": "track-zone",
        "prearm_status": "",
        "focus_role": "none"
      }
    },
    {
      "type": "Feature",
      "geometry": {
        "type": "Point",
        "coordinates": [
          500602.3763616787,
          6965410.424061028
        ]
      },
      "properties": {
        "junction_id": 39593,
        "veh_id": 11537,
        "sim_time_s": 4478.4,
        "tier": "track-zone",
        "prearm_status": "",
        "focus_role": "none"
      }
    },
    {
      "type": "Feature",
      "geometry": {
        "type": "Point",
        "coordinates": [
          500032.8676849568,
          6966620.777167324
        ]
      },
      "properties": {
        "junction_id": 39568,
        "veh_id": 11542,
        "sim_time_s": 4481.1,
        "tier": "track-zone",
        "prearm_status": "",
        "focus_role": "none"
      }
    },
    {
      "type": "Feature",
      "geometry": {
        "type": "Point",
        "coordinates": [
          500058.71864335495,
          6966463.654594653
        ]
      },
      "properties": {
        "junction_id": 39572,
        "veh_id": 11560,
        "sim_time_s": 4483.8,
        "tier": "track-zone",
        "prearm_status": "",
        "focus_role": "none"
      }
    },
    {
      "type": "Feature",
      "geometry": {
        "type": "Point",
        "coordinates": [
          500058.71864335495,
          6966463.654594653
        ]
      },
      "properties": {
        "junction_id": 39569,
        "veh_id": 11560,
        "sim_time_s": 4483.8,
        "tier": "IC-detect",
        "prearm_status": "",
        "focus_role": "none"
      }
    },
    {
      "type": "Feature",
      "geometry": {
        "type": "Point",
        "coordinates": [
          500009.14781854086,
          6966677.015716974
        ]
      },
      "properties": {
        "junction_id": 39569,
        "veh_id": 11571,
        "sim_time_s": 4485.1,
        "tier": "track-zone",
        "prearm_status": "",
        "focus_role": "none"
      }
    },
    {
      "type": "Feature",
      "geometry": {
        "type": "Point",
        "coordinates": [
          500194.9197520187,
          6965100.582877421
        ]
      },
      "properties": {
        "junction_id": 39593,
        "veh_id": 11551,
        "sim_time_s": 4485.6,
        "tier": "IC-detect",
        "prearm_status": "",
        "focus_role": "none"
      }
    },
    {
      "type": "Feature",
      "geometry": {
        "type": "Point",
        "coordinates": [
          500610.1894762779,
          6965405.735548398
        ]
      },
      "properties": {
        "junction_id": 39593,
        "veh_id": 11548,
        "sim_time_s": 4486.5,
        "tier": "track-zone",
        "prearm_status": "",
        "focus_role": "none"
      }
    },
    {
      "type": "Feature",
      "geometry": {
        "type": "Point",
        "coordinates": [
          500643.72214973136,
          6965251.889565067
        ]
      },
      "properties": {
        "junction_id": 36385,
        "veh_id": 11537,
        "sim_time_s": 4490.6,
        "tier": "track-zone",
        "prearm_status": "",
        "focus_role": "none"
      }
    },
    {
      "type": "Feature",
      "geometry": {
        "type": "Point",
        "coordinates": [
          500012.47887795564,
          6966668.7260328615
        ]
      },
      "properties": {
        "junction_id": 39568,
        "veh_id": 11571,
        "sim_time_s": 4491.9,
        "tier": "track-zone",
        "prearm_status": "",
        "focus_role": "none"
      }
    },
    {
      "type": "Feature",
      "geometry": {
        "type": "Point",
        "coordinates": [
          500290.55728709325,
          6965085.378627657
        ]
      },
      "properties": {
        "junction_id": 36385,
        "veh_id": 11551,
        "sim_time_s": 4492.8,
        "tier": "IC-detect",
        "prearm_status": "",
        "focus_role": "none"
      }
    },
    {
      "type": "Feature",
      "geometry": {
        "type": "Point",
        "coordinates": [
          500673.78094224475,
          6964517.038740573
        ]
      },
      "properties": {
        "junction_id": 36393,
        "veh_id": 11555,
        "sim_time_s": 4495.9,
        "tier": "track-zone",
        "prearm_status": "",
        "focus_role": "none"
      }
    },
    {
      "type": "Feature",
      "geometry": {
        "type": "Point",
        "coordinates": [
          500646.8539317965,
          6965260.447549231
        ]
      },
      "properties": {
        "junction_id": 36385,
        "veh_id": 11548,
        "sim_time_s": 4497.3,
        "tier": "track-zone",
        "prearm_status": "",
        "focus_role": "none"
      }
    },
    {
      "type": "Feature",
      "geometry": {
        "type": "Point",
        "coordinates": [
          0.0,
          0.0
        ]
      },
      "properties": {
        "junction_id": 39593,
        "veh_id": 11551,
        "sim_time_s": 4497.8,
        "tier": "harmony-no-ge-local",
        "prearm_status": "skip",
        "focus_role": "none"
      }
    },
    {
      "type": "Feature",
      "geometry": {
        "type": "Point",
        "coordinates": [
          0.0,
          0.0
        ]
      },
      "properties": {
        "junction_id": 36385,
        "veh_id": 11551,
        "sim_time_s": 4499.1,
        "tier": "harmony-no-ge-local",
        "prearm_status": "skip",
        "focus_role": "none"
      }
    },
    {
      "type": "Feature",
      "geometry": {
        "type": "Point",
        "coordinates": [
          0.0,
          0.0
        ]
      },
      "properties": {
        "junction_id": 39606,
        "veh_id": 11562,
        "sim_time_s": 4500.0,
        "tier": "harmony-no-ge-local",
        "prearm_status": "skip",
        "focus_role": "none"
      }
    }
  ]
}