{
  "type": "FeatureCollection",
  "features": [
    {
      "type": "Feature",
      "geometry": {
        "type": "Point",
        "coordinates": [
          500949.05099526537,
          6964042.774652999
        ]
      },
      "properties": {
        "junction_id": 39606,
        "veh_id": 11255,
        "sim_time_s": 0.5,
        "tier": "track-section",
        "prearm_status": "",
        "focus_role": "none"
      }
    },
    {
      "type": "Feature",
      "geometry": {
        "type": "Point",
        "coordinates": [
          500135.181270669,
          6965615.371521625
        ]
      },
      "properties": {
        "junction_id": 39576,
        "veh_id": 11227,
        "sim_time_s": 0.5,
        "tier": "IC-detect",
        "prearm_status": "",
        "focus_role": "none"
      }
    },
    {
      "type": "Feature",
      "geometry": {
        "type": "Point",
        "coordinates": [
          500084.01474659465,
          6967501.832205719
        ]
      },
      "properties": {
        "junction_id": 38339,
        "veh_id": 11245,
        "sim_time_s": 3.6,
        "tier": "IC-detect",
        "prearm_status": "",
        "focus_role": "none"
      }
    },
    {
      "type": "Feature",
      "geometry": {
        "type": "Point",
        "coordinates": [
          500895.8813439711,
          6964115.493309111
        ]
      },
      "properties": {
        "junction_id": 39590,
        "veh_id": 11255,
        "sim_time_s": 5.8,
        "tier": "track-zone",
        "prearm_status": "",
        "focus_role": "none"
      }
    },
    {
      "type": "Feature",
      "geometry": {
        "type": "Point",
        "coordinates": [
          499516.3864162337,
          6966649.667765138
        ]
      },
      "properties": {
        "junction_id": 39572,
        "veh_id": 11220,
        "sim_time_s": 39.1,
        "tier": "IC-detect",
        "prearm_status": "",
        "focus_role": "none"
      }
    },
    {
      "type": "Feature",
      "geometry": {
        "type": "Point",
        "coordinates": [
          499759.0906091379,
          6966602.517143909
        ]
      },
      "properties": {
        "junction_id": 39568,
        "veh_id": 11220,
        "sim_time_s": 55.8,
        "tier": "track-zone",
        "prearm_status": "",
        "focus_role": "none"
      }
    },
    {
      "type": "Feature",
      "geometry": {
        "type": "Point",
        "coordinates": [
          0.0,
          0.0
        ]
      },
      "properties": {
        "junction_id": 39590,
        "veh_id": 11255,
        "sim_time_s": 60.3,
        "tier": "harmony-no-ge-local",
        "prearm_status": "skip",
        "focus_role": "none"
      }
    },
    {
      "type": "Feature",
      "geometry": {
        "type": "Point",
        "coordinates": [
          500455.43925055215,
          6965696.33812824
        ]
      },
      "properties": {
        "junction_id": 39578,
        "veh_id": 11227,
        "sim_time_s": 62.5,
        "tier": "track-zone",
        "prearm_status": "",
        "focus_role": "none"
      }
    },
    {
      "type": "Feature",
      "geometry": {
        "type": "Point",
        "coordinates": [
          0.0,
          0.0
        ]
      },
      "properties": {
        "junction_id": 39576,
        "veh_id": 11227,
        "sim_time_s": 62.5,
        "tier": "harmony-ins-local",
        "prearm_status": "action",
        "focus_role": "none"
      }
    },
    {
      "type": "Feature",
      "geometry": {
        "type": "Point",
        "coordinates": [
          499966.40164166375,
          6967106.844724663
        ]
      },
      "properties": {
        "junction_id": 11118289,
        "veh_id": 11245,
        "sim_time_s": 66.6,
        "tier": "track-zone",
        "prearm_status": "",
        "focus_role": "none"
      }
    },
    {
      "type": "Feature",
      "geometry": {
        "type": "Point",
        "coordinates": [
          0.0,
          0.0
        ]
      },
      "properties": {
        "junction_id": 38339,
        "veh_id": 11245,
        "sim_time_s": 70.7,
        "tier": "harmony-ins-local",
        "prearm_status": "action",
        "focus_role": "none"
      }
    },
    {
      "type": "Feature",
      "geometry": {
        "type": "Point",
        "coordinates": [
          499961.16266599577,
          6966956.285568231
        ]
      },
      "properties": {
        "junction_id": 39568,
        "veh_id": 11245,
        "sim_time_s": 78.8,
        "tier": "track-zone",
        "prearm_status": "",
        "focus_role": "none"
      }
    },
    {
      "type": "Feature",
      "geometry": {
        "type": "Point",
        "coordinates": [
          499966.0174077875,
          6966897.843836396
        ]
      },
      "properties": {
        "junction_id": 39572,
        "veh_id": 11245,
        "sim_time_s": 82.8,
        "tier": "track-zone",
        "prearm_status": "",
        "focus_role": "none"
      }
    },
    {
      "type": "Feature",
      "geometry": {
        "type": "Point",
        "coordinates": [
          499889.3392412077,
          6966540.348255343
        ]
      },
      "properties": {
        "junction_id": 39569,
        "veh_id": 11220,
        "sim_time_s": 93.6,
        "tier": "track-zone",
        "prearm_status": "",
        "focus_role": "none"
      }
    },
    {
      "type": "Feature",
      "geometry": {
        "type": "Point",
        "coordinates": [
          0.0,
          0.0
        ]
      },
      "properties": {
        "junction_id": 39572,
        "veh_id": 11245,
        "sim_time_s": 96.3,
        "tier": "harmony-no-ge-local",
        "prearm_status": "skip",
        "focus_role": "none"
      }
    },
    {
      "type": "Feature",
      "geometry": {
        "type": "Point",
        "coordinates": [
          500013.12861147325,
          6966666.889949662
        ]
      },
      "properties": {
        "junction_id": 39569,
        "veh_id": 11245,
        "sim_time_s": 97.7,
        "tier": "track-zone",
        "prearm_status": "",
        "focus_role": "none"
      }
    },
    {
      "type": "Feature",
      "geometry": {
        "type": "Point",
        "coordinates": [
          500674.8811295804,
          6964509.734823606
        ]
      },
      "properties": {
        "junction_id": 36393,
        "veh_id": 11255,
        "sim_time_s": 108.5,
        "tier": "track-zone",
        "prearm_status": "",
        "focus_role": "none"
      }
    },
    {
      "type": "Feature",
      "geometry": {
        "type": "Point",
        "coordinates": [
          0.0,
          0.0
        ]
      },
      "properties": {
        "junction_id": 36393,
        "veh_id": 11255,
        "sim_time_s": 123.3,
        "tier": "harmony-ins-local",
        "prearm_status": "action",
        "focus_role": "none"
      }
    },
    {
      "type": "Feature",
      "geometry": {
        "type": "Point",
        "coordinates": [
          500678.5917975753,
          6964734.442622313
        ]
      },
      "properties": {
        "junction_id": 36385,
        "veh_id": 11255,
        "sim_time_s": 126.5,
        "tier": "coord-prearm-harmony/SHOCKWAVE",
        "prearm_status": "fired",
        "focus_role": "none"
      }
    },
    {
      "type": "Feature",
      "geometry": {
        "type": "Point",
        "coordinates": [
          0.0,
          0.0
        ]
      },
      "properties": {
        "junction_id": 36385,
        "veh_id": 11255,
        "sim_time_s": 126.9,
        "tier": "harmony-ins-local",
        "prearm_status": "action",
        "focus_role": "none"
      }
    },
    {
      "type": "Feature",
      "geometry": {
        "type": "Point",
        "coordinates": [
          500715.9750991549,
          6965021.284129771
        ]
      },
      "properties": {
        "junction_id": 36385,
        "veh_id": 11255,
        "sim_time_s": 126.9,
        "tier": "coord-prearm-success/SHOCKWAVE",
        "prearm_status": "success",
        "focus_role": "none"
      }
    },
    {
      "type": "Feature",
      "geometry": {
        "type": "Point",
        "coordinates": [
          500494.53809825337,
          6965703.298393011
        ]
      },
      "properties": {
        "junction_id": 39587,
        "veh_id": 11227,
        "sim_time_s": 131.4,
        "tier": "track-zone",
        "prearm_status": "",
        "focus_role": "none"
      }
    },
    {
      "type": "Feature",
      "geometry": {
        "type": "Point",
        "coordinates": [
          500519.11660090386,
          6965646.490862749
        ]
      },
      "properties": {
        "junction_id": 1119660,
        "veh_id": 11227,
        "sim_time_s": 139.5,
        "tier": "track-zone",
        "prearm_status": "",
        "focus_role": "none"
      }
    },
    {
      "type": "Feature",
      "geometry": {
        "type": "Point",
        "coordinates": [
          0.0,
          0.0
        ]
      },
      "properties": {
        "junction_id": 39569,
        "veh_id": 11245,
        "sim_time_s": 144.9,
        "tier": "harmony-no-ge-local",
        "prearm_status": "skip",
        "focus_role": "none"
      }
    },
    {
      "type": "Feature",
      "geometry": {
        "type": "Point",
        "coordinates": [
          500701.21645013586,
          6964929.298742196
        ]
      },
      "properties": {
        "junction_id": 39593,
        "veh_id": 11255,
        "sim_time_s": 146.2,
        "tier": "track-zone",
        "prearm_status": "",
        "focus_role": "none"
      }
    },
    {
      "type": "Feature",
      "geometry": {
        "type": "Point",
        "coordinates": [
          500556.10541128984,
          6965561.018369248
        ]
      },
      "properties": {
        "junction_id": 10157950,
        "veh_id": 11227,
        "sim_time_s": 150.3,
        "tier": "track-zone",
        "prearm_status": "",
        "focus_role": "none"
      }
    },
    {
      "type": "Feature",
      "geometry": {
        "type": "Point",
        "coordinates": [
          500128.88080191123,
          6966431.631807049
        ]
      },
      "properties": {
        "junction_id": 1043762,
        "veh_id": 11220,
        "sim_time_s": 154.3,
        "tier": "track-zone",
        "prearm_status": "",
        "focus_role": "none"
      }
    },
    {
      "type": "Feature",
      "geometry": {
        "type": "Point",
        "coordinates": [
          0.0,
          0.0
        ]
      },
      "properties": {
        "junction_id": 39587,
        "veh_id": 11227,
        "sim_time_s": 155.7,
        "tier": "harmony-no-ge-local",
        "prearm_status": "skip",
        "focus_role": "none"
      }
    },
    {
      "type": "Feature",
      "geometry": {
        "type": "Point",
        "coordinates": [
          0.0,
          0.0
        ]
      },
      "properties": {
        "junction_id": 1043762,
        "veh_id": 11220,
        "sim_time_s": 167.8,
        "tier": "harmony-no-ge-local",
        "prearm_status": "skip",
        "focus_role": "none"
      }
    },
    {
      "type": "Feature",
      "geometry": {
        "type": "Point",
        "coordinates": [
          500354.2194096036,
          6966094.795306747
        ]
      },
      "properties": {
        "junction_id": 39578,
        "veh_id": 11220,
        "sim_time_s": 180.0,
        "tier": "track-section",
        "prearm_status": "",
        "focus_role": "none"
      }
    },
    {
      "type": "Feature",
      "geometry": {
        "type": "Point",
        "coordinates": [
          500611.7928147967,
          6965398.55743315
        ]
      },
      "properties": {
        "junction_id": 39593,
        "veh_id": 11227,
        "sim_time_s": 186.8,
        "tier": "track-zone",
        "prearm_status": "",
        "focus_role": "none"
      }
    },
    {
      "type": "Feature",
      "geometry": {
        "type": "Point",
        "coordinates": [
          500125.83470659907,
          6966440.842272565
        ]
      },
      "properties": {
        "junction_id": 1043762,
        "veh_id": 11245,
        "sim_time_s": 193.5,
        "tier": "track-zone",
        "prearm_status": "",
        "focus_role": "none"
      }
    },
    {
      "type": "Feature",
      "geometry": {
        "type": "Point",
        "coordinates": [
          500650.0633698761,
          6965252.278390534
        ]
      },
      "properties": {
        "junction_id": 36385,
        "veh_id": 11227,
        "sim_time_s": 196.2,
        "tier": "track-zone",
        "prearm_status": "",
        "focus_role": "none"
      }
    },
    {
      "type": "Feature",
      "geometry": {
        "type": "Point",
        "coordinates": [
          0.0,
          0.0
        ]
      },
      "properties": {
        "junction_id": 39578,
        "veh_id": 11220,
        "sim_time_s": 196.2,
        "tier": "harmony-ins-local",
        "prearm_status": "action",
        "focus_role": "none"
      }
    },
    {
      "type": "Feature",
      "geometry": {
        "type": "Point",
        "coordinates": [
          0.0,
          0.0
        ]
      },
      "properties": {
        "junction_id": 39593,
        "veh_id": 11227,
        "sim_time_s": 200.2,
        "tier": "harmony-ins-local",
        "prearm_status": "action",
        "focus_role": "none"
      }
    },
    {
      "type": "Feature",
      "geometry": {
        "type": "Point",
        "coordinates": [
          500525.88779311214,
          6965940.476386307
        ]
      },
      "properties": {
        "junction_id": 39576,
        "veh_id": 11220,
        "sim_time_s": 205.7,
        "tier": "track-zone",
        "prearm_status": "",
        "focus_role": "none"
      }
    },
    {
      "type": "Feature",
      "geometry": {
        "type": "Point",
        "coordinates": [
          0.0,
          0.0
        ]
      },
      "properties": {
        "junction_id": 1043762,
        "veh_id": 11245,
        "sim_time_s": 207.0,
        "tier": "harmony-ins-local",
        "prearm_status": "action",
        "focus_role": "none"
      }
    },
    {
      "type": "Feature",
      "geometry": {
        "type": "Point",
        "coordinates": [
          500365.7644433088,
          6966088.3723649625
        ]
      },
      "properties": {
        "junction_id": 39578,
        "veh_id": 11245,
        "sim_time_s": 220.5,
        "tier": "track-section",
        "prearm_status": "",
        "focus_role": "none"
      }
    },
    {
      "type": "Feature",
      "geometry": {
        "type": "Point",
        "coordinates": [
          500682.3767653837,
          6965106.038401681
        ]
      },
      "properties": {
        "junction_id": 10157950,
        "veh_id": 11255,
        "sim_time_s": 227.2,
        "tier": "track-zone",
        "prearm_status": "",
        "focus_role": "none"
      }
    },
    {
      "type": "Feature",
      "geometry": {
        "type": "Point",
        "coordinates": [
          0.0,
          0.0
        ]
      },
      "properties": {
        "junction_id": 36385,
        "veh_id": 11227,
        "sim_time_s": 228.6,
        "tier": "harmony-no-ge-local",
        "prearm_status": "skip",
        "focus_role": "none"
      }
    },
    {
      "type": "Feature",
      "geometry": {
        "type": "Point",
        "coordinates": [
          500728.8119772927,
          6964990.679694582
        ]
      },
      "properties": {
        "junction_id": 36393,
        "veh_id": 11227,
        "sim_time_s": 232.7,
        "tier": "track-zone",
        "prearm_status": "",
        "focus_role": "none"
      }
    },
    {
      "type": "Feature",
      "geometry": {
        "type": "Point",
        "coordinates": [
          500663.2706383946,
          6965178.201200313
        ]
      },
      "properties": {
        "junction_id": 1119660,
        "veh_id": 11255,
        "sim_time_s": 232.7,
        "tier": "track-zone",
        "prearm_status": "",
        "focus_role": "none"
      }
    },
    {
      "type": "Feature",
      "geometry": {
        "type": "Point",
        "coordinates": [
          500536.6004268773,
          6965920.698187258
        ]
      },
      "properties": {
        "junction_id": 39576,
        "veh_id": 11245,
        "sim_time_s": 235.3,
        "tier": "track-zone",
        "prearm_status": "",
        "focus_role": "none"
      }
    },
    {
      "type": "Feature",
      "geometry": {
        "type": "Point",
        "coordinates": [
          500639.7023052918,
          6965232.454970623
        ]
      },
      "properties": {
        "junction_id": 39587,
        "veh_id": 11255,
        "sim_time_s": 236.7,
        "tier": "track-zone",
        "prearm_status": "",
        "focus_role": "none"
      }
    },
    {
      "type": "Feature",
      "geometry": {
        "type": "Point",
        "coordinates": [
          0.0,
          0.0
        ]
      },
      "properties": {
        "junction_id": 39576,
        "veh_id": 11220,
        "sim_time_s": 239.4,
        "tier": "harmony-no-ge-local",
        "prearm_status": "skip",
        "focus_role": "none"
      }
    },
    {
      "type": "Feature",
      "geometry": {
        "type": "Point",
        "coordinates": [
          500509.6268705087,
          6965700.365427111
        ]
      },
      "properties": {
        "junction_id": 39587,
        "veh_id": 11220,
        "sim_time_s": 248.8,
        "tier": "track-zone",
        "prearm_status": "",
        "focus_role": "none"
      }
    },
    {
      "type": "Feature",
      "geometry": {
        "type": "Point",
        "coordinates": [
          0.0,
          0.0
        ]
      },
      "properties": {
        "junction_id": 39587,
        "veh_id": 11255,
        "sim_time_s": 251.6,
        "tier": "harmony-ins-local",
        "prearm_status": "action",
        "focus_role": "none"
      }
    },
    {
      "type": "Feature",
      "geometry": {
        "type": "Point",
        "coordinates": [
          500577.9380395981,
          6965461.929371548
        ]
      },
      "properties": {
        "junction_id": 39576,
        "veh_id": 11255,
        "sim_time_s": 254.2,
        "tier": "track-zone",
        "prearm_status": "",
        "focus_role": "none"
      }
    },
    {
      "type": "Feature",
      "geometry": {
        "type": "Point",
        "coordinates": [
          0.0,
          0.0
        ]
      },
      "properties": {
        "junction_id": 36393,
        "veh_id": 11227,
        "sim_time_s": 254.2,
        "tier": "harmony-no-ge-local",
        "prearm_status": "skip",
        "focus_role": "none"
      }
    },
    {
      "type": "Feature",
      "geometry": {
        "type": "Point",
        "coordinates": [
          500517.19868325995,
          6965642.784197711
        ]
      },
      "properties": {
        "junction_id": 1119660,
        "veh_id": 11220,
        "sim_time_s": 255.6,
        "tier": "track-zone",
        "prearm_status": "",
        "focus_role": "none"
      }
    },
    {
      "type": "Feature",
      "geometry": {
        "type": "Point",
        "coordinates": [
          500545.37633427244,
          6965570.056116072
        ]
      },
      "properties": {
        "junction_id": 10157950,
        "veh_id": 11220,
        "sim_time_s": 262.4,
        "tier": "track-zone",
        "prearm_status": "",
        "focus_role": "none"
      }
    },
    {
      "type": "Feature",
      "geometry": {
        "type": "Point",
        "coordinates": [
          0.0,
          0.0
        ]
      },
      "properties": {
        "junction_id": 39576,
        "veh_id": 11255,
        "sim_time_s": 271.8,
        "tier": "harmony-no-ge-local",
        "prearm_status": "skip",
        "focus_role": "none"
      }
    },
    {
      "type": "Feature",
      "geometry": {
        "type": "Point",
        "coordinates": [
          500491.9029389089,
          6965698.332717488
        ]
      },
      "properties": {
        "junction_id": 39578,
        "veh_id": 11255,
        "sim_time_s": 274.5,
        "tier": "track-zone",
        "prearm_status": "",
        "focus_role": "none"
      }
    },
    {
      "type": "Feature",
      "geometry": {
        "type": "Point",
        "coordinates": [
          0.0,
          0.0
        ]
      },
      "properties": {
        "junction_id": 39576,
        "veh_id": 11245,
        "sim_time_s": 286.6,
        "tier": "harmony-no-ge-local",
        "prearm_status": "skip",
        "focus_role": "none"
      }
    },
    {
      "type": "Feature",
      "geometry": {
        "type": "Point",
        "coordinates": [
          500689.87432733184,
          6964548.419366977
        ]
      },
      "properties": {
        "junction_id": 39590,
        "veh_id": 11227,
        "sim_time_s": 296.1,
        "tier": "track-zone",
        "prearm_status": "",
        "focus_role": "none"
      }
    },
    {
      "type": "Feature",
      "geometry": {
        "type": "Point",
        "coordinates": [
          500603.3279797637,
          6965407.277086798
        ]
      },
      "properties": {
        "junction_id": 39593,
        "veh_id": 11220,
        "sim_time_s": 300.1,
        "tier": "track-zone",
        "prearm_status": "",
        "focus_role": "none"
      }
    },
    {
      "type": "Feature",
      "geometry": {
        "type": "Point",
        "coordinates": [
          500945.67046802037,
          6964036.799411514
        ]
      },
      "properties": {
        "junction_id": 39606,
        "veh_id": 11234,
        "sim_time_s": 300.1,
        "tier": "track-section",
        "prearm_status": "",
        "focus_role": "none"
      }
    },
    {
      "type": "Feature",
      "geometry": {
        "type": "Point",
        "coordinates": [
          500731.71446011733,
          6964405.21320703
        ]
      },
      "properties": {
        "junction_id": 39606,
        "veh_id": 11227,
        "sim_time_s": 305.6,
        "tier": "track-zone",
        "prearm_status": "",
        "focus_role": "none"
      }
    },
    {
      "type": "Feature",
      "geometry": {
        "type": "Point",
        "coordinates": [
          500642.4793787288,
          6965257.564237226
        ]
      },
      "properties": {
        "junction_id": 36385,
        "veh_id": 11220,
        "sim_time_s": 309.6,
        "tier": "track-zone",
        "prearm_status": "",
        "focus_role": "none"
      }
    },
    {
      "type": "Feature",
      "geometry": {
        "type": "Point",
        "coordinates": [
          499515.7323723875,
          6966653.030666509
        ]
      },
      "properties": {
        "junction_id": 39572,
        "veh_id": 11213,
        "sim_time_s": 314.1,
        "tier": "IC-detect",
        "prearm_status": "",
        "focus_role": "none"
      }
    },
    {
      "type": "Feature",
      "geometry": {
        "type": "Point",
        "coordinates": [
          0.0,
          0.0
        ]
      },
      "properties": {
        "junction_id": 39593,
        "veh_id": 11220,
        "sim_time_s": 315.0,
        "tier": "harmony-ins-local",
        "prearm_status": "action",
        "focus_role": "none"
      }
    },
    {
      "type": "Feature",
      "geometry": {
        "type": "Point",
        "coordinates": [
          0.0,
          0.0
        ]
      },
      "properties": {
        "junction_id": 39578,
        "veh_id": 11255,
        "sim_time_s": 315.0,
        "tier": "harmony-no-ge-local",
        "prearm_status": "skip",
        "focus_role": "none"
      }
    },
    {
      "type": "Feature",
      "geometry": {
        "type": "Point",
        "coordinates": [
          500394.9657349888,
          6966042.311353033
        ]
      },
      "properties": {
        "junction_id": 1043762,
        "veh_id": 11255,
        "sim_time_s": 328.5,
        "tier": "track-zone",
        "prearm_status": "",
        "focus_role": "none"
      }
    },
    {
      "type": "Feature",
      "geometry": {
        "type": "Point",
        "coordinates": [
          499764.64198936505,
          6966603.308434809
        ]
      },
      "properties": {
        "junction_id": 39568,
        "veh_id": 11213,
        "sim_time_s": 333.9,
        "tier": "track-zone",
        "prearm_status": "",
        "focus_role": "none"
      }
    },
    {
      "type": "Feature",
      "geometry": {
        "type": "Point",
        "coordinates": [
          500512.5299522655,
          6965704.587542606
        ]
      },
      "properties": {
        "junction_id": 39587,
        "veh_id": 11245,
        "sim_time_s": 339.3,
        "tier": "track-zone",
        "prearm_status": "",
        "focus_role": "none"
      }
    },
    {
      "type": "Feature",
      "geometry": {
        "type": "Point",
        "coordinates": [
          500890.6588233376,
          6964116.8044303255
        ]
      },
      "properties": {
        "junction_id": 39590,
        "veh_id": 11234,
        "sim_time_s": 342.0,
        "tier": "track-zone",
        "prearm_status": "",
        "focus_role": "none"
      }
    },
    {
      "type": "Feature",
      "geometry": {
        "type": "Point",
        "coordinates": [
          0.0,
          0.0
        ]
      },
      "properties": {
        "junction_id": 1043762,
        "veh_id": 11255,
        "sim_time_s": 342.0,
        "tier": "harmony-no-ge-local",
        "prearm_status": "skip",
        "focus_role": "none"
      }
    },
    {
      "type": "Feature",
      "geometry": {
        "type": "Point",
        "coordinates": [
          500518.19773681456,
          6965650.052039754
        ]
      },
      "properties": {
        "junction_id": 1119660,
        "veh_id": 11245,
        "sim_time_s": 344.7,
        "tier": "track-zone",
        "prearm_status": "",
        "focus_role": "none"
      }
    },
    {
      "type": "Feature",
      "geometry": {
        "type": "Point",
        "coordinates": [
          500232.3336896171,
          6966233.863456524
        ]
      },
      "properties": {
        "junction_id": 39569,
        "veh_id": 11255,
        "sim_time_s": 344.7,
        "tier": "track-zone",
        "prearm_status": "",
        "focus_role": "none"
      }
    },
    {
      "type": "Feature",
      "geometry": {
        "type": "Point",
        "coordinates": [
          499891.1768459851,
          6966542.932038937
        ]
      },
      "properties": {
        "junction_id": 39569,
        "veh_id": 11213,
        "sim_time_s": 346.1,
        "tier": "track-zone",
        "prearm_status": "",
        "focus_role": "none"
      }
    },
    {
      "type": "Feature",
      "geometry": {
        "type": "Point",
        "coordinates": [
          0.0,
          0.0
        ]
      },
      "properties": {
        "junction_id": 39606,
        "veh_id": 11234,
        "sim_time_s": 346.1,
        "tier": "harmony-no-ge-local",
        "prearm_status": "skip",
        "focus_role": "none"
      }
    },
    {
      "type": "Feature",
      "geometry": {
        "type": "Point",
        "coordinates": [
          500553.8725353307,
          6965566.150208618
        ]
      },
      "properties": {
        "junction_id": 10157950,
        "veh_id": 11245,
        "sim_time_s": 352.8,
        "tier": "track-zone",
        "prearm_status": "",
        "focus_role": "none"
      }
    },
    {
      "type": "Feature",
      "geometry": {
        "type": "Point",
        "coordinates": [
          0.0,
          0.0
        ]
      },
      "properties": {
        "junction_id": 39569,
        "veh_id": 11255,
        "sim_time_s": 358.2,
        "tier": "harmony-no-ge-local",
        "prearm_status": "skip",
        "focus_role": "none"
      }
    },
    {
      "type": "Feature",
      "geometry": {
        "type": "Point",
        "coordinates": [
          500120.0107184045,
          6966429.6582341995
        ]
      },
      "properties": {
        "junction_id": 39572,
        "veh_id": 11255,
        "sim_time_s": 360.9,
        "tier": "track-zone",
        "prearm_status": "",
        "focus_role": "none"
      }
    },
    {
      "type": "Feature",
      "geometry": {
        "type": "Point",
        "coordinates": [
          0.0,
          0.0
        ]
      },
      "properties": {
        "junction_id": 39590,
        "veh_id": 11227,
        "sim_time_s": 360.9,
        "tier": "harmony-no-ge-local",
        "prearm_status": "skip",
        "focus_role": "none"
      }
    },
    {
      "type": "Feature",
      "geometry": {
        "type": "Point",
        "coordinates": [
          0.0,
          0.0
        ]
      },
      "properties": {
        "junction_id": 39590,
        "veh_id": 11234,
        "sim_time_s": 371.7,
        "tier": "harmony-no-ge-local",
        "prearm_status": "skip",
        "focus_role": "none"
      }
    },
    {
      "type": "Feature",
      "geometry": {
        "type": "Point",
        "coordinates": [
          499513.1790403163,
          6966653.509262642
        ]
      },
      "properties": {
        "junction_id": 39572,
        "veh_id": 11238,
        "sim_time_s": 373.1,
        "tier": "IC-detect",
        "prearm_status": "",
        "focus_role": "none"
      }
    },
    {
      "type": "Feature",
      "geometry": {
        "type": "Point",
        "coordinates": [
          500129.53575057734,
          6966436.029187565
        ]
      },
      "properties": {
        "junction_id": 1043762,
        "veh_id": 11213,
        "sim_time_s": 374.4,
        "tier": "track-zone",
        "prearm_status": "",
        "focus_role": "none"
      }
    },
    {
      "type": "Feature",
      "geometry": {
        "type": "Point",
        "coordinates": [
          0.0,
          0.0
        ]
      },
      "properties": {
        "junction_id": 39606,
        "veh_id": 11227,
        "sim_time_s": 377.1,
        "tier": "harmony-no-ge-local",
        "prearm_status": "skip",
        "focus_role": "none"
      }
    },
    {
      "type": "Feature",
      "geometry": {
        "type": "Point",
        "coordinates": [
          0.0,
          0.0
        ]
      },
      "properties": {
        "junction_id": 39587,
        "veh_id": 11245,
        "sim_time_s": 386.6,
        "tier": "harmony-no-ge-local",
        "prearm_status": "skip",
        "focus_role": "none"
      }
    },
    {
      "type": "Feature",
      "geometry": {
        "type": "Point",
        "coordinates": [
          0.0,
          0.0
        ]
      },
      "properties": {
        "junction_id": 1043762,
        "veh_id": 11213,
        "sim_time_s": 389.2,
        "tier": "harmony-ins-local",
        "prearm_status": "action",
        "focus_role": "none"
      }
    },
    {
      "type": "Feature",
      "geometry": {
        "type": "Point",
        "coordinates": [
          500608.38009735587,
          6965411.631955873
        ]
      },
      "properties": {
        "junction_id": 39593,
        "veh_id": 11245,
        "sim_time_s": 396.0,
        "tier": "track-zone",
        "prearm_status": "",
        "focus_role": "none"
      }
    },
    {
      "type": "Feature",
      "geometry": {
        "type": "Point",
        "coordinates": [
          0.0,
          0.0
        ]
      },
      "properties": {
        "junction_id": 36385,
        "veh_id": 11220,
        "sim_time_s": 400.1,
        "tier": "harmony-no-ge-local",
        "prearm_status": "skip",
        "focus_role": "none"
      }
    },
    {
      "type": "Feature",
      "geometry": {
        "type": "Point",
        "coordinates": [
          500728.8972849218,
          6964993.330211439
        ]
      },
      "properties": {
        "junction_id": 36393,
        "veh_id": 11220,
        "sim_time_s": 405.4,
        "tier": "track-zone",
        "prearm_status": "",
        "focus_role": "none"
      }
    },
    {
      "type": "Feature",
      "geometry": {
        "type": "Point",
        "coordinates": [
          500651.2574787136,
          6965249.810254833
        ]
      },
      "properties": {
        "junction_id": 36385,
        "veh_id": 11245,
        "sim_time_s": 406.8,
        "tier": "track-zone",
        "prearm_status": "",
        "focus_role": "none"
      }
    },
    {
      "type": "Feature",
      "geometry": {
        "type": "Point",
        "coordinates": [
          500360.1593426076,
          6966093.676681278
        ]
      },
      "properties": {
        "junction_id": 39578,
        "veh_id": 11213,
        "sim_time_s": 409.5,
        "tier": "track-section",
        "prearm_status": "",
        "focus_role": "none"
      }
    },
    {
      "type": "Feature",
      "geometry": {
        "type": "Point",
        "coordinates": [
          500673.7206576875,
          6964517.935778427
        ]
      },
      "properties": {
        "junction_id": 36393,
        "veh_id": 11234,
        "sim_time_s": 410.9,
        "tier": "track-zone",
        "prearm_status": "",
        "focus_role": "none"
      }
    },
    {
      "type": "Feature",
      "geometry": {
        "type": "Point",
        "coordinates": [
          0.0,
          0.0
        ]
      },
      "properties": {
        "junction_id": 39593,
        "veh_id": 11245,
        "sim_time_s": 410.9,
        "tier": "harmony-ins-local",
        "prearm_status": "action",
        "focus_role": "none"
      }
    },
    {
      "type": "Feature",
      "geometry": {
        "type": "Point",
        "coordinates": [
          500079.16988551826,
          6966483.346691811
        ]
      },
      "properties": {
        "junction_id": 39568,
        "veh_id": 11255,
        "sim_time_s": 417.6,
        "tier": "track-zone",
        "prearm_status": "",
        "focus_role": "none"
      }
    },
    {
      "type": "Feature",
      "geometry": {
        "type": "Point",
        "coordinates": [
          499758.3488106822,
          6966606.204364904
        ]
      },
      "properties": {
        "junction_id": 39568,
        "veh_id": 11238,
        "sim_time_s": 428.4,
        "tier": "track-zone",
        "prearm_status": "",
        "focus_role": "none"
      }
    },
    {
      "type": "Feature",
      "geometry": {
        "type": "Point",
        "coordinates": [
          0.0,
          0.0
        ]
      },
      "properties": {
        "junction_id": 36393,
        "veh_id": 11220,
        "sim_time_s": 428.4,
        "tier": "harmony-no-ge-local",
        "prearm_status": "skip",
        "focus_role": "none"
      }
    },
    {
      "type": "Feature",
      "geometry": {
        "type": "Point",
        "coordinates": [
          0.0,
          0.0
        ]
      },
      "properties": {
        "junction_id": 39572,
        "veh_id": 11255,
        "sim_time_s": 440.6,
        "tier": "harmony-no-ge-local",
        "prearm_status": "skip",
        "focus_role": "none"
      }
    },
    {
      "type": "Feature",
      "geometry": {
        "type": "Point",
        "coordinates": [
          0.0,
          0.0
        ]
      },
      "properties": {
        "junction_id": 39578,
        "veh_id": 11213,
        "sim_time_s": 444.6,
        "tier": "harmony-no-ge-local",
        "prearm_status": "skip",
        "focus_role": "none"
      }
    },
    {
      "type": "Feature",
      "geometry": {
        "type": "Point",
        "coordinates": [
          500533.70828646317,
          6965929.866211981
        ]
      },
      "properties": {
        "junction_id": 39576,
        "veh_id": 11213,
        "sim_time_s": 447.3,
        "tier": "track-zone",
        "prearm_status": "",
        "focus_role": "none"
      }
    },
    {
      "type": "Feature",
      "geometry": {
        "type": "Point",
        "coordinates": [
          500689.1060519007,
          6964560.056177241
        ]
      },
      "properties": {
        "junction_id": 39590,
        "veh_id": 11220,
        "sim_time_s": 448.6,
        "tier": "track-zone",
        "prearm_status": "",
        "focus_role": "none"
      }
    },
    {
      "type": "Feature",
      "geometry": {
        "type": "Point",
        "coordinates": [
          500946.97228876385,
          6964034.668682542
        ]
      },
      "properties": {
        "junction_id": 39606,
        "veh_id": 11256,
        "sim_time_s": 450.0,
        "tier": "track-section",
        "prearm_status": "",
        "focus_role": "none"
      }
    },
    {
      "type": "Feature",
      "geometry": {
        "type": "Point",
        "coordinates": [
          500889.35171004693,
          6964122.876003576
        ]
      },
      "properties": {
        "junction_id": 39590,
        "veh_id": 11256,
        "sim_time_s": 456.8,
        "tier": "track-zone",
        "prearm_status": "",
        "focus_role": "none"
      }
    },
    {
      "type": "Feature",
      "geometry": {
        "type": "Point",
        "coordinates": [
          0.0,
          0.0
        ]
      },
      "properties": {
        "junction_id": 36393,
        "veh_id": 11234,
        "sim_time_s": 458.1,
        "tier": "harmony-ins-local",
        "prearm_status": "action",
        "focus_role": "none"
      }
    },
    {
      "type": "Feature",
      "geometry": {
        "type": "Point",
        "coordinates": [
          500679.16525274824,
          6964750.603446747
        ]
      },
      "properties": {
        "junction_id": 36385,
        "veh_id": 11234,
        "sim_time_s": 461.2,
        "tier": "coord-prearm-harmony/SHOCKWAVE",
        "prearm_status": "fired",
        "focus_role": "none"
      }
    },
    {
      "type": "Feature",
      "geometry": {
        "type": "Point",
        "coordinates": [
          0.0,
          0.0
        ]
      },
      "properties": {
        "junction_id": 36385,
        "veh_id": 11234,
        "sim_time_s": 461.7,
        "tier": "harmony-ins-local",
        "prearm_status": "action",
        "focus_role": "none"
      }
    },
    {
      "type": "Feature",
      "geometry": {
        "type": "Point",
        "coordinates": [
          500715.9750991549,
          6965021.284129771
        ]
      },
      "properties": {
        "junction_id": 36385,
        "veh_id": 11234,
        "sim_time_s": 461.7,
        "tier": "coord-prearm-success/SHOCKWAVE",
        "prearm_status": "success",
        "focus_role": "none"
      }
    },
    {
      "type": "Feature",
      "geometry": {
        "type": "Point",
        "coordinates": [
          0.0,
          0.0
        ]
      },
      "properties": {
        "junction_id": 39606,
        "veh_id": 11256,
        "sim_time_s": 462.1,
        "tier": "harmony-no-ge-local",
        "prearm_status": "skip",
        "focus_role": "none"
      }
    },
    {
      "type": "Feature",
      "geometry": {
        "type": "Point",
        "coordinates": [
          500018.223527852,
          6966619.784742743
        ]
      },
      "properties": {
        "junction_id": 11118289,
        "veh_id": 11255,
        "sim_time_s": 463.5,
        "tier": "track-zone",
        "prearm_status": "",
        "focus_role": "none"
      }
    },
    {
      "type": "Feature",
      "geometry": {
        "type": "Point",
        "coordinates": [
          499887.08569946315,
          6966544.73770521
        ]
      },
      "properties": {
        "junction_id": 39569,
        "veh_id": 11238,
        "sim_time_s": 470.2,
        "tier": "track-zone",
        "prearm_status": "",
        "focus_role": "none"
      }
    },
    {
      "type": "Feature",
      "geometry": {
        "type": "Point",
        "coordinates": [
          0.0,
          0.0
        ]
      },
      "properties": {
        "junction_id": 39576,
        "veh_id": 11213,
        "sim_time_s": 470.2,
        "tier": "harmony-no-ge-local",
        "prearm_status": "skip",
        "focus_role": "none"
      }
    },
    {
      "type": "Feature",
      "geometry": {
        "type": "Point",
        "coordinates": [
          500512.5398542956,
          6965707.966203103
        ]
      },
      "properties": {
        "junction_id": 39587,
        "veh_id": 11213,
        "sim_time_s": 471.6,
        "tier": "track-zone",
        "prearm_status": "",
        "focus_role": "none"
      }
    },
    {
      "type": "Feature",
      "geometry": {
        "type": "Point",
        "coordinates": [
          500726.5340654063,
          6964410.000478961
        ]
      },
      "properties": {
        "junction_id": 39606,
        "veh_id": 11220,
        "sim_time_s": 475.6,
        "tier": "track-zone",
        "prearm_status": "",
        "focus_role": "none"
      }
    },
    {
      "type": "Feature",
      "geometry": {
        "type": "Point",
        "coordinates": [
          500701.18550608796,
          6964929.302163681
        ]
      },
      "properties": {
        "junction_id": 39593,
        "veh_id": 11234,
        "sim_time_s": 477.0,
        "tier": "track-zone",
        "prearm_status": "",
        "focus_role": "none"
      }
    },
    {
      "type": "Feature",
      "geometry": {
        "type": "Point",
        "coordinates": [
          500518.8942225532,
          6965648.041954214
        ]
      },
      "properties": {
        "junction_id": 1119660,
        "veh_id": 11213,
        "sim_time_s": 479.7,
        "tier": "track-zone",
        "prearm_status": "",
        "focus_role": "none"
      }
    },
    {
      "type": "Feature",
      "geometry": {
        "type": "Point",
        "coordinates": [
          499456.1279566588,
          6967099.134145803
        ]
      },
      "properties": {
        "junction_id": 38339,
        "veh_id": 11222,
        "sim_time_s": 483.8,
        "tier": "IC-detect",
        "prearm_status": "",
        "focus_role": "none"
      }
    },
    {
      "type": "Feature",
      "geometry": {
        "type": "Point",
        "coordinates": [
          500083.68196671025,
          6967501.471784671
        ]
      },
      "properties": {
        "junction_id": 38339,
        "veh_id": 11246,
        "sim_time_s": 487.8,
        "tier": "IC-detect",
        "prearm_status": "",
        "focus_role": "none"
      }
    },
    {
      "type": "Feature",
      "geometry": {
        "type": "Point",
        "coordinates": [
          500552.82694753906,
          6965568.69035087
        ]
      },
      "properties": {
        "junction_id": 10157950,
        "veh_id": 11213,
        "sim_time_s": 510.8,
        "tier": "track-zone",
        "prearm_status": "",
        "focus_role": "none"
      }
    },
    {
      "type": "Feature",
      "geometry": {
        "type": "Point",
        "coordinates": [
          0.0,
          0.0
        ]
      },
      "properties": {
        "junction_id": 39590,
        "veh_id": 11256,
        "sim_time_s": 510.8,
        "tier": "harmony-no-ge-local",
        "prearm_status": "skip",
        "focus_role": "none"
      }
    },
    {
      "type": "Feature",
      "geometry": {
        "type": "Point",
        "coordinates": [
          499960.7510288656,
          6966791.499354765
        ]
      },
      "properties": {
        "junction_id": 38339,
        "veh_id": 11255,
        "sim_time_s": 520.2,
        "tier": "track-zone",
        "prearm_status": "",
        "focus_role": "none"
      }
    },
    {
      "type": "Feature",
      "geometry": {
        "type": "Point",
        "coordinates": [
          0.0,
          0.0
        ]
      },
      "properties": {
        "junction_id": 39587,
        "veh_id": 11213,
        "sim_time_s": 521.5,
        "tier": "harmony-ins-local",
        "prearm_status": "action",
        "focus_role": "none"
      }
    },
    {
      "type": "Feature",
      "geometry": {
        "type": "Point",
        "coordinates": [
          0.0,
          0.0
        ]
      },
      "properties": {
        "junction_id": 36385,
        "veh_id": 11245,
        "sim_time_s": 522.0,
        "tier": "harmony-no-ge-local",
        "prearm_status": "skip",
        "focus_role": "none"
      }
    },
    {
      "type": "Feature",
      "geometry": {
        "type": "Point",
        "coordinates": [
          500729.09513072984,
          6965001.300824394
        ]
      },
      "properties": {
        "junction_id": 36393,
        "veh_id": 11245,
        "sim_time_s": 525.6,
        "tier": "track-zone",
        "prearm_status": "",
        "focus_role": "none"
      }
    },
    {
      "type": "Feature",
      "geometry": {
        "type": "Point",
        "coordinates": [
          0.0,
          0.0
        ]
      },
      "properties": {
        "junction_id": 39606,
        "veh_id": 11220,
        "sim_time_s": 528.3,
        "tier": "harmony-no-ge-local",
        "prearm_status": "skip",
        "focus_role": "none"
      }
    },
    {
      "type": "Feature",
      "geometry": {
        "type": "Point",
        "coordinates": [
          500683.06079003157,
          6965094.451506895
        ]
      },
      "properties": {
        "junction_id": 10157950,
        "veh_id": 11234,
        "sim_time_s": 535.0,
        "tier": "track-zone",
        "prearm_status": "",
        "focus_role": "none"
      }
    },
    {
      "type": "Feature",
      "geometry": {
        "type": "Point",
        "coordinates": [
          500609.9556326568,
          6965406.609412999
        ]
      },
      "properties": {
        "junction_id": 39593,
        "veh_id": 11213,
        "sim_time_s": 541.8,
        "tier": "track-zone",
        "prearm_status": "",
        "focus_role": "none"
      }
    },
    {
      "type": "Feature",
      "geometry": {
        "type": "Point",
        "coordinates": [
          499806.1850817598,
          6967047.275217861
        ]
      },
      "properties": {
        "junction_id": 11118289,
        "veh_id": 11222,
        "sim_time_s": 543.1,
        "tier": "track-zone",
        "prearm_status": "",
        "focus_role": "none"
      }
    },
    {
      "type": "Feature",
      "geometry": {
        "type": "Point",
        "coordinates": [
          0.0,
          0.0
        ]
      },
      "properties": {
        "junction_id": 38339,
        "veh_id": 11255,
        "sim_time_s": 549.9,
        "tier": "harmony-no-ge-local",
        "prearm_status": "skip",
        "focus_role": "none"
      }
    },
    {
      "type": "Feature",
      "geometry": {
        "type": "Point",
        "coordinates": [
          0.0,
          0.0
        ]
      },
      "properties": {
        "junction_id": 39593,
        "veh_id": 11234,
        "sim_time_s": 554.0,
        "tier": "harmony-no-ge-local",
        "prearm_status": "skip",
        "focus_role": "none"
      }
    },
    {
      "type": "Feature",
      "geometry": {
        "type": "Point",
        "coordinates": [
          500661.89732066577,
          6965181.567971132
        ]
      },
      "properties": {
        "junction_id": 1119660,
        "veh_id": 11234,
        "sim_time_s": 555.3,
        "tier": "track-zone",
        "prearm_status": "",
        "focus_role": "none"
      }
    },
    {
      "type": "Feature",
      "geometry": {
        "type": "Point",
        "coordinates": [
          500634.88248127344,
          6965243.011544864
        ]
      },
      "properties": {
        "junction_id": 39587,
        "veh_id": 11234,
        "sim_time_s": 559.4,
        "tier": "track-zone",
        "prearm_status": "",
        "focus_role": "none"
      }
    },
    {
      "type": "Feature",
      "geometry": {
        "type": "Point",
        "coordinates": [
          0.0,
          0.0
        ]
      },
      "properties": {
        "junction_id": 39569,
        "veh_id": 11238,
        "sim_time_s": 559.4,
        "tier": "harmony-no-ge-local",
        "prearm_status": "skip",
        "focus_role": "none"
      }
    },
    {
      "type": "Feature",
      "geometry": {
        "type": "Point",
        "coordinates": [
          500675.2373361445,
          6964507.979667072
        ]
      },
      "properties": {
        "junction_id": 36393,
        "veh_id": 11256,
        "sim_time_s": 560.7,
        "tier": "track-zone",
        "prearm_status": "",
        "focus_role": "none"
      }
    },
    {
      "type": "Feature",
      "geometry": {
        "type": "Point",
        "coordinates": [
          499966.55331185204,
          6967108.655624587
        ]
      },
      "properties": {
        "junction_id": 11118289,
        "veh_id": 11246,
        "sim_time_s": 563.4,
        "tier": "track-zone",
        "prearm_status": "",
        "focus_role": "none"
      }
    },
    {
      "type": "Feature",
      "geometry": {
        "type": "Point",
        "coordinates": [
          500135.9951152555,
          6966431.905588796
        ]
      },
      "properties": {
        "junction_id": 1043762,
        "veh_id": 11238,
        "sim_time_s": 566.1,
        "tier": "track-zone",
        "prearm_status": "",
        "focus_role": "none"
      }
    },
    {
      "type": "Feature",
      "geometry": {
        "type": "Point",
        "coordinates": [
          500647.3415369682,
          6965259.275138308
        ]
      },
      "properties": {
        "junction_id": 36385,
        "veh_id": 11213,
        "sim_time_s": 570.1,
        "tier": "track-zone",
        "prearm_status": "",
        "focus_role": "none"
      }
    },
    {
      "type": "Feature",
      "geometry": {
        "type": "Point",
        "coordinates": [
          0.0,
          0.0
        ]
      },
      "properties": {
        "junction_id": 36393,
        "veh_id": 11256,
        "sim_time_s": 574.2,
        "tier": "harmony-no-ge-local",
        "prearm_status": "skip",
        "focus_role": "none"
      }
    },
    {
      "type": "Feature",
      "geometry": {
        "type": "Point",
        "coordinates": [
          0.0,
          0.0
        ]
      },
      "properties": {
        "junction_id": 38339,
        "veh_id": 11246,
        "sim_time_s": 574.6,
        "tier": "harmony-no-ge-local",
        "prearm_status": "skip",
        "focus_role": "none"
      }
    },
    {
      "type": "Feature",
      "geometry": {
        "type": "Point",
        "coordinates": [
          0.0,
          0.0
        ]
      },
      "properties": {
        "junction_id": 39593,
        "veh_id": 11213,
        "sim_time_s": 575.5,
        "tier": "harmony-no-ge-local",
        "prearm_status": "skip",
        "focus_role": "none"
      }
    },
    {
      "type": "Feature",
      "geometry": {
        "type": "Point",
        "coordinates": [
          499961.2912551474,
          6966953.713889014
        ]
      },
      "properties": {
        "junction_id": 39568,
        "veh_id": 11246,
        "sim_time_s": 579.6,
        "tier": "track-zone",
        "prearm_status": "",
        "focus_role": "none"
      }
    },
    {
      "type": "Feature",
      "geometry": {
        "type": "Point",
        "coordinates": [
          500679.963767771,
          6964783.701305606
        ]
      },
      "properties": {
        "junction_id": 36385,
        "veh_id": 11256,
        "sim_time_s": 579.6,
        "tier": "track-zone",
        "prearm_status": "",
        "focus_role": "none"
      }
    },
    {
      "type": "Feature",
      "geometry": {
        "type": "Point",
        "coordinates": [
          499966.0963115218,
          6966894.587482063
        ]
      },
      "properties": {
        "junction_id": 39572,
        "veh_id": 11246,
        "sim_time_s": 585.0,
        "tier": "track-zone",
        "prearm_status": "",
        "focus_role": "none"
      }
    },
    {
      "type": "Feature",
      "geometry": {
        "type": "Point",
        "coordinates": [
          500701.51765439595,
          6964930.856577707
        ]
      },
      "properties": {
        "junction_id": 39593,
        "veh_id": 11256,
        "sim_time_s": 593.1,
        "tier": "track-zone",
        "prearm_status": "",
        "focus_role": "none"
      }
    },
    {
      "type": "Feature",
      "geometry": {
        "type": "Point",
        "coordinates": [
          500729.1563140192,
          6964997.711447411
        ]
      },
      "properties": {
        "junction_id": 36393,
        "veh_id": 11213,
        "sim_time_s": 595.8,
        "tier": "track-zone",
        "prearm_status": "",
        "focus_role": "none"
      }
    },
    {
      "type": "Feature",
      "geometry": {
        "type": "Point",
        "coordinates": [
          500689.8264838915,
          6964550.083528389
        ]
      },
      "properties": {
        "junction_id": 39590,
        "veh_id": 11245,
        "sim_time_s": 595.8,
        "tier": "track-zone",
        "prearm_status": "",
        "focus_role": "none"
      }
    },
    {
      "type": "Feature",
      "geometry": {
        "type": "Point",
        "coordinates": [
          0.0,
          0.0
        ]
      },
      "properties": {
        "junction_id": 39587,
        "veh_id": 11234,
        "sim_time_s": 598.5,
        "tier": "harmony-no-ge-local",
        "prearm_status": "skip",
        "focus_role": "none"
      }
    },
    {
      "type": "Feature",
      "geometry": {
        "type": "Point",
        "coordinates": [
          499898.0378834195,
          6967034.692534625
        ]
      },
      "properties": {
        "junction_id": 38339,
        "veh_id": 11222,
        "sim_time_s": 603.9,
        "tier": "IC-detect",
        "prearm_status": "",
        "focus_role": "none"
      }
    },
    {
      "type": "Feature",
      "geometry": {
        "type": "Point",
        "coordinates": [
          0.0,
          0.0
        ]
      },
      "properties": {
        "junction_id": 1043762,
        "veh_id": 11238,
        "sim_time_s": 605.2,
        "tier": "harmony-no-ge-local",
        "prearm_status": "skip",
        "focus_role": "none"
      }
    },
    {
      "type": "Feature",
      "geometry": {
        "type": "Point",
        "coordinates": [
          500573.2287053828,
          6965456.953931077
        ]
      },
      "properties": {
        "junction_id": 39576,
        "veh_id": 11234,
        "sim_time_s": 606.6,
        "tier": "track-zone",
        "prearm_status": "",
        "focus_role": "none"
      }
    },
    {
      "type": "Feature",
      "geometry": {
        "type": "Point",
        "coordinates": [
          0.0,
          0.0
        ]
      },
      "properties": {
        "junction_id": 36385,
        "veh_id": 11256,
        "sim_time_s": 621.5,
        "tier": "harmony-ins-local",
        "prearm_status": "action",
        "focus_role": "none"
      }
    },
    {
      "type": "Feature",
      "geometry": {
        "type": "Point",
        "coordinates": [
          0.0,
          0.0
        ]
      },
      "properties": {
        "junction_id": 36393,
        "veh_id": 11213,
        "sim_time_s": 622.8,
        "tier": "harmony-ge-local",
        "prearm_status": "action",
        "focus_role": "none"
      }
    },
    {
      "type": "Feature",
      "geometry": {
        "type": "Point",
        "coordinates": [
          0.0,
          0.0
        ]
      },
      "properties": {
        "junction_id": 39576,
        "veh_id": 11234,
        "sim_time_s": 625.5,
        "tier": "harmony-ins-local",
        "prearm_status": "action",
        "focus_role": "none"
      }
    },
    {
      "type": "Feature",
      "geometry": {
        "type": "Point",
        "coordinates": [
          0.0,
          0.0
        ]
      },
      "properties": {
        "junction_id": 38339,
        "veh_id": 11222,
        "sim_time_s": 626.0,
        "tier": "harmony-ins-local",
        "prearm_status": "action",
        "focus_role": "none"
      }
    },
    {
      "type": "Feature",
      "geometry": {
        "type": "Point",
        "coordinates": [
          499961.4373400736,
          6966952.764211056
        ]
      },
      "properties": {
        "junction_id": 39568,
        "veh_id": 11222,
        "sim_time_s": 633.6,
        "tier": "track-zone",
        "prearm_status": "",
        "focus_role": "none"
      }
    },
    {
      "type": "Feature",
      "geometry": {
        "type": "Point",
        "coordinates": [
          500492.53788468725,
          6965683.137116375
        ]
      },
      "properties": {
        "junction_id": 39578,
        "veh_id": 11234,
        "sim_time_s": 636.3,
        "tier": "track-zone",
        "prearm_status": "",
        "focus_role": "none"
      }
    },
    {
      "type": "Feature",
      "geometry": {
        "type": "Point",
        "coordinates": [
          500684.2316389297,
          6965098.949657274
        ]
      },
      "properties": {
        "junction_id": 10157950,
        "veh_id": 11256,
        "sim_time_s": 637.6,
        "tier": "track-zone",
        "prearm_status": "",
        "focus_role": "none"
      }
    },
    {
      "type": "Feature",
      "geometry": {
        "type": "Point",
        "coordinates": [
          0.0,
          0.0
        ]
      },
      "properties": {
        "junction_id": 39572,
        "veh_id": 11246,
        "sim_time_s": 639.0,
        "tier": "harmony-no-ge-local",
        "prearm_status": "skip",
        "focus_role": "none"
      }
    },
    {
      "type": "Feature",
      "geometry": {
        "type": "Point",
        "coordinates": [
          499969.0773917036,
          6966895.736855783
        ]
      },
      "properties": {
        "junction_id": 39572,
        "veh_id": 11222,
        "sim_time_s": 640.4,
        "tier": "track-zone",
        "prearm_status": "",
        "focus_role": "none"
      }
    },
    {
      "type": "Feature",
      "geometry": {
        "type": "Point",
        "coordinates": [
          500350.37312289095,
          6966102.503219694
        ]
      },
      "properties": {
        "junction_id": 39578,
        "veh_id": 11238,
        "sim_time_s": 640.4,
        "tier": "track-section",
        "prearm_status": "",
        "focus_role": "none"
      }
    },
    {
      "type": "Feature",
      "geometry": {
        "type": "Point",
        "coordinates": [
          500012.53569331416,
          6966667.967364459
        ]
      },
      "properties": {
        "junction_id": 39569,
        "veh_id": 11246,
        "sim_time_s": 641.7,
        "tier": "track-zone",
        "prearm_status": "",
        "focus_role": "none"
      }
    },
    {
      "type": "Feature",
      "geometry": {
        "type": "Point",
        "coordinates": [
          500730.8110134612,
          6964407.826319963
        ]
      },
      "properties": {
        "junction_id": 39606,
        "veh_id": 11245,
        "sim_time_s": 652.5,
        "tier": "track-zone",
        "prearm_status": "",
        "focus_role": "none"
      }
    },
    {
      "type": "Feature",
      "geometry": {
        "type": "Point",
        "coordinates": [
          500683.42233683006,
          6964557.11239956
        ]
      },
      "properties": {
        "junction_id": 39590,
        "veh_id": 11213,
        "sim_time_s": 659.2,
        "tier": "track-zone",
        "prearm_status": "",
        "focus_role": "none"
      }
    },
    {
      "type": "Feature",
      "geometry": {
        "type": "Point",
        "coordinates": [
          0.0,
          0.0
        ]
      },
      "properties": {
        "junction_id": 39593,
        "veh_id": 11256,
        "sim_time_s": 662.0,
        "tier": "harmony-no-ge-local",
        "prearm_status": "skip",
        "focus_role": "none"
      }
    },
    {
      "type": "Feature",
      "geometry": {
        "type": "Point",
        "coordinates": [
          499969.3565937193,
          6966891.097167343
        ]
      },
      "properties": {
        "junction_id": 11118289,
        "veh_id": 11222,
        "sim_time_s": 664.6,
        "tier": "track-zone",
        "prearm_status": "",
        "focus_role": "none"
      }
    },
    {
      "type": "Feature",
      "geometry": {
        "type": "Point",
        "coordinates": [
          500661.42617233197,
          6965182.827425107
        ]
      },
      "properties": {
        "junction_id": 1119660,
        "veh_id": 11256,
        "sim_time_s": 666.0,
        "tier": "track-zone",
        "prearm_status": "",
        "focus_role": "none"
      }
    },
    {
      "type": "Feature",
      "geometry": {
        "type": "Point",
        "coordinates": [
          500636.07503581815,
          6965240.481385194
        ]
      },
      "properties": {
        "junction_id": 39587,
        "veh_id": 11256,
        "sim_time_s": 670.0,
        "tier": "track-zone",
        "prearm_status": "",
        "focus_role": "none"
      }
    },
    {
      "type": "Feature",
      "geometry": {
        "type": "Point",
        "coordinates": [
          0.0,
          0.0
        ]
      },
      "properties": {
        "junction_id": 39578,
        "veh_id": 11238,
        "sim_time_s": 675.5,
        "tier": "harmony-no-ge-local",
        "prearm_status": "skip",
        "focus_role": "none"
      }
    },
    {
      "type": "Feature",
      "geometry": {
        "type": "Point",
        "coordinates": [
          500531.98019319074,
          6965934.137673972
        ]
      },
      "properties": {
        "junction_id": 39576,
        "veh_id": 11238,
        "sim_time_s": 676.8,
        "tier": "track-zone",
        "prearm_status": "",
        "focus_role": "none"
      }
    },
    {
      "type": "Feature",
      "geometry": {
        "type": "Point",
        "coordinates": [
          0.0,
          0.0
        ]
      },
      "properties": {
        "junction_id": 39590,
        "veh_id": 11245,
        "sim_time_s": 683.5,
        "tier": "harmony-ins-local",
        "prearm_status": "action",
        "focus_role": "none"
      }
    },
    {
      "type": "Feature",
      "geometry": {
        "type": "Point",
        "coordinates": [
          0.0,
          0.0
        ]
      },
      "properties": {
        "junction_id": 39587,
        "veh_id": 11256,
        "sim_time_s": 684.9,
        "tier": "harmony-no-ge-local",
        "prearm_status": "skip",
        "focus_role": "none"
      }
    },
    {
      "type": "Feature",
      "geometry": {
        "type": "Point",
        "coordinates": [
          500725.17459647916,
          6964405.527970619
        ]
      },
      "properties": {
        "junction_id": 39606,
        "veh_id": 11213,
        "sim_time_s": 694.4,
        "tier": "track-zone",
        "prearm_status": "",
        "focus_role": "none"
      }
    },
    {
      "type": "Feature",
      "geometry": {
        "type": "Point",
        "coordinates": [
          0.0,
          0.0
        ]
      },
      "properties": {
        "junction_id": 39576,
        "veh_id": 11238,
        "sim_time_s": 695.7,
        "tier": "harmony-no-ge-local",
        "prearm_status": "skip",
        "focus_role": "none"
      }
    },
    {
      "type": "Feature",
      "geometry": {
        "type": "Point",
        "coordinates": [
          500083.39135312167,
          6966500.919398623
        ]
      },
      "properties": {
        "junction_id": 39568,
        "veh_id": 11246,
        "sim_time_s": 701.1,
        "tier": "track-zone",
        "prearm_status": "",
        "focus_role": "none"
      }
    },
    {
      "type": "Feature",
      "geometry": {
        "type": "Point",
        "coordinates": [
          500571.94839461043,
          6965461.042559428
        ]
      },
      "properties": {
        "junction_id": 39576,
        "veh_id": 11256,
        "sim_time_s": 706.5,
        "tier": "track-zone",
        "prearm_status": "",
        "focus_role": "none"
      }
    },
    {
      "type": "Feature",
      "geometry": {
        "type": "Point",
        "coordinates": [
          500924.5189433935,
          6965248.436222348
        ]
      },
      "properties": {
        "junction_id": 39593,
        "veh_id": 11209,
        "sim_time_s": 720.0,
        "tier": "track-zone",
        "prearm_status": "",
        "focus_role": "none"
      }
    },
    {
      "type": "Feature",
      "geometry": {
        "type": "Point",
        "coordinates": [
          500840.3742352916,
          6965216.582848693
        ]
      },
      "properties": {
        "junction_id": 36385,
        "veh_id": 11209,
        "sim_time_s": 725.4,
        "tier": "track-zone",
        "prearm_status": "",
        "focus_role": "none"
      }
    },
    {
      "type": "Feature",
      "geometry": {
        "type": "Point",
        "coordinates": [
          0.0,
          0.0
        ]
      },
      "properties": {
        "junction_id": 39572,
        "veh_id": 11222,
        "sim_time_s": 725.4,
        "tier": "harmony-ins-local",
        "prearm_status": "action",
        "focus_role": "none"
      }
    },
    {
      "type": "Feature",
      "geometry": {
        "type": "Point",
        "coordinates": [
          500820.91211931314,
          6965206.6352921985
        ]
      },
      "properties": {
        "junction_id": 10157950,
        "veh_id": 11209,
        "sim_time_s": 726.8,
        "tier": "track-zone",
        "prearm_status": "",
        "focus_role": "none"
      }
    },
    {
      "type": "Feature",
      "geometry": {
        "type": "Point",
        "coordinates": [
          500393.48203353817,
          6966043.577602306
        ]
      },
      "properties": {
        "junction_id": 1043762,
        "veh_id": 11234,
        "sim_time_s": 726.8,
        "tier": "track-zone",
        "prearm_status": "",
        "focus_role": "none"
      }
    },
    {
      "type": "Feature",
      "geometry": {
        "type": "Point",
        "coordinates": [
          0.0,
          0.0
        ]
      },
      "properties": {
        "junction_id": 39576,
        "veh_id": 11256,
        "sim_time_s": 726.8,
        "tier": "harmony-no-ge-local",
        "prearm_status": "skip",
        "focus_role": "none"
      }
    },
    {
      "type": "Feature",
      "geometry": {
        "type": "Point",
        "coordinates": [
          500008.591891258,
          6966677.901914138
        ]
      },
      "properties": {
        "junction_id": 39569,
        "veh_id": 11222,
        "sim_time_s": 728.1,
        "tier": "track-zone",
        "prearm_status": "",
        "focus_role": "none"
      }
    },
    {
      "type": "Feature",
      "geometry": {
        "type": "Point",
        "coordinates": [
          500512.5540766701,
          6965703.716174725
        ]
      },
      "properties": {
        "junction_id": 39587,
        "veh_id": 11238,
        "sim_time_s": 733.5,
        "tier": "track-zone",
        "prearm_status": "",
        "focus_role": "none"
      }
    },
    {
      "type": "Feature",
      "geometry": {
        "type": "Point",
        "coordinates": [
          0.0,
          0.0
        ]
      },
      "properties": {
        "junction_id": 39606,
        "veh_id": 11245,
        "sim_time_s": 733.5,
        "tier": "harmony-no-ge-local",
        "prearm_status": "skip",
        "focus_role": "none"
      }
    },
    {
      "type": "Feature",
      "geometry": {
        "type": "Point",
        "coordinates": [
          0.0,
          0.0
        ]
      },
      "properties": {
        "junction_id": 39569,
        "veh_id": 11246,
        "sim_time_s": 734.9,
        "tier": "harmony-ins-local",
        "prearm_status": "action",
        "focus_role": "none"
      }
    },
    {
      "type": "Feature",
      "geometry": {
        "type": "Point",
        "coordinates": [
          500492.48530999495,
          6965684.201959233
        ]
      },
      "properties": {
        "junction_id": 39578,
        "veh_id": 11256,
        "sim_time_s": 736.2,
        "tier": "track-zone",
        "prearm_status": "",
        "focus_role": "none"
      }
    },
    {
      "type": "Feature",
      "geometry": {
        "type": "Point",
        "coordinates": [
          500518.2397513571,
          6965649.874013451
        ]
      },
      "properties": {
        "junction_id": 1119660,
        "veh_id": 11238,
        "sim_time_s": 738.9,
        "tier": "track-zone",
        "prearm_status": "",
        "focus_role": "none"
      }
    },
    {
      "type": "Feature",
      "geometry": {
        "type": "Point",
        "coordinates": [
          500128.8188415704,
          6966436.589433668
        ]
      },
      "properties": {
        "junction_id": 1043762,
        "veh_id": 11246,
        "sim_time_s": 738.9,
        "tier": "track-zone",
        "prearm_status": "",
        "focus_role": "none"
      }
    },
    {
      "type": "Feature",
      "geometry": {
        "type": "Point",
        "coordinates": [
          0.0,
          0.0
        ]
      },
      "properties": {
        "junction_id": 39590,
        "veh_id": 11213,
        "sim_time_s": 743.9,
        "tier": "harmony-ins-local",
        "prearm_status": "action",
        "focus_role": "none"
      }
    },
    {
      "type": "Feature",
      "geometry": {
        "type": "Point",
        "coordinates": [
          500552.76445554703,
          6965568.534379341
        ]
      },
      "properties": {
        "junction_id": 10157950,
        "veh_id": 11238,
        "sim_time_s": 745.6,
        "tier": "track-zone",
        "prearm_status": "",
        "focus_role": "none"
      }
    },
    {
      "type": "Feature",
      "geometry": {
        "type": "Point",
        "coordinates": [
          0.0,
          0.0
        ]
      },
      "properties": {
        "junction_id": 1043762,
        "veh_id": 11246,
        "sim_time_s": 752.4,
        "tier": "harmony-no-ge-local",
        "prearm_status": "skip",
        "focus_role": "none"
      }
    },
    {
      "type": "Feature",
      "geometry": {
        "type": "Point",
        "coordinates": [
          500036.30739789805,
          6966611.756399062
        ]
      },
      "properties": {
        "junction_id": 39568,
        "veh_id": 11222,
        "sim_time_s": 755.1,
        "tier": "track-zone",
        "prearm_status": "",
        "focus_role": "none"
      }
    },
    {
      "type": "Feature",
      "geometry": {
        "type": "Point",
        "coordinates": [
          0.0,
          0.0
        ]
      },
      "properties": {
        "junction_id": 39606,
        "veh_id": 11213,
        "sim_time_s": 756.5,
        "tier": "harmony-no-ge-local",
        "prearm_status": "skip",
        "focus_role": "none"
      }
    },
    {
      "type": "Feature",
      "geometry": {
        "type": "Point",
        "coordinates": [
          500228.1112944217,
          6966235.106759024
        ]
      },
      "properties": {
        "junction_id": 39569,
        "veh_id": 11234,
        "sim_time_s": 765.9,
        "tier": "track-zone",
        "prearm_status": "",
        "focus_role": "none"
      }
    },
    {
      "type": "Feature",
      "geometry": {
        "type": "Point",
        "coordinates": [
          500361.79157751077,
          6966091.922971898
        ]
      },
      "properties": {
        "junction_id": 39578,
        "veh_id": 11246,
        "sim_time_s": 765.9,
        "tier": "track-section",
        "prearm_status": "",
        "focus_role": "none"
      }
    },
    {
      "type": "Feature",
      "geometry": {
        "type": "Point",
        "coordinates": [
          0.0,
          0.0
        ]
      },
      "properties": {
        "junction_id": 39587,
        "veh_id": 11238,
        "sim_time_s": 765.9,
        "tier": "harmony-ins-local",
        "prearm_status": "action",
        "focus_role": "none"
      }
    },
    {
      "type": "Feature",
      "geometry": {
        "type": "Point",
        "coordinates": [
          0.0,
          0.0
        ]
      },
      "properties": {
        "junction_id": 39578,
        "veh_id": 11256,
        "sim_time_s": 774.0,
        "tier": "harmony-no-ge-local",
        "prearm_status": "skip",
        "focus_role": "none"
      }
    },
    {
      "type": "Feature",
      "geometry": {
        "type": "Point",
        "coordinates": [
          0.0,
          0.0
        ]
      },
      "properties": {
        "junction_id": 39593,
        "veh_id": 11209,
        "sim_time_s": 782.1,
        "tier": "harmony-no-ge-local",
        "prearm_status": "skip",
        "focus_role": "none"
      }
    },
    {
      "type": "Feature",
      "geometry": {
        "type": "Point",
        "coordinates": [
          500402.6813344989,
          6966035.701215238
        ]
      },
      "properties": {
        "junction_id": 1043762,
        "veh_id": 11256,
        "sim_time_s": 784.8,
        "tier": "track-zone",
        "prearm_status": "",
        "focus_role": "none"
      }
    },
    {
      "type": "Feature",
      "geometry": {
        "type": "Point",
        "coordinates": [
          500530.3675656541,
          6965937.921038603
        ]
      },
      "properties": {
        "junction_id": 39576,
        "veh_id": 11246,
        "sim_time_s": 788.9,
        "tier": "track-zone",
        "prearm_status": "",
        "focus_role": "none"
      }
    },
    {
      "type": "Feature",
      "geometry": {
        "type": "Point",
        "coordinates": [
          0.0,
          0.0
        ]
      },
      "properties": {
        "junction_id": 39578,
        "veh_id": 11246,
        "sim_time_s": 788.9,
        "tier": "harmony-no-ge-local",
        "prearm_status": "skip",
        "focus_role": "none"
      }
    },
    {
      "type": "Feature",
      "geometry": {
        "type": "Point",
        "coordinates": [
          500129.22414684953,
          6966441.156172562
        ]
      },
      "properties": {
        "junction_id": 1043762,
        "veh_id": 11222,
        "sim_time_s": 794.2,
        "tier": "track-zone",
        "prearm_status": "",
        "focus_role": "none"
      }
    },
    {
      "type": "Feature",
      "geometry": {
        "type": "Point",
        "coordinates": [
          0.0,
          0.0
        ]
      },
      "properties": {
        "junction_id": 39569,
        "veh_id": 11222,
        "sim_time_s": 795.1,
        "tier": "harmony-ins-local",
        "prearm_status": "action",
        "focus_role": "none"
      }
    },
    {
      "type": "Feature",
      "geometry": {
        "type": "Point",
        "coordinates": [
          0.0,
          0.0
        ]
      },
      "properties": {
        "junction_id": 1043762,
        "veh_id": 11256,
        "sim_time_s": 801.0,
        "tier": "harmony-no-ge-local",
        "prearm_status": "skip",
        "focus_role": "none"
      }
    },
    {
      "type": "Feature",
      "geometry": {
        "type": "Point",
        "coordinates": [
          500608.48277704837,
          6965411.260766675
        ]
      },
      "properties": {
        "junction_id": 39593,
        "veh_id": 11238,
        "sim_time_s": 811.8,
        "tier": "track-zone",
        "prearm_status": "",
        "focus_role": "none"
      }
    },
    {
      "type": "Feature",
      "geometry": {
        "type": "Point",
        "coordinates": [
          500227.76902180805,
          6966247.267998284
        ]
      },
      "properties": {
        "junction_id": 39569,
        "veh_id": 11256,
        "sim_time_s": 813.1,
        "tier": "track-zone",
        "prearm_status": "",
        "focus_role": "none"
      }
    },
    {
      "type": "Feature",
      "geometry": {
        "type": "Point",
        "coordinates": [
          500103.0057177475,
          6966433.651450566
        ]
      },
      "properties": {
        "junction_id": 39572,
        "veh_id": 11234,
        "sim_time_s": 817.2,
        "tier": "track-zone",
        "prearm_status": "",
        "focus_role": "none"
      }
    },
    {
      "type": "Feature",
      "geometry": {
        "type": "Point",
        "coordinates": [
          500649.2409503946,
          6965246.920707297
        ]
      },
      "properties": {
        "junction_id": 36385,
        "veh_id": 11238,
        "sim_time_s": 824.0,
        "tier": "track-zone",
        "prearm_status": "",
        "focus_role": "none"
      }
    },
    {
      "type": "Feature",
      "geometry": {
        "type": "Point",
        "coordinates": [
          500029.82806789625,
          6966466.293644024
        ]
      },
      "properties": {
        "junction_id": 39568,
        "veh_id": 11234,
        "sim_time_s": 825.3,
        "tier": "track-zone",
        "prearm_status": "",
        "focus_role": "none"
      }
    },
    {
      "type": "Feature",
      "geometry": {
        "type": "Point",
        "coordinates": [
          0.0,
          0.0
        ]
      },
      "properties": {
        "junction_id": 39593,
        "veh_id": 11238,
        "sim_time_s": 828.0,
        "tier": "harmony-no-ge-local",
        "prearm_status": "skip",
        "focus_role": "none"
      }
    },
    {
      "type": "Feature",
      "geometry": {
        "type": "Point",
        "coordinates": [
          500119.57701349625,
          6966430.215219718
        ]
      },
      "properties": {
        "junction_id": 39572,
        "veh_id": 11256,
        "sim_time_s": 829.4,
        "tier": "track-zone",
        "prearm_status": "",
        "focus_role": "none"
      }
    },
    {
      "type": "Feature",
      "geometry": {
        "type": "Point",
        "coordinates": [
          500710.14292406244,
          6965171.190204715
        ]
      },
      "properties": {
        "junction_id": 36385,
        "veh_id": 11209,
        "sim_time_s": 846.9,
        "tier": "track-zone",
        "prearm_status": "",
        "focus_role": "none"
      }
    },
    {
      "type": "Feature",
      "geometry": {
        "type": "Point",
        "coordinates": [
          0.0,
          0.0
        ]
      },
      "properties": {
        "junction_id": 1043762,
        "veh_id": 11222,
        "sim_time_s": 846.9,
        "tier": "harmony-no-ge-local",
        "prearm_status": "skip",
        "focus_role": "none"
      }
    },
    {
      "type": "Feature",
      "geometry": {
        "type": "Point",
        "coordinates": [
          500710.14292406244,
          6965171.190204715
        ]
      },
      "properties": {
        "junction_id": 10157950,
        "veh_id": 11209,
        "sim_time_s": 848.2,
        "tier": "track-zone",
        "prearm_status": "",
        "focus_role": "none"
      }
    },
    {
      "type": "Feature",
      "geometry": {
        "type": "Point",
        "coordinates": [
          500079.14477513597,
          6966483.45606051
        ]
      },
      "properties": {
        "junction_id": 39568,
        "veh_id": 11256,
        "sim_time_s": 853.6,
        "tier": "track-zone",
        "prearm_status": "",
        "focus_role": "none"
      }
    },
    {
      "type": "Feature",
      "geometry": {
        "type": "Point",
        "coordinates": [
          0.0,
          0.0
        ]
      },
      "properties": {
        "junction_id": 39576,
        "veh_id": 11246,
        "sim_time_s": 853.6,
        "tier": "harmony-no-ge-local",
        "prearm_status": "skip",
        "focus_role": "none"
      }
    },
    {
      "type": "Feature",
      "geometry": {
        "type": "Point",
        "coordinates": [
          500682.3495540828,
          6965180.242087805
        ]
      },
      "properties": {
        "junction_id": 1119660,
        "veh_id": 11238,
        "sim_time_s": 860.4,
        "tier": "track-zone",
        "prearm_status": "",
        "focus_role": "none"
      }
    },
    {
      "type": "Feature",
      "geometry": {
        "type": "Point",
        "coordinates": [
          500682.3495540828,
          6965180.242087805
        ]
      },
      "properties": {
        "junction_id": 10157950,
        "veh_id": 11238,
        "sim_time_s": 867.1,
        "tier": "track-zone",
        "prearm_status": "",
        "focus_role": "none"
      }
    },
    {
      "type": "Feature",
      "geometry": {
        "type": "Point",
        "coordinates": [
          500512.51622187695,
          6965703.046027147
        ]
      },
      "properties": {
        "junction_id": 39587,
        "veh_id": 11246,
        "sim_time_s": 872.5,
        "tier": "track-zone",
        "prearm_status": "",
        "focus_role": "none"
      }
    },
    {
      "type": "Feature",
      "geometry": {
        "type": "Point",
        "coordinates": [
          500521.00363060914,
          6965640.982701524
        ]
      },
      "properties": {
        "junction_id": 1119660,
        "veh_id": 11246,
        "sim_time_s": 878.0,
        "tier": "track-zone",
        "prearm_status": "",
        "focus_role": "none"
      }
    },
    {
      "type": "Feature",
      "geometry": {
        "type": "Point",
        "coordinates": [
          0.0,
          0.0
        ]
      },
      "properties": {
        "junction_id": 39572,
        "veh_id": 11256,
        "sim_time_s": 878.0,
        "tier": "harmony-ins-local",
        "prearm_status": "action",
        "focus_role": "none"
      }
    },
    {
      "type": "Feature",
      "geometry": {
        "type": "Point",
        "coordinates": [
          500358.6529384478,
          6966094.782944828
        ]
      },
      "properties": {
        "junction_id": 39578,
        "veh_id": 11222,
        "sim_time_s": 882.0,
        "tier": "track-section",
        "prearm_status": "",
        "focus_role": "none"
      }
    },
    {
      "type": "Feature",
      "geometry": {
        "type": "Point",
        "coordinates": [
          500552.0908595973,
          6965569.841129051
        ]
      },
      "properties": {
        "junction_id": 10157950,
        "veh_id": 11246,
        "sim_time_s": 890.1,
        "tier": "track-zone",
        "prearm_status": "",
        "focus_role": "none"
      }
    },
    {
      "type": "Feature",
      "geometry": {
        "type": "Point",
        "coordinates": [
          500017.9516363712,
          6966619.172914233
        ]
      },
      "properties": {
        "junction_id": 11118289,
        "veh_id": 11256,
        "sim_time_s": 899.5,
        "tier": "track-zone",
        "prearm_status": "",
        "focus_role": "none"
      }
    },
    {
      "type": "Feature",
      "geometry": {
        "type": "Point",
        "coordinates": [
          0.0,
          0.0
        ]
      },
      "properties": {
        "junction_id": 39587,
        "veh_id": 11246,
        "sim_time_s": 899.5,
        "tier": "harmony-ins-local",
        "prearm_status": "action",
        "focus_role": "none"
      }
    },
    {
      "type": "Feature",
      "geometry": {
        "type": "Point",
        "coordinates": [
          500946.97228876385,
          6964034.668682542
        ]
      },
      "properties": {
        "junction_id": 39606,
        "veh_id": 11257,
        "sim_time_s": 900.0,
        "tier": "IC-detect",
        "prearm_status": "",
        "focus_role": "none"
      }
    },
    {
      "type": "Feature",
      "geometry": {
        "type": "Point",
        "coordinates": [
          500693.73531888204,
          6965163.186637867
        ]
      },
      "properties": {
        "junction_id": 39593,
        "veh_id": 11209,
        "sim_time_s": 902.2,
        "tier": "IC-detect",
        "prearm_status": "",
        "focus_role": "none"
      }
    },
    {
      "type": "Feature",
      "geometry": {
        "type": "Point",
        "coordinates": [
          500087.97191681445,
          6967506.11806405
        ]
      },
      "properties": {
        "junction_id": 38339,
        "veh_id": 11247,
        "sim_time_s": 903.1,
        "tier": "IC-detect",
        "prearm_status": "",
        "focus_role": "none"
      }
    },
    {
      "type": "Feature",
      "geometry": {
        "type": "Point",
        "coordinates": [
          500887.1324688646,
          6964120.711613731
        ]
      },
      "properties": {
        "junction_id": 39590,
        "veh_id": 11257,
        "sim_time_s": 906.3,
        "tier": "track-zone",
        "prearm_status": "",
        "focus_role": "none"
      }
    },
    {
      "type": "Feature",
      "geometry": {
        "type": "Point",
        "coordinates": [
          0.0,
          0.0
        ]
      },
      "properties": {
        "junction_id": 39606,
        "veh_id": 11257,
        "sim_time_s": 910.4,
        "tier": "harmony-no-ge-local",
        "prearm_status": "skip",
        "focus_role": "none"
      }
    },
    {
      "type": "Feature",
      "geometry": {
        "type": "Point",
        "coordinates": [
          499515.78432157973,
          6966649.810190826
        ]
      },
      "properties": {
        "junction_id": 39572,
        "veh_id": 11221,
        "sim_time_s": 913.5,
        "tier": "IC-detect",
        "prearm_status": "",
        "focus_role": "none"
      }
    },
    {
      "type": "Feature",
      "geometry": {
        "type": "Point",
        "coordinates": [
          500610.1393477556,
          6965405.224697108
        ]
      },
      "properties": {
        "junction_id": 39593,
        "veh_id": 11246,
        "sim_time_s": 914.4,
        "tier": "track-zone",
        "prearm_status": "",
        "focus_role": "none"
      }
    },
    {
      "type": "Feature",
      "geometry": {
        "type": "Point",
        "coordinates": [
          0.0,
          0.0
        ]
      },
      "properties": {
        "junction_id": 39578,
        "veh_id": 11222,
        "sim_time_s": 915.8,
        "tier": "harmony-no-ge-local",
        "prearm_status": "skip",
        "focus_role": "none"
      }
    },
    {
      "type": "Feature",
      "geometry": {
        "type": "Point",
        "coordinates": [
          500533.2158025405,
          6965930.620634204
        ]
      },
      "properties": {
        "junction_id": 39576,
        "veh_id": 11222,
        "sim_time_s": 918.5,
        "tier": "track-zone",
        "prearm_status": "",
        "focus_role": "none"
      }
    },
    {
      "type": "Feature",
      "geometry": {
        "type": "Point",
        "coordinates": [
          499512.64133766206,
          6966653.6364563815
        ]
      },
      "properties": {
        "junction_id": 39572,
        "veh_id": 11214,
        "sim_time_s": 924.8,
        "tier": "IC-detect",
        "prearm_status": "",
        "focus_role": "none"
      }
    },
    {
      "type": "Feature",
      "geometry": {
        "type": "Point",
        "coordinates": [
          499762.2822972545,
          6966600.97973169
        ]
      },
      "properties": {
        "junction_id": 39568,
        "veh_id": 11221,
        "sim_time_s": 934.6,
        "tier": "track-zone",
        "prearm_status": "",
        "focus_role": "none"
      }
    },
    {
      "type": "Feature",
      "geometry": {
        "type": "Point",
        "coordinates": [
          500014.6724664065,
          6966631.520624181
        ]
      },
      "properties": {
        "junction_id": 39569,
        "veh_id": 11256,
        "sim_time_s": 934.6,
        "tier": "track-zone",
        "prearm_status": "",
        "focus_role": "none"
      }
    },
    {
      "type": "Feature",
      "geometry": {
        "type": "Point",
        "coordinates": [
          499559.59991067904,
          6966633.076269437
        ]
      },
      "properties": {
        "junction_id": 39572,
        "veh_id": 11234,
        "sim_time_s": 937.4,
        "tier": "IC-detect-far",
        "prearm_status": "",
        "focus_role": "none"
      }
    },
    {
      "type": "Feature",
      "geometry": {
        "type": "Point",
        "coordinates": [
          499757.7267752287,
          6966606.5039947145
        ]
      },
      "properties": {
        "junction_id": 39568,
        "veh_id": 11214,
        "sim_time_s": 942.8,
        "tier": "track-zone",
        "prearm_status": "",
        "focus_role": "none"
      }
    },
    {
      "type": "Feature",
      "geometry": {
        "type": "Point",
        "coordinates": [
          499887.7978424457,
          6966541.079452713
        ]
      },
      "properties": {
        "junction_id": 39569,
        "veh_id": 11221,
        "sim_time_s": 944.1,
        "tier": "track-zone",
        "prearm_status": "",
        "focus_role": "none"
      }
    },
    {
      "type": "Feature",
      "geometry": {
        "type": "Point",
        "coordinates": [
          500712.92008331226,
          6965097.180618996
        ]
      },
      "properties": {
        "junction_id": 36385,
        "veh_id": 11238,
        "sim_time_s": 944.1,
        "tier": "IC-detect-far",
        "prearm_status": "",
        "focus_role": "none"
      }
    },
    {
      "type": "Feature",
      "geometry": {
        "type": "Point",
        "coordinates": [
          500652.0146869043,
          6965247.936979034
        ]
      },
      "properties": {
        "junction_id": 36385,
        "veh_id": 11246,
        "sim_time_s": 948.1,
        "tier": "track-zone",
        "prearm_status": "",
        "focus_role": "none"
      }
    },
    {
      "type": "Feature",
      "geometry": {
        "type": "Point",
        "coordinates": [
          499960.83217369555,
          6966785.382730444
        ]
      },
      "properties": {
        "junction_id": 38339,
        "veh_id": 11256,
        "sim_time_s": 948.1,
        "tier": "track-zone",
        "prearm_status": "",
        "focus_role": "none"
      }
    },
    {
      "type": "Feature",
      "geometry": {
        "type": "Point",
        "coordinates": [
          500712.92008331226,
          6965097.180618996
        ]
      },
      "properties": {
        "junction_id": 39593,
        "veh_id": 11238,
        "sim_time_s": 948.1,
        "tier": "IC-detect",
        "prearm_status": "",
        "focus_role": "none"
      }
    },
    {
      "type": "Feature",
      "geometry": {
        "type": "Point",
        "coordinates": [
          0.0,
          0.0
        ]
      },
      "properties": {
        "junction_id": 39593,
        "veh_id": 11246,
        "sim_time_s": 952.2,
        "tier": "harmony-no-ge-local",
        "prearm_status": "skip",
        "focus_role": "none"
      }
    },
    {
      "type": "Feature",
      "geometry": {
        "type": "Point",
        "coordinates": [
          499887.25745134964,
          6966544.656230818
        ]
      },
      "properties": {
        "junction_id": 39569,
        "veh_id": 11214,
        "sim_time_s": 953.5,
        "tier": "track-zone",
        "prearm_status": "",
        "focus_role": "none"
      }
    },
    {
      "type": "Feature",
      "geometry": {
        "type": "Point",
        "coordinates": [
          0.0,
          0.0
        ]
      },
      "properties": {
        "junction_id": 38339,
        "veh_id": 11256,
        "sim_time_s": 961.6,
        "tier": "harmony-no-ge-local",
        "prearm_status": "skip",
        "focus_role": "none"
      }
    },
    {
      "type": "Feature",
      "geometry": {
        "type": "Point",
        "coordinates": [
          499966.01784822956,
          6967103.588102236
        ]
      },
      "properties": {
        "junction_id": 11118289,
        "veh_id": 11247,
        "sim_time_s": 965.7,
        "tier": "track-zone",
        "prearm_status": "",
        "focus_role": "none"
      }
    },
    {
      "type": "Feature",
      "geometry": {
        "type": "Point",
        "coordinates": [
          500717.92755811766,
          6965063.349890389
        ]
      },
      "properties": {
        "junction_id": 36385,
        "veh_id": 11209,
        "sim_time_s": 967.0,
        "tier": "IC-detect",
        "prearm_status": "",
        "focus_role": "none"
      }
    },
    {
      "type": "Feature",
      "geometry": {
        "type": "Point",
        "coordinates": [
          499517.17489504704,
          6966652.564041892
        ]
      },
      "properties": {
        "junction_id": 39572,
        "veh_id": 11239,
        "sim_time_s": 972.9,
        "tier": "IC-detect",
        "prearm_status": "",
        "focus_role": "none"
      }
    },
    {
      "type": "Feature",
      "geometry": {
        "type": "Point",
        "coordinates": [
          0.0,
          0.0
        ]
      },
      "properties": {
        "junction_id": 39590,
        "veh_id": 11257,
        "sim_time_s": 973.8,
        "tier": "harmony-no-ge-local",
        "prearm_status": "skip",
        "focus_role": "none"
      }
    },
    {
      "type": "Feature",
      "geometry": {
        "type": "Point",
        "coordinates": [
          499962.9753780867,
          6966940.673949449
        ]
      },
      "properties": {
        "junction_id": 39568,
        "veh_id": 11247,
        "sim_time_s": 976.5,
        "tier": "track-zone",
        "prearm_status": "",
        "focus_role": "none"
      }
    },
    {
      "type": "Feature",
      "geometry": {
        "type": "Point",
        "coordinates": [
          0.0,
          0.0
        ]
      },
      "properties": {
        "junction_id": 39576,
        "veh_id": 11222,
        "sim_time_s": 977.9,
        "tier": "harmony-no-ge-local",
        "prearm_status": "skip",
        "focus_role": "none"
      }
    },
    {
      "type": "Feature",
      "geometry": {
        "type": "Point",
        "coordinates": [
          499966.5687535748,
          6966891.637200786
        ]
      },
      "properties": {
        "junction_id": 39572,
        "veh_id": 11247,
        "sim_time_s": 980.5,
        "tier": "track-zone",
        "prearm_status": "",
        "focus_role": "none"
      }
    },
    {
      "type": "Feature",
      "geometry": {
        "type": "Point",
        "coordinates": [
          500512.69838563073,
          6965698.879348542
        ]
      },
      "properties": {
        "junction_id": 39587,
        "veh_id": 11222,
        "sim_time_s": 1007.5,
        "tier": "track-zone",
        "prearm_status": "",
        "focus_role": "none"
      }
    },
    {
      "type": "Feature",
      "geometry": {
        "type": "Point",
        "coordinates": [
          500707.67577752215,
          6965105.654542722
        ]
      },
      "properties": {
        "junction_id": 10157950,
        "veh_id": 11246,
        "sim_time_s": 1011.6,
        "tier": "track-zone",
        "prearm_status": "",
        "focus_role": "none"
      }
    },
    {
      "type": "Feature",
      "geometry": {
        "type": "Point",
        "coordinates": [
          500519.7605106108,
          6965644.584935037
        ]
      },
      "properties": {
        "junction_id": 1119660,
        "veh_id": 11222,
        "sim_time_s": 1013.0,
        "tier": "track-zone",
        "prearm_status": "",
        "focus_role": "none"
      }
    },
    {
      "type": "Feature",
      "geometry": {
        "type": "Point",
        "coordinates": [
          500673.61838215636,
          6964518.084028547
        ]
      },
      "properties": {
        "junction_id": 36393,
        "veh_id": 11257,
        "sim_time_s": 1013.0,
        "tier": "track-zone",
        "prearm_status": "",
        "focus_role": "none"
      }
    },
    {
      "type": "Feature",
      "geometry": {
        "type": "Point",
        "coordinates": [
          500551.2676753424,
          6965571.58540809
        ]
      },
      "properties": {
        "junction_id": 10157950,
        "veh_id": 11222,
        "sim_time_s": 1019.7,
        "tier": "track-zone",
        "prearm_status": "",
        "focus_role": "none"
      }
    },
    {
      "type": "Feature",
      "geometry": {
        "type": "Point",
        "coordinates": [
          499757.15189226717,
          6966606.780911524
        ]
      },
      "properties": {
        "junction_id": 39568,
        "veh_id": 11239,
        "sim_time_s": 1029.2,
        "tier": "track-zone",
        "prearm_status": "",
        "focus_role": "none"
      }
    },
    {
      "type": "Feature",
      "geometry": {
        "type": "Point",
        "coordinates": [
          0.0,
          0.0
        ]
      },
      "properties": {
        "junction_id": 36393,
        "veh_id": 11257,
        "sim_time_s": 1035.9,
        "tier": "harmony-no-ge-local",
        "prearm_status": "skip",
        "focus_role": "none"
      }
    },
    {
      "type": "Feature",
      "geometry": {
        "type": "Point",
        "coordinates": [
          499516.17974276363,
          6966652.799445492
        ]
      },
      "properties": {
        "junction_id": 39572,
        "veh_id": 11215,
        "sim_time_s": 1036.3,
        "tier": "IC-detect",
        "prearm_status": "",
        "focus_role": "none"
      }
    },
    {
      "type": "Feature",
      "geometry": {
        "type": "Point",
        "coordinates": [
          0.0,
          0.0
        ]
      },
      "properties": {
        "junction_id": 36385,
        "veh_id": 11209,
        "sim_time_s": 1037.2,
        "tier": "harmony-no-ge-local",
        "prearm_status": "skip",
        "focus_role": "none"
      }
    },
    {
      "type": "Feature",
      "geometry": {
        "type": "Point",
        "coordinates": [
          0.0,
          0.0
        ]
      },
      "properties": {
        "junction_id": 39569,
        "veh_id": 11221,
        "sim_time_s": 1041.3,
        "tier": "harmony-no-ge-local",
        "prearm_status": "skip",
        "focus_role": "none"
      }
    },
    {
      "type": "Feature",
      "geometry": {
        "type": "Point",
        "coordinates": [
          500679.4529920629,
          6964774.057126677
        ]
      },
      "properties": {
        "junction_id": 36385,
        "veh_id": 11257,
        "sim_time_s": 1042.7,
        "tier": "track-zone",
        "prearm_status": "",
        "focus_role": "none"
      }
    },
    {
      "type": "Feature",
      "geometry": {
        "type": "Point",
        "coordinates": [
          500729.00444424764,
          6964990.459317971
        ]
      },
      "properties": {
        "junction_id": 36393,
        "veh_id": 11209,
        "sim_time_s": 1044.0,
        "tier": "track-zone",
        "prearm_status": "",
        "focus_role": "none"
      }
    },
    {
      "type": "Feature",
      "geometry": {
        "type": "Point",
        "coordinates": [
          500131.1893708956,
          6966428.292580418
        ]
      },
      "properties": {
        "junction_id": 1043762,
        "veh_id": 11221,
        "sim_time_s": 1046.7,
        "tier": "track-zone",
        "prearm_status": "",
        "focus_role": "none"
      }
    },
    {
      "type": "Feature",
      "geometry": {
        "type": "Point",
        "coordinates": [
          0.0,
          0.0
        ]
      },
      "properties": {
        "junction_id": 39569,
        "veh_id": 11214,
        "sim_time_s": 1054.8,
        "tier": "harmony-no-ge-local",
        "prearm_status": "skip",
        "focus_role": "none"
      }
    },
    {
      "type": "Feature",
      "geometry": {
        "type": "Point",
        "coordinates": [
          500009.18632172904,
          6966677.09212387
        ]
      },
      "properties": {
        "junction_id": 39569,
        "veh_id": 11247,
        "sim_time_s": 1056.2,
        "tier": "track-zone",
        "prearm_status": "",
        "focus_role": "none"
      }
    },
    {
      "type": "Feature",
      "geometry": {
        "type": "Point",
        "coordinates": [
          0.0,
          0.0
        ]
      },
      "properties": {
        "junction_id": 39572,
        "veh_id": 11247,
        "sim_time_s": 1056.2,
        "tier": "harmony-no-ge-local",
        "prearm_status": "skip",
        "focus_role": "none"
      }
    },
    {
      "type": "Feature",
      "geometry": {
        "type": "Point",
        "coordinates": [
          500729.01417322975,
          6964997.122795844
        ]
      },
      "properties": {
        "junction_id": 36393,
        "veh_id": 11238,
        "sim_time_s": 1057.5,
        "tier": "track-zone",
        "prearm_status": "",
        "focus_role": "none"
      }
    },
    {
      "type": "Feature",
      "geometry": {
        "type": "Point",
        "coordinates": [
          500132.56360029726,
          6966431.667505629
        ]
      },
      "properties": {
        "junction_id": 1043762,
        "veh_id": 11214,
        "sim_time_s": 1058.8,
        "tier": "track-zone",
        "prearm_status": "",
        "focus_role": "none"
      }
    },
    {
      "type": "Feature",
      "geometry": {
        "type": "Point",
        "coordinates": [
          0.0,
          0.0
        ]
      },
      "properties": {
        "junction_id": 1043762,
        "veh_id": 11221,
        "sim_time_s": 1058.8,
        "tier": "harmony-no-ge-local",
        "prearm_status": "skip",
        "focus_role": "none"
      }
    },
    {
      "type": "Feature",
      "geometry": {
        "type": "Point",
        "coordinates": [
          500702.71923289617,
          6964938.61159235
        ]
      },
      "properties": {
        "junction_id": 39593,
        "veh_id": 11257,
        "sim_time_s": 1061.5,
        "tier": "track-zone",
        "prearm_status": "",
        "focus_role": "none"
      }
    },
    {
      "type": "Feature",
      "geometry": {
        "type": "Point",
        "coordinates": [
          500728.82253919006,
          6964989.720705757
        ]
      },
      "properties": {
        "junction_id": 36393,
        "veh_id": 11246,
        "sim_time_s": 1064.2,
        "tier": "track-zone",
        "prearm_status": "",
        "focus_role": "none"
      }
    },
    {
      "type": "Feature",
      "geometry": {
        "type": "Point",
        "coordinates": [
          0.0,
          0.0
        ]
      },
      "properties": {
        "junction_id": 36393,
        "veh_id": 11209,
        "sim_time_s": 1064.2,
        "tier": "harmony-no-ge-local",
        "prearm_status": "skip",
        "focus_role": "none"
      }
    },
    {
      "type": "Feature",
      "geometry": {
        "type": "Point",
        "coordinates": [
          500720.0358156965,
          6964928.11791031
        ]
      },
      "properties": {
        "junction_id": 36385,
        "veh_id": 11238,
        "sim_time_s": 1064.2,
        "tier": "IC-detect",
        "prearm_status": "",
        "focus_role": "none"
      }
    },
    {
      "type": "Feature",
      "geometry": {
        "type": "Point",
        "coordinates": [
          499767.94770302996,
          6966598.268654339
        ]
      },
      "properties": {
        "junction_id": 39568,
        "veh_id": 11215,
        "sim_time_s": 1067.0,
        "tier": "track-zone",
        "prearm_status": "",
        "focus_role": "none"
      }
    },
    {
      "type": "Feature",
      "geometry": {
        "type": "Point",
        "coordinates": [
          500723.28933709656,
          6964944.780989779
        ]
      },
      "properties": {
        "junction_id": 36385,
        "veh_id": 11246,
        "sim_time_s": 1068.3,
        "tier": "IC-detect",
        "prearm_status": "",
        "focus_role": "none"
      }
    },
    {
      "type": "Feature",
      "geometry": {
        "type": "Point",
        "coordinates": [
          500357.32204151386,
          6966091.982384084
        ]
      },
      "properties": {
        "junction_id": 39578,
        "veh_id": 11221,
        "sim_time_s": 1072.3,
        "tier": "track-section",
        "prearm_status": "",
        "focus_role": "none"
      }
    },
    {
      "type": "Feature",
      "geometry": {
        "type": "Point",
        "coordinates": [
          0.0,
          0.0
        ]
      },
      "properties": {
        "junction_id": 39587,
        "veh_id": 11222,
        "sim_time_s": 1072.3,
        "tier": "harmony-no-ge-local",
        "prearm_status": "skip",
        "focus_role": "none"
      }
    },
    {
      "type": "Feature",
      "geometry": {
        "type": "Point",
        "coordinates": [
          499882.6106469995,
          6966546.860547575
        ]
      },
      "properties": {
        "junction_id": 39569,
        "veh_id": 11239,
        "sim_time_s": 1073.7,
        "tier": "track-zone",
        "prearm_status": "",
        "focus_role": "none"
      }
    },
    {
      "type": "Feature",
      "geometry": {
        "type": "Point",
        "coordinates": [
          499885.2389881159,
          6966542.311158324
        ]
      },
      "properties": {
        "junction_id": 39569,
        "veh_id": 11215,
        "sim_time_s": 1077.8,
        "tier": "track-zone",
        "prearm_status": "",
        "focus_role": "none"
      }
    },
    {
      "type": "Feature",
      "geometry": {
        "type": "Point",
        "coordinates": [
          500360.2659479105,
          6966089.338830456
        ]
      },
      "properties": {
        "junction_id": 39578,
        "veh_id": 11214,
        "sim_time_s": 1084.5,
        "tier": "track-section",
        "prearm_status": "",
        "focus_role": "none"
      }
    },
    {
      "type": "Feature",
      "geometry": {
        "type": "Point",
        "coordinates": [
          0.0,
          0.0
        ]
      },
      "properties": {
        "junction_id": 36393,
        "veh_id": 11246,
        "sim_time_s": 1084.5,
        "tier": "harmony-no-ge-local",
        "prearm_status": "skip",
        "focus_role": "none"
      }
    },
    {
      "type": "Feature",
      "geometry": {
        "type": "Point",
        "coordinates": [
          0.0,
          0.0
        ]
      },
      "properties": {
        "junction_id": 39578,
        "veh_id": 11221,
        "sim_time_s": 1089.9,
        "tier": "harmony-no-ge-local",
        "prearm_status": "skip",
        "focus_role": "none"
      }
    },
    {
      "type": "Feature",
      "geometry": {
        "type": "Point",
        "coordinates": [
          500689.5086219965,
          6964555.338770841
        ]
      },
      "properties": {
        "junction_id": 39590,
        "veh_id": 11209,
        "sim_time_s": 1094.0,
        "tier": "track-zone",
        "prearm_status": "",
        "focus_role": "none"
      }
    },
    {
      "type": "Feature",
      "geometry": {
        "type": "Point",
        "coordinates": [
          500529.35944692447,
          6965932.462739641
        ]
      },
      "properties": {
        "junction_id": 39576,
        "veh_id": 11221,
        "sim_time_s": 1094.0,
        "tier": "track-zone",
        "prearm_status": "",
        "focus_role": "none"
      }
    },
    {
      "type": "Feature",
      "geometry": {
        "type": "Point",
        "coordinates": [
          500037.088093692,
          6966610.496592504
        ]
      },
      "properties": {
        "junction_id": 39568,
        "veh_id": 11247,
        "sim_time_s": 1098.0,
        "tier": "track-zone",
        "prearm_status": "",
        "focus_role": "none"
      }
    },
    {
      "type": "Feature",
      "geometry": {
        "type": "Point",
        "coordinates": [
          500529.31659604685,
          6965932.700808973
        ]
      },
      "properties": {
        "junction_id": 39576,
        "veh_id": 11214,
        "sim_time_s": 1099.3,
        "tier": "track-zone",
        "prearm_status": "",
        "focus_role": "none"
      }
    },
    {
      "type": "Feature",
      "geometry": {
        "type": "Point",
        "coordinates": [
          0.0,
          0.0
        ]
      },
      "properties": {
        "junction_id": 36385,
        "veh_id": 11257,
        "sim_time_s": 1102.0,
        "tier": "harmony-ins-local",
        "prearm_status": "action",
        "focus_role": "none"
      }
    },
    {
      "type": "Feature",
      "geometry": {
        "type": "Point",
        "coordinates": [
          500609.8865953902,
          6965406.088995132
        ]
      },
      "properties": {
        "junction_id": 39593,
        "veh_id": 11222,
        "sim_time_s": 1104.8,
        "tier": "track-zone",
        "prearm_status": "",
        "focus_role": "none"
      }
    },
    {
      "type": "Feature",
      "geometry": {
        "type": "Point",
        "coordinates": [
          500684.6563384743,
          6965096.743100931
        ]
      },
      "properties": {
        "junction_id": 10157950,
        "veh_id": 11257,
        "sim_time_s": 1110.2,
        "tier": "track-zone",
        "prearm_status": "",
        "focus_role": "none"
      }
    },
    {
      "type": "Feature",
      "geometry": {
        "type": "Point",
        "coordinates": [
          0.0,
          0.0
        ]
      },
      "properties": {
        "junction_id": 39569,
        "veh_id": 11247,
        "sim_time_s": 1110.2,
        "tier": "harmony-ins-local",
        "prearm_status": "action",
        "focus_role": "none"
      }
    },
    {
      "type": "Feature",
      "geometry": {
        "type": "Point",
        "coordinates": [
          500124.11989206134,
          6966443.380158989
        ]
      },
      "properties": {
        "junction_id": 1043762,
        "veh_id": 11247,
        "sim_time_s": 1112.8,
        "tier": "track-zone",
        "prearm_status": "",
        "focus_role": "none"
      }
    },
    {
      "type": "Feature",
      "geometry": {
        "type": "Point",
        "coordinates": [
          0.0,
          0.0
        ]
      },
      "properties": {
        "junction_id": 39593,
        "veh_id": 11257,
        "sim_time_s": 1114.2,
        "tier": "harmony-no-ge-local",
        "prearm_status": "skip",
        "focus_role": "none"
      }
    },
    {
      "type": "Feature",
      "geometry": {
        "type": "Point",
        "coordinates": [
          0.0,
          0.0
        ]
      },
      "properties": {
        "junction_id": 39576,
        "veh_id": 11221,
        "sim_time_s": 1114.2,
        "tier": "harmony-no-ge-local",
        "prearm_status": "skip",
        "focus_role": "none"
      }
    },
    {
      "type": "Feature",
      "geometry": {
        "type": "Point",
        "coordinates": [
          500509.3354414915,
          6965709.701789047
        ]
      },
      "properties": {
        "junction_id": 39587,
        "veh_id": 11221,
        "sim_time_s": 1115.5,
        "tier": "track-zone",
        "prearm_status": "",
        "focus_role": "none"
      }
    },
    {
      "type": "Feature",
      "geometry": {
        "type": "Point",
        "coordinates": [
          500650.47370856453,
          6965251.397987082
        ]
      },
      "properties": {
        "junction_id": 36385,
        "veh_id": 11222,
        "sim_time_s": 1115.5,
        "tier": "track-zone",
        "prearm_status": "",
        "focus_role": "none"
      }
    },
    {
      "type": "Feature",
      "geometry": {
        "type": "Point",
        "coordinates": [
          500689.1245673189,
          6964559.810799853
        ]
      },
      "properties": {
        "junction_id": 39590,
        "veh_id": 11246,
        "sim_time_s": 1115.5,
        "tier": "track-zone",
        "prearm_status": "",
        "focus_role": "none"
      }
    },
    {
      "type": "Feature",
      "geometry": {
        "type": "Point",
        "coordinates": [
          500662.0314670526,
          6965180.961768829
        ]
      },
      "properties": {
        "junction_id": 1119660,
        "veh_id": 11257,
        "sim_time_s": 1115.5,
        "tier": "track-zone",
        "prearm_status": "",
        "focus_role": "none"
      }
    },
    {
      "type": "Feature",
      "geometry": {
        "type": "Point",
        "coordinates": [
          500634.9064659559,
          6965242.709901824
        ]
      },
      "properties": {
        "junction_id": 39587,
        "veh_id": 11257,
        "sim_time_s": 1119.6,
        "tier": "track-zone",
        "prearm_status": "",
        "focus_role": "none"
      }
    },
    {
      "type": "Feature",
      "geometry": {
        "type": "Point",
        "coordinates": [
          0.0,
          0.0
        ]
      },
      "properties": {
        "junction_id": 39593,
        "veh_id": 11222,
        "sim_time_s": 1121.0,
        "tier": "harmony-ins-local",
        "prearm_status": "action",
        "focus_role": "none"
      }
    },
    {
      "type": "Feature",
      "geometry": {
        "type": "Point",
        "coordinates": [
          500512.8748477815,
          6965695.810573887
        ]
      },
      "properties": {
        "junction_id": 39587,
        "veh_id": 11214,
        "sim_time_s": 1122.3,
        "tier": "track-zone",
        "prearm_status": "",
        "focus_role": "none"
      }
    },
    {
      "type": "Feature",
      "geometry": {
        "type": "Point",
        "coordinates": [
          500516.26836854056,
          6965645.7625471465
        ]
      },
      "properties": {
        "junction_id": 1119660,
        "veh_id": 11221,
        "sim_time_s": 1122.3,
        "tier": "track-zone",
        "prearm_status": "",
        "focus_role": "none"
      }
    },
    {
      "type": "Feature",
      "geometry": {
        "type": "Point",
        "coordinates": [
          500521.4621163261,
          6965639.591954681
        ]
      },
      "properties": {
        "junction_id": 1119660,
        "veh_id": 11214,
        "sim_time_s": 1127.7,
        "tier": "track-zone",
        "prearm_status": "",
        "focus_role": "none"
      }
    },
    {
      "type": "Feature",
      "geometry": {
        "type": "Point",
        "coordinates": [
          0.0,
          0.0
        ]
      },
      "properties": {
        "junction_id": 39587,
        "veh_id": 11257,
        "sim_time_s": 1133.1,
        "tier": "harmony-no-ge-local",
        "prearm_status": "skip",
        "focus_role": "none"
      }
    },
    {
      "type": "Feature",
      "geometry": {
        "type": "Point",
        "coordinates": [
          0.0,
          0.0
        ]
      },
      "properties": {
        "junction_id": 1043762,
        "veh_id": 11247,
        "sim_time_s": 1133.1,
        "tier": "harmony-no-ge-local",
        "prearm_status": "skip",
        "focus_role": "none"
      }
    },
    {
      "type": "Feature",
      "geometry": {
        "type": "Point",
        "coordinates": [
          500689.193419901,
          6964559.438786407
        ]
      },
      "properties": {
        "junction_id": 39590,
        "veh_id": 11238,
        "sim_time_s": 1148.0,
        "tier": "track-zone",
        "prearm_status": "",
        "focus_role": "none"
      }
    },
    {
      "type": "Feature",
      "geometry": {
        "type": "Point",
        "coordinates": [
          500043.5178121637,
          6966470.296551856
        ]
      },
      "properties": {
        "junction_id": 39568,
        "veh_id": 11239,
        "sim_time_s": 1150.7,
        "tier": "track-zone",
        "prearm_status": "",
        "focus_role": "none"
      }
    },
    {
      "type": "Feature",
      "geometry": {
        "type": "Point",
        "coordinates": [
          500356.5966913794,
          6966092.826026483
        ]
      },
      "properties": {
        "junction_id": 39578,
        "veh_id": 11247,
        "sim_time_s": 1150.7,
        "tier": "track-section",
        "prearm_status": "",
        "focus_role": "none"
      }
    },
    {
      "type": "Feature",
      "geometry": {
        "type": "Point",
        "coordinates": [
          500132.3565025583,
          6966426.542173783
        ]
      },
      "properties": {
        "junction_id": 1043762,
        "veh_id": 11215,
        "sim_time_s": 1153.3,
        "tier": "track-zone",
        "prearm_status": "",
        "focus_role": "none"
      }
    },
    {
      "type": "Feature",
      "geometry": {
        "type": "Point",
        "coordinates": [
          500572.4296860787,
          6965459.09564125
        ]
      },
      "properties": {
        "junction_id": 39576,
        "veh_id": 11257,
        "sim_time_s": 1153.3,
        "tier": "track-zone",
        "prearm_status": "",
        "focus_role": "none"
      }
    },
    {
      "type": "Feature",
      "geometry": {
        "type": "Point",
        "coordinates": [
          500731.52759561094,
          6964406.232120429
        ]
      },
      "properties": {
        "junction_id": 39606,
        "veh_id": 11209,
        "sim_time_s": 1161.5,
        "tier": "track-zone",
        "prearm_status": "",
        "focus_role": "none"
      }
    },
    {
      "type": "Feature",
      "geometry": {
        "type": "Point",
        "coordinates": [
          0.0,
          0.0
        ]
      },
      "properties": {
        "junction_id": 1043762,
        "veh_id": 11215,
        "sim_time_s": 1165.5,
        "tier": "harmony-no-ge-local",
        "prearm_status": "skip",
        "focus_role": "none"
      }
    },
    {
      "type": "Feature",
      "geometry": {
        "type": "Point",
        "coordinates": [
          0.0,
          0.0
        ]
      },
      "properties": {
        "junction_id": 36385,
        "veh_id": 11222,
        "sim_time_s": 1166.8,
        "tier": "harmony-ins-local",
        "prearm_status": "action",
        "focus_role": "none"
      }
    },
    {
      "type": "Feature",
      "geometry": {
        "type": "Point",
        "coordinates": [
          0.0,
          0.0
        ]
      },
      "properties": {
        "junction_id": 39578,
        "veh_id": 11247,
        "sim_time_s": 1166.8,
        "tier": "harmony-ge-local",
        "prearm_status": "action",
        "focus_role": "none"
      }
    },
    {
      "type": "Feature",
      "geometry": {
        "type": "Point",
        "coordinates": [
          500529.6302247088,
          6965934.713501081
        ]
      },
      "properties": {
        "junction_id": 39576,
        "veh_id": 11247,
        "sim_time_s": 1168.2,
        "tier": "track-zone",
        "prearm_status": "",
        "focus_role": "none"
      }
    },
    {
      "type": "Feature",
      "geometry": {
        "type": "Point",
        "coordinates": [
          500547.9157928677,
          6965571.780386134
        ]
      },
      "properties": {
        "junction_id": 10157950,
        "veh_id": 11221,
        "sim_time_s": 1169.5,
        "tier": "track-zone",
        "prearm_status": "",
        "focus_role": "none"
      }
    },
    {
      "type": "Feature",
      "geometry": {
        "type": "Point",
        "coordinates": [
          0.0,
          0.0
        ]
      },
      "properties": {
        "junction_id": 39576,
        "veh_id": 11257,
        "sim_time_s": 1170.9,
        "tier": "harmony-no-ge-local",
        "prearm_status": "skip",
        "focus_role": "none"
      }
    },
    {
      "type": "Feature",
      "geometry": {
        "type": "Point",
        "coordinates": [
          500725.4017985747,
          6965026.558631288
        ]
      },
      "properties": {
        "junction_id": 36393,
        "veh_id": 11222,
        "sim_time_s": 1170.9,
        "tier": "coord-prearm-harmony/SHOCKWAVE",
        "prearm_status": "fired",
        "focus_role": "none"
      }
    },
    {
      "type": "Feature",
      "geometry": {
        "type": "Point",
        "coordinates": [
          0.0,
          0.0
        ]
      },
      "properties": {
        "junction_id": 36393,
        "veh_id": 11222,
        "sim_time_s": 1171.3,
        "tier": "harmony-no-ge-local",
        "prearm_status": "skip",
        "focus_role": "none"
      }
    },
    {
      "type": "Feature",
      "geometry": {
        "type": "Point",
        "coordinates": [
          500551.2929413123,
          6965571.520962383
        ]
      },
      "properties": {
        "junction_id": 10157950,
        "veh_id": 11214,
        "sim_time_s": 1175.0,
        "tier": "track-zone",
        "prearm_status": "",
        "focus_role": "none"
      }
    },
    {
      "type": "Feature",
      "geometry": {
        "type": "Point",
        "coordinates": [
          500351.4788036727,
          6966101.509151627
        ]
      },
      "properties": {
        "junction_id": 39578,
        "veh_id": 11215,
        "sim_time_s": 1177.7,
        "tier": "track-section",
        "prearm_status": "",
        "focus_role": "none"
      }
    },
    {
      "type": "Feature",
      "geometry": {
        "type": "Point",
        "coordinates": [
          0.0,
          0.0
        ]
      },
      "properties": {
        "junction_id": 39587,
        "veh_id": 11221,
        "sim_time_s": 1180.3,
        "tier": "harmony-ins-local",
        "prearm_status": "action",
        "focus_role": "none"
      }
    },
    {
      "type": "Feature",
      "geometry": {
        "type": "Point",
        "coordinates": [
          500732.6056147473,
          6964403.082133623
        ]
      },
      "properties": {
        "junction_id": 39606,
        "veh_id": 11246,
        "sim_time_s": 1181.7,
        "tier": "track-zone",
        "prearm_status": "",
        "focus_role": "none"
      }
    },
    {
      "type": "Feature",
      "geometry": {
        "type": "Point",
        "coordinates": [
          500063.25214834453,
          6966461.8687752625
        ]
      },
      "properties": {
        "junction_id": 39572,
        "veh_id": 11239,
        "sim_time_s": 1184.4,
        "tier": "track-zone",
        "prearm_status": "",
        "focus_role": "none"
      }
    },
    {
      "type": "Feature",
      "geometry": {
        "type": "Point",
        "coordinates": [
          500606.5969242298,
          6965406.859131783
        ]
      },
      "properties": {
        "junction_id": 39593,
        "veh_id": 11221,
        "sim_time_s": 1187.1,
        "tier": "track-zone",
        "prearm_status": "",
        "focus_role": "none"
      }
    },
    {
      "type": "Feature",
      "geometry": {
        "type": "Point",
        "coordinates": [
          0.0,
          0.0
        ]
      },
      "properties": {
        "junction_id": 39606,
        "veh_id": 11209,
        "sim_time_s": 1187.1,
        "tier": "harmony-no-ge-local",
        "prearm_status": "skip",
        "focus_role": "none"
      }
    },
    {
      "type": "Feature",
      "geometry": {
        "type": "Point",
        "coordinates": [
          500491.8791226478,
          6965692.72111387
        ]
      },
      "properties": {
        "junction_id": 39578,
        "veh_id": 11257,
        "sim_time_s": 1188.5,
        "tier": "track-zone",
        "prearm_status": "",
        "focus_role": "none"
      }
    },
    {
      "type": "Feature",
      "geometry": {
        "type": "Point",
        "coordinates": [
          500733.7189407129,
          6964400.408582475
        ]
      },
      "properties": {
        "junction_id": 39606,
        "veh_id": 11238,
        "sim_time_s": 1191.2,
        "tier": "track-zone",
        "prearm_status": "",
        "focus_role": "none"
      }
    },
    {
      "type": "Feature",
      "geometry": {
        "type": "Point",
        "coordinates": [
          500609.2707587573,
          6965408.270408174
        ]
      },
      "properties": {
        "junction_id": 39593,
        "veh_id": 11214,
        "sim_time_s": 1192.5,
        "tier": "track-zone",
        "prearm_status": "",
        "focus_role": "none"
      }
    },
    {
      "type": "Feature",
      "geometry": {
        "type": "Point",
        "coordinates": [
          500063.25214834453,
          6966461.8687752625
        ]
      },
      "properties": {
        "junction_id": 39569,
        "veh_id": 11239,
        "sim_time_s": 1193.8,
        "tier": "IC-detect",
        "prearm_status": "",
        "focus_role": "none"
      }
    },
    {
      "type": "Feature",
      "geometry": {
        "type": "Point",
        "coordinates": [
          500650.59745335835,
          6965243.818609318
        ]
      },
      "properties": {
        "junction_id": 36385,
        "veh_id": 11221,
        "sim_time_s": 1199.2,
        "tier": "track-zone",
        "prearm_status": "",
        "focus_role": "none"
      }
    },
    {
      "type": "Feature",
      "geometry": {
        "type": "Point",
        "coordinates": [
          500130.8275522593,
          6965614.655983534
        ]
      },
      "properties": {
        "junction_id": 39576,
        "veh_id": 11228,
        "sim_time_s": 1200.6,
        "tier": "IC-detect",
        "prearm_status": "",
        "focus_role": "none"
      }
    },
    {
      "type": "Feature",
      "geometry": {
        "type": "Point",
        "coordinates": [
          0.0,
          0.0
        ]
      },
      "properties": {
        "junction_id": 39593,
        "veh_id": 11221,
        "sim_time_s": 1202.0,
        "tier": "harmony-ins-local",
        "prearm_status": "action",
        "focus_role": "none"
      }
    },
    {
      "type": "Feature",
      "geometry": {
        "type": "Point",
        "coordinates": [
          500651.8087868212,
          6965248.342343567
        ]
      },
      "properties": {
        "junction_id": 36385,
        "veh_id": 11214,
        "sim_time_s": 1204.7,
        "tier": "track-zone",
        "prearm_status": "",
        "focus_role": "none"
      }
    },
    {
      "type": "Feature",
      "geometry": {
        "type": "Point",
        "coordinates": [
          500530.1311659792,
          6965938.672178409
        ]
      },
      "properties": {
        "junction_id": 39576,
        "veh_id": 11215,
        "sim_time_s": 1204.7,
        "tier": "track-zone",
        "prearm_status": "",
        "focus_role": "none"
      }
    },
    {
      "type": "Feature",
      "geometry": {
        "type": "Point",
        "coordinates": [
          0.0,
          0.0
        ]
      },
      "properties": {
        "junction_id": 39569,
        "veh_id": 11239,
        "sim_time_s": 1206.0,
        "tier": "harmony-no-ge-local",
        "prearm_status": "skip",
        "focus_role": "none"
      }
    },
    {
      "type": "Feature",
      "geometry": {
        "type": "Point",
        "coordinates": [
          500132.8991784036,
          6966436.297094498
        ]
      },
      "properties": {
        "junction_id": 1043762,
        "veh_id": 11239,
        "sim_time_s": 1212.8,
        "tier": "track-zone",
        "prearm_status": "",
        "focus_role": "none"
      }
    },
    {
      "type": "Feature",
      "geometry": {
        "type": "Point",
        "coordinates": [
          0.0,
          0.0
        ]
      },
      "properties": {
        "junction_id": 39576,
        "veh_id": 11247,
        "sim_time_s": 1223.5,
        "tier": "harmony-no-ge-local",
        "prearm_status": "skip",
        "focus_role": "none"
      }
    },
    {
      "type": "Feature",
      "geometry": {
        "type": "Point",
        "coordinates": [
          0.0,
          0.0
        ]
      },
      "properties": {
        "junction_id": 39578,
        "veh_id": 11257,
        "sim_time_s": 1229.0,
        "tier": "harmony-no-ge-local",
        "prearm_status": "skip",
        "focus_role": "none"
      }
    },
    {
      "type": "Feature",
      "geometry": {
        "type": "Point",
        "coordinates": [
          500753.2990490115,
          6964359.279167937
        ]
      },
      "properties": {
        "junction_id": 39590,
        "veh_id": 11246,
        "sim_time_s": 1235.7,
        "tier": "IC-detect",
        "prearm_status": "",
        "focus_role": "none"
      }
    },
    {
      "type": "Feature",
      "geometry": {
        "type": "Point",
        "coordinates": [
          500402.86167359253,
          6966039.321432629
        ]
      },
      "properties": {
        "junction_id": 1043762,
        "veh_id": 11257,
        "sim_time_s": 1239.8,
        "tier": "track-zone",
        "prearm_status": "",
        "focus_role": "none"
      }
    },
    {
      "type": "Feature",
      "geometry": {
        "type": "Point",
        "coordinates": [
          500512.5553075651,
          6965706.112583577
        ]
      },
      "properties": {
        "junction_id": 39587,
        "veh_id": 11247,
        "sim_time_s": 1241.1,
        "tier": "track-zone",
        "prearm_status": "",
        "focus_role": "none"
      }
    },
    {
      "type": "Feature",
      "geometry": {
        "type": "Point",
        "coordinates": [
          500512.6871239018,
          6965701.040993228
        ]
      },
      "properties": {
        "junction_id": 39587,
        "veh_id": 11215,
        "sim_time_s": 1247.8,
        "tier": "track-zone",
        "prearm_status": "",
        "focus_role": "none"
      }
    },
    {
      "type": "Feature",
      "geometry": {
        "type": "Point",
        "coordinates": [
          500520.1780907798,
          6965643.837502148
        ]
      },
      "properties": {
        "junction_id": 1119660,
        "veh_id": 11247,
        "sim_time_s": 1250.5,
        "tier": "track-zone",
        "prearm_status": "",
        "focus_role": "none"
      }
    },
    {
      "type": "Feature",
      "geometry": {
        "type": "Point",
        "coordinates": [
          500684.09878133226,
          6964756.319799705
        ]
      },
      "properties": {
        "junction_id": 36393,
        "veh_id": 11222,
        "sim_time_s": 1250.5,
        "tier": "coord-prearm-missed/SHOCKWAVE",
        "prearm_status": "missed",
        "focus_role": "none"
      }
    },
    {
      "type": "Feature",
      "geometry": {
        "type": "Point",
        "coordinates": [
          500518.7132669027,
          6965648.287710428
        ]
      },
      "properties": {
        "junction_id": 1119660,
        "veh_id": 11215,
        "sim_time_s": 1256.0,
        "tier": "track-zone",
        "prearm_status": "",
        "focus_role": "none"
      }
    },
    {
      "type": "Feature",
      "geometry": {
        "type": "Point",
        "coordinates": [
          0.0,
          0.0
        ]
      },
      "properties": {
        "junction_id": 1043762,
        "veh_id": 11257,
        "sim_time_s": 1257.3,
        "tier": "harmony-no-ge-local",
        "prearm_status": "skip",
        "focus_role": "none"
      }
    },
    {
      "type": "Feature",
      "geometry": {
        "type": "Point",
        "coordinates": [
          500946.97228876385,
          6964034.668682542
        ]
      },
      "properties": {
        "junction_id": 39606,
        "veh_id": 11211,
        "sim_time_s": 1260.0,
        "tier": "track-section",
        "prearm_status": "",
        "focus_role": "none"
      }
    },
    {
      "type": "Feature",
      "geometry": {
        "type": "Point",
        "coordinates": [
          500450.97178685904,
          6965695.681867817
        ]
      },
      "properties": {
        "junction_id": 39578,
        "veh_id": 11228,
        "sim_time_s": 1261.3,
        "tier": "track-zone",
        "prearm_status": "",
        "focus_role": "none"
      }
    },
    {
      "type": "Feature",
      "geometry": {
        "type": "Point",
        "coordinates": [
          500224.4273564432,
          6966246.718770023
        ]
      },
      "properties": {
        "junction_id": 39569,
        "veh_id": 11257,
        "sim_time_s": 1261.3,
        "tier": "track-zone",
        "prearm_status": "",
        "focus_role": "none"
      }
    },
    {
      "type": "Feature",
      "geometry": {
        "type": "Point",
        "coordinates": [
          0.0,
          0.0
        ]
      },
      "properties": {
        "junction_id": 39576,
        "veh_id": 11228,
        "sim_time_s": 1262.7,
        "tier": "harmony-ins-local",
        "prearm_status": "action",
        "focus_role": "none"
      }
    },
    {
      "type": "Feature",
      "geometry": {
        "type": "Point",
        "coordinates": [
          500886.4697772048,
          6964121.456727113
        ]
      },
      "properties": {
        "junction_id": 39590,
        "veh_id": 11211,
        "sim_time_s": 1266.8,
        "tier": "track-zone",
        "prearm_status": "",
        "focus_role": "none"
      }
    },
    {
      "type": "Feature",
      "geometry": {
        "type": "Point",
        "coordinates": [
          500748.33814468543,
          6964371.826378732
        ]
      },
      "properties": {
        "junction_id": 39590,
        "veh_id": 11238,
        "sim_time_s": 1268.1,
        "tier": "IC-detect-far",
        "prearm_status": "",
        "focus_role": "none"
      }
    },
    {
      "type": "Feature",
      "geometry": {
        "type": "Point",
        "coordinates": [
          0.0,
          0.0
        ]
      },
      "properties": {
        "junction_id": 39606,
        "veh_id": 11211,
        "sim_time_s": 1270.8,
        "tier": "harmony-no-ge-local",
        "prearm_status": "skip",
        "focus_role": "none"
      }
    },
    {
      "type": "Feature",
      "geometry": {
        "type": "Point",
        "coordinates": [
          0.0,
          0.0
        ]
      },
      "properties": {
        "junction_id": 39590,
        "veh_id": 11246,
        "sim_time_s": 1272.2,
        "tier": "harmony-no-ge-local",
        "prearm_status": "skip",
        "focus_role": "none"
      }
    },
    {
      "type": "Feature",
      "geometry": {
        "type": "Point",
        "coordinates": [
          0.0,
          0.0
        ]
      },
      "properties": {
        "junction_id": 36385,
        "veh_id": 11221,
        "sim_time_s": 1276.2,
        "tier": "harmony-no-ge-local",
        "prearm_status": "skip",
        "focus_role": "none"
      }
    },
    {
      "type": "Feature",
      "geometry": {
        "type": "Point",
        "coordinates": [
          0.0,
          0.0
        ]
      },
      "properties": {
        "junction_id": 39569,
        "veh_id": 11257,
        "sim_time_s": 1276.2,
        "tier": "harmony-ins-local",
        "prearm_status": "action",
        "focus_role": "none"
      }
    },
    {
      "type": "Feature",
      "geometry": {
        "type": "Point",
        "coordinates": [
          500116.8825528267,
          6966433.095488483
        ]
      },
      "properties": {
        "junction_id": 39572,
        "veh_id": 11257,
        "sim_time_s": 1277.5,
        "tier": "track-zone",
        "prearm_status": "",
        "focus_role": "none"
      }
    },
    {
      "type": "Feature",
      "geometry": {
        "type": "Point",
        "coordinates": [
          500728.89145759196,
          6964993.849289561
        ]
      },
      "properties": {
        "junction_id": 36393,
        "veh_id": 11214,
        "sim_time_s": 1278.9,
        "tier": "track-zone",
        "prearm_status": "",
        "focus_role": "none"
      }
    },
    {
      "type": "Feature",
      "geometry": {
        "type": "Point",
        "coordinates": [
          500104.8604961903,
          6966445.601405108
        ]
      },
      "properties": {
        "junction_id": 39572,
        "veh_id": 11257,
        "sim_time_s": 1279.3,
        "tier": "coord-prearm-harmony/SHOCKWAVE",
        "prearm_status": "fired",
        "focus_role": "none"
      }
    },
    {
      "type": "Feature",
      "geometry": {
        "type": "Point",
        "coordinates": [
          0.0,
          0.0
        ]
      },
      "properties": {
        "junction_id": 39572,
        "veh_id": 11257,
        "sim_time_s": 1279.8,
        "tier": "harmony-no-ge-local",
        "prearm_status": "skip",
        "focus_role": "none"
      }
    },
    {
      "type": "Feature",
      "geometry": {
        "type": "Point",
        "coordinates": [
          500729.01753126684,
          6964999.675218018
        ]
      },
      "properties": {
        "junction_id": 36393,
        "veh_id": 11221,
        "sim_time_s": 1281.6,
        "tier": "track-zone",
        "prearm_status": "",
        "focus_role": "none"
      }
    },
    {
      "type": "Feature",
      "geometry": {
        "type": "Point",
        "coordinates": [
          500075.51600896503,
          6966490.995367035
        ]
      },
      "properties": {
        "junction_id": 39568,
        "veh_id": 11257,
        "sim_time_s": 1283.0,
        "tier": "track-zone",
        "prearm_status": "",
        "focus_role": "none"
      }
    },
    {
      "type": "Feature",
      "geometry": {
        "type": "Point",
        "coordinates": [
          500689.5362083858,
          6964552.498314625
        ]
      },
      "properties": {
        "junction_id": 39590,
        "veh_id": 11222,
        "sim_time_s": 1287.0,
        "tier": "track-zone",
        "prearm_status": "",
        "focus_role": "none"
      }
    },
    {
      "type": "Feature",
      "geometry": {
        "type": "Point",
        "coordinates": [
          0.0,
          0.0
        ]
      },
      "properties": {
        "junction_id": 39606,
        "veh_id": 11246,
        "sim_time_s": 1287.0,
        "tier": "harmony-no-ge-local",
        "prearm_status": "skip",
        "focus_role": "none"
      }
    },
    {
      "type": "Feature",
      "geometry": {
        "type": "Point",
        "coordinates": [
          500553.1167851912,
          6965567.974263617
        ]
      },
      "properties": {
        "junction_id": 10157950,
        "veh_id": 11247,
        "sim_time_s": 1293.8,
        "tier": "track-zone",
        "prearm_status": "",
        "focus_role": "none"
      }
    },
    {
      "type": "Feature",
      "geometry": {
        "type": "Point",
        "coordinates": [
          500552.9652361256,
          6965568.137174712
        ]
      },
      "properties": {
        "junction_id": 10157950,
        "veh_id": 11215,
        "sim_time_s": 1299.2,
        "tier": "track-zone",
        "prearm_status": "",
        "focus_role": "none"
      }
    },
    {
      "type": "Feature",
      "geometry": {
        "type": "Point",
        "coordinates": [
          500675.2793099268,
          6964507.276916992
        ]
      },
      "properties": {
        "junction_id": 36393,
        "veh_id": 11211,
        "sim_time_s": 1300.5,
        "tier": "track-zone",
        "prearm_status": "",
        "focus_role": "none"
      }
    },
    {
      "type": "Feature",
      "geometry": {
        "type": "Point",
        "coordinates": [
          500360.91807656485,
          6966092.813782968
        ]
      },
      "properties": {
        "junction_id": 39578,
        "veh_id": 11239,
        "sim_time_s": 1300.5,
        "tier": "track-section",
        "prearm_status": "",
        "focus_role": "none"
      }
    },
    {
      "type": "Feature",
      "geometry": {
        "type": "Point",
        "coordinates": [
          500910.8867181503,
          6964141.489471089
        ]
      },
      "properties": {
        "junction_id": 39606,
        "veh_id": 11238,
        "sim_time_s": 1311.3,
        "tier": "IC-detect-far",
        "prearm_status": "",
        "focus_role": "none"
      }
    },
    {
      "type": "Feature",
      "geometry": {
        "type": "Point",
        "coordinates": [
          500699.7368717559,
          6964821.612791283
        ]
      },
      "properties": {
        "junction_id": 36385,
        "veh_id": 11214,
        "sim_time_s": 1326.2,
        "tier": "track-zone",
        "prearm_status": "",
        "focus_role": "none"
      }
    },
    {
      "type": "Feature",
      "geometry": {
        "type": "Point",
        "coordinates": [
          500560.6713357722,
          6965551.111494955
        ]
      },
      "properties": {
        "junction_id": 39576,
        "veh_id": 11215,
        "sim_time_s": 1326.2,
        "tier": "track-zone",
        "prearm_status": "",
        "focus_role": "none"
      }
    },
    {
      "type": "Feature",
      "geometry": {
        "type": "Point",
        "coordinates": [
          500493.7369145932,
          6965703.501665069
        ]
      },
      "properties": {
        "junction_id": 39587,
        "veh_id": 11228,
        "sim_time_s": 1327.5,
        "tier": "track-zone",
        "prearm_status": "",
        "focus_role": "none"
      }
    },
    {
      "type": "Feature",
      "geometry": {
        "type": "Point",
        "coordinates": [
          500018.3230273429,
          6966620.614395891
        ]
      },
      "properties": {
        "junction_id": 11118289,
        "veh_id": 11257,
        "sim_time_s": 1328.8,
        "tier": "track-zone",
        "prearm_status": "",
        "focus_role": "none"
      }
    },
    {
      "type": "Feature",
      "geometry": {
        "type": "Point",
        "coordinates": [
          500521.46243524563,
          6965640.049711017
        ]
      },
      "properties": {
        "junction_id": 1119660,
        "veh_id": 11228,
        "sim_time_s": 1335.6,
        "tier": "track-zone",
        "prearm_status": "",
        "focus_role": "none"
      }
    },
    {
      "type": "Feature",
      "geometry": {
        "type": "Point",
        "coordinates": [
          500732.25860582385,
          6964403.912582905
        ]
      },
      "properties": {
        "junction_id": 39606,
        "veh_id": 11222,
        "sim_time_s": 1337.0,
        "tier": "track-zone",
        "prearm_status": "",
        "focus_role": "none"
      }
    },
    {
      "type": "Feature",
      "geometry": {
        "type": "Point",
        "coordinates": [
          500552.11899234506,
          6965570.08675076
        ]
      },
      "properties": {
        "junction_id": 10157950,
        "veh_id": 11228,
        "sim_time_s": 1346.4,
        "tier": "track-zone",
        "prearm_status": "",
        "focus_role": "none"
      }
    },
    {
      "type": "Feature",
      "geometry": {
        "type": "Point",
        "coordinates": [
          500946.97228876385,
          6964034.668682542
        ]
      },
      "properties": {
        "junction_id": 39606,
        "veh_id": 11258,
        "sim_time_s": 1350.0,
        "tier": "IC-detect",
        "prearm_status": "",
        "focus_role": "none"
      }
    },
    {
      "type": "Feature",
      "geometry": {
        "type": "Point",
        "coordinates": [
          500892.1167463792,
          6964115.107420867
        ]
      },
      "properties": {
        "junction_id": 39590,
        "veh_id": 11258,
        "sim_time_s": 1355.8,
        "tier": "track-zone",
        "prearm_status": "",
        "focus_role": "none"
      }
    },
    {
      "type": "Feature",
      "geometry": {
        "type": "Point",
        "coordinates": [
          0.0,
          0.0
        ]
      },
      "properties": {
        "junction_id": 39578,
        "veh_id": 11239,
        "sim_time_s": 1355.8,
        "tier": "harmony-no-ge-local",
        "prearm_status": "skip",
        "focus_role": "none"
      }
    },
    {
      "type": "Feature",
      "geometry": {
        "type": "Point",
        "coordinates": [
          500532.8298968754,
          6965931.904640257
        ]
      },
      "properties": {
        "junction_id": 39576,
        "veh_id": 11239,
        "sim_time_s": 1358.5,
        "tier": "track-zone",
        "prearm_status": "",
        "focus_role": "none"
      }
    },
    {
      "type": "Feature",
      "geometry": {
        "type": "Point",
        "coordinates": [
          500012.255683675,
          6966653.44887729
        ]
      },
      "properties": {
        "junction_id": 39572,
        "veh_id": 11257,
        "sim_time_s": 1359.0,
        "tier": "coord-prearm-missed/SHOCKWAVE",
        "prearm_status": "missed",
        "focus_role": "none"
      }
    },
    {
      "type": "Feature",
      "geometry": {
        "type": "Point",
        "coordinates": [
          0.0,
          0.0
        ]
      },
      "properties": {
        "junction_id": 39606,
        "veh_id": 11258,
        "sim_time_s": 1359.9,
        "tier": "harmony-no-ge-local",
        "prearm_status": "skip",
        "focus_role": "none"
      }
    },
    {
      "type": "Feature",
      "geometry": {
        "type": "Point",
        "coordinates": [
          500577.95857912104,
          6965503.121457204
        ]
      },
      "properties": {
        "junction_id": 39587,
        "veh_id": 11247,
        "sim_time_s": 1361.2,
        "tier": "IC-detect",
        "prearm_status": "",
        "focus_role": "none"
      }
    },
    {
      "type": "Feature",
      "geometry": {
        "type": "Point",
        "coordinates": [
          0.0,
          0.0
        ]
      },
      "properties": {
        "junction_id": 39587,
        "veh_id": 11247,
        "sim_time_s": 1361.2,
        "tier": "harmony-no-ge-local",
        "prearm_status": "skip",
        "focus_role": "none"
      }
    },
    {
      "type": "Feature",
      "geometry": {
        "type": "Point",
        "coordinates": [
          500084.40142751305,
          6967502.251004897
        ]
      },
      "properties": {
        "junction_id": 38339,
        "veh_id": 11248,
        "sim_time_s": 1362.6,
        "tier": "IC-detect",
        "prearm_status": "",
        "focus_role": "none"
      }
    },
    {
      "type": "Feature",
      "geometry": {
        "type": "Point",
        "coordinates": [
          0.0,
          0.0
        ]
      },
      "properties": {
        "junction_id": 39590,
        "veh_id": 11222,
        "sim_time_s": 1365.3,
        "tier": "harmony-ins-local",
        "prearm_status": "action",
        "focus_role": "none"
      }
    },
    {
      "type": "Feature",
      "geometry": {
        "type": "Point",
        "coordinates": [
          500592.374848767,
          6965461.228090463
        ]
      },
      "properties": {
        "junction_id": 39587,
        "veh_id": 11215,
        "sim_time_s": 1368.0,
        "tier": "IC-detect",
        "prearm_status": "",
        "focus_role": "none"
      }
    },
    {
      "type": "Feature",
      "geometry": {
        "type": "Point",
        "coordinates": [
          0.0,
          0.0
        ]
      },
      "properties": {
        "junction_id": 39587,
        "veh_id": 11215,
        "sim_time_s": 1368.0,
        "tier": "harmony-no-ge-local",
        "prearm_status": "skip",
        "focus_role": "none"
      }
    },
    {
      "type": "Feature",
      "geometry": {
        "type": "Point",
        "coordinates": [
          500608.76584278943,
          6965410.613293298
        ]
      },
      "properties": {
        "junction_id": 39593,
        "veh_id": 11247,
        "sim_time_s": 1369.3,
        "tier": "track-zone",
        "prearm_status": "",
        "focus_role": "none"
      }
    },
    {
      "type": "Feature",
      "geometry": {
        "type": "Point",
        "coordinates": [
          0.0,
          0.0
        ]
      },
      "properties": {
        "junction_id": 39587,
        "veh_id": 11228,
        "sim_time_s": 1369.3,
        "tier": "harmony-no-ge-local",
        "prearm_status": "skip",
        "focus_role": "none"
      }
    },
    {
      "type": "Feature",
      "geometry": {
        "type": "Point",
        "coordinates": [
          500607.9878074889,
          6965412.946125335
        ]
      },
      "properties": {
        "junction_id": 39593,
        "veh_id": 11215,
        "sim_time_s": 1372.0,
        "tier": "track-zone",
        "prearm_status": "",
        "focus_role": "none"
      }
    },
    {
      "type": "Feature",
      "geometry": {
        "type": "Point",
        "coordinates": [
          500617.7151644039,
          6965375.837690898
        ]
      },
      "properties": {
        "junction_id": 1119660,
        "veh_id": 11247,
        "sim_time_s": 1372.0,
        "tier": "track-zone",
        "prearm_status": "",
        "focus_role": "none"
      }
    },
    {
      "type": "Feature",
      "geometry": {
        "type": "Point",
        "coordinates": [
          500679.5067629433,
          6964774.862315759
        ]
      },
      "properties": {
        "junction_id": 36385,
        "veh_id": 11211,
        "sim_time_s": 1377.5,
        "tier": "track-zone",
        "prearm_status": "",
        "focus_role": "none"
      }
    },
    {
      "type": "Feature",
      "geometry": {
        "type": "Point",
        "coordinates": [
          500625.8607261883,
          6965343.197199246
        ]
      },
      "properties": {
        "junction_id": 1119660,
        "veh_id": 11215,
        "sim_time_s": 1377.5,
        "tier": "track-zone",
        "prearm_status": "",
        "focus_role": "none"
      }
    },
    {
      "type": "Feature",
      "geometry": {
        "type": "Point",
        "coordinates": [
          0.0,
          0.0
        ]
      },
      "properties": {
        "junction_id": 36393,
        "veh_id": 11221,
        "sim_time_s": 1377.5,
        "tier": "harmony-no-ge-local",
        "prearm_status": "skip",
        "focus_role": "none"
      }
    },
    {
      "type": "Feature",
      "geometry": {
        "type": "Point",
        "coordinates": [
          500647.6007244668,
          6965258.556541993
        ]
      },
      "properties": {
        "junction_id": 36385,
        "veh_id": 11247,
        "sim_time_s": 1381.5,
        "tier": "track-zone",
        "prearm_status": "",
        "focus_role": "none"
      }
    },
    {
      "type": "Feature",
      "geometry": {
        "type": "Point",
        "coordinates": [
          499960.6388458238,
          6966791.500472429
        ]
      },
      "properties": {
        "junction_id": 38339,
        "veh_id": 11257,
        "sim_time_s": 1381.5,
        "tier": "track-zone",
        "prearm_status": "",
        "focus_role": "none"
      }
    },
    {
      "type": "Feature",
      "geometry": {
        "type": "Point",
        "coordinates": [
          0.0,
          0.0
        ]
      },
      "properties": {
        "junction_id": 39606,
        "veh_id": 11222,
        "sim_time_s": 1384.2,
        "tier": "harmony-ins-local",
        "prearm_status": "action",
        "focus_role": "none"
      }
    },
    {
      "type": "Feature",
      "geometry": {
        "type": "Point",
        "coordinates": [
          500653.29459174484,
          6965245.285595818
        ]
      },
      "properties": {
        "junction_id": 36385,
        "veh_id": 11215,
        "sim_time_s": 1385.5,
        "tier": "track-zone",
        "prearm_status": "",
        "focus_role": "none"
      }
    },
    {
      "type": "Feature",
      "geometry": {
        "type": "Point",
        "coordinates": [
          0.0,
          0.0
        ]
      },
      "properties": {
        "junction_id": 39593,
        "veh_id": 11247,
        "sim_time_s": 1385.5,
        "tier": "harmony-no-ge-local",
        "prearm_status": "skip",
        "focus_role": "none"
      }
    },
    {
      "type": "Feature",
      "geometry": {
        "type": "Point",
        "coordinates": [
          500701.19476056163,
          6964929.692176496
        ]
      },
      "properties": {
        "junction_id": 39593,
        "veh_id": 11211,
        "sim_time_s": 1395.0,
        "tier": "track-zone",
        "prearm_status": "",
        "focus_role": "none"
      }
    },
    {
      "type": "Feature",
      "geometry": {
        "type": "Point",
        "coordinates": [
          0.0,
          0.0
        ]
      },
      "properties": {
        "junction_id": 38339,
        "veh_id": 11257,
        "sim_time_s": 1396.3,
        "tier": "harmony-ge-local",
        "prearm_status": "action",
        "focus_role": "none"
      }
    },
    {
      "type": "Feature",
      "geometry": {
        "type": "Point",
        "coordinates": [
          500689.9346276864,
          6964548.064230327
        ]
      },
      "properties": {
        "junction_id": 39590,
        "veh_id": 11214,
        "sim_time_s": 1397.7,
        "tier": "track-zone",
        "prearm_status": "",
        "focus_role": "none"
      }
    },
    {
      "type": "Feature",
      "geometry": {
        "type": "Point",
        "coordinates": [
          500692.3971194727,
          6964531.857628506
        ]
      },
      "properties": {
        "junction_id": 36393,
        "veh_id": 11214,
        "sim_time_s": 1399.0,
        "tier": "IC-detect",
        "prearm_status": "",
        "focus_role": "none"
      }
    },
    {
      "type": "Feature",
      "geometry": {
        "type": "Point",
        "coordinates": [
          500689.23888754426,
          6964557.554850933
        ]
      },
      "properties": {
        "junction_id": 39590,
        "veh_id": 11221,
        "sim_time_s": 1400.4,
        "tier": "track-zone",
        "prearm_status": "",
        "focus_role": "none"
      }
    },
    {
      "type": "Feature",
      "geometry": {
        "type": "Point",
        "coordinates": [
          500610.36733414646,
          6965404.871141648
        ]
      },
      "properties": {
        "junction_id": 39593,
        "veh_id": 11228,
        "sim_time_s": 1400.4,
        "tier": "track-zone",
        "prearm_status": "",
        "focus_role": "none"
      }
    },
    {
      "type": "Feature",
      "geometry": {
        "type": "Point",
        "coordinates": [
          500647.0848544241,
          6965259.740033574
        ]
      },
      "properties": {
        "junction_id": 36385,
        "veh_id": 11228,
        "sim_time_s": 1409.8,
        "tier": "track-zone",
        "prearm_status": "",
        "focus_role": "none"
      }
    },
    {
      "type": "Feature",
      "geometry": {
        "type": "Point",
        "coordinates": [
          0.0,
          0.0
        ]
      },
      "properties": {
        "junction_id": 39576,
        "veh_id": 11239,
        "sim_time_s": 1411.2,
        "tier": "harmony-ge-local",
        "prearm_status": "action",
        "focus_role": "none"
      }
    },
    {
      "type": "Feature",
      "geometry": {
        "type": "Point",
        "coordinates": [
          500730.0400042268,
          6964409.519040816
        ]
      },
      "properties": {
        "junction_id": 39606,
        "veh_id": 11214,
        "sim_time_s": 1415.2,
        "tier": "track-zone",
        "prearm_status": "",
        "focus_role": "none"
      }
    },
    {
      "type": "Feature",
      "geometry": {
        "type": "Point",
        "coordinates": [
          500700.7654788915,
          6965133.841097763
        ]
      },
      "properties": {
        "junction_id": 10157950,
        "veh_id": 11247,
        "sim_time_s": 1415.2,
        "tier": "track-zone",
        "prearm_status": "",
        "focus_role": "none"
      }
    },
    {
      "type": "Feature",
      "geometry": {
        "type": "Point",
        "coordinates": [
          500685.0184356236,
          6965181.67172611
        ]
      },
      "properties": {
        "junction_id": 10157950,
        "veh_id": 11215,
        "sim_time_s": 1420.7,
        "tier": "track-zone",
        "prearm_status": "",
        "focus_role": "none"
      }
    },
    {
      "type": "Feature",
      "geometry": {
        "type": "Point",
        "coordinates": [
          500729.3977412661,
          6964411.265782471
        ]
      },
      "properties": {
        "junction_id": 39606,
        "veh_id": 11221,
        "sim_time_s": 1420.7,
        "tier": "track-zone",
        "prearm_status": "",
        "focus_role": "none"
      }
    },
    {
      "type": "Feature",
      "geometry": {
        "type": "Point",
        "coordinates": [
          499967.48352260294,
          6967112.795506696
        ]
      },
      "properties": {
        "junction_id": 11118289,
        "veh_id": 11248,
        "sim_time_s": 1420.7,
        "tier": "track-zone",
        "prearm_status": "",
        "focus_role": "none"
      }
    },
    {
      "type": "Feature",
      "geometry": {
        "type": "Point",
        "coordinates": [
          500707.49696953397,
          6964950.864740559
        ]
      },
      "properties": {
        "junction_id": 36393,
        "veh_id": 11211,
        "sim_time_s": 1422.0,
        "tier": "track-zone",
        "prearm_status": "",
        "focus_role": "none"
      }
    },
    {
      "type": "Feature",
      "geometry": {
        "type": "Point",
        "coordinates": [
          0.0,
          0.0
        ]
      },
      "properties": {
        "junction_id": 39590,
        "veh_id": 11258,
        "sim_time_s": 1425.6,
        "tier": "harmony-ins-local",
        "prearm_status": "action",
        "focus_role": "none"
      }
    },
    {
      "type": "Feature",
      "geometry": {
        "type": "Point",
        "coordinates": [
          0.0,
          0.0
        ]
      },
      "properties": {
        "junction_id": 36385,
        "veh_id": 11211,
        "sim_time_s": 1428.8,
        "tier": "harmony-no-ge-local",
        "prearm_status": "skip",
        "focus_role": "none"
      }
    },
    {
      "type": "Feature",
      "geometry": {
        "type": "Point",
        "coordinates": [
          500761.488995569,
          6964288.495331723
        ]
      },
      "properties": {
        "junction_id": 36393,
        "veh_id": 11258,
        "sim_time_s": 1428.8,
        "tier": "coord-prearm-harmony/SHOCKWAVE",
        "prearm_status": "fired",
        "focus_role": "none"
      }
    },
    {
      "type": "Feature",
      "geometry": {
        "type": "Point",
        "coordinates": [
          0.0,
          0.0
        ]
      },
      "properties": {
        "junction_id": 36393,
        "veh_id": 11258,
        "sim_time_s": 1429.2,
        "tier": "harmony-ge-local",
        "prearm_status": "action",
        "focus_role": "none"
      }
    },
    {
      "type": "Feature",
      "geometry": {
        "type": "Point",
        "coordinates": [
          500684.09878133226,
          6964756.319799705
        ]
      },
      "properties": {
        "junction_id": 36393,
        "veh_id": 11258,
        "sim_time_s": 1429.2,
        "tier": "coord-prearm-success/SHOCKWAVE",
        "prearm_status": "success",
        "focus_role": "none"
      }
    },
    {
      "type": "Feature",
      "geometry": {
        "type": "Point",
        "coordinates": [
          0.0,
          0.0
        ]
      },
      "properties": {
        "junction_id": 39593,
        "veh_id": 11228,
        "sim_time_s": 1435.5,
        "tier": "harmony-ins-local",
        "prearm_status": "action",
        "focus_role": "none"
      }
    },
    {
      "type": "Feature",
      "geometry": {
        "type": "Point",
        "coordinates": [
          500740.01414530823,
          6964334.601259161
        ]
      },
      "properties": {
        "junction_id": 36385,
        "veh_id": 11258,
        "sim_time_s": 1436.0,
        "tier": "coord-prearm-harmony/SHOCKWAVE",
        "prearm_status": "fired",
        "focus_role": "none"
      }
    },
    {
      "type": "Feature",
      "geometry": {
        "type": "Point",
        "coordinates": [
          0.0,
          0.0
        ]
      },
      "properties": {
        "junction_id": 36385,
        "veh_id": 11258,
        "sim_time_s": 1436.4,
        "tier": "harmony-no-ge-local",
        "prearm_status": "skip",
        "focus_role": "none"
      }
    },
    {
      "type": "Feature",
      "geometry": {
        "type": "Point",
        "coordinates": [
          0.0,
          0.0
        ]
      },
      "properties": {
        "junction_id": 36385,
        "veh_id": 11247,
        "sim_time_s": 1438.2,
        "tier": "harmony-no-ge-local",
        "prearm_status": "skip",
        "focus_role": "none"
      }
    },
    {
      "type": "Feature",
      "geometry": {
        "type": "Point",
        "coordinates": [
          500729.1225354734,
          6964997.894032986
        ]
      },
      "properties": {
        "junction_id": 36393,
        "veh_id": 11247,
        "sim_time_s": 1443.6,
        "tier": "track-zone",
        "prearm_status": "",
        "focus_role": "none"
      }
    },
    {
      "type": "Feature",
      "geometry": {
        "type": "Point",
        "coordinates": [
          0.0,
          0.0
        ]
      },
      "properties": {
        "junction_id": 38339,
        "veh_id": 11248,
        "sim_time_s": 1456.7,
        "tier": "harmony-ins-local",
        "prearm_status": "action",
        "focus_role": "none"
      }
    },
    {
      "type": "Feature",
      "geometry": {
        "type": "Point",
        "coordinates": [
          0.0,
          0.0
        ]
      },
      "properties": {
        "junction_id": 39606,
        "veh_id": 11221,
        "sim_time_s": 1466.5,
        "tier": "harmony-no-ge-local",
        "prearm_status": "skip",
        "focus_role": "none"
      }
    },
    {
      "type": "Feature",
      "geometry": {
        "type": "Point",
        "coordinates": [
          499962.00092139276,
          6966949.368776251
        ]
      },
      "properties": {
        "junction_id": 39568,
        "veh_id": 11248,
        "sim_time_s": 1470.6,
        "tier": "track-zone",
        "prearm_status": "",
        "focus_role": "none"
      }
    },
    {
      "type": "Feature",
      "geometry": {
        "type": "Point",
        "coordinates": [
          0.0,
          0.0
        ]
      },
      "properties": {
        "junction_id": 39576,
        "veh_id": 11239,
        "sim_time_s": 1471.5,
        "tier": "harmony-no-ge-local",
        "prearm_status": "skip",
        "focus_role": "none"
      }
    },
    {
      "type": "Feature",
      "geometry": {
        "type": "Point",
        "coordinates": [
          0.0,
          0.0
        ]
      },
      "properties": {
        "junction_id": 36385,
        "veh_id": 11228,
        "sim_time_s": 1473.3,
        "tier": "harmony-ins-local",
        "prearm_status": "action",
        "focus_role": "none"
      }
    },
    {
      "type": "Feature",
      "geometry": {
        "type": "Point",
        "coordinates": [
          500512.52125435835,
          6965704.588430542
        ]
      },
      "properties": {
        "junction_id": 39587,
        "veh_id": 11239,
        "sim_time_s": 1474.7,
        "tier": "track-zone",
        "prearm_status": "",
        "focus_role": "none"
      }
    },
    {
      "type": "Feature",
      "geometry": {
        "type": "Point",
        "coordinates": [
          499966.12784768,
          6966897.722485718
        ]
      },
      "properties": {
        "junction_id": 39572,
        "veh_id": 11248,
        "sim_time_s": 1474.7,
        "tier": "track-zone",
        "prearm_status": "",
        "focus_role": "none"
      }
    },
    {
      "type": "Feature",
      "geometry": {
        "type": "Point",
        "coordinates": [
          500729.01608653774,
          6964992.099892063
        ]
      },
      "properties": {
        "junction_id": 36393,
        "veh_id": 11228,
        "sim_time_s": 1477.3,
        "tier": "track-zone",
        "prearm_status": "",
        "focus_role": "none"
      }
    },
    {
      "type": "Feature",
      "geometry": {
        "type": "Point",
        "coordinates": [
          500729.01608653774,
          6964992.099892063
        ]
      },
      "properties": {
        "junction_id": 36393,
        "veh_id": 11228,
        "sim_time_s": 1477.3,
        "tier": "coord-prearm-harmony/SHOCKWAVE",
        "prearm_status": "fired",
        "focus_role": "none"
      }
    },
    {
      "type": "Feature",
      "geometry": {
        "type": "Point",
        "coordinates": [
          500729.11398667214,
          6965002.083598356
        ]
      },
      "properties": {
        "junction_id": 36393,
        "veh_id": 11215,
        "sim_time_s": 1482.8,
        "tier": "track-zone",
        "prearm_status": "",
        "focus_role": "none"
      }
    },
    {
      "type": "Feature",
      "geometry": {
        "type": "Point",
        "coordinates": [
          500551.0497261744,
          6965572.255855119
        ]
      },
      "properties": {
        "junction_id": 10157950,
        "veh_id": 11239,
        "sim_time_s": 1488.2,
        "tier": "track-zone",
        "prearm_status": "",
        "focus_role": "none"
      }
    },
    {
      "type": "Feature",
      "geometry": {
        "type": "Point",
        "coordinates": [
          0.0,
          0.0
        ]
      },
      "properties": {
        "junction_id": 36393,
        "veh_id": 11228,
        "sim_time_s": 1489.5,
        "tier": "harmony-ins-local",
        "prearm_status": "action",
        "focus_role": "none"
      }
    },
    {
      "type": "Feature",
      "geometry": {
        "type": "Point",
        "coordinates": [
          500684.09878133226,
          6964756.319799705
        ]
      },
      "properties": {
        "junction_id": 36393,
        "veh_id": 11228,
        "sim_time_s": 1489.5,
        "tier": "coord-prearm-success/SHOCKWAVE",
        "prearm_status": "success",
        "focus_role": "none"
      }
    },
    {
      "type": "Feature",
      "geometry": {
        "type": "Point",
        "coordinates": [
          500711.4115328561,
          6964889.2706382
        ]
      },
      "properties": {
        "junction_id": 39590,
        "veh_id": 11228,
        "sim_time_s": 1491.8,
        "tier": "coord-prearm-harmony/SHOCKWAVE",
        "prearm_status": "fired",
        "focus_role": "none"
      }
    },
    {
      "type": "Feature",
      "geometry": {
        "type": "Point",
        "coordinates": [
          0.0,
          0.0
        ]
      },
      "properties": {
        "junction_id": 39590,
        "veh_id": 11228,
        "sim_time_s": 1492.2,
        "tier": "harmony-no-ge-local",
        "prearm_status": "skip",
        "focus_role": "none"
      }
    },
    {
      "type": "Feature",
      "geometry": {
        "type": "Point",
        "coordinates": [
          500715.9750991549,
          6965021.284129771
        ]
      },
      "properties": {
        "junction_id": 36385,
        "veh_id": 11258,
        "sim_time_s": 1497.6,
        "tier": "coord-prearm-missed/SHOCKWAVE",
        "prearm_status": "missed",
        "focus_role": "none"
      }
    },
    {
      "type": "Feature",
      "geometry": {
        "type": "Point",
        "coordinates": [
          500713.08017314266,
          6964896.698080801
        ]
      },
      "properties": {
        "junction_id": 36385,
        "veh_id": 11215,
        "sim_time_s": 1505.7,
        "tier": "IC-detect-far",
        "prearm_status": "",
        "focus_role": "none"
      }
    },
    {
      "type": "Feature",
      "geometry": {
        "type": "Point",
        "coordinates": [
          500715.87288162875,
          6965004.016673272
        ]
      },
      "properties": {
        "junction_id": 39593,
        "veh_id": 11211,
        "sim_time_s": 1516.5,
        "tier": "track-zone",
        "prearm_status": "",
        "focus_role": "none"
      }
    },
    {
      "type": "Feature",
      "geometry": {
        "type": "Point",
        "coordinates": [
          500701.1292936747,
          6964929.946360181
        ]
      },
      "properties": {
        "junction_id": 39593,
        "veh_id": 11258,
        "sim_time_s": 1530.0,
        "tier": "track-zone",
        "prearm_status": "",
        "focus_role": "none"
      }
    },
    {
      "type": "Feature",
      "geometry": {
        "type": "Point",
        "coordinates": [
          0.0,
          0.0
        ]
      },
      "properties": {
        "junction_id": 39587,
        "veh_id": 11239,
        "sim_time_s": 1538.1,
        "tier": "harmony-no-ge-local",
        "prearm_status": "skip",
        "focus_role": "none"
      }
    },
    {
      "type": "Feature",
      "geometry": {
        "type": "Point",
        "coordinates": [
          499970.64420226775,
          6966781.278590028
        ]
      },
      "properties": {
        "junction_id": 11118289,
        "veh_id": 11248,
        "sim_time_s": 1542.2,
        "tier": "track-zone",
        "prearm_status": "",
        "focus_role": "none"
      }
    },
    {
      "type": "Feature",
      "geometry": {
        "type": "Point",
        "coordinates": [
          500715.87288162875,
          6965004.016673272
        ]
      },
      "properties": {
        "junction_id": 36393,
        "veh_id": 11211,
        "sim_time_s": 1543.5,
        "tier": "track-zone",
        "prearm_status": "",
        "focus_role": "none"
      }
    },
    {
      "type": "Feature",
      "geometry": {
        "type": "Point",
        "coordinates": [
          500689.4857456324,
          6964555.650381622
        ]
      },
      "properties": {
        "junction_id": 39590,
        "veh_id": 11247,
        "sim_time_s": 1543.5,
        "tier": "track-zone",
        "prearm_status": "",
        "focus_role": "none"
      }
    },
    {
      "type": "Feature",
      "geometry": {
        "type": "Point",
        "coordinates": [
          500193.3557134846,
          6965100.9921698645
        ]
      },
      "properties": {
        "junction_id": 39593,
        "veh_id": 11232,
        "sim_time_s": 1544.0,
        "tier": "IC-detect",
        "prearm_status": "",
        "focus_role": "none"
      }
    },
    {
      "type": "Feature",
      "geometry": {
        "type": "Point",
        "coordinates": [
          500715.87288162875,
          6965004.016673272
        ]
      },
      "properties": {
        "junction_id": 36385,
        "veh_id": 11211,
        "sim_time_s": 1548.9,
        "tier": "IC-detect",
        "prearm_status": "",
        "focus_role": "none"
      }
    },
    {
      "type": "Feature",
      "geometry": {
        "type": "Point",
        "coordinates": [
          500293.9695833664,
          6965084.996793089
        ]
      },
      "properties": {
        "junction_id": 36385,
        "veh_id": 11232,
        "sim_time_s": 1551.6,
        "tier": "IC-detect",
        "prearm_status": "",
        "focus_role": "none"
      }
    },
    {
      "type": "Feature",
      "geometry": {
        "type": "Point",
        "coordinates": [
          500696.94722910493,
          6964513.271434706
        ]
      },
      "properties": {
        "junction_id": 36393,
        "veh_id": 11247,
        "sim_time_s": 1565.1,
        "tier": "track-zone",
        "prearm_status": "",
        "focus_role": "none"
      }
    },
    {
      "type": "Feature",
      "geometry": {
        "type": "Point",
        "coordinates": [
          500756.59727603965,
          6964319.360583135
        ]
      },
      "properties": {
        "junction_id": 39590,
        "veh_id": 11228,
        "sim_time_s": 1565.5,
        "tier": "coord-prearm-missed/SHOCKWAVE",
        "prearm_status": "missed",
        "focus_role": "none"
      }
    },
    {
      "type": "Feature",
      "geometry": {
        "type": "Point",
        "coordinates": [
          0.0,
          0.0
        ]
      },
      "properties": {
        "junction_id": 39572,
        "veh_id": 11248,
        "sim_time_s": 1566.5,
        "tier": "harmony-ins-local",
        "prearm_status": "action",
        "focus_role": "none"
      }
    },
    {
      "type": "Feature",
      "geometry": {
        "type": "Point",
        "coordinates": [
          500611.8810011542,
          6965398.661623907
        ]
      },
      "properties": {
        "junction_id": 39593,
        "veh_id": 11239,
        "sim_time_s": 1570.5,
        "tier": "track-zone",
        "prearm_status": "",
        "focus_role": "none"
      }
    },
    {
      "type": "Feature",
      "geometry": {
        "type": "Point",
        "coordinates": [
          500650.12705934333,
          6965252.410938914
        ]
      },
      "properties": {
        "junction_id": 36385,
        "veh_id": 11239,
        "sim_time_s": 1580.0,
        "tier": "track-zone",
        "prearm_status": "",
        "focus_role": "none"
      }
    },
    {
      "type": "Feature",
      "geometry": {
        "type": "Point",
        "coordinates": [
          500010.35349993024,
          6966674.057065659
        ]
      },
      "properties": {
        "junction_id": 39569,
        "veh_id": 11248,
        "sim_time_s": 1580.0,
        "tier": "track-zone",
        "prearm_status": "",
        "focus_role": "none"
      }
    },
    {
      "type": "Feature",
      "geometry": {
        "type": "Point",
        "coordinates": [
          0.0,
          0.0
        ]
      },
      "properties": {
        "junction_id": 39593,
        "veh_id": 11239,
        "sim_time_s": 1582.7,
        "tier": "harmony-no-ge-local",
        "prearm_status": "skip",
        "focus_role": "none"
      }
    },
    {
      "type": "Feature",
      "geometry": {
        "type": "Point",
        "coordinates": [
          500687.34227695037,
          6965098.9040771695
        ]
      },
      "properties": {
        "junction_id": 10157950,
        "veh_id": 11258,
        "sim_time_s": 1588.0,
        "tier": "track-zone",
        "prearm_status": "",
        "focus_role": "none"
      }
    },
    {
      "type": "Feature",
      "geometry": {
        "type": "Point",
        "coordinates": [
          500735.13541621226,
          6964397.08655881
        ]
      },
      "properties": {
        "junction_id": 39606,
        "veh_id": 11247,
        "sim_time_s": 1590.8,
        "tier": "track-zone",
        "prearm_status": "",
        "focus_role": "none"
      }
    },
    {
      "type": "Feature",
      "geometry": {
        "type": "Point",
        "coordinates": [
          500012.38885156356,
          6966668.991883687
        ]
      },
      "properties": {
        "junction_id": 39568,
        "veh_id": 11248,
        "sim_time_s": 1592.1,
        "tier": "track-zone",
        "prearm_status": "",
        "focus_role": "none"
      }
    },
    {
      "type": "Feature",
      "geometry": {
        "type": "Point",
        "coordinates": [
          0.0,
          0.0
        ]
      },
      "properties": {
        "junction_id": 39593,
        "veh_id": 11258,
        "sim_time_s": 1592.1,
        "tier": "harmony-no-ge-local",
        "prearm_status": "skip",
        "focus_role": "none"
      }
    },
    {
      "type": "Feature",
      "geometry": {
        "type": "Point",
        "coordinates": [
          500666.7746178014,
          6965177.410287694
        ]
      },
      "properties": {
        "junction_id": 1119660,
        "veh_id": 11258,
        "sim_time_s": 1593.5,
        "tier": "track-zone",
        "prearm_status": "",
        "focus_role": "none"
      }
    },
    {
      "type": "Feature",
      "geometry": {
        "type": "Point",
        "coordinates": [
          500640.0065028097,
          6965239.090394523
        ]
      },
      "properties": {
        "junction_id": 39587,
        "veh_id": 11258,
        "sim_time_s": 1597.5,
        "tier": "track-zone",
        "prearm_status": "",
        "focus_role": "none"
      }
    },
    {
      "type": "Feature",
      "geometry": {
        "type": "Point",
        "coordinates": [
          500689.03479756706,
          6964566.963612793
        ]
      },
      "properties": {
        "junction_id": 36393,
        "veh_id": 11215,
        "sim_time_s": 1602.9,
        "tier": "IC-detect",
        "prearm_status": "",
        "focus_role": "none"
      }
    },
    {
      "type": "Feature",
      "geometry": {
        "type": "Point",
        "coordinates": [
          500689.43493067654,
          6964555.341336649
        ]
      },
      "properties": {
        "junction_id": 39590,
        "veh_id": 11215,
        "sim_time_s": 1605.6,
        "tier": "track-zone",
        "prearm_status": "",
        "focus_role": "none"
      }
    },
    {
      "type": "Feature",
      "geometry": {
        "type": "Point",
        "coordinates": [
          500683.1914383341,
          6964577.080023772
        ]
      },
      "properties": {
        "junction_id": 36393,
        "veh_id": 11228,
        "sim_time_s": 1609.7,
        "tier": "IC-detect",
        "prearm_status": "",
        "focus_role": "none"
      }
    },
    {
      "type": "Feature",
      "geometry": {
        "type": "Point",
        "coordinates": [
          0.0,
          0.0
        ]
      },
      "properties": {
        "junction_id": 39587,
        "veh_id": 11258,
        "sim_time_s": 1609.7,
        "tier": "harmony-no-ge-local",
        "prearm_status": "skip",
        "focus_role": "none"
      }
    },
    {
      "type": "Feature",
      "geometry": {
        "type": "Point",
        "coordinates": [
          500573.9458543374,
          6965469.001832116
        ]
      },
      "properties": {
        "junction_id": 39576,
        "veh_id": 11258,
        "sim_time_s": 1612.3,
        "tier": "track-zone",
        "prearm_status": "",
        "focus_role": "none"
      }
    },
    {
      "type": "Feature",
      "geometry": {
        "type": "Point",
        "coordinates": [
          0.0,
          0.0
        ]
      },
      "properties": {
        "junction_id": 39576,
        "veh_id": 11258,
        "sim_time_s": 1629.9,
        "tier": "harmony-no-ge-local",
        "prearm_status": "skip",
        "focus_role": "none"
      }
    },
    {
      "type": "Feature",
      "geometry": {
        "type": "Point",
        "coordinates": [
          0.0,
          0.0
        ]
      },
      "properties": {
        "junction_id": 36385,
        "veh_id": 11239,
        "sim_time_s": 1631.2,
        "tier": "harmony-no-ge-local",
        "prearm_status": "skip",
        "focus_role": "none"
      }
    },
    {
      "type": "Feature",
      "geometry": {
        "type": "Point",
        "coordinates": [
          500491.96903788164,
          6965688.293755111
        ]
      },
      "properties": {
        "junction_id": 39578,
        "veh_id": 11258,
        "sim_time_s": 1632.6,
        "tier": "track-zone",
        "prearm_status": "",
        "focus_role": "none"
      }
    },
    {
      "type": "Feature",
      "geometry": {
        "type": "Point",
        "coordinates": [
          500728.84836783144,
          6964989.407945717
        ]
      },
      "properties": {
        "junction_id": 36393,
        "veh_id": 11239,
        "sim_time_s": 1635.3,
        "tier": "track-zone",
        "prearm_status": "",
        "focus_role": "none"
      }
    },
    {
      "type": "Feature",
      "geometry": {
        "type": "Point",
        "coordinates": [
          500753.46360501746,
          6964359.349447863
        ]
      },
      "properties": {
        "junction_id": 39590,
        "veh_id": 11247,
        "sim_time_s": 1663.7,
        "tier": "IC-detect",
        "prearm_status": "",
        "focus_role": "none"
      }
    },
    {
      "type": "Feature",
      "geometry": {
        "type": "Point",
        "coordinates": [
          0.0,
          0.0
        ]
      },
      "properties": {
        "junction_id": 36385,
        "veh_id": 11232,
        "sim_time_s": 1667.7,
        "tier": "harmony-ins-local",
        "prearm_status": "action",
        "focus_role": "none"
      }
    },
    {
      "type": "Feature",
      "geometry": {
        "type": "Point",
        "coordinates": [
          0.0,
          0.0
        ]
      },
      "properties": {
        "junction_id": 39569,
        "veh_id": 11248,
        "sim_time_s": 1670.4,
        "tier": "harmony-ins-local",
        "prearm_status": "action",
        "focus_role": "none"
      }
    },
    {
      "type": "Feature",
      "geometry": {
        "type": "Point",
        "coordinates": [
          0.0,
          0.0
        ]
      },
      "properties": {
        "junction_id": 39578,
        "veh_id": 11258,
        "sim_time_s": 1673.1,
        "tier": "harmony-ge-local",
        "prearm_status": "action",
        "focus_role": "none"
      }
    },
    {
      "type": "Feature",
      "geometry": {
        "type": "Point",
        "coordinates": [
          500728.97194257425,
          6964991.631497472
        ]
      },
      "properties": {
        "junction_id": 36393,
        "veh_id": 11232,
        "sim_time_s": 1674.5,
        "tier": "track-zone",
        "prearm_status": "",
        "focus_role": "none"
      }
    },
    {
      "type": "Feature",
      "geometry": {
        "type": "Point",
        "coordinates": [
          500132.4527865598,
          6966426.475984742
        ]
      },
      "properties": {
        "junction_id": 1043762,
        "veh_id": 11248,
        "sim_time_s": 1674.5,
        "tier": "track-zone",
        "prearm_status": "",
        "focus_role": "none"
      }
    },
    {
      "type": "Feature",
      "geometry": {
        "type": "Point",
        "coordinates": [
          0.0,
          0.0
        ]
      },
      "properties": {
        "junction_id": 39590,
        "veh_id": 11247,
        "sim_time_s": 1679.8,
        "tier": "harmony-no-ge-local",
        "prearm_status": "skip",
        "focus_role": "none"
      }
    },
    {
      "type": "Feature",
      "geometry": {
        "type": "Point",
        "coordinates": [
          500390.82950574893,
          6966049.572582443
        ]
      },
      "properties": {
        "junction_id": 1043762,
        "veh_id": 11258,
        "sim_time_s": 1685.2,
        "tier": "track-zone",
        "prearm_status": "",
        "focus_role": "none"
      }
    },
    {
      "type": "Feature",
      "geometry": {
        "type": "Point",
        "coordinates": [
          500718.9381242957,
          6964429.734548952
        ]
      },
      "properties": {
        "junction_id": 39590,
        "veh_id": 11228,
        "sim_time_s": 1685.7,
        "tier": "IC-detect-far",
        "prearm_status": "",
        "focus_role": "none"
      }
    },
    {
      "type": "Feature",
      "geometry": {
        "type": "Point",
        "coordinates": [
          500729.80475418764,
          6964410.396601447
        ]
      },
      "properties": {
        "junction_id": 39606,
        "veh_id": 11215,
        "sim_time_s": 1686.6,
        "tier": "track-zone",
        "prearm_status": "",
        "focus_role": "none"
      }
    },
    {
      "type": "Feature",
      "geometry": {
        "type": "Point",
        "coordinates": [
          499513.7391871155,
          6966653.376759732
        ]
      },
      "properties": {
        "junction_id": 39572,
        "veh_id": 11216,
        "sim_time_s": 1692.9,
        "tier": "IC-detect",
        "prearm_status": "",
        "focus_role": "none"
      }
    },
    {
      "type": "Feature",
      "geometry": {
        "type": "Point",
        "coordinates": [
          0.0,
          0.0
        ]
      },
      "properties": {
        "junction_id": 39606,
        "veh_id": 11247,
        "sim_time_s": 1694.7,
        "tier": "harmony-no-ge-local",
        "prearm_status": "skip",
        "focus_role": "none"
      }
    },
    {
      "type": "Feature",
      "geometry": {
        "type": "Point",
        "coordinates": [
          500730.1408955666,
          6964406.823641311
        ]
      },
      "properties": {
        "junction_id": 39606,
        "veh_id": 11228,
        "sim_time_s": 1696.0,
        "tier": "track-zone",
        "prearm_status": "",
        "focus_role": "none"
      }
    },
    {
      "type": "Feature",
      "geometry": {
        "type": "Point",
        "coordinates": [
          0.0,
          0.0
        ]
      },
      "properties": {
        "junction_id": 1043762,
        "veh_id": 11258,
        "sim_time_s": 1697.4,
        "tier": "harmony-ge-local",
        "prearm_status": "action",
        "focus_role": "none"
      }
    },
    {
      "type": "Feature",
      "geometry": {
        "type": "Point",
        "coordinates": [
          500247.43015695876,
          6966208.066486001
        ]
      },
      "properties": {
        "junction_id": 39569,
        "veh_id": 11258,
        "sim_time_s": 1699.7,
        "tier": "coord-prearm-harmony/SHOCKWAVE",
        "prearm_status": "fired",
        "focus_role": "none"
      }
    },
    {
      "type": "Feature",
      "geometry": {
        "type": "Point",
        "coordinates": [
          500352.6157837277,
          6966093.679538209
        ]
      },
      "properties": {
        "junction_id": 39578,
        "veh_id": 11248,
        "sim_time_s": 1700.1,
        "tier": "track-section",
        "prearm_status": "",
        "focus_role": "none"
      }
    },
    {
      "type": "Feature",
      "geometry": {
        "type": "Point",
        "coordinates": [
          499759.8089646614,
          6966605.501019687
        ]
      },
      "properties": {
        "junction_id": 39568,
        "veh_id": 11216,
        "sim_time_s": 1708.2,
        "tier": "track-zone",
        "prearm_status": "",
        "focus_role": "none"
      }
    },
    {
      "type": "Feature",
      "geometry": {
        "type": "Point",
        "coordinates": [
          0.0,
          0.0
        ]
      },
      "properties": {
        "junction_id": 39606,
        "veh_id": 11215,
        "sim_time_s": 1713.6,
        "tier": "harmony-no-ge-local",
        "prearm_status": "skip",
        "focus_role": "none"
      }
    },
    {
      "type": "Feature",
      "geometry": {
        "type": "Point",
        "coordinates": [
          0.0,
          0.0
        ]
      },
      "properties": {
        "junction_id": 36393,
        "veh_id": 11239,
        "sim_time_s": 1713.6,
        "tier": "harmony-no-ge-local",
        "prearm_status": "skip",
        "focus_role": "none"
      }
    },
    {
      "type": "Feature",
      "geometry": {
        "type": "Point",
        "coordinates": [
          499885.7538031884,
          6966545.369520336
        ]
      },
      "properties": {
        "junction_id": 39569,
        "veh_id": 11216,
        "sim_time_s": 1717.7,
        "tier": "track-zone",
        "prearm_status": "",
        "focus_role": "none"
      }
    },
    {
      "type": "Feature",
      "geometry": {
        "type": "Point",
        "coordinates": [
          500923.6466110585,
          6965248.119693731
        ]
      },
      "properties": {
        "junction_id": 39593,
        "veh_id": 11243,
        "sim_time_s": 1724.0,
        "tier": "IC-detect-far",
        "prearm_status": "",
        "focus_role": "none"
      }
    },
    {
      "type": "Feature",
      "geometry": {
        "type": "Point",
        "coordinates": [
          0.0,
          0.0
        ]
      },
      "properties": {
        "junction_id": 36393,
        "veh_id": 11232,
        "sim_time_s": 1728.5,
        "tier": "harmony-no-ge-local",
        "prearm_status": "skip",
        "focus_role": "none"
      }
    },
    {
      "type": "Feature",
      "geometry": {
        "type": "Point",
        "coordinates": [
          0.0,
          0.0
        ]
      },
      "properties": {
        "junction_id": 39569,
        "veh_id": 11258,
        "sim_time_s": 1730.7,
        "tier": "harmony-ins-local",
        "prearm_status": "action",
        "focus_role": "none"
      }
    },
    {
      "type": "Feature",
      "geometry": {
        "type": "Point",
        "coordinates": [
          500105.3249690746,
          6966447.427635935
        ]
      },
      "properties": {
        "junction_id": 39569,
        "veh_id": 11258,
        "sim_time_s": 1730.7,
        "tier": "coord-prearm-success/SHOCKWAVE",
        "prearm_status": "success",
        "focus_role": "none"
      }
    },
    {
      "type": "Feature",
      "geometry": {
        "type": "Point",
        "coordinates": [
          0.0,
          0.0
        ]
      },
      "properties": {
        "junction_id": 39578,
        "veh_id": 11248,
        "sim_time_s": 1735.2,
        "tier": "harmony-no-ge-local",
        "prearm_status": "skip",
        "focus_role": "none"
      }
    },
    {
      "type": "Feature",
      "geometry": {
        "type": "Point",
        "coordinates": [
          500522.5040249462,
          6965940.814568514
        ]
      },
      "properties": {
        "junction_id": 39576,
        "veh_id": 11248,
        "sim_time_s": 1736.5,
        "tier": "track-zone",
        "prearm_status": "",
        "focus_role": "none"
      }
    },
    {
      "type": "Feature",
      "geometry": {
        "type": "Point",
        "coordinates": [
          0.0,
          0.0
        ]
      },
      "properties": {
        "junction_id": 39606,
        "veh_id": 11228,
        "sim_time_s": 1737.9,
        "tier": "harmony-no-ge-local",
        "prearm_status": "skip",
        "focus_role": "none"
      }
    },
    {
      "type": "Feature",
      "geometry": {
        "type": "Point",
        "coordinates": [
          500128.9030961586,
          6966436.690066698
        ]
      },
      "properties": {
        "junction_id": 1043762,
        "veh_id": 11216,
        "sim_time_s": 1750.0,
        "tier": "track-zone",
        "prearm_status": "",
        "focus_role": "none"
      }
    },
    {
      "type": "Feature",
      "geometry": {
        "type": "Point",
        "coordinates": [
          500127.39450163435,
          6966420.122159305
        ]
      },
      "properties": {
        "junction_id": 39572,
        "veh_id": 11258,
        "sim_time_s": 1754.5,
        "tier": "coord-prearm-harmony/SHOCKWAVE",
        "prearm_status": "fired",
        "focus_role": "none"
      }
    },
    {
      "type": "Feature",
      "geometry": {
        "type": "Point",
        "coordinates": [
          0.0,
          0.0
        ]
      },
      "properties": {
        "junction_id": 39572,
        "veh_id": 11258,
        "sim_time_s": 1755.0,
        "tier": "harmony-ge-local",
        "prearm_status": "action",
        "focus_role": "none"
      }
    },
    {
      "type": "Feature",
      "geometry": {
        "type": "Point",
        "coordinates": [
          500012.255683675,
          6966653.44887729
        ]
      },
      "properties": {
        "junction_id": 39572,
        "veh_id": 11258,
        "sim_time_s": 1755.0,
        "tier": "coord-prearm-success/SHOCKWAVE",
        "prearm_status": "success",
        "focus_role": "none"
      }
    },
    {
      "type": "Feature",
      "geometry": {
        "type": "Point",
        "coordinates": [
          500689.7592106211,
          6964550.419291194
        ]
      },
      "properties": {
        "junction_id": 39590,
        "veh_id": 11239,
        "sim_time_s": 1758.2,
        "tier": "track-zone",
        "prearm_status": "",
        "focus_role": "none"
      }
    },
    {
      "type": "Feature",
      "geometry": {
        "type": "Point",
        "coordinates": [
          0.0,
          0.0
        ]
      },
      "properties": {
        "junction_id": 1043762,
        "veh_id": 11216,
        "sim_time_s": 1764.9,
        "tier": "harmony-no-ge-local",
        "prearm_status": "skip",
        "focus_role": "none"
      }
    },
    {
      "type": "Feature",
      "geometry": {
        "type": "Point",
        "coordinates": [
          500683.9739219905,
          6964548.494790619
        ]
      },
      "properties": {
        "junction_id": 39590,
        "veh_id": 11232,
        "sim_time_s": 1777.0,
        "tier": "track-zone",
        "prearm_status": "",
        "focus_role": "none"
      }
    },
    {
      "type": "Feature",
      "geometry": {
        "type": "Point",
        "coordinates": [
          500362.6109704554,
          6966091.416381106
        ]
      },
      "properties": {
        "junction_id": 39578,
        "veh_id": 11216,
        "sim_time_s": 1778.4,
        "tier": "track-section",
        "prearm_status": "",
        "focus_role": "none"
      }
    },
    {
      "type": "Feature",
      "geometry": {
        "type": "Point",
        "coordinates": [
          0.0,
          0.0
        ]
      },
      "properties": {
        "junction_id": 39576,
        "veh_id": 11248,
        "sim_time_s": 1782.5,
        "tier": "harmony-ins-local",
        "prearm_status": "action",
        "focus_role": "none"
      }
    },
    {
      "type": "Feature",
      "geometry": {
        "type": "Point",
        "coordinates": [
          0.0,
          0.0
        ]
      },
      "properties": {
        "junction_id": 39578,
        "veh_id": 11216,
        "sim_time_s": 1791.9,
        "tier": "harmony-ins-local",
        "prearm_status": "action",
        "focus_role": "none"
      }
    },
    {
      "type": "Feature",
      "geometry": {
        "type": "Point",
        "coordinates": [
          500527.74277867406,
          6965936.877325357
        ]
      },
      "properties": {
        "junction_id": 39576,
        "veh_id": 11216,
        "sim_time_s": 1793.2,
        "tier": "track-zone",
        "prearm_status": "",
        "focus_role": "none"
      }
    },
    {
      "type": "Feature",
      "geometry": {
        "type": "Point",
        "coordinates": [
          500726.136421743,
          6964394.406057047
        ]
      },
      "properties": {
        "junction_id": 39606,
        "veh_id": 11232,
        "sim_time_s": 1793.2,
        "tier": "track-zone",
        "prearm_status": "",
        "focus_role": "none"
      }
    },
    {
      "type": "Feature",
      "geometry": {
        "type": "Point",
        "coordinates": [
          500949.53229003365,
          6964036.232777647
        ]
      },
      "properties": {
        "junction_id": 39606,
        "veh_id": 11259,
        "sim_time_s": 1800.0,
        "tier": "track-section",
        "prearm_status": "",
        "focus_role": "none"
      }
    },
    {
      "type": "Feature",
      "geometry": {
        "type": "Point",
        "coordinates": [
          500882.27657825965,
          6964126.096375736
        ]
      },
      "properties": {
        "junction_id": 39590,
        "veh_id": 11259,
        "sim_time_s": 1806.8,
        "tier": "track-zone",
        "prearm_status": "",
        "focus_role": "none"
      }
    },
    {
      "type": "Feature",
      "geometry": {
        "type": "Point",
        "coordinates": [
          500079.1104111234,
          6966483.027140083
        ]
      },
      "properties": {
        "junction_id": 39568,
        "veh_id": 11258,
        "sim_time_s": 1808.1,
        "tier": "track-zone",
        "prearm_status": "",
        "focus_role": "none"
      }
    },
    {
      "type": "Feature",
      "geometry": {
        "type": "Point",
        "coordinates": [
          500084.185880022,
          6967502.017553729
        ]
      },
      "properties": {
        "junction_id": 38339,
        "veh_id": 11249,
        "sim_time_s": 1808.1,
        "tier": "IC-detect",
        "prearm_status": "",
        "focus_role": "none"
      }
    },
    {
      "type": "Feature",
      "geometry": {
        "type": "Point",
        "coordinates": [
          0.0,
          0.0
        ]
      },
      "properties": {
        "junction_id": 39606,
        "veh_id": 11259,
        "sim_time_s": 1810.8,
        "tier": "harmony-no-ge-local",
        "prearm_status": "skip",
        "focus_role": "none"
      }
    },
    {
      "type": "Feature",
      "geometry": {
        "type": "Point",
        "coordinates": [
          0.0,
          0.0
        ]
      },
      "properties": {
        "junction_id": 39590,
        "veh_id": 11232,
        "sim_time_s": 1835.1,
        "tier": "harmony-no-ge-local",
        "prearm_status": "skip",
        "focus_role": "none"
      }
    },
    {
      "type": "Feature",
      "geometry": {
        "type": "Point",
        "coordinates": [
          500730.3214170883,
          6964408.967383469
        ]
      },
      "properties": {
        "junction_id": 39606,
        "veh_id": 11239,
        "sim_time_s": 1839.2,
        "tier": "track-zone",
        "prearm_status": "",
        "focus_role": "none"
      }
    },
    {
      "type": "Feature",
      "geometry": {
        "type": "Point",
        "coordinates": [
          500894.0934033791,
          6965237.39621645
        ]
      },
      "properties": {
        "junction_id": 39593,
        "veh_id": 11243,
        "sim_time_s": 1844.1,
        "tier": "IC-detect-far",
        "prearm_status": "",
        "focus_role": "none"
      }
    },
    {
      "type": "Feature",
      "geometry": {
        "type": "Point",
        "coordinates": [
          500512.73026817635,
          6965701.064259943
        ]
      },
      "properties": {
        "junction_id": 39587,
        "veh_id": 11248,
        "sim_time_s": 1845.9,
        "tier": "track-zone",
        "prearm_status": "",
        "focus_role": "none"
      }
    },
    {
      "type": "Feature",
      "geometry": {
        "type": "Point",
        "coordinates": [
          0.0,
          0.0
        ]
      },
      "properties": {
        "junction_id": 39590,
        "veh_id": 11259,
        "sim_time_s": 1847.2,
        "tier": "harmony-no-ge-local",
        "prearm_status": "skip",
        "focus_role": "none"
      }
    },
    {
      "type": "Feature",
      "geometry": {
        "type": "Point",
        "coordinates": [
          500518.52296638594,
          6965649.108484838
        ]
      },
      "properties": {
        "junction_id": 1119660,
        "veh_id": 11248,
        "sim_time_s": 1851.3,
        "tier": "track-zone",
        "prearm_status": "",
        "focus_role": "none"
      }
    },
    {
      "type": "Feature",
      "geometry": {
        "type": "Point",
        "coordinates": [
          500018.2791116395,
          6966619.42680045
        ]
      },
      "properties": {
        "junction_id": 11118289,
        "veh_id": 11258,
        "sim_time_s": 1860.8,
        "tier": "track-zone",
        "prearm_status": "",
        "focus_role": "none"
      }
    },
    {
      "type": "Feature",
      "geometry": {
        "type": "Point",
        "coordinates": [
          500944.9447878869,
          6964037.987153907
        ]
      },
      "properties": {
        "junction_id": 39606,
        "veh_id": 11235,
        "sim_time_s": 1862.5,
        "tier": "IC-detect",
        "prearm_status": "",
        "focus_role": "none"
      }
    },
    {
      "type": "Feature",
      "geometry": {
        "type": "Point",
        "coordinates": [
          499964.8583295523,
          6967097.568048106
        ]
      },
      "properties": {
        "junction_id": 11118289,
        "veh_id": 11249,
        "sim_time_s": 1874.2,
        "tier": "track-zone",
        "prearm_status": "",
        "focus_role": "none"
      }
    },
    {
      "type": "Feature",
      "geometry": {
        "type": "Point",
        "coordinates": [
          499963.5846694667,
          6966787.93930489
        ]
      },
      "properties": {
        "junction_id": 38339,
        "veh_id": 11258,
        "sim_time_s": 1875.6,
        "tier": "track-zone",
        "prearm_status": "",
        "focus_role": "none"
      }
    },
    {
      "type": "Feature",
      "geometry": {
        "type": "Point",
        "coordinates": [
          500752.4219320087,
          6964356.167717701
        ]
      },
      "properties": {
        "junction_id": 39590,
        "veh_id": 11239,
        "sim_time_s": 1878.3,
        "tier": "IC-detect",
        "prearm_status": "",
        "focus_role": "none"
      }
    },
    {
      "type": "Feature",
      "geometry": {
        "type": "Point",
        "coordinates": [
          0.0,
          0.0
        ]
      },
      "properties": {
        "junction_id": 39590,
        "veh_id": 11239,
        "sim_time_s": 1878.3,
        "tier": "harmony-ins-local",
        "prearm_status": "action",
        "focus_role": "none"
      }
    },
    {
      "type": "Feature",
      "geometry": {
        "type": "Point",
        "coordinates": [
          0.0,
          0.0
        ]
      },
      "properties": {
        "junction_id": 38339,
        "veh_id": 11249,
        "sim_time_s": 1879.7,
        "tier": "harmony-ins-local",
        "prearm_status": "action",
        "focus_role": "none"
      }
    },
    {
      "type": "Feature",
      "geometry": {
        "type": "Point",
        "coordinates": [
          500675.2324287194,
          6964507.347201204
        ]
      },
      "properties": {
        "junction_id": 36393,
        "veh_id": 11259,
        "sim_time_s": 1885.0,
        "tier": "track-zone",
        "prearm_status": "",
        "focus_role": "none"
      }
    },
    {
      "type": "Feature",
      "geometry": {
        "type": "Point",
        "coordinates": [
          499961.41276244144,
          6966953.778019983
        ]
      },
      "properties": {
        "junction_id": 39568,
        "veh_id": 11249,
        "sim_time_s": 1895.8,
        "tier": "track-zone",
        "prearm_status": "",
        "focus_role": "none"
      }
    },
    {
      "type": "Feature",
      "geometry": {
        "type": "Point",
        "coordinates": [
          0.0,
          0.0
        ]
      },
      "properties": {
        "junction_id": 36393,
        "veh_id": 11259,
        "sim_time_s": 1899.9,
        "tier": "harmony-no-ge-local",
        "prearm_status": "skip",
        "focus_role": "none"
      }
    },
    {
      "type": "Feature",
      "geometry": {
        "type": "Point",
        "coordinates": [
          499963.7437385694,
          6966885.860978446
        ]
      },
      "properties": {
        "junction_id": 39572,
        "veh_id": 11249,
        "sim_time_s": 1902.6,
        "tier": "track-zone",
        "prearm_status": "",
        "focus_role": "none"
      }
    },
    {
      "type": "Feature",
      "geometry": {
        "type": "Point",
        "coordinates": [
          500547.0570524349,
          6965581.065369991
        ]
      },
      "properties": {
        "junction_id": 39576,
        "veh_id": 11248,
        "sim_time_s": 1902.6,
        "tier": "IC-detect-far",
        "prearm_status": "",
        "focus_role": "none"
      }
    },
    {
      "type": "Feature",
      "geometry": {
        "type": "Point",
        "coordinates": [
          500894.2856034394,
          6964112.517974797
        ]
      },
      "properties": {
        "junction_id": 39590,
        "veh_id": 11235,
        "sim_time_s": 1904.0,
        "tier": "track-zone",
        "prearm_status": "",
        "focus_role": "none"
      }
    },
    {
      "type": "Feature",
      "geometry": {
        "type": "Point",
        "coordinates": [
          500679.8226910762,
          6964783.846463546
        ]
      },
      "properties": {
        "junction_id": 36385,
        "veh_id": 11259,
        "sim_time_s": 1905.3,
        "tier": "track-zone",
        "prearm_status": "",
        "focus_role": "none"
      }
    },
    {
      "type": "Feature",
      "geometry": {
        "type": "Point",
        "coordinates": [
          500552.75059763034,
          6965568.7086734325
        ]
      },
      "properties": {
        "junction_id": 10157950,
        "veh_id": 11248,
        "sim_time_s": 1909.3,
        "tier": "track-zone",
        "prearm_status": "",
        "focus_role": "none"
      }
    },
    {
      "type": "Feature",
      "geometry": {
        "type": "Point",
        "coordinates": [
          0.0,
          0.0
        ]
      },
      "properties": {
        "junction_id": 39606,
        "veh_id": 11239,
        "sim_time_s": 1909.3,
        "tier": "harmony-no-ge-local",
        "prearm_status": "skip",
        "focus_role": "none"
      }
    },
    {
      "type": "Feature",
      "geometry": {
        "type": "Point",
        "coordinates": [
          500509.2078025397,
          6965728.01606847
        ]
      },
      "properties": {
        "junction_id": 39576,
        "veh_id": 11216,
        "sim_time_s": 1913.4,
        "tier": "IC-detect",
        "prearm_status": "",
        "focus_role": "none"
      }
    },
    {
      "type": "Feature",
      "geometry": {
        "type": "Point",
        "coordinates": [
          0.0,
          0.0
        ]
      },
      "properties": {
        "junction_id": 39576,
        "veh_id": 11216,
        "sim_time_s": 1913.4,
        "tier": "harmony-no-ge-local",
        "prearm_status": "skip",
        "focus_role": "none"
      }
    },
    {
      "type": "Feature",
      "geometry": {
        "type": "Point",
        "coordinates": [
          500703.2875825669,
          6964207.278496864
        ]
      },
      "properties": {
        "junction_id": 39606,
        "veh_id": 11232,
        "sim_time_s": 1914.8,
        "tier": "track-zone",
        "prearm_status": "",
        "focus_role": "none"
      }
    },
    {
      "type": "Feature",
      "geometry": {
        "type": "Point",
        "coordinates": [
          500509.50459438923,
          6965709.294852083
        ]
      },
      "properties": {
        "junction_id": 39587,
        "veh_id": 11216,
        "sim_time_s": 1916.1,
        "tier": "track-zone",
        "prearm_status": "",
        "focus_role": "none"
      }
    },
    {
      "type": "Feature",
      "geometry": {
        "type": "Point",
        "coordinates": [
          0.0,
          0.0
        ]
      },
      "properties": {
        "junction_id": 39587,
        "veh_id": 11248,
        "sim_time_s": 1917.5,
        "tier": "harmony-ins-local",
        "prearm_status": "action",
        "focus_role": "none"
      }
    },
    {
      "type": "Feature",
      "geometry": {
        "type": "Point",
        "coordinates": [
          0.0,
          0.0
        ]
      },
      "properties": {
        "junction_id": 39572,
        "veh_id": 11249,
        "sim_time_s": 1918.8,
        "tier": "harmony-no-ge-local",
        "prearm_status": "skip",
        "focus_role": "none"
      }
    },
    {
      "type": "Feature",
      "geometry": {
        "type": "Point",
        "coordinates": [
          500516.1732737122,
          6965646.629317491
        ]
      },
      "properties": {
        "junction_id": 1119660,
        "veh_id": 11216,
        "sim_time_s": 1928.2,
        "tier": "track-zone",
        "prearm_status": "",
        "focus_role": "none"
      }
    },
    {
      "type": "Feature",
      "geometry": {
        "type": "Point",
        "coordinates": [
          500859.1156024286,
          6965224.361104176
        ]
      },
      "properties": {
        "junction_id": 36385,
        "veh_id": 11243,
        "sim_time_s": 1929.6,
        "tier": "track-zone",
        "prearm_status": "",
        "focus_role": "none"
      }
    },
    {
      "type": "Feature",
      "geometry": {
        "type": "Point",
        "coordinates": [
          500611.97409326595,
          6965398.539054895
        ]
      },
      "properties": {
        "junction_id": 39593,
        "veh_id": 11248,
        "sim_time_s": 1933.7,
        "tier": "track-zone",
        "prearm_status": "",
        "focus_role": "none"
      }
    },
    {
      "type": "Feature",
      "geometry": {
        "type": "Point",
        "coordinates": [
          500833.5403706234,
          6965212.993180062
        ]
      },
      "properties": {
        "junction_id": 10157950,
        "veh_id": 11243,
        "sim_time_s": 1936.3,
        "tier": "track-zone",
        "prearm_status": "",
        "focus_role": "none"
      }
    },
    {
      "type": "Feature",
      "geometry": {
        "type": "Point",
        "coordinates": [
          500701.220025556,
          6964930.009099533
        ]
      },
      "properties": {
        "junction_id": 39593,
        "veh_id": 11259,
        "sim_time_s": 1937.7,
        "tier": "track-zone",
        "prearm_status": "",
        "focus_role": "none"
      }
    },
    {
      "type": "Feature",
      "geometry": {
        "type": "Point",
        "coordinates": [
          0.0,
          0.0
        ]
      },
      "properties": {
        "junction_id": 38339,
        "veh_id": 11258,
        "sim_time_s": 1940.0,
        "tier": "harmony-ins-local",
        "prearm_status": "action",
        "focus_role": "none"
      }
    },
    {
      "type": "Feature",
      "geometry": {
        "type": "Point",
        "coordinates": [
          500549.1862123569,
          6965569.40970191
        ]
      },
      "properties": {
        "junction_id": 10157950,
        "veh_id": 11216,
        "sim_time_s": 1944.5,
        "tier": "track-zone",
        "prearm_status": "",
        "focus_role": "none"
      }
    },
    {
      "type": "Feature",
      "geometry": {
        "type": "Point",
        "coordinates": [
          500011.04345281783,
          6966672.022985282
        ]
      },
      "properties": {
        "junction_id": 39569,
        "veh_id": 11249,
        "sim_time_s": 1956.6,
        "tier": "track-zone",
        "prearm_status": "",
        "focus_role": "none"
      }
    },
    {
      "type": "Feature",
      "geometry": {
        "type": "Point",
        "coordinates": [
          500648.22102684097,
          6965256.998158463
        ]
      },
      "properties": {
        "junction_id": 36385,
        "veh_id": 11248,
        "sim_time_s": 1960.7,
        "tier": "track-zone",
        "prearm_status": "",
        "focus_role": "none"
      }
    },
    {
      "type": "Feature",
      "geometry": {
        "type": "Point",
        "coordinates": [
          500803.6415791668,
          6965199.727796782
        ]
      },
      "properties": {
        "junction_id": 39593,
        "veh_id": 11243,
        "sim_time_s": 1964.2,
        "tier": "IC-detect",
        "prearm_status": "",
        "focus_role": "none"
      }
    },
    {
      "type": "Feature",
      "geometry": {
        "type": "Point",
        "coordinates": [
          0.0,
          0.0
        ]
      },
      "properties": {
        "junction_id": 39593,
        "veh_id": 11248,
        "sim_time_s": 1966.0,
        "tier": "harmony-no-ge-local",
        "prearm_status": "skip",
        "focus_role": "none"
      }
    },
    {
      "type": "Feature",
      "geometry": {
        "type": "Point",
        "coordinates": [
          0.0,
          0.0
        ]
      },
      "properties": {
        "junction_id": 36385,
        "veh_id": 11259,
        "sim_time_s": 1970.1,
        "tier": "harmony-no-ge-local",
        "prearm_status": "skip",
        "focus_role": "none"
      }
    },
    {
      "type": "Feature",
      "geometry": {
        "type": "Point",
        "coordinates": [
          500683.02212784195,
          6965103.055838705
        ]
      },
      "properties": {
        "junction_id": 10157950,
        "veh_id": 11259,
        "sim_time_s": 1978.2,
        "tier": "track-zone",
        "prearm_status": "",
        "focus_role": "none"
      }
    },
    {
      "type": "Feature",
      "geometry": {
        "type": "Point",
        "coordinates": [
          0.0,
          0.0
        ]
      },
      "properties": {
        "junction_id": 39590,
        "veh_id": 11235,
        "sim_time_s": 1978.2,
        "tier": "harmony-no-ge-local",
        "prearm_status": "skip",
        "focus_role": "none"
      }
    },
    {
      "type": "Feature",
      "geometry": {
        "type": "Point",
        "coordinates": [
          0.0,
          0.0
        ]
      },
      "properties": {
        "junction_id": 39593,
        "veh_id": 11259,
        "sim_time_s": 1980.9,
        "tier": "harmony-no-ge-local",
        "prearm_status": "skip",
        "focus_role": "none"
      }
    },
    {
      "type": "Feature",
      "geometry": {
        "type": "Point",
        "coordinates": [
          500659.2426667663,
          6965187.827833294
        ]
      },
      "properties": {
        "junction_id": 1119660,
        "veh_id": 11259,
        "sim_time_s": 1983.6,
        "tier": "track-zone",
        "prearm_status": "",
        "focus_role": "none"
      }
    },
    {
      "type": "Feature",
      "geometry": {
        "type": "Point",
        "coordinates": [
          500737.4988493073,
          6964340.590758511
        ]
      },
      "properties": {
        "junction_id": 39606,
        "veh_id": 11235,
        "sim_time_s": 1985.0,
        "tier": "track-zone",
        "prearm_status": "",
        "focus_role": "none"
      }
    },
    {
      "type": "Feature",
      "geometry": {
        "type": "Point",
        "coordinates": [
          500641.150257193,
          6965228.989300798
        ]
      },
      "properties": {
        "junction_id": 39587,
        "veh_id": 11259,
        "sim_time_s": 1986.3,
        "tier": "track-zone",
        "prearm_status": "",
        "focus_role": "none"
      }
    },
    {
      "type": "Feature",
      "geometry": {
        "type": "Point",
        "coordinates": [
          0.0,
          0.0
        ]
      },
      "properties": {
        "junction_id": 39587,
        "veh_id": 11216,
        "sim_time_s": 1990.3,
        "tier": "harmony-no-ge-local",
        "prearm_status": "skip",
        "focus_role": "none"
      }
    },
    {
      "type": "Feature",
      "geometry": {
        "type": "Point",
        "coordinates": [
          500607.79714755074,
          6965403.057003237
        ]
      },
      "properties": {
        "junction_id": 39593,
        "veh_id": 11216,
        "sim_time_s": 1998.5,
        "tier": "track-zone",
        "prearm_status": "",
        "focus_role": "none"
      }
    },
    {
      "type": "Feature",
      "geometry": {
        "type": "Point",
        "coordinates": [
          0.0,
          0.0
        ]
      },
      "properties": {
        "junction_id": 39587,
        "veh_id": 11259,
        "sim_time_s": 1999.8,
        "tier": "harmony-no-ge-local",
        "prearm_status": "skip",
        "focus_role": "none"
      }
    },
    {
      "type": "Feature",
      "geometry": {
        "type": "Point",
        "coordinates": [
          500571.7919028557,
          6965461.050330555
        ]
      },
      "properties": {
        "junction_id": 39576,
        "veh_id": 11259,
        "sim_time_s": 2001.2,
        "tier": "track-zone",
        "prearm_status": "",
        "focus_role": "none"
      }
    },
    {
      "type": "Feature",
      "geometry": {
        "type": "Point",
        "coordinates": [
          500644.27571511944,
          6965258.821620714
        ]
      },
      "properties": {
        "junction_id": 36385,
        "veh_id": 11216,
        "sim_time_s": 2013.3,
        "tier": "track-zone",
        "prearm_status": "",
        "focus_role": "none"
      }
    },
    {
      "type": "Feature",
      "geometry": {
        "type": "Point",
        "coordinates": [
          500076.40534436435,
          6966508.220130875
        ]
      },
      "properties": {
        "junction_id": 39568,
        "veh_id": 11249,
        "sim_time_s": 2017.3,
        "tier": "track-zone",
        "prearm_status": "",
        "focus_role": "none"
      }
    },
    {
      "type": "Feature",
      "geometry": {
        "type": "Point",
        "coordinates": [
          0.0,
          0.0
        ]
      },
      "properties": {
        "junction_id": 39576,
        "veh_id": 11259,
        "sim_time_s": 2018.7,
        "tier": "harmony-no-ge-local",
        "prearm_status": "skip",
        "focus_role": "none"
      }
    },
    {
      "type": "Feature",
      "geometry": {
        "type": "Point",
        "coordinates": [
          0.0,
          0.0
        ]
      },
      "properties": {
        "junction_id": 36385,
        "veh_id": 11248,
        "sim_time_s": 2021.4,
        "tier": "harmony-ins-local",
        "prearm_status": "action",
        "focus_role": "none"
      }
    },
    {
      "type": "Feature",
      "geometry": {
        "type": "Point",
        "coordinates": [
          500673.45132726565,
          6964518.875600018
        ]
      },
      "properties": {
        "junction_id": 36393,
        "veh_id": 11235,
        "sim_time_s": 2022.3,
        "tier": "IC-detect",
        "prearm_status": "",
        "focus_role": "none"
      }
    },
    {
      "type": "Feature",
      "geometry": {
        "type": "Point",
        "coordinates": [
          500492.03453254234,
          6965688.534124459
        ]
      },
      "properties": {
        "junction_id": 39578,
        "veh_id": 11259,
        "sim_time_s": 2022.8,
        "tier": "track-zone",
        "prearm_status": "",
        "focus_role": "none"
      }
    },
    {
      "type": "Feature",
      "geometry": {
        "type": "Point",
        "coordinates": [
          0.0,
          0.0
        ]
      },
      "properties": {
        "junction_id": 39569,
        "veh_id": 11249,
        "sim_time_s": 2036.2,
        "tier": "harmony-ins-local",
        "prearm_status": "action",
        "focus_role": "none"
      }
    },
    {
      "type": "Feature",
      "geometry": {
        "type": "Point",
        "coordinates": [
          500120.61009695026,
          6966442.782510679
        ]
      },
      "properties": {
        "junction_id": 1043762,
        "veh_id": 11249,
        "sim_time_s": 2040.3,
        "tier": "track-zone",
        "prearm_status": "",
        "focus_role": "none"
      }
    },
    {
      "type": "Feature",
      "geometry": {
        "type": "Point",
        "coordinates": [
          499457.4864258741,
          6967098.935650736
        ]
      },
      "properties": {
        "junction_id": 38339,
        "veh_id": 11223,
        "sim_time_s": 2040.3,
        "tier": "IC-detect",
        "prearm_status": "",
        "focus_role": "none"
      }
    },
    {
      "type": "Feature",
      "geometry": {
        "type": "Point",
        "coordinates": [
          500652.7778005095,
          6965239.406525683
        ]
      },
      "properties": {
        "junction_id": 1119660,
        "veh_id": 11216,
        "sim_time_s": 2049.8,
        "tier": "track-zone",
        "prearm_status": "",
        "focus_role": "none"
      }
    },
    {
      "type": "Feature",
      "geometry": {
        "type": "Point",
        "coordinates": [
          500724.45899529173,
          6965176.181382639
        ]
      },
      "properties": {
        "junction_id": 36385,
        "veh_id": 11243,
        "sim_time_s": 2051.1,
        "tier": "track-zone",
        "prearm_status": "",
        "focus_role": "none"
      }
    },
    {
      "type": "Feature",
      "geometry": {
        "type": "Point",
        "coordinates": [
          0.0,
          0.0
        ]
      },
      "properties": {
        "junction_id": 39593,
        "veh_id": 11243,
        "sim_time_s": 2052.4,
        "tier": "harmony-no-ge-local",
        "prearm_status": "skip",
        "focus_role": "none"
      }
    },
    {
      "type": "Feature",
      "geometry": {
        "type": "Point",
        "coordinates": [
          0.0,
          0.0
        ]
      },
      "properties": {
        "junction_id": 1043762,
        "veh_id": 11249,
        "sim_time_s": 2055.2,
        "tier": "harmony-no-ge-local",
        "prearm_status": "skip",
        "focus_role": "none"
      }
    },
    {
      "type": "Feature",
      "geometry": {
        "type": "Point",
        "coordinates": [
          500724.4562645055,
          6965176.180700773
        ]
      },
      "properties": {
        "junction_id": 10157950,
        "veh_id": 11243,
        "sim_time_s": 2057.8,
        "tier": "track-zone",
        "prearm_status": "",
        "focus_role": "none"
      }
    },
    {
      "type": "Feature",
      "geometry": {
        "type": "Point",
        "coordinates": [
          0.0,
          0.0
        ]
      },
      "properties": {
        "junction_id": 36393,
        "veh_id": 11235,
        "sim_time_s": 2061.9,
        "tier": "harmony-no-ge-local",
        "prearm_status": "skip",
        "focus_role": "none"
      }
    },
    {
      "type": "Feature",
      "geometry": {
        "type": "Point",
        "coordinates": [
          500696.56338079326,
          6965138.466505038
        ]
      },
      "properties": {
        "junction_id": 10157950,
        "veh_id": 11216,
        "sim_time_s": 2065.9,
        "tier": "track-zone",
        "prearm_status": "",
        "focus_role": "none"
      }
    },
    {
      "type": "Feature",
      "geometry": {
        "type": "Point",
        "coordinates": [
          500679.4638824517,
          6964775.835378232
        ]
      },
      "properties": {
        "junction_id": 36385,
        "veh_id": 11235,
        "sim_time_s": 2065.9,
        "tier": "track-zone",
        "prearm_status": "",
        "focus_role": "none"
      }
    },
    {
      "type": "Feature",
      "geometry": {
        "type": "Point",
        "coordinates": [
          0.0,
          0.0
        ]
      },
      "properties": {
        "junction_id": 39578,
        "veh_id": 11259,
        "sim_time_s": 2065.9,
        "tier": "harmony-no-ge-local",
        "prearm_status": "skip",
        "focus_role": "none"
      }
    },
    {
      "type": "Feature",
      "geometry": {
        "type": "Point",
        "coordinates": [
          500352.9706314273,
          6966096.042448889
        ]
      },
      "properties": {
        "junction_id": 39578,
        "veh_id": 11249,
        "sim_time_s": 2068.7,
        "tier": "track-section",
        "prearm_status": "",
        "focus_role": "none"
      }
    },
    {
      "type": "Feature",
      "geometry": {
        "type": "Point",
        "coordinates": [
          500400.97371041286,
          6966040.93820873
        ]
      },
      "properties": {
        "junction_id": 1043762,
        "veh_id": 11259,
        "sim_time_s": 2076.8,
        "tier": "track-zone",
        "prearm_status": "",
        "focus_role": "none"
      }
    },
    {
      "type": "Feature",
      "geometry": {
        "type": "Point",
        "coordinates": [
          0.0,
          0.0
        ]
      },
      "properties": {
        "junction_id": 39578,
        "veh_id": 11249,
        "sim_time_s": 2082.2,
        "tier": "harmony-no-ge-local",
        "prearm_status": "skip",
        "focus_role": "none"
      }
    },
    {
      "type": "Feature",
      "geometry": {
        "type": "Point",
        "coordinates": [
          500528.94360457186,
          6965933.6561856475
        ]
      },
      "properties": {
        "junction_id": 39576,
        "veh_id": 11249,
        "sim_time_s": 2083.5,
        "tier": "track-zone",
        "prearm_status": "",
        "focus_role": "none"
      }
    },
    {
      "type": "Feature",
      "geometry": {
        "type": "Point",
        "coordinates": [
          0.0,
          0.0
        ]
      },
      "properties": {
        "junction_id": 1043762,
        "veh_id": 11259,
        "sim_time_s": 2090.2,
        "tier": "harmony-ge-local",
        "prearm_status": "action",
        "focus_role": "none"
      }
    },
    {
      "type": "Feature",
      "geometry": {
        "type": "Point",
        "coordinates": [
          500232.61618692876,
          6966233.139742414
        ]
      },
      "properties": {
        "junction_id": 39569,
        "veh_id": 11259,
        "sim_time_s": 2092.9,
        "tier": "track-zone",
        "prearm_status": "",
        "focus_role": "none"
      }
    },
    {
      "type": "Feature",
      "geometry": {
        "type": "Point",
        "coordinates": [
          500232.61618692876,
          6966233.139742414
        ]
      },
      "properties": {
        "junction_id": 39569,
        "veh_id": 11259,
        "sim_time_s": 2093.4,
        "tier": "coord-prearm-harmony/SHOCKWAVE",
        "prearm_status": "fired",
        "focus_role": "none"
      }
    },
    {
      "type": "Feature",
      "geometry": {
        "type": "Point",
        "coordinates": [
          0.0,
          0.0
        ]
      },
      "properties": {
        "junction_id": 39569,
        "veh_id": 11259,
        "sim_time_s": 2096.6,
        "tier": "harmony-ins-local",
        "prearm_status": "action",
        "focus_role": "none"
      }
    },
    {
      "type": "Feature",
      "geometry": {
        "type": "Point",
        "coordinates": [
          500105.3249690746,
          6966447.427635935
        ]
      },
      "properties": {
        "junction_id": 39569,
        "veh_id": 11259,
        "sim_time_s": 2096.6,
        "tier": "coord-prearm-success/SHOCKWAVE",
        "prearm_status": "success",
        "focus_role": "none"
      }
    },
    {
      "type": "Feature",
      "geometry": {
        "type": "Point",
        "coordinates": [
          500702.16765456577,
          6964935.696269569
        ]
      },
      "properties": {
        "junction_id": 39593,
        "veh_id": 11235,
        "sim_time_s": 2097.0,
        "tier": "track-zone",
        "prearm_status": "",
        "focus_role": "none"
      }
    },
    {
      "type": "Feature",
      "geometry": {
        "type": "Point",
        "coordinates": [
          499817.4100956082,
          6967045.571058275
        ]
      },
      "properties": {
        "junction_id": 11118289,
        "veh_id": 11223,
        "sim_time_s": 2098.3,
        "tier": "track-zone",
        "prearm_status": "",
        "focus_role": "none"
      }
    },
    {
      "type": "Feature",
      "geometry": {
        "type": "Point",
        "coordinates": [
          500189.16963878897,
          6966316.743539583
        ]
      },
      "properties": {
        "junction_id": 39572,
        "veh_id": 11259,
        "sim_time_s": 2099.7,
        "tier": "coord-prearm-harmony/SHOCKWAVE",
        "prearm_status": "fired",
        "focus_role": "none"
      }
    },
    {
      "type": "Feature",
      "geometry": {
        "type": "Point",
        "coordinates": [
          0.0,
          0.0
        ]
      },
      "properties": {
        "junction_id": 39572,
        "veh_id": 11259,
        "sim_time_s": 2100.2,
        "tier": "harmony-no-ge-local",
        "prearm_status": "skip",
        "focus_role": "none"
      }
    },
    {
      "type": "Feature",
      "geometry": {
        "type": "Point",
        "coordinates": [
          0.0,
          0.0
        ]
      },
      "properties": {
        "junction_id": 38339,
        "veh_id": 11223,
        "sim_time_s": 2115.9,
        "tier": "harmony-no-ge-local",
        "prearm_status": "skip",
        "focus_role": "none"
      }
    },
    {
      "type": "Feature",
      "geometry": {
        "type": "Point",
        "coordinates": [
          500716.2912844774,
          6965084.10093003
        ]
      },
      "properties": {
        "junction_id": 39593,
        "veh_id": 11216,
        "sim_time_s": 2119.9,
        "tier": "track-zone",
        "prearm_status": "",
        "focus_role": "none"
      }
    },
    {
      "type": "Feature",
      "geometry": {
        "type": "Point",
        "coordinates": [
          499962.5744037171,
          6966942.862989483
        ]
      },
      "properties": {
        "junction_id": 39568,
        "veh_id": 11223,
        "sim_time_s": 2125.3,
        "tier": "track-zone",
        "prearm_status": "",
        "focus_role": "none"
      }
    },
    {
      "type": "Feature",
      "geometry": {
        "type": "Point",
        "coordinates": [
          500728.8940303008,
          6964988.265083376
        ]
      },
      "properties": {
        "junction_id": 36393,
        "veh_id": 11248,
        "sim_time_s": 2126.7,
        "tier": "track-zone",
        "prearm_status": "",
        "focus_role": "none"
      }
    },
    {
      "type": "Feature",
      "geometry": {
        "type": "Point",
        "coordinates": [
          499969.1375952443,
          6966897.723996347
        ]
      },
      "properties": {
        "junction_id": 39572,
        "veh_id": 11223,
        "sim_time_s": 2130.8,
        "tier": "track-zone",
        "prearm_status": "",
        "focus_role": "none"
      }
    },
    {
      "type": "Feature",
      "geometry": {
        "type": "Point",
        "coordinates": [
          500716.2912844774,
          6965084.10093003
        ]
      },
      "properties": {
        "junction_id": 36385,
        "veh_id": 11216,
        "sim_time_s": 2133.4,
        "tier": "IC-detect-far",
        "prearm_status": "",
        "focus_role": "none"
      }
    },
    {
      "type": "Feature",
      "geometry": {
        "type": "Point",
        "coordinates": [
          0.0,
          0.0
        ]
      },
      "properties": {
        "junction_id": 39576,
        "veh_id": 11249,
        "sim_time_s": 2133.4,
        "tier": "harmony-no-ge-local",
        "prearm_status": "skip",
        "focus_role": "none"
      }
    },
    {
      "type": "Feature",
      "geometry": {
        "type": "Point",
        "coordinates": [
          0.0,
          0.0
        ]
      },
      "properties": {
        "junction_id": 36385,
        "veh_id": 11235,
        "sim_time_s": 2138.8,
        "tier": "harmony-no-ge-local",
        "prearm_status": "skip",
        "focus_role": "none"
      }
    },
    {
      "type": "Feature",
      "geometry": {
        "type": "Point",
        "coordinates": [
          500729.1975049557,
          6965000.927568764
        ]
      },
      "properties": {
        "junction_id": 36393,
        "veh_id": 11216,
        "sim_time_s": 2146.9,
        "tier": "track-zone",
        "prearm_status": "",
        "focus_role": "none"
      }
    },
    {
      "type": "Feature",
      "geometry": {
        "type": "Point",
        "coordinates": [
          500684.18926370586,
          6965091.798056563
        ]
      },
      "properties": {
        "junction_id": 10157950,
        "veh_id": 11235,
        "sim_time_s": 2146.9,
        "tier": "track-zone",
        "prearm_status": "",
        "focus_role": "none"
      }
    },
    {
      "type": "Feature",
      "geometry": {
        "type": "Point",
        "coordinates": [
          500512.4177660579,
          6965707.973060536
        ]
      },
      "properties": {
        "junction_id": 39587,
        "veh_id": 11249,
        "sim_time_s": 2149.7,
        "tier": "track-zone",
        "prearm_status": "",
        "focus_role": "none"
      }
    },
    {
      "type": "Feature",
      "geometry": {
        "type": "Point",
        "coordinates": [
          500012.255683675,
          6966653.44887729
        ]
      },
      "properties": {
        "junction_id": 39572,
        "veh_id": 11259,
        "sim_time_s": 2165.8,
        "tier": "coord-prearm-missed/SHOCKWAVE",
        "prearm_status": "missed",
        "focus_role": "none"
      }
    },
    {
      "type": "Feature",
      "geometry": {
        "type": "Point",
        "coordinates": [
          0.0,
          0.0
        ]
      },
      "properties": {
        "junction_id": 36393,
        "veh_id": 11248,
        "sim_time_s": 2168.6,
        "tier": "harmony-no-ge-local",
        "prearm_status": "skip",
        "focus_role": "none"
      }
    },
    {
      "type": "Feature",
      "geometry": {
        "type": "Point",
        "coordinates": [
          500709.76589907054,
          6965171.053615332
        ]
      },
      "properties": {
        "junction_id": 36385,
        "veh_id": 11243,
        "sim_time_s": 2172.6,
        "tier": "track-zone",
        "prearm_status": "",
        "focus_role": "none"
      }
    },
    {
      "type": "Feature",
      "geometry": {
        "type": "Point",
        "coordinates": [
          500709.76589907054,
          6965171.053615332
        ]
      },
      "properties": {
        "junction_id": 39593,
        "veh_id": 11243,
        "sim_time_s": 2172.6,
        "tier": "IC-detect",
        "prearm_status": "",
        "focus_role": "none"
      }
    },
    {
      "type": "Feature",
      "geometry": {
        "type": "Point",
        "coordinates": [
          500659.6172466744,
          6965186.614877465
        ]
      },
      "properties": {
        "junction_id": 1119660,
        "veh_id": 11235,
        "sim_time_s": 2175.3,
        "tier": "track-zone",
        "prearm_status": "",
        "focus_role": "none"
      }
    },
    {
      "type": "Feature",
      "geometry": {
        "type": "Point",
        "coordinates": [
          500077.38010549574,
          6966486.583724355
        ]
      },
      "properties": {
        "junction_id": 39568,
        "veh_id": 11259,
        "sim_time_s": 2176.7,
        "tier": "track-zone",
        "prearm_status": "",
        "focus_role": "none"
      }
    },
    {
      "type": "Feature",
      "geometry": {
        "type": "Point",
        "coordinates": [
          500634.96036227595,
          6965242.313388325
        ]
      },
      "properties": {
        "junction_id": 39587,
        "veh_id": 11235,
        "sim_time_s": 2179.3,
        "tier": "track-zone",
        "prearm_status": "",
        "focus_role": "none"
      }
    },
    {
      "type": "Feature",
      "geometry": {
        "type": "Point",
        "coordinates": [
          500709.76345126855,
          6965171.052728537
        ]
      },
      "properties": {
        "junction_id": 10157950,
        "veh_id": 11243,
        "sim_time_s": 2179.3,
        "tier": "track-zone",
        "prearm_status": "",
        "focus_role": "none"
      }
    },
    {
      "type": "Feature",
      "geometry": {
        "type": "Point",
        "coordinates": [
          500518.32056432863,
          6965649.593798696
        ]
      },
      "properties": {
        "junction_id": 1119660,
        "veh_id": 11249,
        "sim_time_s": 2198.2,
        "tier": "track-zone",
        "prearm_status": "",
        "focus_role": "none"
      }
    },
    {
      "type": "Feature",
      "geometry": {
        "type": "Point",
        "coordinates": [
          500689.4991264243,
          6964555.013944557
        ]
      },
      "properties": {
        "junction_id": 39590,
        "veh_id": 11248,
        "sim_time_s": 2205.0,
        "tier": "track-zone",
        "prearm_status": "",
        "focus_role": "none"
      }
    },
    {
      "type": "Feature",
      "geometry": {
        "type": "Point",
        "coordinates": [
          500590.64780926384,
          6965398.249111822
        ]
      },
      "properties": {
        "junction_id": 39593,
        "veh_id": 11235,
        "sim_time_s": 2218.5,
        "tier": "track-zone",
        "prearm_status": "",
        "focus_role": "none"
      }
    },
    {
      "type": "Feature",
      "geometry": {
        "type": "Point",
        "coordinates": [
          499986.5138463066,
          6966730.749214135
        ]
      },
      "properties": {
        "junction_id": 11118289,
        "veh_id": 11223,
        "sim_time_s": 2219.8,
        "tier": "track-zone",
        "prearm_status": "",
        "focus_role": "none"
      }
    },
    {
      "type": "Feature",
      "geometry": {
        "type": "Point",
        "coordinates": [
          500944.51358507737,
          6964038.69291645
        ]
      },
      "properties": {
        "junction_id": 39606,
        "veh_id": 11225,
        "sim_time_s": 2220.3,
        "tier": "IC-detect",
        "prearm_status": "",
        "focus_role": "none"
      }
    },
    {
      "type": "Feature",
      "geometry": {
        "type": "Point",
        "coordinates": [
          500551.03183982975,
          6965572.294980595
        ]
      },
      "properties": {
        "junction_id": 10157950,
        "veh_id": 11249,
        "sim_time_s": 2223.9,
        "tier": "track-zone",
        "prearm_status": "",
        "focus_role": "none"
      }
    },
    {
      "type": "Feature",
      "geometry": {
        "type": "Point",
        "coordinates": [
          0.0,
          0.0
        ]
      },
      "properties": {
        "junction_id": 39587,
        "veh_id": 11235,
        "sim_time_s": 2223.9,
        "tier": "harmony-no-ge-local",
        "prearm_status": "skip",
        "focus_role": "none"
      }
    },
    {
      "type": "Feature",
      "geometry": {
        "type": "Point",
        "coordinates": [
          500018.31201127765,
          6966619.4492223635
        ]
      },
      "properties": {
        "junction_id": 11118289,
        "veh_id": 11259,
        "sim_time_s": 2227.9,
        "tier": "track-zone",
        "prearm_status": "",
        "focus_role": "none"
      }
    },
    {
      "type": "Feature",
      "geometry": {
        "type": "Point",
        "coordinates": [
          500009.3533392535,
          6966676.551478937
        ]
      },
      "properties": {
        "junction_id": 39569,
        "veh_id": 11223,
        "sim_time_s": 2230.7,
        "tier": "track-zone",
        "prearm_status": "",
        "focus_role": "none"
      }
    },
    {
      "type": "Feature",
      "geometry": {
        "type": "Point",
        "coordinates": [
          500689.32889753627,
          6964559.260737988
        ]
      },
      "properties": {
        "junction_id": 39590,
        "veh_id": 11216,
        "sim_time_s": 2234.7,
        "tier": "track-zone",
        "prearm_status": "",
        "focus_role": "none"
      }
    },
    {
      "type": "Feature",
      "geometry": {
        "type": "Point",
        "coordinates": [
          500012.39093183604,
          6966668.9921172345
        ]
      },
      "properties": {
        "junction_id": 39568,
        "veh_id": 11223,
        "sim_time_s": 2246.8,
        "tier": "track-zone",
        "prearm_status": "",
        "focus_role": "none"
      }
    },
    {
      "type": "Feature",
      "geometry": {
        "type": "Point",
        "coordinates": [
          500952.09229130344,
          6964037.796872752
        ]
      },
      "properties": {
        "junction_id": 39606,
        "veh_id": 11260,
        "sim_time_s": 2250.0,
        "tier": "IC-detect",
        "prearm_status": "",
        "focus_role": "none"
      }
    },
    {
      "type": "Feature",
      "geometry": {
        "type": "Point",
        "coordinates": [
          500012.39093183604,
          6966668.9921172345
        ]
      },
      "properties": {
        "junction_id": 39572,
        "veh_id": 11223,
        "sim_time_s": 2250.9,
        "tier": "IC-detect",
        "prearm_status": "",
        "focus_role": "none"
      }
    },
    {
      "type": "Feature",
      "geometry": {
        "type": "Point",
        "coordinates": [
          500888.1727714179,
          6964121.081160213
        ]
      },
      "properties": {
        "junction_id": 39590,
        "veh_id": 11260,
        "sim_time_s": 2256.3,
        "tier": "track-zone",
        "prearm_status": "",
        "focus_role": "none"
      }
    },
    {
      "type": "Feature",
      "geometry": {
        "type": "Point",
        "coordinates": [
          500573.1554540438,
          6965456.468745281
        ]
      },
      "properties": {
        "junction_id": 39576,
        "veh_id": 11235,
        "sim_time_s": 2259.0,
        "tier": "track-zone",
        "prearm_status": "",
        "focus_role": "none"
      }
    },
    {
      "type": "Feature",
      "geometry": {
        "type": "Point",
        "coordinates": [
          0.0,
          0.0
        ]
      },
      "properties": {
        "junction_id": 39606,
        "veh_id": 11260,
        "sim_time_s": 2260.3,
        "tier": "harmony-no-ge-local",
        "prearm_status": "skip",
        "focus_role": "none"
      }
    },
    {
      "type": "Feature",
      "geometry": {
        "type": "Point",
        "coordinates": [
          500894.29885083373,
          6964112.530449809
        ]
      },
      "properties": {
        "junction_id": 39590,
        "veh_id": 11225,
        "sim_time_s": 2261.7,
        "tier": "track-zone",
        "prearm_status": "",
        "focus_role": "none"
      }
    },
    {
      "type": "Feature",
      "geometry": {
        "type": "Point",
        "coordinates": [
          500535.61284189014,
          6965564.571989309
        ]
      },
      "properties": {
        "junction_id": 10157950,
        "veh_id": 11235,
        "sim_time_s": 2268.4,
        "tier": "track-zone",
        "prearm_status": "",
        "focus_role": "none"
      }
    },
    {
      "type": "Feature",
      "geometry": {
        "type": "Point",
        "coordinates": [
          500554.7465384227,
          6965564.232973226
        ]
      },
      "properties": {
        "junction_id": 39587,
        "veh_id": 11249,
        "sim_time_s": 2269.8,
        "tier": "IC-detect-far",
        "prearm_status": "",
        "focus_role": "none"
      }
    },
    {
      "type": "Feature",
      "geometry": {
        "type": "Point",
        "coordinates": [
          500087.96774079127,
          6967506.11354116
        ]
      },
      "properties": {
        "junction_id": 38339,
        "veh_id": 11250,
        "sim_time_s": 2276.1,
        "tier": "IC-detect",
        "prearm_status": "",
        "focus_role": "none"
      }
    },
    {
      "type": "Feature",
      "geometry": {
        "type": "Point",
        "coordinates": [
          0.0,
          0.0
        ]
      },
      "properties": {
        "junction_id": 39587,
        "veh_id": 11249,
        "sim_time_s": 2280.6,
        "tier": "harmony-ge-local",
        "prearm_status": "action",
        "focus_role": "none"
      }
    },
    {
      "type": "Feature",
      "geometry": {
        "type": "Point",
        "coordinates": [
          0.0,
          0.0
        ]
      },
      "properties": {
        "junction_id": 39572,
        "veh_id": 11223,
        "sim_time_s": 2283.3,
        "tier": "harmony-no-ge-local",
        "prearm_status": "skip",
        "focus_role": "none"
      }
    },
    {
      "type": "Feature",
      "geometry": {
        "type": "Point",
        "coordinates": [
          0.0,
          0.0
        ]
      },
      "properties": {
        "junction_id": 39590,
        "veh_id": 11260,
        "sim_time_s": 2284.7,
        "tier": "harmony-no-ge-local",
        "prearm_status": "skip",
        "focus_role": "none"
      }
    },
    {
      "type": "Feature",
      "geometry": {
        "type": "Point",
        "coordinates": [
          500733.36863678414,
          6964401.491245414
        ]
      },
      "properties": {
        "junction_id": 39606,
        "veh_id": 11248,
        "sim_time_s": 2287.3,
        "tier": "track-zone",
        "prearm_status": "",
        "focus_role": "none"
      }
    },
    {
      "type": "Feature",
      "geometry": {
        "type": "Point",
        "coordinates": [
          500611.0612526448,
          6965401.918367736
        ]
      },
      "properties": {
        "junction_id": 39593,
        "veh_id": 11249,
        "sim_time_s": 2288.7,
        "tier": "track-zone",
        "prearm_status": "",
        "focus_role": "none"
      }
    },
    {
      "type": "Feature",
      "geometry": {
        "type": "Point",
        "coordinates": [
          499960.71135069994,
          6966784.030576353
        ]
      },
      "properties": {
        "junction_id": 38339,
        "veh_id": 11259,
        "sim_time_s": 2288.7,
        "tier": "track-zone",
        "prearm_status": "",
        "focus_role": "none"
      }
    },
    {
      "type": "Feature",
      "geometry": {
        "type": "Point",
        "coordinates": [
          0.0,
          0.0
        ]
      },
      "properties": {
        "junction_id": 36385,
        "veh_id": 11243,
        "sim_time_s": 2290.1,
        "tier": "harmony-no-ge-local",
        "prearm_status": "skip",
        "focus_role": "none"
      }
    },
    {
      "type": "Feature",
      "geometry": {
        "type": "Point",
        "coordinates": [
          499959.3346687648,
          6966828.891424579
        ]
      },
      "properties": {
        "junction_id": 39572,
        "veh_id": 11259,
        "sim_time_s": 2291.4,
        "tier": "track-zone",
        "prearm_status": "",
        "focus_role": "none"
      }
    },
    {
      "type": "Feature",
      "geometry": {
        "type": "Point",
        "coordinates": [
          499512.8164662789,
          6966653.595029649
        ]
      },
      "properties": {
        "junction_id": 39572,
        "veh_id": 11217,
        "sim_time_s": 2292.8,
        "tier": "IC-detect",
        "prearm_status": "",
        "focus_role": "none"
      }
    },
    {
      "type": "Feature",
      "geometry": {
        "type": "Point",
        "coordinates": [
          500729.0522555907,
          6964998.94802662
        ]
      },
      "properties": {
        "junction_id": 36393,
        "veh_id": 11243,
        "sim_time_s": 2295.4,
        "tier": "track-zone",
        "prearm_status": "",
        "focus_role": "none"
      }
    },
    {
      "type": "Feature",
      "geometry": {
        "type": "Point",
        "coordinates": [
          0.0,
          0.0
        ]
      },
      "properties": {
        "junction_id": 39576,
        "veh_id": 11235,
        "sim_time_s": 2295.4,
        "tier": "harmony-no-ge-local",
        "prearm_status": "skip",
        "focus_role": "none"
      }
    },
    {
      "type": "Feature",
      "geometry": {
        "type": "Point",
        "coordinates": [
          499947.89353639696,
          6966940.721817448
        ]
      },
      "properties": {
        "junction_id": 39568,
        "veh_id": 11259,
        "sim_time_s": 2298.2,
        "tier": "track-zone",
        "prearm_status": "",
        "focus_role": "none"
      }
    },
    {
      "type": "Feature",
      "geometry": {
        "type": "Point",
        "coordinates": [
          0.0,
          0.0
        ]
      },
      "properties": {
        "junction_id": 38339,
        "veh_id": 11259,
        "sim_time_s": 2302.2,
        "tier": "harmony-no-ge-local",
        "prearm_status": "skip",
        "focus_role": "none"
      }
    },
    {
      "type": "Feature",
      "geometry": {
        "type": "Point",
        "coordinates": [
          500651.46809521015,
          6965249.312517298
        ]
      },
      "properties": {
        "junction_id": 36385,
        "veh_id": 11249,
        "sim_time_s": 2304.9,
        "tier": "track-zone",
        "prearm_status": "",
        "focus_role": "none"
      }
    },
    {
      "type": "Feature",
      "geometry": {
        "type": "Point",
        "coordinates": [
          499771.43560307974,
          6966599.900555194
        ]
      },
      "properties": {
        "junction_id": 39568,
        "veh_id": 11217,
        "sim_time_s": 2308.9,
        "tier": "track-zone",
        "prearm_status": "",
        "focus_role": "none"
      }
    },
    {
      "type": "Feature",
      "geometry": {
        "type": "Point",
        "coordinates": [
          0.0,
          0.0
        ]
      },
      "properties": {
        "junction_id": 39593,
        "veh_id": 11249,
        "sim_time_s": 2308.9,
        "tier": "harmony-no-ge-local",
        "prearm_status": "skip",
        "focus_role": "none"
      }
    },
    {
      "type": "Feature",
      "geometry": {
        "type": "Point",
        "coordinates": [
          500491.85865200043,
          6965691.466000497
        ]
      },
      "properties": {
        "junction_id": 39578,
        "veh_id": 11235,
        "sim_time_s": 2315.7,
        "tier": "track-zone",
        "prearm_status": "",
        "focus_role": "none"
      }
    },
    {
      "type": "Feature",
      "geometry": {
        "type": "Point",
        "coordinates": [
          499884.759185884,
          6966545.841339554
        ]
      },
      "properties": {
        "junction_id": 39569,
        "veh_id": 11217,
        "sim_time_s": 2317.1,
        "tier": "track-zone",
        "prearm_status": "",
        "focus_role": "none"
      }
    },
    {
      "type": "Feature",
      "geometry": {
        "type": "Point",
        "coordinates": [
          500726.61963926954,
          6964410.3018037025
        ]
      },
      "properties": {
        "junction_id": 39606,
        "veh_id": 11216,
        "sim_time_s": 2321.1,
        "tier": "track-zone",
        "prearm_status": "",
        "focus_role": "none"
      }
    },
    {
      "type": "Feature",
      "geometry": {
        "type": "Point",
        "coordinates": [
          500673.80646443437,
          6964517.283300871
        ]
      },
      "properties": {
        "junction_id": 36393,
        "veh_id": 11260,
        "sim_time_s": 2322.0,
        "tier": "IC-detect",
        "prearm_status": "",
        "focus_role": "none"
      }
    },
    {
      "type": "Feature",
      "geometry": {
        "type": "Point",
        "coordinates": [
          500752.48658060445,
          6964356.194228599
        ]
      },
      "properties": {
        "junction_id": 39590,
        "veh_id": 11248,
        "sim_time_s": 2325.2,
        "tier": "IC-detect",
        "prearm_status": "",
        "focus_role": "none"
      }
    },
    {
      "type": "Feature",
      "geometry": {
        "type": "Point",
        "coordinates": [
          0.0,
          0.0
        ]
      },
      "properties": {
        "junction_id": 39590,
        "veh_id": 11248,
        "sim_time_s": 2325.2,
        "tier": "harmony-ins-local",
        "prearm_status": "action",
        "focus_role": "none"
      }
    },
    {
      "type": "Feature",
      "geometry": {
        "type": "Point",
        "coordinates": [
          500673.48433533526,
          6964518.769214628
        ]
      },
      "properties": {
        "junction_id": 36393,
        "veh_id": 11225,
        "sim_time_s": 2326.1,
        "tier": "IC-detect",
        "prearm_status": "",
        "focus_role": "none"
      }
    },
    {
      "type": "Feature",
      "geometry": {
        "type": "Point",
        "coordinates": [
          499965.7469224002,
          6967104.02022378
        ]
      },
      "properties": {
        "junction_id": 11118289,
        "veh_id": 11250,
        "sim_time_s": 2340.0,
        "tier": "track-zone",
        "prearm_status": "",
        "focus_role": "none"
      }
    },
    {
      "type": "Feature",
      "geometry": {
        "type": "Point",
        "coordinates": [
          0.0,
          0.0
        ]
      },
      "properties": {
        "junction_id": 36393,
        "veh_id": 11260,
        "sim_time_s": 2342.7,
        "tier": "harmony-no-ge-local",
        "prearm_status": "skip",
        "focus_role": "none"
      }
    },
    {
      "type": "Feature",
      "geometry": {
        "type": "Point",
        "coordinates": [
          500679.5641599256,
          6964774.940265707
        ]
      },
      "properties": {
        "junction_id": 36385,
        "veh_id": 11260,
        "sim_time_s": 2349.4,
        "tier": "track-zone",
        "prearm_status": "",
        "focus_role": "none"
      }
    },
    {
      "type": "Feature",
      "geometry": {
        "type": "Point",
        "coordinates": [
          500087.4708545473,
          6966488.680521269
        ]
      },
      "properties": {
        "junction_id": 39569,
        "veh_id": 11223,
        "sim_time_s": 2350.8,
        "tier": "IC-detect",
        "prearm_status": "",
        "focus_role": "none"
      }
    },
    {
      "type": "Feature",
      "geometry": {
        "type": "Point",
        "coordinates": [
          0.0,
          0.0
        ]
      },
      "properties": {
        "junction_id": 39606,
        "veh_id": 11248,
        "sim_time_s": 2352.2,
        "tier": "harmony-no-ge-local",
        "prearm_status": "skip",
        "focus_role": "none"
      }
    },
    {
      "type": "Feature",
      "geometry": {
        "type": "Point",
        "coordinates": [
          500798.3930006727,
          6964264.163151336
        ]
      },
      "properties": {
        "junction_id": 39590,
        "veh_id": 11216,
        "sim_time_s": 2354.8,
        "tier": "IC-detect",
        "prearm_status": "",
        "focus_role": "none"
      }
    },
    {
      "type": "Feature",
      "geometry": {
        "type": "Point",
        "coordinates": [
          0.0,
          0.0
        ]
      },
      "properties": {
        "junction_id": 39578,
        "veh_id": 11235,
        "sim_time_s": 2357.6,
        "tier": "harmony-no-ge-local",
        "prearm_status": "skip",
        "focus_role": "none"
      }
    },
    {
      "type": "Feature",
      "geometry": {
        "type": "Point",
        "coordinates": [
          500087.4751334968,
          6966488.673756818
        ]
      },
      "properties": {
        "junction_id": 39568,
        "veh_id": 11223,
        "sim_time_s": 2368.3,
        "tier": "track-zone",
        "prearm_status": "",
        "focus_role": "none"
      }
    },
    {
      "type": "Feature",
      "geometry": {
        "type": "Point",
        "coordinates": [
          500702.5268398389,
          6964936.9631690495
        ]
      },
      "properties": {
        "junction_id": 39593,
        "veh_id": 11260,
        "sim_time_s": 2368.3,
        "tier": "track-zone",
        "prearm_status": "",
        "focus_role": "none"
      }
    },
    {
      "type": "Feature",
      "geometry": {
        "type": "Point",
        "coordinates": [
          500679.52837254165,
          6964777.037667138
        ]
      },
      "properties": {
        "junction_id": 36385,
        "veh_id": 11225,
        "sim_time_s": 2372.4,
        "tier": "track-zone",
        "prearm_status": "",
        "focus_role": "none"
      }
    },
    {
      "type": "Feature",
      "geometry": {
        "type": "Point",
        "coordinates": [
          500126.06701595697,
          6966435.501039559
        ]
      },
      "properties": {
        "junction_id": 1043762,
        "veh_id": 11217,
        "sim_time_s": 2379.2,
        "tier": "track-zone",
        "prearm_status": "",
        "focus_role": "none"
      }
    }
  ]
}