{
  "type": "FeatureCollection",
  "features": [
    {
      "type": "Feature",
      "geometry": {
        "type": "Point",
        "coordinates": [
          500946.49099399557,
          6964041.210557894
        ]
      },
      "properties": {
        "junction_id": 39606,
        "veh_id": 11531,
        "sim_time_s": 0.5,
        "tier": "track-section",
        "prearm_status": "",
        "focus_role": "none"
      }
    },
    {
      "type": "Feature",
      "geometry": {
        "type": "Point",
        "coordinates": [
          500135.181270669,
          6965615.371521625
        ]
      },
      "properties": {
        "junction_id": 39576,
        "veh_id": 11503,
        "sim_time_s": 0.5,
        "tier": "IC-detect",
        "prearm_status": "",
        "focus_role": "none"
      }
    },
    {
      "type": "Feature",
      "geometry": {
        "type": "Point",
        "coordinates": [
          500893.2694695479,
          6964113.887275372
        ]
      },
      "properties": {
        "junction_id": 39590,
        "veh_id": 11531,
        "sim_time_s": 5.8,
        "tier": "track-zone",
        "prearm_status": "",
        "focus_role": "none"
      }
    },
    {
      "type": "Feature",
      "geometry": {
        "type": "Point",
        "coordinates": [
          500087.36113051977,
          6967505.456544989
        ]
      },
      "properties": {
        "junction_id": 38339,
        "veh_id": 11521,
        "sim_time_s": 20.7,
        "tier": "IC-detect",
        "prearm_status": "",
        "focus_role": "none"
      }
    },
    {
      "type": "Feature",
      "geometry": {
        "type": "Point",
        "coordinates": [
          499512.7062404265,
          6966653.621103612
        ]
      },
      "properties": {
        "junction_id": 39572,
        "veh_id": 11496,
        "sim_time_s": 40.5,
        "tier": "IC-detect",
        "prearm_status": "",
        "focus_role": "none"
      }
    },
    {
      "type": "Feature",
      "geometry": {
        "type": "Point",
        "coordinates": [
          499761.6707204361,
          6966604.604225899
        ]
      },
      "properties": {
        "junction_id": 39568,
        "veh_id": 11496,
        "sim_time_s": 58.5,
        "tier": "track-zone",
        "prearm_status": "",
        "focus_role": "none"
      }
    },
    {
      "type": "Feature",
      "geometry": {
        "type": "Point",
        "coordinates": [
          500459.20977887686,
          6965697.138481522
        ]
      },
      "properties": {
        "junction_id": 39578,
        "veh_id": 11503,
        "sim_time_s": 58.5,
        "tier": "track-zone",
        "prearm_status": "",
        "focus_role": "none"
      }
    },
    {
      "type": "Feature",
      "geometry": {
        "type": "Point",
        "coordinates": [
          0.0,
          0.0
        ]
      },
      "properties": {
        "junction_id": 39590,
        "veh_id": 11531,
        "sim_time_s": 60.3,
        "tier": "harmony-ins-local",
        "prearm_status": "action",
        "focus_role": "none"
      }
    },
    {
      "type": "Feature",
      "geometry": {
        "type": "Point",
        "coordinates": [
          0.0,
          0.0
        ]
      },
      "properties": {
        "junction_id": 39576,
        "veh_id": 11503,
        "sim_time_s": 60.3,
        "tier": "harmony-ins-local",
        "prearm_status": "action",
        "focus_role": "none"
      }
    },
    {
      "type": "Feature",
      "geometry": {
        "type": "Point",
        "coordinates": [
          500751.13766797655,
          6964307.772203043
        ]
      },
      "properties": {
        "junction_id": 36393,
        "veh_id": 11531,
        "sim_time_s": 63.5,
        "tier": "coord-prearm-harmony/SHOCKWAVE",
        "prearm_status": "fired",
        "focus_role": "none"
      }
    },
    {
      "type": "Feature",
      "geometry": {
        "type": "Point",
        "coordinates": [
          0.0,
          0.0
        ]
      },
      "properties": {
        "junction_id": 36393,
        "veh_id": 11531,
        "sim_time_s": 63.9,
        "tier": "harmony-no-ge-local",
        "prearm_status": "skip",
        "focus_role": "none"
      }
    },
    {
      "type": "Feature",
      "geometry": {
        "type": "Point",
        "coordinates": [
          499962.0150577894,
          6967101.266570431
        ]
      },
      "properties": {
        "junction_id": 11118289,
        "veh_id": 11521,
        "sim_time_s": 84.2,
        "tier": "track-zone",
        "prearm_status": "",
        "focus_role": "none"
      }
    },
    {
      "type": "Feature",
      "geometry": {
        "type": "Point",
        "coordinates": [
          499889.96785926144,
          6966543.370487514
        ]
      },
      "properties": {
        "junction_id": 39569,
        "veh_id": 11496,
        "sim_time_s": 95.0,
        "tier": "track-zone",
        "prearm_status": "",
        "focus_role": "none"
      }
    },
    {
      "type": "Feature",
      "geometry": {
        "type": "Point",
        "coordinates": [
          500496.916274949,
          6965702.670654159
        ]
      },
      "properties": {
        "junction_id": 39587,
        "veh_id": 11503,
        "sim_time_s": 126.0,
        "tier": "track-zone",
        "prearm_status": "",
        "focus_role": "none"
      }
    },
    {
      "type": "Feature",
      "geometry": {
        "type": "Point",
        "coordinates": [
          500520.6947630827,
          6965641.9314772105
        ]
      },
      "properties": {
        "junction_id": 1119660,
        "veh_id": 11503,
        "sim_time_s": 132.8,
        "tier": "track-zone",
        "prearm_status": "",
        "focus_role": "none"
      }
    },
    {
      "type": "Feature",
      "geometry": {
        "type": "Point",
        "coordinates": [
          0.0,
          0.0
        ]
      },
      "properties": {
        "junction_id": 39569,
        "veh_id": 11496,
        "sim_time_s": 136.8,
        "tier": "harmony-ge-local",
        "prearm_status": "action",
        "focus_role": "none"
      }
    },
    {
      "type": "Feature",
      "geometry": {
        "type": "Point",
        "coordinates": [
          500556.29193698295,
          6965560.767771087
        ]
      },
      "properties": {
        "junction_id": 10157950,
        "veh_id": 11503,
        "sim_time_s": 139.5,
        "tier": "track-zone",
        "prearm_status": "",
        "focus_role": "none"
      }
    },
    {
      "type": "Feature",
      "geometry": {
        "type": "Point",
        "coordinates": [
          499958.0617567937,
          6967072.963062371
        ]
      },
      "properties": {
        "junction_id": 38339,
        "veh_id": 11521,
        "sim_time_s": 140.8,
        "tier": "IC-detect",
        "prearm_status": "",
        "focus_role": "none"
      }
    },
    {
      "type": "Feature",
      "geometry": {
        "type": "Point",
        "coordinates": [
          500130.817606775,
          6966434.063175395
        ]
      },
      "properties": {
        "junction_id": 1043762,
        "veh_id": 11496,
        "sim_time_s": 142.2,
        "tier": "track-zone",
        "prearm_status": "",
        "focus_role": "none"
      }
    },
    {
      "type": "Feature",
      "geometry": {
        "type": "Point",
        "coordinates": [
          0.0,
          0.0
        ]
      },
      "properties": {
        "junction_id": 39587,
        "veh_id": 11503,
        "sim_time_s": 143.6,
        "tier": "harmony-ins-local",
        "prearm_status": "action",
        "focus_role": "none"
      }
    },
    {
      "type": "Feature",
      "geometry": {
        "type": "Point",
        "coordinates": [
          500684.0987813322,
          6964756.319799705
        ]
      },
      "properties": {
        "junction_id": 36393,
        "veh_id": 11531,
        "sim_time_s": 151.2,
        "tier": "coord-prearm-missed/SHOCKWAVE",
        "prearm_status": "missed",
        "focus_role": "none"
      }
    },
    {
      "type": "Feature",
      "geometry": {
        "type": "Point",
        "coordinates": [
          0.0,
          0.0
        ]
      },
      "properties": {
        "junction_id": 1043762,
        "veh_id": 11496,
        "sim_time_s": 155.7,
        "tier": "harmony-no-ge-local",
        "prearm_status": "skip",
        "focus_role": "none"
      }
    },
    {
      "type": "Feature",
      "geometry": {
        "type": "Point",
        "coordinates": [
          0.0,
          0.0
        ]
      },
      "properties": {
        "junction_id": 38339,
        "veh_id": 11521,
        "sim_time_s": 167.8,
        "tier": "harmony-no-ge-local",
        "prearm_status": "skip",
        "focus_role": "none"
      }
    },
    {
      "type": "Feature",
      "geometry": {
        "type": "Point",
        "coordinates": [
          500354.7295260361,
          6966094.426079875
        ]
      },
      "properties": {
        "junction_id": 39578,
        "veh_id": 11496,
        "sim_time_s": 169.2,
        "tier": "track-section",
        "prearm_status": "",
        "focus_role": "none"
      }
    },
    {
      "type": "Feature",
      "geometry": {
        "type": "Point",
        "coordinates": [
          500610.61322869046,
          6965403.496317904
        ]
      },
      "properties": {
        "junction_id": 39593,
        "veh_id": 11503,
        "sim_time_s": 171.9,
        "tier": "track-zone",
        "prearm_status": "",
        "focus_role": "none"
      }
    },
    {
      "type": "Feature",
      "geometry": {
        "type": "Point",
        "coordinates": [
          499962.43524055125,
          6966944.62416747
        ]
      },
      "properties": {
        "junction_id": 39568,
        "veh_id": 11521,
        "sim_time_s": 177.3,
        "tier": "track-zone",
        "prearm_status": "",
        "focus_role": "none"
      }
    },
    {
      "type": "Feature",
      "geometry": {
        "type": "Point",
        "coordinates": [
          500647.6590703516,
          6965258.0721475
        ]
      },
      "properties": {
        "junction_id": 36385,
        "veh_id": 11503,
        "sim_time_s": 181.3,
        "tier": "track-zone",
        "prearm_status": "",
        "focus_role": "none"
      }
    },
    {
      "type": "Feature",
      "geometry": {
        "type": "Point",
        "coordinates": [
          499966.67435265606,
          6966887.901833567
        ]
      },
      "properties": {
        "junction_id": 39572,
        "veh_id": 11521,
        "sim_time_s": 181.3,
        "tier": "track-zone",
        "prearm_status": "",
        "focus_role": "none"
      }
    },
    {
      "type": "Feature",
      "geometry": {
        "type": "Point",
        "coordinates": [
          500679.7831558771,
          6964780.210692667
        ]
      },
      "properties": {
        "junction_id": 36385,
        "veh_id": 11531,
        "sim_time_s": 181.3,
        "tier": "track-zone",
        "prearm_status": "",
        "focus_role": "none"
      }
    },
    {
      "type": "Feature",
      "geometry": {
        "type": "Point",
        "coordinates": [
          0.0,
          0.0
        ]
      },
      "properties": {
        "junction_id": 39578,
        "veh_id": 11496,
        "sim_time_s": 182.7,
        "tier": "harmony-ins-local",
        "prearm_status": "action",
        "focus_role": "none"
      }
    },
    {
      "type": "Feature",
      "geometry": {
        "type": "Point",
        "coordinates": [
          500529.9174407122,
          6965931.121495382
        ]
      },
      "properties": {
        "junction_id": 39576,
        "veh_id": 11496,
        "sim_time_s": 184.1,
        "tier": "track-zone",
        "prearm_status": "",
        "focus_role": "none"
      }
    },
    {
      "type": "Feature",
      "geometry": {
        "type": "Point",
        "coordinates": [
          0.0,
          0.0
        ]
      },
      "properties": {
        "junction_id": 39593,
        "veh_id": 11503,
        "sim_time_s": 185.4,
        "tier": "harmony-ins-local",
        "prearm_status": "action",
        "focus_role": "none"
      }
    },
    {
      "type": "Feature",
      "geometry": {
        "type": "Point",
        "coordinates": [
          500009.81690560986,
          6966675.203777071
        ]
      },
      "properties": {
        "junction_id": 39569,
        "veh_id": 11521,
        "sim_time_s": 196.2,
        "tier": "track-zone",
        "prearm_status": "",
        "focus_role": "none"
      }
    },
    {
      "type": "Feature",
      "geometry": {
        "type": "Point",
        "coordinates": [
          500702.8252625532,
          6964938.690219196
        ]
      },
      "properties": {
        "junction_id": 39593,
        "veh_id": 11531,
        "sim_time_s": 196.2,
        "tier": "track-zone",
        "prearm_status": "",
        "focus_role": "none"
      }
    },
    {
      "type": "Feature",
      "geometry": {
        "type": "Point",
        "coordinates": [
          0.0,
          0.0
        ]
      },
      "properties": {
        "junction_id": 39572,
        "veh_id": 11521,
        "sim_time_s": 196.2,
        "tier": "harmony-no-ge-local",
        "prearm_status": "skip",
        "focus_role": "none"
      }
    },
    {
      "type": "Feature",
      "geometry": {
        "type": "Point",
        "coordinates": [
          0.0,
          0.0
        ]
      },
      "properties": {
        "junction_id": 39576,
        "veh_id": 11496,
        "sim_time_s": 201.6,
        "tier": "harmony-no-ge-local",
        "prearm_status": "skip",
        "focus_role": "none"
      }
    },
    {
      "type": "Feature",
      "geometry": {
        "type": "Point",
        "coordinates": [
          500509.392087523,
          6965709.076370488
        ]
      },
      "properties": {
        "junction_id": 39587,
        "veh_id": 11496,
        "sim_time_s": 202.9,
        "tier": "track-zone",
        "prearm_status": "",
        "focus_role": "none"
      }
    },
    {
      "type": "Feature",
      "geometry": {
        "type": "Point",
        "coordinates": [
          500514.0125184772,
          6965643.50972506
        ]
      },
      "properties": {
        "junction_id": 1119660,
        "veh_id": 11496,
        "sim_time_s": 209.7,
        "tier": "track-zone",
        "prearm_status": "",
        "focus_role": "none"
      }
    },
    {
      "type": "Feature",
      "geometry": {
        "type": "Point",
        "coordinates": [
          500551.0948994,
          6965560.302709058
        ]
      },
      "properties": {
        "junction_id": 10157950,
        "veh_id": 11496,
        "sim_time_s": 216.4,
        "tier": "track-zone",
        "prearm_status": "",
        "focus_role": "none"
      }
    },
    {
      "type": "Feature",
      "geometry": {
        "type": "Point",
        "coordinates": [
          0.0,
          0.0
        ]
      },
      "properties": {
        "junction_id": 36385,
        "veh_id": 11531,
        "sim_time_s": 219.2,
        "tier": "harmony-ins-local",
        "prearm_status": "action",
        "focus_role": "none"
      }
    },
    {
      "type": "Feature",
      "geometry": {
        "type": "Point",
        "coordinates": [
          0.0,
          0.0
        ]
      },
      "properties": {
        "junction_id": 39587,
        "veh_id": 11496,
        "sim_time_s": 220.5,
        "tier": "harmony-no-ge-local",
        "prearm_status": "skip",
        "focus_role": "none"
      }
    },
    {
      "type": "Feature",
      "geometry": {
        "type": "Point",
        "coordinates": [
          500609.10867819336,
          6965409.5612468375
        ]
      },
      "properties": {
        "junction_id": 39593,
        "veh_id": 11496,
        "sim_time_s": 227.2,
        "tier": "track-zone",
        "prearm_status": "",
        "focus_role": "none"
      }
    },
    {
      "type": "Feature",
      "geometry": {
        "type": "Point",
        "coordinates": [
          500688.84299522627,
          6965094.210935951
        ]
      },
      "properties": {
        "junction_id": 10157950,
        "veh_id": 11531,
        "sim_time_s": 227.2,
        "tier": "track-zone",
        "prearm_status": "",
        "focus_role": "none"
      }
    },
    {
      "type": "Feature",
      "geometry": {
        "type": "Point",
        "coordinates": [
          500728.93438490276,
          6964993.904633411
        ]
      },
      "properties": {
        "junction_id": 36393,
        "veh_id": 11503,
        "sim_time_s": 234.0,
        "tier": "track-zone",
        "prearm_status": "",
        "focus_role": "none"
      }
    },
    {
      "type": "Feature",
      "geometry": {
        "type": "Point",
        "coordinates": [
          500661.6330755131,
          6965191.061353983
        ]
      },
      "properties": {
        "junction_id": 1119660,
        "veh_id": 11531,
        "sim_time_s": 234.0,
        "tier": "track-zone",
        "prearm_status": "",
        "focus_role": "none"
      }
    },
    {
      "type": "Feature",
      "geometry": {
        "type": "Point",
        "coordinates": [
          500647.3050487327,
          6965259.348887344
        ]
      },
      "properties": {
        "junction_id": 36385,
        "veh_id": 11496,
        "sim_time_s": 236.7,
        "tier": "track-zone",
        "prearm_status": "",
        "focus_role": "none"
      }
    },
    {
      "type": "Feature",
      "geometry": {
        "type": "Point",
        "coordinates": [
          500643.49557747866,
          6965232.113209074
        ]
      },
      "properties": {
        "junction_id": 39587,
        "veh_id": 11531,
        "sim_time_s": 236.7,
        "tier": "track-zone",
        "prearm_status": "",
        "focus_role": "none"
      }
    },
    {
      "type": "Feature",
      "geometry": {
        "type": "Point",
        "coordinates": [
          0.0,
          0.0
        ]
      },
      "properties": {
        "junction_id": 39593,
        "veh_id": 11496,
        "sim_time_s": 245.7,
        "tier": "harmony-ins-local",
        "prearm_status": "action",
        "focus_role": "none"
      }
    },
    {
      "type": "Feature",
      "geometry": {
        "type": "Point",
        "coordinates": [
          0.0,
          0.0
        ]
      },
      "properties": {
        "junction_id": 36393,
        "veh_id": 11503,
        "sim_time_s": 250.2,
        "tier": "harmony-no-ge-local",
        "prearm_status": "skip",
        "focus_role": "none"
      }
    },
    {
      "type": "Feature",
      "geometry": {
        "type": "Point",
        "coordinates": [
          0.0,
          0.0
        ]
      },
      "properties": {
        "junction_id": 39587,
        "veh_id": 11531,
        "sim_time_s": 251.6,
        "tier": "harmony-ins-local",
        "prearm_status": "action",
        "focus_role": "none"
      }
    },
    {
      "type": "Feature",
      "geometry": {
        "type": "Point",
        "coordinates": [
          500576.31845971826,
          6965457.209354194
        ]
      },
      "properties": {
        "junction_id": 39576,
        "veh_id": 11531,
        "sim_time_s": 261.0,
        "tier": "track-zone",
        "prearm_status": "",
        "focus_role": "none"
      }
    },
    {
      "type": "Feature",
      "geometry": {
        "type": "Point",
        "coordinates": [
          0.0,
          0.0
        ]
      },
      "properties": {
        "junction_id": 39569,
        "veh_id": 11521,
        "sim_time_s": 275.9,
        "tier": "harmony-ins-local",
        "prearm_status": "action",
        "focus_role": "none"
      }
    },
    {
      "type": "Feature",
      "geometry": {
        "type": "Point",
        "coordinates": [
          500125.6264987813,
          6966436.169951894
        ]
      },
      "properties": {
        "junction_id": 1043762,
        "veh_id": 11521,
        "sim_time_s": 279.9,
        "tier": "track-zone",
        "prearm_status": "",
        "focus_role": "none"
      }
    },
    {
      "type": "Feature",
      "geometry": {
        "type": "Point",
        "coordinates": [
          0.0,
          0.0
        ]
      },
      "properties": {
        "junction_id": 39576,
        "veh_id": 11531,
        "sim_time_s": 281.2,
        "tier": "harmony-ge-local",
        "prearm_status": "action",
        "focus_role": "none"
      }
    },
    {
      "type": "Feature",
      "geometry": {
        "type": "Point",
        "coordinates": [
          500492.2936577569,
          6965686.0177657325
        ]
      },
      "properties": {
        "junction_id": 39578,
        "veh_id": 11531,
        "sim_time_s": 283.9,
        "tier": "track-zone",
        "prearm_status": "",
        "focus_role": "none"
      }
    },
    {
      "type": "Feature",
      "geometry": {
        "type": "Point",
        "coordinates": [
          500689.2330530415,
          6964557.685702927
        ]
      },
      "properties": {
        "junction_id": 39590,
        "veh_id": 11503,
        "sim_time_s": 286.6,
        "tier": "track-zone",
        "prearm_status": "",
        "focus_role": "none"
      }
    },
    {
      "type": "Feature",
      "geometry": {
        "type": "Point",
        "coordinates": [
          0.0,
          0.0
        ]
      },
      "properties": {
        "junction_id": 36385,
        "veh_id": 11496,
        "sim_time_s": 289.4,
        "tier": "harmony-ins-local",
        "prearm_status": "action",
        "focus_role": "none"
      }
    },
    {
      "type": "Feature",
      "geometry": {
        "type": "Point",
        "coordinates": [
          0.0,
          0.0
        ]
      },
      "properties": {
        "junction_id": 1043762,
        "veh_id": 11521,
        "sim_time_s": 293.4,
        "tier": "harmony-no-ge-local",
        "prearm_status": "skip",
        "focus_role": "none"
      }
    },
    {
      "type": "Feature",
      "geometry": {
        "type": "Point",
        "coordinates": [
          500724.40632023144,
          6965032.433973336
        ]
      },
      "properties": {
        "junction_id": 36393,
        "veh_id": 11496,
        "sim_time_s": 293.4,
        "tier": "coord-prearm-harmony/SHOCKWAVE",
        "prearm_status": "fired",
        "focus_role": "none"
      }
    },
    {
      "type": "Feature",
      "geometry": {
        "type": "Point",
        "coordinates": [
          0.0,
          0.0
        ]
      },
      "properties": {
        "junction_id": 36393,
        "veh_id": 11496,
        "sim_time_s": 293.9,
        "tier": "harmony-ins-local",
        "prearm_status": "action",
        "focus_role": "none"
      }
    },
    {
      "type": "Feature",
      "geometry": {
        "type": "Point",
        "coordinates": [
          500684.0987813322,
          6964756.319799705
        ]
      },
      "properties": {
        "junction_id": 36393,
        "veh_id": 11496,
        "sim_time_s": 293.9,
        "tier": "coord-prearm-success/SHOCKWAVE",
        "prearm_status": "success",
        "focus_role": "none"
      }
    },
    {
      "type": "Feature",
      "geometry": {
        "type": "Point",
        "coordinates": [
          500728.87683532934,
          6965007.138011764
        ]
      },
      "properties": {
        "junction_id": 39590,
        "veh_id": 11496,
        "sim_time_s": 297.0,
        "tier": "coord-prearm-harmony/SHOCKWAVE",
        "prearm_status": "fired",
        "focus_role": "none"
      }
    },
    {
      "type": "Feature",
      "geometry": {
        "type": "Point",
        "coordinates": [
          0.0,
          0.0
        ]
      },
      "properties": {
        "junction_id": 39590,
        "veh_id": 11496,
        "sim_time_s": 297.4,
        "tier": "harmony-ins-local",
        "prearm_status": "action",
        "focus_role": "none"
      }
    },
    {
      "type": "Feature",
      "geometry": {
        "type": "Point",
        "coordinates": [
          500756.59727603965,
          6964319.360583137
        ]
      },
      "properties": {
        "junction_id": 39590,
        "veh_id": 11496,
        "sim_time_s": 297.4,
        "tier": "coord-prearm-success/SHOCKWAVE",
        "prearm_status": "success",
        "focus_role": "none"
      }
    },
    {
      "type": "Feature",
      "geometry": {
        "type": "Point",
        "coordinates": [
          500729.1336101915,
          6964411.941081836
        ]
      },
      "properties": {
        "junction_id": 39606,
        "veh_id": 11503,
        "sim_time_s": 298.8,
        "tier": "track-zone",
        "prearm_status": "",
        "focus_role": "none"
      }
    },
    {
      "type": "Feature",
      "geometry": {
        "type": "Point",
        "coordinates": [
          500945.67046802037,
          6964036.799411514
        ]
      },
      "properties": {
        "junction_id": 39606,
        "veh_id": 11510,
        "sim_time_s": 300.1,
        "tier": "track-section",
        "prearm_status": "",
        "focus_role": "none"
      }
    },
    {
      "type": "Feature",
      "geometry": {
        "type": "Point",
        "coordinates": [
          500346.3449380745,
          6966098.121491305
        ]
      },
      "properties": {
        "junction_id": 39578,
        "veh_id": 11521,
        "sim_time_s": 306.9,
        "tier": "track-section",
        "prearm_status": "",
        "focus_role": "none"
      }
    },
    {
      "type": "Feature",
      "geometry": {
        "type": "Point",
        "coordinates": [
          0.0,
          0.0
        ]
      },
      "properties": {
        "junction_id": 39578,
        "veh_id": 11531,
        "sim_time_s": 324.4,
        "tier": "harmony-ins-local",
        "prearm_status": "action",
        "focus_role": "none"
      }
    },
    {
      "type": "Feature",
      "geometry": {
        "type": "Point",
        "coordinates": [
          499513.7020286791,
          6966650.3027578965
        ]
      },
      "properties": {
        "junction_id": 39572,
        "veh_id": 11489,
        "sim_time_s": 324.4,
        "tier": "IC-detect",
        "prearm_status": "",
        "focus_role": "none"
      }
    },
    {
      "type": "Feature",
      "geometry": {
        "type": "Point",
        "coordinates": [
          500523.40207612846,
          6965938.994727128
        ]
      },
      "properties": {
        "junction_id": 39576,
        "veh_id": 11521,
        "sim_time_s": 329.9,
        "tier": "track-zone",
        "prearm_status": "",
        "focus_role": "none"
      }
    },
    {
      "type": "Feature",
      "geometry": {
        "type": "Point",
        "coordinates": [
          500391.5156749642,
          6966049.21762064
        ]
      },
      "properties": {
        "junction_id": 1043762,
        "veh_id": 11531,
        "sim_time_s": 336.6,
        "tier": "track-zone",
        "prearm_status": "",
        "focus_role": "none"
      }
    },
    {
      "type": "Feature",
      "geometry": {
        "type": "Point",
        "coordinates": [
          499771.7532170247,
          6966599.677205684
        ]
      },
      "properties": {
        "junction_id": 39568,
        "veh_id": 11489,
        "sim_time_s": 340.6,
        "tier": "track-zone",
        "prearm_status": "",
        "focus_role": "none"
      }
    },
    {
      "type": "Feature",
      "geometry": {
        "type": "Point",
        "coordinates": [
          500890.7210798764,
          6964116.859800274
        ]
      },
      "properties": {
        "junction_id": 39590,
        "veh_id": 11510,
        "sim_time_s": 342.0,
        "tier": "track-zone",
        "prearm_status": "",
        "focus_role": "none"
      }
    },
    {
      "type": "Feature",
      "geometry": {
        "type": "Point",
        "coordinates": [
          0.0,
          0.0
        ]
      },
      "properties": {
        "junction_id": 39606,
        "veh_id": 11510,
        "sim_time_s": 346.1,
        "tier": "harmony-ins-local",
        "prearm_status": "action",
        "focus_role": "none"
      }
    },
    {
      "type": "Feature",
      "geometry": {
        "type": "Point",
        "coordinates": [
          499884.9086527723,
          6966545.700279407
        ]
      },
      "properties": {
        "junction_id": 39569,
        "veh_id": 11489,
        "sim_time_s": 348.8,
        "tier": "track-zone",
        "prearm_status": "",
        "focus_role": "none"
      }
    },
    {
      "type": "Feature",
      "geometry": {
        "type": "Point",
        "coordinates": [
          0.0,
          0.0
        ]
      },
      "properties": {
        "junction_id": 1043762,
        "veh_id": 11531,
        "sim_time_s": 350.1,
        "tier": "harmony-no-ge-local",
        "prearm_status": "skip",
        "focus_role": "none"
      }
    },
    {
      "type": "Feature",
      "geometry": {
        "type": "Point",
        "coordinates": [
          0.0,
          0.0
        ]
      },
      "properties": {
        "junction_id": 39590,
        "veh_id": 11503,
        "sim_time_s": 359.6,
        "tier": "harmony-ins-local",
        "prearm_status": "action",
        "focus_role": "none"
      }
    },
    {
      "type": "Feature",
      "geometry": {
        "type": "Point",
        "coordinates": [
          500729.9664626382,
          6964410.259618906
        ]
      },
      "properties": {
        "junction_id": 39606,
        "veh_id": 11496,
        "sim_time_s": 363.6,
        "tier": "track-zone",
        "prearm_status": "",
        "focus_role": "none"
      }
    },
    {
      "type": "Feature",
      "geometry": {
        "type": "Point",
        "coordinates": [
          500227.9906467537,
          6966241.050480109
        ]
      },
      "properties": {
        "junction_id": 39569,
        "veh_id": 11531,
        "sim_time_s": 370.4,
        "tier": "track-zone",
        "prearm_status": "",
        "focus_role": "none"
      }
    },
    {
      "type": "Feature",
      "geometry": {
        "type": "Point",
        "coordinates": [
          499519.08424292115,
          6966652.112385025
        ]
      },
      "properties": {
        "junction_id": 39572,
        "veh_id": 11514,
        "sim_time_s": 373.5,
        "tier": "IC-detect",
        "prearm_status": "",
        "focus_role": "none"
      }
    },
    {
      "type": "Feature",
      "geometry": {
        "type": "Point",
        "coordinates": [
          0.0,
          0.0
        ]
      },
      "properties": {
        "junction_id": 39576,
        "veh_id": 11521,
        "sim_time_s": 382.5,
        "tier": "harmony-no-ge-local",
        "prearm_status": "skip",
        "focus_role": "none"
      }
    },
    {
      "type": "Feature",
      "geometry": {
        "type": "Point",
        "coordinates": [
          500512.46108641947,
          6965708.174298706
        ]
      },
      "properties": {
        "junction_id": 39587,
        "veh_id": 11521,
        "sim_time_s": 383.9,
        "tier": "track-zone",
        "prearm_status": "",
        "focus_role": "none"
      }
    },
    {
      "type": "Feature",
      "geometry": {
        "type": "Point",
        "coordinates": [
          500122.4767950935,
          6966429.753461197
        ]
      },
      "properties": {
        "junction_id": 39572,
        "veh_id": 11531,
        "sim_time_s": 383.9,
        "tier": "track-zone",
        "prearm_status": "",
        "focus_role": "none"
      }
    },
    {
      "type": "Feature",
      "geometry": {
        "type": "Point",
        "coordinates": [
          0.0,
          0.0
        ]
      },
      "properties": {
        "junction_id": 39569,
        "veh_id": 11531,
        "sim_time_s": 383.9,
        "tier": "harmony-ins-local",
        "prearm_status": "action",
        "focus_role": "none"
      }
    },
    {
      "type": "Feature",
      "geometry": {
        "type": "Point",
        "coordinates": [
          500078.66026641475,
          6966484.300456463
        ]
      },
      "properties": {
        "junction_id": 39568,
        "veh_id": 11531,
        "sim_time_s": 389.2,
        "tier": "track-zone",
        "prearm_status": "",
        "focus_role": "none"
      }
    },
    {
      "type": "Feature",
      "geometry": {
        "type": "Point",
        "coordinates": [
          500520.9923027196,
          6965641.360748115
        ]
      },
      "properties": {
        "junction_id": 1119660,
        "veh_id": 11521,
        "sim_time_s": 390.6,
        "tier": "track-zone",
        "prearm_status": "",
        "focus_role": "none"
      }
    },
    {
      "type": "Feature",
      "geometry": {
        "type": "Point",
        "coordinates": [
          500553.2261481639,
          6965567.647167386
        ]
      },
      "properties": {
        "junction_id": 10157950,
        "veh_id": 11521,
        "sim_time_s": 397.4,
        "tier": "track-zone",
        "prearm_status": "",
        "focus_role": "none"
      }
    },
    {
      "type": "Feature",
      "geometry": {
        "type": "Point",
        "coordinates": [
          0.0,
          0.0
        ]
      },
      "properties": {
        "junction_id": 39587,
        "veh_id": 11521,
        "sim_time_s": 402.8,
        "tier": "harmony-ge-local",
        "prearm_status": "action",
        "focus_role": "none"
      }
    },
    {
      "type": "Feature",
      "geometry": {
        "type": "Point",
        "coordinates": [
          0.0,
          0.0
        ]
      },
      "properties": {
        "junction_id": 39606,
        "veh_id": 11503,
        "sim_time_s": 406.4,
        "tier": "harmony-ge-local",
        "prearm_status": "action",
        "focus_role": "none"
      }
    },
    {
      "type": "Feature",
      "geometry": {
        "type": "Point",
        "coordinates": [
          500134.77167448157,
          6966428.1849113135
        ]
      },
      "properties": {
        "junction_id": 1043762,
        "veh_id": 11489,
        "sim_time_s": 409.5,
        "tier": "track-zone",
        "prearm_status": "",
        "focus_role": "none"
      }
    },
    {
      "type": "Feature",
      "geometry": {
        "type": "Point",
        "coordinates": [
          500609.25050060835,
          6965408.82991042
        ]
      },
      "properties": {
        "junction_id": 39593,
        "veh_id": 11521,
        "sim_time_s": 409.5,
        "tier": "track-zone",
        "prearm_status": "",
        "focus_role": "none"
      }
    },
    {
      "type": "Feature",
      "geometry": {
        "type": "Point",
        "coordinates": [
          500674.49413984583,
          6964512.92867407
        ]
      },
      "properties": {
        "junction_id": 36393,
        "veh_id": 11510,
        "sim_time_s": 417.6,
        "tier": "track-zone",
        "prearm_status": "",
        "focus_role": "none"
      }
    },
    {
      "type": "Feature",
      "geometry": {
        "type": "Point",
        "coordinates": [
          500651.14505562256,
          6965250.170565137
        ]
      },
      "properties": {
        "junction_id": 36385,
        "veh_id": 11521,
        "sim_time_s": 421.6,
        "tier": "track-zone",
        "prearm_status": "",
        "focus_role": "none"
      }
    },
    {
      "type": "Feature",
      "geometry": {
        "type": "Point",
        "coordinates": [
          0.0,
          0.0
        ]
      },
      "properties": {
        "junction_id": 1043762,
        "veh_id": 11489,
        "sim_time_s": 421.6,
        "tier": "harmony-ge-local",
        "prearm_status": "action",
        "focus_role": "none"
      }
    },
    {
      "type": "Feature",
      "geometry": {
        "type": "Point",
        "coordinates": [
          0.0,
          0.0
        ]
      },
      "properties": {
        "junction_id": 39593,
        "veh_id": 11521,
        "sim_time_s": 424.4,
        "tier": "harmony-ins-local",
        "prearm_status": "action",
        "focus_role": "none"
      }
    },
    {
      "type": "Feature",
      "geometry": {
        "type": "Point",
        "coordinates": [
          499757.2017282028,
          6966606.756905927
        ]
      },
      "properties": {
        "junction_id": 39568,
        "veh_id": 11514,
        "sim_time_s": 428.4,
        "tier": "track-zone",
        "prearm_status": "",
        "focus_role": "none"
      }
    },
    {
      "type": "Feature",
      "geometry": {
        "type": "Point",
        "coordinates": [
          0.0,
          0.0
        ]
      },
      "properties": {
        "junction_id": 39572,
        "veh_id": 11531,
        "sim_time_s": 428.4,
        "tier": "harmony-no-ge-local",
        "prearm_status": "skip",
        "focus_role": "none"
      }
    },
    {
      "type": "Feature",
      "geometry": {
        "type": "Point",
        "coordinates": [
          500364.0481475953,
          6966089.851573129
        ]
      },
      "properties": {
        "junction_id": 39578,
        "veh_id": 11489,
        "sim_time_s": 435.1,
        "tier": "track-section",
        "prearm_status": "",
        "focus_role": "none"
      }
    },
    {
      "type": "Feature",
      "geometry": {
        "type": "Point",
        "coordinates": [
          500017.7718168165,
          6966618.309661869
        ]
      },
      "properties": {
        "junction_id": 11118289,
        "veh_id": 11531,
        "sim_time_s": 440.6,
        "tier": "track-zone",
        "prearm_status": "",
        "focus_role": "none"
      }
    },
    {
      "type": "Feature",
      "geometry": {
        "type": "Point",
        "coordinates": [
          0.0,
          0.0
        ]
      },
      "properties": {
        "junction_id": 39578,
        "veh_id": 11489,
        "sim_time_s": 448.6,
        "tier": "harmony-ge-local",
        "prearm_status": "action",
        "focus_role": "none"
      }
    },
    {
      "type": "Feature",
      "geometry": {
        "type": "Point",
        "coordinates": [
          500532.9793077046,
          6965931.319989306
        ]
      },
      "properties": {
        "junction_id": 39576,
        "veh_id": 11489,
        "sim_time_s": 450.0,
        "tier": "track-zone",
        "prearm_status": "",
        "focus_role": "none"
      }
    },
    {
      "type": "Feature",
      "geometry": {
        "type": "Point",
        "coordinates": [
          500949.53229003365,
          6964036.232777647
        ]
      },
      "properties": {
        "junction_id": 39606,
        "veh_id": 11532,
        "sim_time_s": 450.0,
        "tier": "track-section",
        "prearm_status": "",
        "focus_role": "none"
      }
    },
    {
      "type": "Feature",
      "geometry": {
        "type": "Point",
        "coordinates": [
          499961.00073319336,
          6966778.3215692565
        ]
      },
      "properties": {
        "junction_id": 38339,
        "veh_id": 11531,
        "sim_time_s": 454.1,
        "tier": "track-zone",
        "prearm_status": "",
        "focus_role": "none"
      }
    },
    {
      "type": "Feature",
      "geometry": {
        "type": "Point",
        "coordinates": [
          500882.8114046159,
          6964125.418511786
        ]
      },
      "properties": {
        "junction_id": 39590,
        "veh_id": 11532,
        "sim_time_s": 456.8,
        "tier": "track-zone",
        "prearm_status": "",
        "focus_role": "none"
      }
    },
    {
      "type": "Feature",
      "geometry": {
        "type": "Point",
        "coordinates": [
          0.0,
          0.0
        ]
      },
      "properties": {
        "junction_id": 36385,
        "veh_id": 11521,
        "sim_time_s": 466.2,
        "tier": "harmony-ins-local",
        "prearm_status": "action",
        "focus_role": "none"
      }
    },
    {
      "type": "Feature",
      "geometry": {
        "type": "Point",
        "coordinates": [
          499880.36577687337,
          6966547.906430518
        ]
      },
      "properties": {
        "junction_id": 39569,
        "veh_id": 11514,
        "sim_time_s": 470.2,
        "tier": "track-zone",
        "prearm_status": "",
        "focus_role": "none"
      }
    },
    {
      "type": "Feature",
      "geometry": {
        "type": "Point",
        "coordinates": [
          500725.3684747145,
          6965011.083950933
        ]
      },
      "properties": {
        "junction_id": 36393,
        "veh_id": 11521,
        "sim_time_s": 470.2,
        "tier": "coord-prearm-harmony/SHOCKWAVE",
        "prearm_status": "fired",
        "focus_role": "none"
      }
    },
    {
      "type": "Feature",
      "geometry": {
        "type": "Point",
        "coordinates": [
          0.0,
          0.0
        ]
      },
      "properties": {
        "junction_id": 36393,
        "veh_id": 11521,
        "sim_time_s": 470.7,
        "tier": "harmony-ins-local",
        "prearm_status": "action",
        "focus_role": "none"
      }
    },
    {
      "type": "Feature",
      "geometry": {
        "type": "Point",
        "coordinates": [
          500684.0987813322,
          6964756.319799705
        ]
      },
      "properties": {
        "junction_id": 36393,
        "veh_id": 11521,
        "sim_time_s": 470.7,
        "tier": "coord-prearm-success/SHOCKWAVE",
        "prearm_status": "success",
        "focus_role": "none"
      }
    },
    {
      "type": "Feature",
      "geometry": {
        "type": "Point",
        "coordinates": [
          500725.3140501203,
          6964979.04783295
        ]
      },
      "properties": {
        "junction_id": 39590,
        "veh_id": 11521,
        "sim_time_s": 473.9,
        "tier": "coord-prearm-harmony/SHOCKWAVE",
        "prearm_status": "fired",
        "focus_role": "none"
      }
    },
    {
      "type": "Feature",
      "geometry": {
        "type": "Point",
        "coordinates": [
          0.0,
          0.0
        ]
      },
      "properties": {
        "junction_id": 39590,
        "veh_id": 11521,
        "sim_time_s": 474.3,
        "tier": "harmony-ins-local",
        "prearm_status": "action",
        "focus_role": "none"
      }
    },
    {
      "type": "Feature",
      "geometry": {
        "type": "Point",
        "coordinates": [
          500756.59727603965,
          6964319.360583137
        ]
      },
      "properties": {
        "junction_id": 39590,
        "veh_id": 11521,
        "sim_time_s": 474.3,
        "tier": "coord-prearm-success/SHOCKWAVE",
        "prearm_status": "success",
        "focus_role": "none"
      }
    },
    {
      "type": "Feature",
      "geometry": {
        "type": "Point",
        "coordinates": [
          500084.2075688101,
          6967502.041044018
        ]
      },
      "properties": {
        "junction_id": 38339,
        "veh_id": 11522,
        "sim_time_s": 477.0,
        "tier": "IC-detect",
        "prearm_status": "",
        "focus_role": "none"
      }
    },
    {
      "type": "Feature",
      "geometry": {
        "type": "Point",
        "coordinates": [
          500679.9109550727,
          6964781.6786889965
        ]
      },
      "properties": {
        "junction_id": 36385,
        "veh_id": 11510,
        "sim_time_s": 491.9,
        "tier": "track-zone",
        "prearm_status": "",
        "focus_role": "none"
      }
    },
    {
      "type": "Feature",
      "geometry": {
        "type": "Point",
        "coordinates": [
          499462.3037668275,
          6967098.231756673
        ]
      },
      "properties": {
        "junction_id": 38339,
        "veh_id": 11498,
        "sim_time_s": 493.6,
        "tier": "IC-detect",
        "prearm_status": "",
        "focus_role": "none"
      }
    },
    {
      "type": "Feature",
      "geometry": {
        "type": "Point",
        "coordinates": [
          500701.16301467025,
          6964928.692400049
        ]
      },
      "properties": {
        "junction_id": 39593,
        "veh_id": 11510,
        "sim_time_s": 506.7,
        "tier": "track-zone",
        "prearm_status": "",
        "focus_role": "none"
      }
    },
    {
      "type": "Feature",
      "geometry": {
        "type": "Point",
        "coordinates": [
          0.0,
          0.0
        ]
      },
      "properties": {
        "junction_id": 39576,
        "veh_id": 11489,
        "sim_time_s": 506.7,
        "tier": "harmony-no-ge-local",
        "prearm_status": "skip",
        "focus_role": "none"
      }
    },
    {
      "type": "Feature",
      "geometry": {
        "type": "Point",
        "coordinates": [
          500512.52839363046,
          6965702.783477321
        ]
      },
      "properties": {
        "junction_id": 39587,
        "veh_id": 11489,
        "sim_time_s": 509.4,
        "tier": "track-zone",
        "prearm_status": "",
        "focus_role": "none"
      }
    },
    {
      "type": "Feature",
      "geometry": {
        "type": "Point",
        "coordinates": [
          0.0,
          0.0
        ]
      },
      "properties": {
        "junction_id": 38339,
        "veh_id": 11531,
        "sim_time_s": 510.8,
        "tier": "harmony-ins-local",
        "prearm_status": "action",
        "focus_role": "none"
      }
    },
    {
      "type": "Feature",
      "geometry": {
        "type": "Point",
        "coordinates": [
          500519.5991783161,
          6965645.1483283015
        ]
      },
      "properties": {
        "junction_id": 1119660,
        "veh_id": 11489,
        "sim_time_s": 516.1,
        "tier": "track-zone",
        "prearm_status": "",
        "focus_role": "none"
      }
    },
    {
      "type": "Feature",
      "geometry": {
        "type": "Point",
        "coordinates": [
          500551.9804157837,
          6965570.084511029
        ]
      },
      "properties": {
        "junction_id": 10157950,
        "veh_id": 11489,
        "sim_time_s": 525.6,
        "tier": "track-zone",
        "prearm_status": "",
        "focus_role": "none"
      }
    },
    {
      "type": "Feature",
      "geometry": {
        "type": "Point",
        "coordinates": [
          500674.1693418884,
          6964513.656829046
        ]
      },
      "properties": {
        "junction_id": 36393,
        "veh_id": 11532,
        "sim_time_s": 527.0,
        "tier": "track-zone",
        "prearm_status": "",
        "focus_role": "none"
      }
    },
    {
      "type": "Feature",
      "geometry": {
        "type": "Point",
        "coordinates": [
          0.0,
          0.0
        ]
      },
      "properties": {
        "junction_id": 39569,
        "veh_id": 11514,
        "sim_time_s": 533.7,
        "tier": "harmony-ins-local",
        "prearm_status": "action",
        "focus_role": "none"
      }
    },
    {
      "type": "Feature",
      "geometry": {
        "type": "Point",
        "coordinates": [
          500705.71069286886,
          6964959.858961597
        ]
      },
      "properties": {
        "junction_id": 36393,
        "veh_id": 11510,
        "sim_time_s": 539.1,
        "tier": "track-zone",
        "prearm_status": "",
        "focus_role": "none"
      }
    },
    {
      "type": "Feature",
      "geometry": {
        "type": "Point",
        "coordinates": [
          0.0,
          0.0
        ]
      },
      "properties": {
        "junction_id": 36393,
        "veh_id": 11532,
        "sim_time_s": 540.5,
        "tier": "harmony-no-ge-local",
        "prearm_status": "skip",
        "focus_role": "none"
      }
    },
    {
      "type": "Feature",
      "geometry": {
        "type": "Point",
        "coordinates": [
          499966.24015831854,
          6967105.858017937
        ]
      },
      "properties": {
        "junction_id": 11118289,
        "veh_id": 11522,
        "sim_time_s": 541.8,
        "tier": "track-zone",
        "prearm_status": "",
        "focus_role": "none"
      }
    },
    {
      "type": "Feature",
      "geometry": {
        "type": "Point",
        "coordinates": [
          500129.701037999,
          6966440.657699947
        ]
      },
      "properties": {
        "junction_id": 1043762,
        "veh_id": 11514,
        "sim_time_s": 543.1,
        "tier": "track-zone",
        "prearm_status": "",
        "focus_role": "none"
      }
    },
    {
      "type": "Feature",
      "geometry": {
        "type": "Point",
        "coordinates": [
          500679.89543343754,
          6964787.057749387
        ]
      },
      "properties": {
        "junction_id": 36385,
        "veh_id": 11532,
        "sim_time_s": 545.9,
        "tier": "track-zone",
        "prearm_status": "",
        "focus_role": "none"
      }
    },
    {
      "type": "Feature",
      "geometry": {
        "type": "Point",
        "coordinates": [
          0.0,
          0.0
        ]
      },
      "properties": {
        "junction_id": 39587,
        "veh_id": 11489,
        "sim_time_s": 549.9,
        "tier": "harmony-no-ge-local",
        "prearm_status": "skip",
        "focus_role": "none"
      }
    },
    {
      "type": "Feature",
      "geometry": {
        "type": "Point",
        "coordinates": [
          500611.5844677137,
          6965399.579876571
        ]
      },
      "properties": {
        "junction_id": 39593,
        "veh_id": 11489,
        "sim_time_s": 558.0,
        "tier": "track-zone",
        "prearm_status": "",
        "focus_role": "none"
      }
    },
    {
      "type": "Feature",
      "geometry": {
        "type": "Point",
        "coordinates": [
          499796.08210666885,
          6967045.690549989
        ]
      },
      "properties": {
        "junction_id": 11118289,
        "veh_id": 11498,
        "sim_time_s": 559.4,
        "tier": "track-zone",
        "prearm_status": "",
        "focus_role": "none"
      }
    },
    {
      "type": "Feature",
      "geometry": {
        "type": "Point",
        "coordinates": [
          500647.35770671867,
          6965258.753082994
        ]
      },
      "properties": {
        "junction_id": 36385,
        "veh_id": 11489,
        "sim_time_s": 568.8,
        "tier": "track-zone",
        "prearm_status": "",
        "focus_role": "none"
      }
    },
    {
      "type": "Feature",
      "geometry": {
        "type": "Point",
        "coordinates": [
          0.0,
          0.0
        ]
      },
      "properties": {
        "junction_id": 38339,
        "veh_id": 11522,
        "sim_time_s": 571.0,
        "tier": "harmony-ins-local",
        "prearm_status": "action",
        "focus_role": "none"
      }
    },
    {
      "type": "Feature",
      "geometry": {
        "type": "Point",
        "coordinates": [
          0.0,
          0.0
        ]
      },
      "properties": {
        "junction_id": 39593,
        "veh_id": 11489,
        "sim_time_s": 574.2,
        "tier": "harmony-ge-local",
        "prearm_status": "action",
        "focus_role": "none"
      }
    },
    {
      "type": "Feature",
      "geometry": {
        "type": "Point",
        "coordinates": [
          0.0,
          0.0
        ]
      },
      "properties": {
        "junction_id": 1043762,
        "veh_id": 11514,
        "sim_time_s": 581.0,
        "tier": "harmony-ins-local",
        "prearm_status": "action",
        "focus_role": "none"
      }
    },
    {
      "type": "Feature",
      "geometry": {
        "type": "Point",
        "coordinates": [
          0.0,
          0.0
        ]
      },
      "properties": {
        "junction_id": 36385,
        "veh_id": 11510,
        "sim_time_s": 583.6,
        "tier": "harmony-ge-local",
        "prearm_status": "action",
        "focus_role": "none"
      }
    },
    {
      "type": "Feature",
      "geometry": {
        "type": "Point",
        "coordinates": [
          500701.00382841466,
          6964929.072009096
        ]
      },
      "properties": {
        "junction_id": 39593,
        "veh_id": 11532,
        "sim_time_s": 587.7,
        "tier": "track-zone",
        "prearm_status": "",
        "focus_role": "none"
      }
    },
    {
      "type": "Feature",
      "geometry": {
        "type": "Point",
        "coordinates": [
          499961.79914580536,
          6966950.3144430565
        ]
      },
      "properties": {
        "junction_id": 39568,
        "veh_id": 11522,
        "sim_time_s": 589.0,
        "tier": "track-zone",
        "prearm_status": "",
        "focus_role": "none"
      }
    },
    {
      "type": "Feature",
      "geometry": {
        "type": "Point",
        "coordinates": [
          500682.4703178253,
          6965095.017997624
        ]
      },
      "properties": {
        "junction_id": 10157950,
        "veh_id": 11510,
        "sim_time_s": 590.4,
        "tier": "track-zone",
        "prearm_status": "",
        "focus_role": "none"
      }
    },
    {
      "type": "Feature",
      "geometry": {
        "type": "Point",
        "coordinates": [
          499965.9901621169,
          6966898.232322907
        ]
      },
      "properties": {
        "junction_id": 39572,
        "veh_id": 11522,
        "sim_time_s": 594.5,
        "tier": "track-zone",
        "prearm_status": "",
        "focus_role": "none"
      }
    },
    {
      "type": "Feature",
      "geometry": {
        "type": "Point",
        "coordinates": [
          500699.64356409694,
          6964501.179216324
        ]
      },
      "properties": {
        "junction_id": 39590,
        "veh_id": 11521,
        "sim_time_s": 594.5,
        "tier": "IC-detect-far",
        "prearm_status": "",
        "focus_role": "none"
      }
    },
    {
      "type": "Feature",
      "geometry": {
        "type": "Point",
        "coordinates": [
          499820.4354189802,
          6967042.012152206
        ]
      },
      "properties": {
        "junction_id": 38339,
        "veh_id": 11498,
        "sim_time_s": 613.8,
        "tier": "IC-detect",
        "prearm_status": "",
        "focus_role": "none"
      }
    },
    {
      "type": "Feature",
      "geometry": {
        "type": "Point",
        "coordinates": [
          500725.97390490846,
          6964997.476215178
        ]
      },
      "properties": {
        "junction_id": 36393,
        "veh_id": 11489,
        "sim_time_s": 614.7,
        "tier": "track-zone",
        "prearm_status": "",
        "focus_role": "none"
      }
    },
    {
      "type": "Feature",
      "geometry": {
        "type": "Point",
        "coordinates": [
          500658.41090722685,
          6965190.525442103
        ]
      },
      "properties": {
        "junction_id": 1119660,
        "veh_id": 11510,
        "sim_time_s": 618.8,
        "tier": "track-zone",
        "prearm_status": "",
        "focus_role": "none"
      }
    },
    {
      "type": "Feature",
      "geometry": {
        "type": "Point",
        "coordinates": [
          500640.2819130056,
          6965231.47824946
        ]
      },
      "properties": {
        "junction_id": 39587,
        "veh_id": 11510,
        "sim_time_s": 621.5,
        "tier": "track-zone",
        "prearm_status": "",
        "focus_role": "none"
      }
    },
    {
      "type": "Feature",
      "geometry": {
        "type": "Point",
        "coordinates": [
          0.0,
          0.0
        ]
      },
      "properties": {
        "junction_id": 39572,
        "veh_id": 11522,
        "sim_time_s": 624.1,
        "tier": "harmony-ins-local",
        "prearm_status": "action",
        "focus_role": "none"
      }
    },
    {
      "type": "Feature",
      "geometry": {
        "type": "Point",
        "coordinates": [
          500352.2345442375,
          6966100.792816319
        ]
      },
      "properties": {
        "junction_id": 39578,
        "veh_id": 11514,
        "sim_time_s": 625.5,
        "tier": "track-section",
        "prearm_status": "",
        "focus_role": "none"
      }
    },
    {
      "type": "Feature",
      "geometry": {
        "type": "Point",
        "coordinates": [
          500606.4230975559,
          6965337.715487265
        ]
      },
      "properties": {
        "junction_id": 39593,
        "veh_id": 11510,
        "sim_time_s": 628.2,
        "tier": "track-zone",
        "prearm_status": "",
        "focus_role": "none"
      }
    },
    {
      "type": "Feature",
      "geometry": {
        "type": "Point",
        "coordinates": [
          500681.4863198863,
          6965108.811716009
        ]
      },
      "properties": {
        "junction_id": 10157950,
        "veh_id": 11532,
        "sim_time_s": 629.5,
        "tier": "track-zone",
        "prearm_status": "",
        "focus_role": "none"
      }
    },
    {
      "type": "Feature",
      "geometry": {
        "type": "Point",
        "coordinates": [
          500732.9821995498,
          6964402.4361736
        ]
      },
      "properties": {
        "junction_id": 39606,
        "veh_id": 11521,
        "sim_time_s": 633.6,
        "tier": "track-zone",
        "prearm_status": "",
        "focus_role": "none"
      }
    },
    {
      "type": "Feature",
      "geometry": {
        "type": "Point",
        "coordinates": [
          500664.7457355793,
          6965173.129765259
        ]
      },
      "properties": {
        "junction_id": 1119660,
        "veh_id": 11532,
        "sim_time_s": 633.6,
        "tier": "track-zone",
        "prearm_status": "",
        "focus_role": "none"
      }
    },
    {
      "type": "Feature",
      "geometry": {
        "type": "Point",
        "coordinates": [
          0.0,
          0.0
        ]
      },
      "properties": {
        "junction_id": 39593,
        "veh_id": 11532,
        "sim_time_s": 634.5,
        "tier": "harmony-ins-local",
        "prearm_status": "action",
        "focus_role": "none"
      }
    },
    {
      "type": "Feature",
      "geometry": {
        "type": "Point",
        "coordinates": [
          500010.0060546162,
          6966674.652064438
        ]
      },
      "properties": {
        "junction_id": 39569,
        "veh_id": 11522,
        "sim_time_s": 635.0,
        "tier": "track-zone",
        "prearm_status": "",
        "focus_role": "none"
      }
    },
    {
      "type": "Feature",
      "geometry": {
        "type": "Point",
        "coordinates": [
          500638.2995803832,
          6965235.123054207
        ]
      },
      "properties": {
        "junction_id": 39587,
        "veh_id": 11532,
        "sim_time_s": 637.6,
        "tier": "track-zone",
        "prearm_status": "",
        "focus_role": "none"
      }
    },
    {
      "type": "Feature",
      "geometry": {
        "type": "Point",
        "coordinates": [
          0.0,
          0.0
        ]
      },
      "properties": {
        "junction_id": 39587,
        "veh_id": 11532,
        "sim_time_s": 651.1,
        "tier": "harmony-ins-local",
        "prearm_status": "action",
        "focus_role": "none"
      }
    },
    {
      "type": "Feature",
      "geometry": {
        "type": "Point",
        "coordinates": [
          500576.35744160105,
          6965466.299520148
        ]
      },
      "properties": {
        "junction_id": 39576,
        "veh_id": 11532,
        "sim_time_s": 653.9,
        "tier": "track-zone",
        "prearm_status": "",
        "focus_role": "none"
      }
    },
    {
      "type": "Feature",
      "geometry": {
        "type": "Point",
        "coordinates": [
          500567.49607512396,
          6965475.0144888135
        ]
      },
      "properties": {
        "junction_id": 39576,
        "veh_id": 11510,
        "sim_time_s": 660.6,
        "tier": "track-zone",
        "prearm_status": "",
        "focus_role": "none"
      }
    },
    {
      "type": "Feature",
      "geometry": {
        "type": "Point",
        "coordinates": [
          0.0,
          0.0
        ]
      },
      "properties": {
        "junction_id": 39578,
        "veh_id": 11514,
        "sim_time_s": 660.6,
        "tier": "harmony-ins-local",
        "prearm_status": "action",
        "focus_role": "none"
      }
    },
    {
      "type": "Feature",
      "geometry": {
        "type": "Point",
        "coordinates": [
          500535.1531636195,
          6965925.337039619
        ]
      },
      "properties": {
        "junction_id": 39576,
        "veh_id": 11514,
        "sim_time_s": 663.3,
        "tier": "track-zone",
        "prearm_status": "",
        "focus_role": "none"
      }
    },
    {
      "type": "Feature",
      "geometry": {
        "type": "Point",
        "coordinates": [
          0.0,
          0.0
        ]
      },
      "properties": {
        "junction_id": 39576,
        "veh_id": 11532,
        "sim_time_s": 668.7,
        "tier": "harmony-ins-local",
        "prearm_status": "action",
        "focus_role": "none"
      }
    },
    {
      "type": "Feature",
      "geometry": {
        "type": "Point",
        "coordinates": [
          499830.1499219691,
          6967040.50960982
        ]
      },
      "properties": {
        "junction_id": 11118289,
        "veh_id": 11498,
        "sim_time_s": 680.9,
        "tier": "track-zone",
        "prearm_status": "",
        "focus_role": "none"
      }
    },
    {
      "type": "Feature",
      "geometry": {
        "type": "Point",
        "coordinates": [
          0.0,
          0.0
        ]
      },
      "properties": {
        "junction_id": 36393,
        "veh_id": 11489,
        "sim_time_s": 680.9,
        "tier": "harmony-no-ge-local",
        "prearm_status": "skip",
        "focus_role": "none"
      }
    },
    {
      "type": "Feature",
      "geometry": {
        "type": "Point",
        "coordinates": [
          0.0,
          0.0
        ]
      },
      "properties": {
        "junction_id": 39569,
        "veh_id": 11522,
        "sim_time_s": 691.6,
        "tier": "harmony-ins-local",
        "prearm_status": "action",
        "focus_role": "none"
      }
    },
    {
      "type": "Feature",
      "geometry": {
        "type": "Point",
        "coordinates": [
          500125.8776515412,
          6966440.786403802
        ]
      },
      "properties": {
        "junction_id": 1043762,
        "veh_id": 11522,
        "sim_time_s": 695.7,
        "tier": "track-zone",
        "prearm_status": "",
        "focus_role": "none"
      }
    },
    {
      "type": "Feature",
      "geometry": {
        "type": "Point",
        "coordinates": [
          500492.22220875946,
          6965684.981185147
        ]
      },
      "properties": {
        "junction_id": 39578,
        "veh_id": 11532,
        "sim_time_s": 695.7,
        "tier": "track-zone",
        "prearm_status": "",
        "focus_role": "none"
      }
    },
    {
      "type": "Feature",
      "geometry": {
        "type": "Point",
        "coordinates": [
          500492.09891280404,
          6965693.338619391
        ]
      },
      "properties": {
        "junction_id": 39578,
        "veh_id": 11510,
        "sim_time_s": 699.8,
        "tier": "track-zone",
        "prearm_status": "",
        "focus_role": "none"
      }
    },
    {
      "type": "Feature",
      "geometry": {
        "type": "Point",
        "coordinates": [
          500683.2203272141,
          6964557.412984409
        ]
      },
      "properties": {
        "junction_id": 39590,
        "veh_id": 11489,
        "sim_time_s": 703.8,
        "tier": "track-zone",
        "prearm_status": "",
        "focus_role": "none"
      }
    },
    {
      "type": "Feature",
      "geometry": {
        "type": "Point",
        "coordinates": [
          500512.48403770296,
          6965705.662751134
        ]
      },
      "properties": {
        "junction_id": 39587,
        "veh_id": 11514,
        "sim_time_s": 706.5,
        "tier": "track-zone",
        "prearm_status": "",
        "focus_role": "none"
      }
    },
    {
      "type": "Feature",
      "geometry": {
        "type": "Point",
        "coordinates": [
          0.0,
          0.0
        ]
      },
      "properties": {
        "junction_id": 1043762,
        "veh_id": 11522,
        "sim_time_s": 710.5,
        "tier": "harmony-ins-local",
        "prearm_status": "action",
        "focus_role": "none"
      }
    },
    {
      "type": "Feature",
      "geometry": {
        "type": "Point",
        "coordinates": [
          500521.72855026985,
          6965639.087188819
        ]
      },
      "properties": {
        "junction_id": 1119660,
        "veh_id": 11514,
        "sim_time_s": 713.2,
        "tier": "track-zone",
        "prearm_status": "",
        "focus_role": "none"
      }
    },
    {
      "type": "Feature",
      "geometry": {
        "type": "Point",
        "coordinates": [
          500755.39912086603,
          6964346.590725543
        ]
      },
      "properties": {
        "junction_id": 39590,
        "veh_id": 11521,
        "sim_time_s": 714.6,
        "tier": "IC-detect",
        "prearm_status": "",
        "focus_role": "none"
      }
    },
    {
      "type": "Feature",
      "geometry": {
        "type": "Point",
        "coordinates": [
          500924.5189433935,
          6965248.436222348
        ]
      },
      "properties": {
        "junction_id": 39593,
        "veh_id": 11485,
        "sim_time_s": 720.0,
        "tier": "track-zone",
        "prearm_status": "",
        "focus_role": "none"
      }
    },
    {
      "type": "Feature",
      "geometry": {
        "type": "Point",
        "coordinates": [
          500555.25488222565,
          6965563.129408323
        ]
      },
      "properties": {
        "junction_id": 10157950,
        "veh_id": 11514,
        "sim_time_s": 720.0,
        "tier": "track-zone",
        "prearm_status": "",
        "focus_role": "none"
      }
    },
    {
      "type": "Feature",
      "geometry": {
        "type": "Point",
        "coordinates": [
          500357.2976252193,
          6966096.152857772
        ]
      },
      "properties": {
        "junction_id": 39578,
        "veh_id": 11522,
        "sim_time_s": 722.7,
        "tier": "track-section",
        "prearm_status": "",
        "focus_role": "none"
      }
    },
    {
      "type": "Feature",
      "geometry": {
        "type": "Point",
        "coordinates": [
          0.0,
          0.0
        ]
      },
      "properties": {
        "junction_id": 39587,
        "veh_id": 11514,
        "sim_time_s": 724.0,
        "tier": "harmony-ins-local",
        "prearm_status": "action",
        "focus_role": "none"
      }
    },
    {
      "type": "Feature",
      "geometry": {
        "type": "Point",
        "coordinates": [
          499834.0246672571,
          6967039.910302883
        ]
      },
      "properties": {
        "junction_id": 38339,
        "veh_id": 11498,
        "sim_time_s": 734.0,
        "tier": "IC-detect-far",
        "prearm_status": "",
        "focus_role": "none"
      }
    },
    {
      "type": "Feature",
      "geometry": {
        "type": "Point",
        "coordinates": [
          0.0,
          0.0
        ]
      },
      "properties": {
        "junction_id": 39578,
        "veh_id": 11532,
        "sim_time_s": 738.9,
        "tier": "harmony-ins-local",
        "prearm_status": "action",
        "focus_role": "none"
      }
    },
    {
      "type": "Feature",
      "geometry": {
        "type": "Point",
        "coordinates": [
          500527.08968273515,
          6965938.098917929
        ]
      },
      "properties": {
        "junction_id": 39576,
        "veh_id": 11522,
        "sim_time_s": 740.2,
        "tier": "track-zone",
        "prearm_status": "",
        "focus_role": "none"
      }
    },
    {
      "type": "Feature",
      "geometry": {
        "type": "Point",
        "coordinates": [
          0.0,
          0.0
        ]
      },
      "properties": {
        "junction_id": 39606,
        "veh_id": 11521,
        "sim_time_s": 744.3,
        "tier": "harmony-ins-local",
        "prearm_status": "action",
        "focus_role": "none"
      }
    },
    {
      "type": "Feature",
      "geometry": {
        "type": "Point",
        "coordinates": [
          500402.5811189967,
          6966036.935474187
        ]
      },
      "properties": {
        "junction_id": 1043762,
        "veh_id": 11532,
        "sim_time_s": 749.7,
        "tier": "track-zone",
        "prearm_status": "",
        "focus_role": "none"
      }
    },
    {
      "type": "Feature",
      "geometry": {
        "type": "Point",
        "coordinates": [
          500609.4017472935,
          6965408.12786351
        ]
      },
      "properties": {
        "junction_id": 39593,
        "veh_id": 11514,
        "sim_time_s": 753.8,
        "tier": "track-zone",
        "prearm_status": "",
        "focus_role": "none"
      }
    },
    {
      "type": "Feature",
      "geometry": {
        "type": "Point",
        "coordinates": [
          500646.3812660629,
          6965261.306687472
        ]
      },
      "properties": {
        "junction_id": 36385,
        "veh_id": 11514,
        "sim_time_s": 764.5,
        "tier": "track-zone",
        "prearm_status": "",
        "focus_role": "none"
      }
    },
    {
      "type": "Feature",
      "geometry": {
        "type": "Point",
        "coordinates": [
          500857.95319839736,
          6965223.880663564
        ]
      },
      "properties": {
        "junction_id": 36385,
        "veh_id": 11485,
        "sim_time_s": 767.2,
        "tier": "track-zone",
        "prearm_status": "",
        "focus_role": "none"
      }
    },
    {
      "type": "Feature",
      "geometry": {
        "type": "Point",
        "coordinates": [
          500725.0280650528,
          6964405.394231589
        ]
      },
      "properties": {
        "junction_id": 39606,
        "veh_id": 11489,
        "sim_time_s": 771.3,
        "tier": "track-zone",
        "prearm_status": "",
        "focus_role": "none"
      }
    },
    {
      "type": "Feature",
      "geometry": {
        "type": "Point",
        "coordinates": [
          500831.6393171473,
          6965211.994601314
        ]
      },
      "properties": {
        "junction_id": 10157950,
        "veh_id": 11485,
        "sim_time_s": 774.0,
        "tier": "track-zone",
        "prearm_status": "",
        "focus_role": "none"
      }
    },
    {
      "type": "Feature",
      "geometry": {
        "type": "Point",
        "coordinates": [
          0.0,
          0.0
        ]
      },
      "properties": {
        "junction_id": 1043762,
        "veh_id": 11532,
        "sim_time_s": 776.7,
        "tier": "harmony-no-ge-local",
        "prearm_status": "skip",
        "focus_role": "none"
      }
    },
    {
      "type": "Feature",
      "geometry": {
        "type": "Point",
        "coordinates": [
          0.0,
          0.0
        ]
      },
      "properties": {
        "junction_id": 39590,
        "veh_id": 11489,
        "sim_time_s": 778.0,
        "tier": "harmony-no-ge-local",
        "prearm_status": "skip",
        "focus_role": "none"
      }
    },
    {
      "type": "Feature",
      "geometry": {
        "type": "Point",
        "coordinates": [
          0.0,
          0.0
        ]
      },
      "properties": {
        "junction_id": 39593,
        "veh_id": 11514,
        "sim_time_s": 783.5,
        "tier": "harmony-ge-local",
        "prearm_status": "action",
        "focus_role": "none"
      }
    },
    {
      "type": "Feature",
      "geometry": {
        "type": "Point",
        "coordinates": [
          500393.5648886839,
          6966043.679638764
        ]
      },
      "properties": {
        "junction_id": 1043762,
        "veh_id": 11510,
        "sim_time_s": 792.9,
        "tier": "track-zone",
        "prearm_status": "",
        "focus_role": "none"
      }
    },
    {
      "type": "Feature",
      "geometry": {
        "type": "Point",
        "coordinates": [
          500232.70773997786,
          6966232.88096733
        ]
      },
      "properties": {
        "junction_id": 39569,
        "veh_id": 11532,
        "sim_time_s": 795.6,
        "tier": "track-zone",
        "prearm_status": "",
        "focus_role": "none"
      }
    },
    {
      "type": "Feature",
      "geometry": {
        "type": "Point",
        "coordinates": [
          499839.88342290686,
          6967038.885103139
        ]
      },
      "properties": {
        "junction_id": 11118289,
        "veh_id": 11498,
        "sim_time_s": 802.4,
        "tier": "track-zone",
        "prearm_status": "",
        "focus_role": "none"
      }
    },
    {
      "type": "Feature",
      "geometry": {
        "type": "Point",
        "coordinates": [
          0.0,
          0.0
        ]
      },
      "properties": {
        "junction_id": 39576,
        "veh_id": 11522,
        "sim_time_s": 806.4,
        "tier": "harmony-ge-local",
        "prearm_status": "action",
        "focus_role": "none"
      }
    },
    {
      "type": "Feature",
      "geometry": {
        "type": "Point",
        "coordinates": [
          500512.86565666954,
          6965697.542303987
        ]
      },
      "properties": {
        "junction_id": 39587,
        "veh_id": 11522,
        "sim_time_s": 809.1,
        "tier": "track-zone",
        "prearm_status": "",
        "focus_role": "none"
      }
    },
    {
      "type": "Feature",
      "geometry": {
        "type": "Point",
        "coordinates": [
          0.0,
          0.0
        ]
      },
      "properties": {
        "junction_id": 39569,
        "veh_id": 11532,
        "sim_time_s": 810.5,
        "tier": "harmony-no-ge-local",
        "prearm_status": "skip",
        "focus_role": "none"
      }
    },
    {
      "type": "Feature",
      "geometry": {
        "type": "Point",
        "coordinates": [
          500120.90965075337,
          6966428.3257789165
        ]
      },
      "properties": {
        "junction_id": 39572,
        "veh_id": 11532,
        "sim_time_s": 811.8,
        "tier": "track-zone",
        "prearm_status": "",
        "focus_role": "none"
      }
    },
    {
      "type": "Feature",
      "geometry": {
        "type": "Point",
        "coordinates": [
          500521.3660231271,
          6965640.162328718
        ]
      },
      "properties": {
        "junction_id": 1119660,
        "veh_id": 11522,
        "sim_time_s": 815.9,
        "tier": "track-zone",
        "prearm_status": "",
        "focus_role": "none"
      }
    },
    {
      "type": "Feature",
      "geometry": {
        "type": "Point",
        "coordinates": [
          0.0,
          0.0
        ]
      },
      "properties": {
        "junction_id": 39606,
        "veh_id": 11489,
        "sim_time_s": 815.9,
        "tier": "harmony-ge-local",
        "prearm_status": "action",
        "focus_role": "none"
      }
    },
    {
      "type": "Feature",
      "geometry": {
        "type": "Point",
        "coordinates": [
          500554.5103464319,
          6965564.767124963
        ]
      },
      "properties": {
        "junction_id": 10157950,
        "veh_id": 11522,
        "sim_time_s": 824.0,
        "tier": "track-zone",
        "prearm_status": "",
        "focus_role": "none"
      }
    },
    {
      "type": "Feature",
      "geometry": {
        "type": "Point",
        "coordinates": [
          0.0,
          0.0
        ]
      },
      "properties": {
        "junction_id": 1043762,
        "veh_id": 11510,
        "sim_time_s": 829.4,
        "tier": "harmony-ge-local",
        "prearm_status": "action",
        "focus_role": "none"
      }
    },
    {
      "type": "Feature",
      "geometry": {
        "type": "Point",
        "coordinates": [
          500228.22348707926,
          6966235.175130494
        ]
      },
      "properties": {
        "junction_id": 39569,
        "veh_id": 11510,
        "sim_time_s": 832.0,
        "tier": "track-zone",
        "prearm_status": "",
        "focus_role": "none"
      }
    },
    {
      "type": "Feature",
      "geometry": {
        "type": "Point",
        "coordinates": [
          0.0,
          0.0
        ]
      },
      "properties": {
        "junction_id": 39587,
        "veh_id": 11522,
        "sim_time_s": 832.0,
        "tier": "harmony-no-ge-local",
        "prearm_status": "skip",
        "focus_role": "none"
      }
    },
    {
      "type": "Feature",
      "geometry": {
        "type": "Point",
        "coordinates": [
          500228.22348707926,
          6966235.175130494
        ]
      },
      "properties": {
        "junction_id": 39569,
        "veh_id": 11510,
        "sim_time_s": 832.5,
        "tier": "coord-prearm-harmony/SHOCKWAVE",
        "prearm_status": "fired",
        "focus_role": "none"
      }
    },
    {
      "type": "Feature",
      "geometry": {
        "type": "Point",
        "coordinates": [
          0.0,
          0.0
        ]
      },
      "properties": {
        "junction_id": 39569,
        "veh_id": 11510,
        "sim_time_s": 833.0,
        "tier": "harmony-ins-local",
        "prearm_status": "action",
        "focus_role": "none"
      }
    },
    {
      "type": "Feature",
      "geometry": {
        "type": "Point",
        "coordinates": [
          500105.3249690746,
          6966447.427635936
        ]
      },
      "properties": {
        "junction_id": 39569,
        "veh_id": 11510,
        "sim_time_s": 833.0,
        "tier": "coord-prearm-success/SHOCKWAVE",
        "prearm_status": "success",
        "focus_role": "none"
      }
    },
    {
      "type": "Feature",
      "geometry": {
        "type": "Point",
        "coordinates": [
          500793.47343109106,
          6965195.904510199
        ]
      },
      "properties": {
        "junction_id": 39593,
        "veh_id": 11485,
        "sim_time_s": 840.1,
        "tier": "IC-detect-far",
        "prearm_status": "",
        "focus_role": "none"
      }
    },
    {
      "type": "Feature",
      "geometry": {
        "type": "Point",
        "coordinates": [
          499849.93862913625,
          6967037.288142564
        ]
      },
      "properties": {
        "junction_id": 38339,
        "veh_id": 11498,
        "sim_time_s": 854.1,
        "tier": "IC-detect-far",
        "prearm_status": "",
        "focus_role": "none"
      }
    },
    {
      "type": "Feature",
      "geometry": {
        "type": "Point",
        "coordinates": [
          500609.3716724986,
          6965408.265980115
        ]
      },
      "properties": {
        "junction_id": 39593,
        "veh_id": 11522,
        "sim_time_s": 859.0,
        "tier": "track-zone",
        "prearm_status": "",
        "focus_role": "none"
      }
    },
    {
      "type": "Feature",
      "geometry": {
        "type": "Point",
        "coordinates": [
          500651.1758098156,
          6965250.000949375
        ]
      },
      "properties": {
        "junction_id": 36385,
        "veh_id": 11522,
        "sim_time_s": 871.2,
        "tier": "track-zone",
        "prearm_status": "",
        "focus_role": "none"
      }
    },
    {
      "type": "Feature",
      "geometry": {
        "type": "Point",
        "coordinates": [
          0.0,
          0.0
        ]
      },
      "properties": {
        "junction_id": 39593,
        "veh_id": 11522,
        "sim_time_s": 875.2,
        "tier": "harmony-ins-local",
        "prearm_status": "action",
        "focus_role": "none"
      }
    },
    {
      "type": "Feature",
      "geometry": {
        "type": "Point",
        "coordinates": [
          0.0,
          0.0
        ]
      },
      "properties": {
        "junction_id": 36385,
        "veh_id": 11514,
        "sim_time_s": 882.0,
        "tier": "harmony-ge-local",
        "prearm_status": "action",
        "focus_role": "none"
      }
    },
    {
      "type": "Feature",
      "geometry": {
        "type": "Point",
        "coordinates": [
          500729.0030827411,
          6964994.597568083
        ]
      },
      "properties": {
        "junction_id": 36393,
        "veh_id": 11514,
        "sim_time_s": 887.0,
        "tier": "coord-prearm-harmony/SHOCKWAVE",
        "prearm_status": "fired",
        "focus_role": "none"
      }
    },
    {
      "type": "Feature",
      "geometry": {
        "type": "Point",
        "coordinates": [
          0.0,
          0.0
        ]
      },
      "properties": {
        "junction_id": 36393,
        "veh_id": 11514,
        "sim_time_s": 887.4,
        "tier": "harmony-no-ge-local",
        "prearm_status": "skip",
        "focus_role": "none"
      }
    },
    {
      "type": "Feature",
      "geometry": {
        "type": "Point",
        "coordinates": [
          500710.67635898024,
          6965171.383458608
        ]
      },
      "properties": {
        "junction_id": 36385,
        "veh_id": 11485,
        "sim_time_s": 888.8,
        "tier": "track-zone",
        "prearm_status": "",
        "focus_role": "none"
      }
    },
    {
      "type": "Feature",
      "geometry": {
        "type": "Point",
        "coordinates": [
          500114.1321390965,
          6966425.183935511
        ]
      },
      "properties": {
        "junction_id": 39572,
        "veh_id": 11510,
        "sim_time_s": 888.8,
        "tier": "track-zone",
        "prearm_status": "",
        "focus_role": "none"
      }
    },
    {
      "type": "Feature",
      "geometry": {
        "type": "Point",
        "coordinates": [
          500710.6555696605,
          6965171.375927011
        ]
      },
      "properties": {
        "junction_id": 10157950,
        "veh_id": 11485,
        "sim_time_s": 895.5,
        "tier": "track-zone",
        "prearm_status": "",
        "focus_role": "none"
      }
    },
    {
      "type": "Feature",
      "geometry": {
        "type": "Point",
        "coordinates": [
          500946.97228876385,
          6964034.668682542
        ]
      },
      "properties": {
        "junction_id": 39606,
        "veh_id": 11533,
        "sim_time_s": 900.0,
        "tier": "IC-detect",
        "prearm_status": "",
        "focus_role": "none"
      }
    },
    {
      "type": "Feature",
      "geometry": {
        "type": "Point",
        "coordinates": [
          500073.48062364623,
          6966495.7736355495
        ]
      },
      "properties": {
        "junction_id": 39568,
        "veh_id": 11532,
        "sim_time_s": 900.9,
        "tier": "track-zone",
        "prearm_status": "",
        "focus_role": "none"
      }
    },
    {
      "type": "Feature",
      "geometry": {
        "type": "Point",
        "coordinates": [
          500887.1324688646,
          6964120.711613731
        ]
      },
      "properties": {
        "junction_id": 39590,
        "veh_id": 11533,
        "sim_time_s": 906.3,
        "tier": "track-zone",
        "prearm_status": "",
        "focus_role": "none"
      }
    },
    {
      "type": "Feature",
      "geometry": {
        "type": "Point",
        "coordinates": [
          0.0,
          0.0
        ]
      },
      "properties": {
        "junction_id": 39606,
        "veh_id": 11533,
        "sim_time_s": 910.4,
        "tier": "harmony-no-ge-local",
        "prearm_status": "skip",
        "focus_role": "none"
      }
    },
    {
      "type": "Feature",
      "geometry": {
        "type": "Point",
        "coordinates": [
          499512.5247422402,
          6966653.6640370665
        ]
      },
      "properties": {
        "junction_id": 39572,
        "veh_id": 11497,
        "sim_time_s": 912.6,
        "tier": "IC-detect",
        "prearm_status": "",
        "focus_role": "none"
      }
    },
    {
      "type": "Feature",
      "geometry": {
        "type": "Point",
        "coordinates": [
          499519.0977965855,
          6966649.026387225
        ]
      },
      "properties": {
        "junction_id": 39572,
        "veh_id": 11490,
        "sim_time_s": 913.0,
        "tier": "IC-detect",
        "prearm_status": "",
        "focus_role": "none"
      }
    },
    {
      "type": "Feature",
      "geometry": {
        "type": "Point",
        "coordinates": [
          499850.20211794093,
          6967037.246295462
        ]
      },
      "properties": {
        "junction_id": 11118289,
        "veh_id": 11498,
        "sim_time_s": 923.9,
        "tier": "track-zone",
        "prearm_status": "",
        "focus_role": "none"
      }
    },
    {
      "type": "Feature",
      "geometry": {
        "type": "Point",
        "coordinates": [
          500087.9016905696,
          6967506.042004715
        ]
      },
      "properties": {
        "junction_id": 38339,
        "veh_id": 11523,
        "sim_time_s": 924.3,
        "tier": "IC-detect",
        "prearm_status": "",
        "focus_role": "none"
      }
    },
    {
      "type": "Feature",
      "geometry": {
        "type": "Point",
        "coordinates": [
          500033.3222636043,
          6966464.799443432
        ]
      },
      "properties": {
        "junction_id": 39568,
        "veh_id": 11510,
        "sim_time_s": 927.9,
        "tier": "track-zone",
        "prearm_status": "",
        "focus_role": "none"
      }
    },
    {
      "type": "Feature",
      "geometry": {
        "type": "Point",
        "coordinates": [
          0.0,
          0.0
        ]
      },
      "properties": {
        "junction_id": 39590,
        "veh_id": 11533,
        "sim_time_s": 930.6,
        "tier": "harmony-ge-local",
        "prearm_status": "action",
        "focus_role": "none"
      }
    },
    {
      "type": "Feature",
      "geometry": {
        "type": "Point",
        "coordinates": [
          500017.29031548894,
          6966617.901002383
        ]
      },
      "properties": {
        "junction_id": 39572,
        "veh_id": 11532,
        "sim_time_s": 932.0,
        "tier": "IC-detect",
        "prearm_status": "",
        "focus_role": "none"
      }
    },
    {
      "type": "Feature",
      "geometry": {
        "type": "Point",
        "coordinates": [
          499765.70383532636,
          6966599.331602472
        ]
      },
      "properties": {
        "junction_id": 39568,
        "veh_id": 11490,
        "sim_time_s": 933.3,
        "tier": "track-zone",
        "prearm_status": "",
        "focus_role": "none"
      }
    },
    {
      "type": "Feature",
      "geometry": {
        "type": "Point",
        "coordinates": [
          500743.92374446645,
          6964324.904784072
        ]
      },
      "properties": {
        "junction_id": 36393,
        "veh_id": 11533,
        "sim_time_s": 933.8,
        "tier": "coord-prearm-harmony/SHOCKWAVE",
        "prearm_status": "fired",
        "focus_role": "none"
      }
    },
    {
      "type": "Feature",
      "geometry": {
        "type": "Point",
        "coordinates": [
          0.0,
          0.0
        ]
      },
      "properties": {
        "junction_id": 36393,
        "veh_id": 11533,
        "sim_time_s": 934.2,
        "tier": "harmony-ins-local",
        "prearm_status": "action",
        "focus_role": "none"
      }
    },
    {
      "type": "Feature",
      "geometry": {
        "type": "Point",
        "coordinates": [
          500684.0987813322,
          6964756.319799705
        ]
      },
      "properties": {
        "junction_id": 36393,
        "veh_id": 11533,
        "sim_time_s": 934.2,
        "tier": "coord-prearm-success/SHOCKWAVE",
        "prearm_status": "success",
        "focus_role": "none"
      }
    },
    {
      "type": "Feature",
      "geometry": {
        "type": "Point",
        "coordinates": [
          0.0,
          0.0
        ]
      },
      "properties": {
        "junction_id": 39593,
        "veh_id": 11485,
        "sim_time_s": 935.5,
        "tier": "harmony-ins-local",
        "prearm_status": "action",
        "focus_role": "none"
      }
    },
    {
      "type": "Feature",
      "geometry": {
        "type": "Point",
        "coordinates": [
          499758.3293072995,
          6966606.213759537
        ]
      },
      "properties": {
        "junction_id": 39568,
        "veh_id": 11497,
        "sim_time_s": 936.0,
        "tier": "track-zone",
        "prearm_status": "",
        "focus_role": "none"
      }
    },
    {
      "type": "Feature",
      "geometry": {
        "type": "Point",
        "coordinates": [
          0.0,
          0.0
        ]
      },
      "properties": {
        "junction_id": 39572,
        "veh_id": 11532,
        "sim_time_s": 937.4,
        "tier": "harmony-ins-local",
        "prearm_status": "action",
        "focus_role": "none"
      }
    },
    {
      "type": "Feature",
      "geometry": {
        "type": "Point",
        "coordinates": [
          500717.0042002507,
          6964383.147693648
        ]
      },
      "properties": {
        "junction_id": 36385,
        "veh_id": 11533,
        "sim_time_s": 941.0,
        "tier": "coord-prearm-harmony/SHOCKWAVE",
        "prearm_status": "fired",
        "focus_role": "none"
      }
    },
    {
      "type": "Feature",
      "geometry": {
        "type": "Point",
        "coordinates": [
          499891.44194754295,
          6966539.350789028
        ]
      },
      "properties": {
        "junction_id": 39569,
        "veh_id": 11490,
        "sim_time_s": 942.8,
        "tier": "track-zone",
        "prearm_status": "",
        "focus_role": "none"
      }
    },
    {
      "type": "Feature",
      "geometry": {
        "type": "Point",
        "coordinates": [
          500017.89148556767,
          6966619.1462189
        ]
      },
      "properties": {
        "junction_id": 11118289,
        "veh_id": 11532,
        "sim_time_s": 945.5,
        "tier": "track-zone",
        "prearm_status": "",
        "focus_role": "none"
      }
    },
    {
      "type": "Feature",
      "geometry": {
        "type": "Point",
        "coordinates": [
          0.0,
          0.0
        ]
      },
      "properties": {
        "junction_id": 36385,
        "veh_id": 11533,
        "sim_time_s": 945.5,
        "tier": "harmony-ins-local",
        "prearm_status": "action",
        "focus_role": "none"
      }
    },
    {
      "type": "Feature",
      "geometry": {
        "type": "Point",
        "coordinates": [
          500715.9750991549,
          6965021.28412977
        ]
      },
      "properties": {
        "junction_id": 36385,
        "veh_id": 11533,
        "sim_time_s": 945.5,
        "tier": "coord-prearm-success/SHOCKWAVE",
        "prearm_status": "success",
        "focus_role": "none"
      }
    },
    {
      "type": "Feature",
      "geometry": {
        "type": "Point",
        "coordinates": [
          499882.50630137825,
          6966546.909180582
        ]
      },
      "properties": {
        "junction_id": 39569,
        "veh_id": 11497,
        "sim_time_s": 946.8,
        "tier": "track-zone",
        "prearm_status": "",
        "focus_role": "none"
      }
    },
    {
      "type": "Feature",
      "geometry": {
        "type": "Point",
        "coordinates": [
          500025.207867155,
          6966468.620229572
        ]
      },
      "properties": {
        "junction_id": 39569,
        "veh_id": 11510,
        "sim_time_s": 953.1,
        "tier": "IC-detect-far",
        "prearm_status": "",
        "focus_role": "none"
      }
    },
    {
      "type": "Feature",
      "geometry": {
        "type": "Point",
        "coordinates": [
          499960.6181608612,
          6966787.264891725
        ]
      },
      "properties": {
        "junction_id": 38339,
        "veh_id": 11532,
        "sim_time_s": 959.0,
        "tier": "track-zone",
        "prearm_status": "",
        "focus_role": "none"
      }
    },
    {
      "type": "Feature",
      "geometry": {
        "type": "Point",
        "coordinates": [
          500728.608798919,
          6964983.587124921
        ]
      },
      "properties": {
        "junction_id": 36393,
        "veh_id": 11522,
        "sim_time_s": 963.0,
        "tier": "track-zone",
        "prearm_status": "",
        "focus_role": "none"
      }
    },
    {
      "type": "Feature",
      "geometry": {
        "type": "Point",
        "coordinates": [
          500684.0987813322,
          6964756.319799705
        ]
      },
      "properties": {
        "junction_id": 36393,
        "veh_id": 11514,
        "sim_time_s": 972.0,
        "tier": "coord-prearm-missed/SHOCKWAVE",
        "prearm_status": "missed",
        "focus_role": "none"
      }
    },
    {
      "type": "Feature",
      "geometry": {
        "type": "Point",
        "coordinates": [
          499517.17489504704,
          6966652.564041892
        ]
      },
      "properties": {
        "junction_id": 39572,
        "veh_id": 11515,
        "sim_time_s": 972.9,
        "tier": "IC-detect",
        "prearm_status": "",
        "focus_role": "none"
      }
    },
    {
      "type": "Feature",
      "geometry": {
        "type": "Point",
        "coordinates": [
          499861.37400191685,
          6967035.657730918
        ]
      },
      "properties": {
        "junction_id": 38339,
        "veh_id": 11498,
        "sim_time_s": 974.2,
        "tier": "IC-detect",
        "prearm_status": "",
        "focus_role": "none"
      }
    },
    {
      "type": "Feature",
      "geometry": {
        "type": "Point",
        "coordinates": [
          500130.83704768406,
          6966428.829857992
        ]
      },
      "properties": {
        "junction_id": 1043762,
        "veh_id": 11490,
        "sim_time_s": 975.1,
        "tier": "track-zone",
        "prearm_status": "",
        "focus_role": "none"
      }
    },
    {
      "type": "Feature",
      "geometry": {
        "type": "Point",
        "coordinates": [
          0.0,
          0.0
        ]
      },
      "properties": {
        "junction_id": 39569,
        "veh_id": 11497,
        "sim_time_s": 975.1,
        "tier": "harmony-no-ge-local",
        "prearm_status": "skip",
        "focus_role": "none"
      }
    },
    {
      "type": "Feature",
      "geometry": {
        "type": "Point",
        "coordinates": [
          500131.6560297248,
          6966432.912779082
        ]
      },
      "properties": {
        "junction_id": 1043762,
        "veh_id": 11497,
        "sim_time_s": 979.2,
        "tier": "track-zone",
        "prearm_status": "",
        "focus_role": "none"
      }
    },
    {
      "type": "Feature",
      "geometry": {
        "type": "Point",
        "coordinates": [
          499967.0020219043,
          6967110.366796295
        ]
      },
      "properties": {
        "junction_id": 11118289,
        "veh_id": 11523,
        "sim_time_s": 991.4,
        "tier": "track-zone",
        "prearm_status": "",
        "focus_role": "none"
      }
    },
    {
      "type": "Feature",
      "geometry": {
        "type": "Point",
        "coordinates": [
          500699.5040428334,
          6964817.554538743
        ]
      },
      "properties": {
        "junction_id": 36385,
        "veh_id": 11522,
        "sim_time_s": 992.7,
        "tier": "track-zone",
        "prearm_status": "",
        "focus_role": "none"
      }
    },
    {
      "type": "Feature",
      "geometry": {
        "type": "Point",
        "coordinates": [
          0.0,
          0.0
        ]
      },
      "properties": {
        "junction_id": 1043762,
        "veh_id": 11497,
        "sim_time_s": 992.7,
        "tier": "harmony-ge-local",
        "prearm_status": "action",
        "focus_role": "none"
      }
    },
    {
      "type": "Feature",
      "geometry": {
        "type": "Point",
        "coordinates": [
          0.0,
          0.0
        ]
      },
      "properties": {
        "junction_id": 38339,
        "veh_id": 11532,
        "sim_time_s": 995.4,
        "tier": "harmony-ge-local",
        "prearm_status": "action",
        "focus_role": "none"
      }
    },
    {
      "type": "Feature",
      "geometry": {
        "type": "Point",
        "coordinates": [
          500355.74415283214,
          6966093.664794146
        ]
      },
      "properties": {
        "junction_id": 39578,
        "veh_id": 11490,
        "sim_time_s": 1000.8,
        "tier": "track-section",
        "prearm_status": "",
        "focus_role": "none"
      }
    },
    {
      "type": "Feature",
      "geometry": {
        "type": "Point",
        "coordinates": [
          500689.19474260334,
          6964560.025845321
        ]
      },
      "properties": {
        "junction_id": 39590,
        "veh_id": 11514,
        "sim_time_s": 1002.1,
        "tier": "track-zone",
        "prearm_status": "",
        "focus_role": "none"
      }
    },
    {
      "type": "Feature",
      "geometry": {
        "type": "Point",
        "coordinates": [
          500360.9435040412,
          6966088.7162447665
        ]
      },
      "properties": {
        "junction_id": 39578,
        "veh_id": 11497,
        "sim_time_s": 1006.2,
        "tier": "track-section",
        "prearm_status": "",
        "focus_role": "none"
      }
    },
    {
      "type": "Feature",
      "geometry": {
        "type": "Point",
        "coordinates": [
          499832.1237001672,
          6966561.167617237
        ]
      },
      "properties": {
        "junction_id": 39572,
        "veh_id": 11510,
        "sim_time_s": 1008.9,
        "tier": "IC-detect-far",
        "prearm_status": "",
        "focus_role": "none"
      }
    },
    {
      "type": "Feature",
      "geometry": {
        "type": "Point",
        "coordinates": [
          500710.6555696605,
          6965171.375927011
        ]
      },
      "properties": {
        "junction_id": 36385,
        "veh_id": 11485,
        "sim_time_s": 1010.2,
        "tier": "track-zone",
        "prearm_status": "",
        "focus_role": "none"
      }
    },
    {
      "type": "Feature",
      "geometry": {
        "type": "Point",
        "coordinates": [
          499962.29240233277,
          6966945.867193043
        ]
      },
      "properties": {
        "junction_id": 39568,
        "veh_id": 11523,
        "sim_time_s": 1014.3,
        "tier": "track-zone",
        "prearm_status": "",
        "focus_role": "none"
      }
    },
    {
      "type": "Feature",
      "geometry": {
        "type": "Point",
        "coordinates": [
          500525.6955702612,
          6965934.017346823
        ]
      },
      "properties": {
        "junction_id": 39576,
        "veh_id": 11490,
        "sim_time_s": 1015.6,
        "tier": "track-zone",
        "prearm_status": "",
        "focus_role": "none"
      }
    },
    {
      "type": "Feature",
      "geometry": {
        "type": "Point",
        "coordinates": [
          500710.6555696605,
          6965171.375927011
        ]
      },
      "properties": {
        "junction_id": 10157950,
        "veh_id": 11485,
        "sim_time_s": 1017.0,
        "tier": "track-zone",
        "prearm_status": "",
        "focus_role": "none"
      }
    },
    {
      "type": "Feature",
      "geometry": {
        "type": "Point",
        "coordinates": [
          499965.9740383941,
          6966898.728808849
        ]
      },
      "properties": {
        "junction_id": 39572,
        "veh_id": 11523,
        "sim_time_s": 1019.7,
        "tier": "track-zone",
        "prearm_status": "",
        "focus_role": "none"
      }
    },
    {
      "type": "Feature",
      "geometry": {
        "type": "Point",
        "coordinates": [
          0.0,
          0.0
        ]
      },
      "properties": {
        "junction_id": 39578,
        "veh_id": 11497,
        "sim_time_s": 1019.7,
        "tier": "harmony-ins-local",
        "prearm_status": "action",
        "focus_role": "none"
      }
    },
    {
      "type": "Feature",
      "geometry": {
        "type": "Point",
        "coordinates": [
          500527.905407316,
          6965936.199091648
        ]
      },
      "properties": {
        "junction_id": 39576,
        "veh_id": 11497,
        "sim_time_s": 1021.0,
        "tier": "track-zone",
        "prearm_status": "",
        "focus_role": "none"
      }
    },
    {
      "type": "Feature",
      "geometry": {
        "type": "Point",
        "coordinates": [
          499757.48513394006,
          6966606.62039151
        ]
      },
      "properties": {
        "junction_id": 39568,
        "veh_id": 11515,
        "sim_time_s": 1027.8,
        "tier": "track-zone",
        "prearm_status": "",
        "focus_role": "none"
      }
    },
    {
      "type": "Feature",
      "geometry": {
        "type": "Point",
        "coordinates": [
          499514.957602059,
          6966653.088543277
        ]
      },
      "properties": {
        "junction_id": 39572,
        "veh_id": 11491,
        "sim_time_s": 1032.8,
        "tier": "IC-detect",
        "prearm_status": "",
        "focus_role": "none"
      }
    },
    {
      "type": "Feature",
      "geometry": {
        "type": "Point",
        "coordinates": [
          499861.37400191685,
          6967035.657730918
        ]
      },
      "properties": {
        "junction_id": 11118289,
        "veh_id": 11498,
        "sim_time_s": 1045.3,
        "tier": "track-zone",
        "prearm_status": "",
        "focus_role": "none"
      }
    },
    {
      "type": "Feature",
      "geometry": {
        "type": "Point",
        "coordinates": [
          500680.42303692916,
          6964796.106426706
        ]
      },
      "properties": {
        "junction_id": 36393,
        "veh_id": 11533,
        "sim_time_s": 1054.3,
        "tier": "IC-detect",
        "prearm_status": "",
        "focus_role": "none"
      }
    },
    {
      "type": "Feature",
      "geometry": {
        "type": "Point",
        "coordinates": [
          0.0,
          0.0
        ]
      },
      "properties": {
        "junction_id": 39572,
        "veh_id": 11523,
        "sim_time_s": 1058.8,
        "tier": "harmony-ins-local",
        "prearm_status": "action",
        "focus_role": "none"
      }
    },
    {
      "type": "Feature",
      "geometry": {
        "type": "Point",
        "coordinates": [
          500010.4645823698,
          6966673.563912397
        ]
      },
      "properties": {
        "junction_id": 39569,
        "veh_id": 11523,
        "sim_time_s": 1060.2,
        "tier": "track-zone",
        "prearm_status": "",
        "focus_role": "none"
      }
    },
    {
      "type": "Feature",
      "geometry": {
        "type": "Point",
        "coordinates": [
          500689.48851190234,
          6964554.343540978
        ]
      },
      "properties": {
        "junction_id": 39590,
        "veh_id": 11522,
        "sim_time_s": 1061.5,
        "tier": "track-zone",
        "prearm_status": "",
        "focus_role": "none"
      }
    },
    {
      "type": "Feature",
      "geometry": {
        "type": "Point",
        "coordinates": [
          499880.36680201604,
          6966547.905952914
        ]
      },
      "properties": {
        "junction_id": 39569,
        "veh_id": 11515,
        "sim_time_s": 1069.7,
        "tier": "track-zone",
        "prearm_status": "",
        "focus_role": "none"
      }
    },
    {
      "type": "Feature",
      "geometry": {
        "type": "Point",
        "coordinates": [
          500691.3660366157,
          6964879.858198838
        ]
      },
      "properties": {
        "junction_id": 36385,
        "veh_id": 11533,
        "sim_time_s": 1069.7,
        "tier": "IC-detect",
        "prearm_status": "",
        "focus_role": "none"
      }
    },
    {
      "type": "Feature",
      "geometry": {
        "type": "Point",
        "coordinates": [
          499762.70538181136,
          6966604.105837277
        ]
      },
      "properties": {
        "junction_id": 39568,
        "veh_id": 11491,
        "sim_time_s": 1071.0,
        "tier": "track-zone",
        "prearm_status": "",
        "focus_role": "none"
      }
    },
    {
      "type": "Feature",
      "geometry": {
        "type": "Point",
        "coordinates": [
          500701.4728197231,
          6964930.707110529
        ]
      },
      "properties": {
        "junction_id": 39593,
        "veh_id": 11533,
        "sim_time_s": 1077.8,
        "tier": "track-zone",
        "prearm_status": "",
        "focus_role": "none"
      }
    },
    {
      "type": "Feature",
      "geometry": {
        "type": "Point",
        "coordinates": [
          500509.6463201803,
          6965704.560794535
        ]
      },
      "properties": {
        "junction_id": 39587,
        "veh_id": 11490,
        "sim_time_s": 1079.1,
        "tier": "track-zone",
        "prearm_status": "",
        "focus_role": "none"
      }
    },
    {
      "type": "Feature",
      "geometry": {
        "type": "Point",
        "coordinates": [
          0.0,
          0.0
        ]
      },
      "properties": {
        "junction_id": 39576,
        "veh_id": 11497,
        "sim_time_s": 1079.1,
        "tier": "harmony-no-ge-local",
        "prearm_status": "skip",
        "focus_role": "none"
      }
    },
    {
      "type": "Feature",
      "geometry": {
        "type": "Point",
        "coordinates": [
          500728.89125735196,
          6964995.186330913
        ]
      },
      "properties": {
        "junction_id": 36393,
        "veh_id": 11485,
        "sim_time_s": 1080.5,
        "tier": "track-zone",
        "prearm_status": "",
        "focus_role": "none"
      }
    },
    {
      "type": "Feature",
      "geometry": {
        "type": "Point",
        "coordinates": [
          499887.93754131027,
          6966544.333614761
        ]
      },
      "properties": {
        "junction_id": 39569,
        "veh_id": 11491,
        "sim_time_s": 1080.5,
        "tier": "track-zone",
        "prearm_status": "",
        "focus_role": "none"
      }
    },
    {
      "type": "Feature",
      "geometry": {
        "type": "Point",
        "coordinates": [
          500731.7759363019,
          6964405.397956772
        ]
      },
      "properties": {
        "junction_id": 39606,
        "veh_id": 11514,
        "sim_time_s": 1080.5,
        "tier": "track-zone",
        "prearm_status": "",
        "focus_role": "none"
      }
    },
    {
      "type": "Feature",
      "geometry": {
        "type": "Point",
        "coordinates": [
          500509.504674664,
          6965704.992045453
        ]
      },
      "properties": {
        "junction_id": 39587,
        "veh_id": 11497,
        "sim_time_s": 1081.8,
        "tier": "track-zone",
        "prearm_status": "",
        "focus_role": "none"
      }
    },
    {
      "type": "Feature",
      "geometry": {
        "type": "Point",
        "coordinates": [
          500722.1980504612,
          6964939.496260781
        ]
      },
      "properties": {
        "junction_id": 39593,
        "veh_id": 11485,
        "sim_time_s": 1084.5,
        "tier": "track-zone",
        "prearm_status": "",
        "focus_role": "none"
      }
    },
    {
      "type": "Feature",
      "geometry": {
        "type": "Point",
        "coordinates": [
          500516.7558402499,
          6965644.8080198625
        ]
      },
      "properties": {
        "junction_id": 1119660,
        "veh_id": 11490,
        "sim_time_s": 1084.5,
        "tier": "track-zone",
        "prearm_status": "",
        "focus_role": "none"
      }
    },
    {
      "type": "Feature",
      "geometry": {
        "type": "Point",
        "coordinates": [
          500515.39223860984,
          6965648.921114307
        ]
      },
      "properties": {
        "junction_id": 1119660,
        "veh_id": 11497,
        "sim_time_s": 1087.2,
        "tier": "track-zone",
        "prearm_status": "",
        "focus_role": "none"
      }
    },
    {
      "type": "Feature",
      "geometry": {
        "type": "Point",
        "coordinates": [
          500549.7288504085,
          6965568.254673289
        ]
      },
      "properties": {
        "junction_id": 10157950,
        "veh_id": 11490,
        "sim_time_s": 1092.6,
        "tier": "track-zone",
        "prearm_status": "",
        "focus_role": "none"
      }
    },
    {
      "type": "Feature",
      "geometry": {
        "type": "Point",
        "coordinates": [
          499872.69869225274,
          6967034.271574686
        ]
      },
      "properties": {
        "junction_id": 38339,
        "veh_id": 11498,
        "sim_time_s": 1094.4,
        "tier": "IC-detect",
        "prearm_status": "",
        "focus_role": "none"
      }
    },
    {
      "type": "Feature",
      "geometry": {
        "type": "Point",
        "coordinates": [
          500548.8357501524,
          6965569.892038947
        ]
      },
      "properties": {
        "junction_id": 10157950,
        "veh_id": 11497,
        "sim_time_s": 1099.3,
        "tier": "track-zone",
        "prearm_status": "",
        "focus_role": "none"
      }
    },
    {
      "type": "Feature",
      "geometry": {
        "type": "Point",
        "coordinates": [
          500732.7449789709,
          6964402.930785582
        ]
      },
      "properties": {
        "junction_id": 39606,
        "veh_id": 11522,
        "sim_time_s": 1100.7,
        "tier": "track-zone",
        "prearm_status": "",
        "focus_role": "none"
      }
    },
    {
      "type": "Feature",
      "geometry": {
        "type": "Point",
        "coordinates": [
          0.0,
          0.0
        ]
      },
      "properties": {
        "junction_id": 36393,
        "veh_id": 11485,
        "sim_time_s": 1100.7,
        "tier": "harmony-no-ge-local",
        "prearm_status": "skip",
        "focus_role": "none"
      }
    },
    {
      "type": "Feature",
      "geometry": {
        "type": "Point",
        "coordinates": [
          500757.315798944,
          6964341.910297919
        ]
      },
      "properties": {
        "junction_id": 39590,
        "veh_id": 11514,
        "sim_time_s": 1122.3,
        "tier": "IC-detect",
        "prearm_status": "",
        "focus_role": "none"
      }
    },
    {
      "type": "Feature",
      "geometry": {
        "type": "Point",
        "coordinates": [
          0.0,
          0.0
        ]
      },
      "properties": {
        "junction_id": 39569,
        "veh_id": 11523,
        "sim_time_s": 1127.7,
        "tier": "harmony-ins-local",
        "prearm_status": "action",
        "focus_role": "none"
      }
    },
    {
      "type": "Feature",
      "geometry": {
        "type": "Point",
        "coordinates": [
          500125.99926828564,
          6966440.657064905
        ]
      },
      "properties": {
        "junction_id": 1043762,
        "veh_id": 11523,
        "sim_time_s": 1131.8,
        "tier": "track-zone",
        "prearm_status": "",
        "focus_role": "none"
      }
    },
    {
      "type": "Feature",
      "geometry": {
        "type": "Point",
        "coordinates": [
          500558.3809695826,
          6965548.936535376
        ]
      },
      "properties": {
        "junction_id": 39576,
        "veh_id": 11490,
        "sim_time_s": 1137.2,
        "tier": "track-zone",
        "prearm_status": "",
        "focus_role": "none"
      }
    },
    {
      "type": "Feature",
      "geometry": {
        "type": "Point",
        "coordinates": [
          500683.8345609096,
          6964548.557393891
        ]
      },
      "properties": {
        "junction_id": 39590,
        "veh_id": 11485,
        "sim_time_s": 1139.8,
        "tier": "track-zone",
        "prearm_status": "",
        "focus_role": "none"
      }
    },
    {
      "type": "Feature",
      "geometry": {
        "type": "Point",
        "coordinates": [
          500131.78479639214,
          6966437.827536437
        ]
      },
      "properties": {
        "junction_id": 1043762,
        "veh_id": 11515,
        "sim_time_s": 1141.2,
        "tier": "track-zone",
        "prearm_status": "",
        "focus_role": "none"
      }
    },
    {
      "type": "Feature",
      "geometry": {
        "type": "Point",
        "coordinates": [
          0.0,
          0.0
        ]
      },
      "properties": {
        "junction_id": 39587,
        "veh_id": 11497,
        "sim_time_s": 1149.3,
        "tier": "harmony-ins-local",
        "prearm_status": "action",
        "focus_role": "none"
      }
    },
    {
      "type": "Feature",
      "geometry": {
        "type": "Point",
        "coordinates": [
          500135.46663323266,
          6966432.5421247585
        ]
      },
      "properties": {
        "junction_id": 1043762,
        "veh_id": 11491,
        "sim_time_s": 1150.7,
        "tier": "track-zone",
        "prearm_status": "",
        "focus_role": "none"
      }
    },
    {
      "type": "Feature",
      "geometry": {
        "type": "Point",
        "coordinates": [
          500606.04920709954,
          6965409.365664908
        ]
      },
      "properties": {
        "junction_id": 39593,
        "veh_id": 11490,
        "sim_time_s": 1153.3,
        "tier": "track-zone",
        "prearm_status": "",
        "focus_role": "none"
      }
    },
    {
      "type": "Feature",
      "geometry": {
        "type": "Point",
        "coordinates": [
          500604.7874506543,
          6965413.088608645
        ]
      },
      "properties": {
        "junction_id": 39593,
        "veh_id": 11497,
        "sim_time_s": 1156.0,
        "tier": "track-zone",
        "prearm_status": "",
        "focus_role": "none"
      }
    },
    {
      "type": "Feature",
      "geometry": {
        "type": "Point",
        "coordinates": [
          499872.9409328442,
          6967034.247041268
        ]
      },
      "properties": {
        "junction_id": 11118289,
        "veh_id": 11498,
        "sim_time_s": 1166.8,
        "tier": "track-zone",
        "prearm_status": "",
        "focus_role": "none"
      }
    },
    {
      "type": "Feature",
      "geometry": {
        "type": "Point",
        "coordinates": [
          0.0,
          0.0
        ]
      },
      "properties": {
        "junction_id": 1043762,
        "veh_id": 11523,
        "sim_time_s": 1168.2,
        "tier": "harmony-no-ge-local",
        "prearm_status": "skip",
        "focus_role": "none"
      }
    },
    {
      "type": "Feature",
      "geometry": {
        "type": "Point",
        "coordinates": [
          500645.42368189135,
          6965256.082845527
        ]
      },
      "properties": {
        "junction_id": 36385,
        "veh_id": 11490,
        "sim_time_s": 1169.5,
        "tier": "track-zone",
        "prearm_status": "",
        "focus_role": "none"
      }
    },
    {
      "type": "Feature",
      "geometry": {
        "type": "Point",
        "coordinates": [
          500644.03070555785,
          6965259.116925516
        ]
      },
      "properties": {
        "junction_id": 36385,
        "veh_id": 11497,
        "sim_time_s": 1175.0,
        "tier": "track-zone",
        "prearm_status": "",
        "focus_role": "none"
      }
    },
    {
      "type": "Feature",
      "geometry": {
        "type": "Point",
        "coordinates": [
          500753.38018266525,
          6964359.313920251
        ]
      },
      "properties": {
        "junction_id": 39590,
        "veh_id": 11522,
        "sim_time_s": 1181.7,
        "tier": "IC-detect",
        "prearm_status": "",
        "focus_role": "none"
      }
    },
    {
      "type": "Feature",
      "geometry": {
        "type": "Point",
        "coordinates": [
          500355.1095491535,
          6966098.177080739
        ]
      },
      "properties": {
        "junction_id": 39578,
        "veh_id": 11523,
        "sim_time_s": 1184.4,
        "tier": "track-section",
        "prearm_status": "",
        "focus_role": "none"
      }
    },
    {
      "type": "Feature",
      "geometry": {
        "type": "Point",
        "coordinates": [
          0.0,
          0.0
        ]
      },
      "properties": {
        "junction_id": 1043762,
        "veh_id": 11515,
        "sim_time_s": 1188.5,
        "tier": "harmony-no-ge-local",
        "prearm_status": "skip",
        "focus_role": "none"
      }
    },
    {
      "type": "Feature",
      "geometry": {
        "type": "Point",
        "coordinates": [
          0.0,
          0.0
        ]
      },
      "properties": {
        "junction_id": 39606,
        "veh_id": 11514,
        "sim_time_s": 1189.8,
        "tier": "harmony-ge-local",
        "prearm_status": "action",
        "focus_role": "none"
      }
    },
    {
      "type": "Feature",
      "geometry": {
        "type": "Point",
        "coordinates": [
          0.0,
          0.0
        ]
      },
      "properties": {
        "junction_id": 39590,
        "veh_id": 11522,
        "sim_time_s": 1189.8,
        "tier": "harmony-ge-local",
        "prearm_status": "action",
        "focus_role": "none"
      }
    },
    {
      "type": "Feature",
      "geometry": {
        "type": "Point",
        "coordinates": [
          500705.0917122336,
          6965016.178600151
        ]
      },
      "properties": {
        "junction_id": 36385,
        "veh_id": 11533,
        "sim_time_s": 1189.8,
        "tier": "IC-detect",
        "prearm_status": "",
        "focus_role": "none"
      }
    },
    {
      "type": "Feature",
      "geometry": {
        "type": "Point",
        "coordinates": [
          500682.385787567,
          6965106.039069622
        ]
      },
      "properties": {
        "junction_id": 10157950,
        "veh_id": 11533,
        "sim_time_s": 1196.5,
        "tier": "track-zone",
        "prearm_status": "",
        "focus_role": "none"
      }
    },
    {
      "type": "Feature",
      "geometry": {
        "type": "Point",
        "coordinates": [
          500678.1710276277,
          6965122.394314364
        ]
      },
      "properties": {
        "junction_id": 39593,
        "veh_id": 11533,
        "sim_time_s": 1197.9,
        "tier": "IC-detect",
        "prearm_status": "",
        "focus_role": "none"
      }
    },
    {
      "type": "Feature",
      "geometry": {
        "type": "Point",
        "coordinates": [
          0.0,
          0.0
        ]
      },
      "properties": {
        "junction_id": 39593,
        "veh_id": 11533,
        "sim_time_s": 1199.2,
        "tier": "harmony-ge-local",
        "prearm_status": "action",
        "focus_role": "none"
      }
    },
    {
      "type": "Feature",
      "geometry": {
        "type": "Point",
        "coordinates": [
          500131.8920641471,
          6965614.8309371555
        ]
      },
      "properties": {
        "junction_id": 39576,
        "veh_id": 11504,
        "sim_time_s": 1200.2,
        "tier": "IC-detect",
        "prearm_status": "",
        "focus_role": "none"
      }
    },
    {
      "type": "Feature",
      "geometry": {
        "type": "Point",
        "coordinates": [
          500352.92400099983,
          6966100.0362044955
        ]
      },
      "properties": {
        "junction_id": 39578,
        "veh_id": 11491,
        "sim_time_s": 1200.6,
        "tier": "track-section",
        "prearm_status": "",
        "focus_role": "none"
      }
    },
    {
      "type": "Feature",
      "geometry": {
        "type": "Point",
        "coordinates": [
          500660.6853501881,
          6965184.607657169
        ]
      },
      "properties": {
        "junction_id": 1119660,
        "veh_id": 11533,
        "sim_time_s": 1202.0,
        "tier": "track-zone",
        "prearm_status": "",
        "focus_role": "none"
      }
    },
    {
      "type": "Feature",
      "geometry": {
        "type": "Point",
        "coordinates": [
          0.0,
          0.0
        ]
      },
      "properties": {
        "junction_id": 39578,
        "veh_id": 11523,
        "sim_time_s": 1204.7,
        "tier": "harmony-ins-local",
        "prearm_status": "action",
        "focus_role": "none"
      }
    },
    {
      "type": "Feature",
      "geometry": {
        "type": "Point",
        "coordinates": [
          500635.4587725873,
          6965241.789751933
        ]
      },
      "properties": {
        "junction_id": 39587,
        "veh_id": 11533,
        "sim_time_s": 1206.0,
        "tier": "track-zone",
        "prearm_status": "",
        "focus_role": "none"
      }
    },
    {
      "type": "Feature",
      "geometry": {
        "type": "Point",
        "coordinates": [
          499882.91810093145,
          6967033.236582861
        ]
      },
      "properties": {
        "junction_id": 38339,
        "veh_id": 11498,
        "sim_time_s": 1214.5,
        "tier": "IC-detect",
        "prearm_status": "",
        "focus_role": "none"
      }
    },
    {
      "type": "Feature",
      "geometry": {
        "type": "Point",
        "coordinates": [
          500728.5792511958,
          6964396.285995902
        ]
      },
      "properties": {
        "junction_id": 39606,
        "veh_id": 11485,
        "sim_time_s": 1218.2,
        "tier": "track-zone",
        "prearm_status": "",
        "focus_role": "none"
      }
    },
    {
      "type": "Feature",
      "geometry": {
        "type": "Point",
        "coordinates": [
          500533.70502507215,
          6965929.572890399
        ]
      },
      "properties": {
        "junction_id": 39576,
        "veh_id": 11523,
        "sim_time_s": 1218.2,
        "tier": "track-zone",
        "prearm_status": "",
        "focus_role": "none"
      }
    },
    {
      "type": "Feature",
      "geometry": {
        "type": "Point",
        "coordinates": [
          0.0,
          0.0
        ]
      },
      "properties": {
        "junction_id": 39587,
        "veh_id": 11533,
        "sim_time_s": 1219.5,
        "tier": "harmony-ge-local",
        "prearm_status": "action",
        "focus_role": "none"
      }
    },
    {
      "type": "Feature",
      "geometry": {
        "type": "Point",
        "coordinates": [
          500726.09163602296,
          6964992.801780462
        ]
      },
      "properties": {
        "junction_id": 36393,
        "veh_id": 11490,
        "sim_time_s": 1220.8,
        "tier": "track-zone",
        "prearm_status": "",
        "focus_role": "none"
      }
    },
    {
      "type": "Feature",
      "geometry": {
        "type": "Point",
        "coordinates": [
          500569.7788849337,
          6965467.72453633
        ]
      },
      "properties": {
        "junction_id": 39576,
        "veh_id": 11533,
        "sim_time_s": 1220.8,
        "tier": "track-zone",
        "prearm_status": "",
        "focus_role": "none"
      }
    },
    {
      "type": "Feature",
      "geometry": {
        "type": "Point",
        "coordinates": [
          500970.770332572,
          6964042.509009186
        ]
      },
      "properties": {
        "junction_id": 39606,
        "veh_id": 11522,
        "sim_time_s": 1220.8,
        "tier": "IC-detect",
        "prearm_status": "",
        "focus_role": "none"
      }
    },
    {
      "type": "Feature",
      "geometry": {
        "type": "Point",
        "coordinates": [
          0.0,
          0.0
        ]
      },
      "properties": {
        "junction_id": 36385,
        "veh_id": 11490,
        "sim_time_s": 1220.8,
        "tier": "harmony-no-ge-local",
        "prearm_status": "skip",
        "focus_role": "none"
      }
    },
    {
      "type": "Feature",
      "geometry": {
        "type": "Point",
        "coordinates": [
          500531.2633064394,
          6965935.701233244
        ]
      },
      "properties": {
        "junction_id": 39576,
        "veh_id": 11491,
        "sim_time_s": 1224.9,
        "tier": "track-zone",
        "prearm_status": "",
        "focus_role": "none"
      }
    },
    {
      "type": "Feature",
      "geometry": {
        "type": "Point",
        "coordinates": [
          500351.34594973037,
          6966101.609318744
        ]
      },
      "properties": {
        "junction_id": 39578,
        "veh_id": 11515,
        "sim_time_s": 1224.9,
        "tier": "track-section",
        "prearm_status": "",
        "focus_role": "none"
      }
    },
    {
      "type": "Feature",
      "geometry": {
        "type": "Point",
        "coordinates": [
          0.0,
          0.0
        ]
      },
      "properties": {
        "junction_id": 39576,
        "veh_id": 11533,
        "sim_time_s": 1235.7,
        "tier": "harmony-ins-local",
        "prearm_status": "action",
        "focus_role": "none"
      }
    },
    {
      "type": "Feature",
      "geometry": {
        "type": "Point",
        "coordinates": [
          0.0,
          0.0
        ]
      },
      "properties": {
        "junction_id": 36385,
        "veh_id": 11497,
        "sim_time_s": 1238.4,
        "tier": "harmony-ins-local",
        "prearm_status": "action",
        "focus_role": "none"
      }
    },
    {
      "type": "Feature",
      "geometry": {
        "type": "Point",
        "coordinates": [
          500729.00871888734,
          6964998.651791192
        ]
      },
      "properties": {
        "junction_id": 36393,
        "veh_id": 11497,
        "sim_time_s": 1245.2,
        "tier": "track-zone",
        "prearm_status": "",
        "focus_role": "none"
      }
    },
    {
      "type": "Feature",
      "geometry": {
        "type": "Point",
        "coordinates": [
          0.0,
          0.0
        ]
      },
      "properties": {
        "junction_id": 36393,
        "veh_id": 11490,
        "sim_time_s": 1249.2,
        "tier": "harmony-ge-local",
        "prearm_status": "action",
        "focus_role": "none"
      }
    },
    {
      "type": "Feature",
      "geometry": {
        "type": "Point",
        "coordinates": [
          500459.18390684435,
          6965697.274943502
        ]
      },
      "properties": {
        "junction_id": 39578,
        "veh_id": 11504,
        "sim_time_s": 1258.7,
        "tier": "track-zone",
        "prearm_status": "",
        "focus_role": "none"
      }
    },
    {
      "type": "Feature",
      "geometry": {
        "type": "Point",
        "coordinates": [
          500952.09229130344,
          6964037.796872752
        ]
      },
      "properties": {
        "junction_id": 39606,
        "veh_id": 11487,
        "sim_time_s": 1260.0,
        "tier": "track-section",
        "prearm_status": "",
        "focus_role": "none"
      }
    },
    {
      "type": "Feature",
      "geometry": {
        "type": "Point",
        "coordinates": [
          500531.9624776677,
          6965934.182892758
        ]
      },
      "properties": {
        "junction_id": 39576,
        "veh_id": 11515,
        "sim_time_s": 1262.7,
        "tier": "track-zone",
        "prearm_status": "",
        "focus_role": "none"
      }
    },
    {
      "type": "Feature",
      "geometry": {
        "type": "Point",
        "coordinates": [
          0.0,
          0.0
        ]
      },
      "properties": {
        "junction_id": 39578,
        "veh_id": 11515,
        "sim_time_s": 1265.0,
        "tier": "harmony-ins-local",
        "prearm_status": "action",
        "focus_role": "none"
      }
    },
    {
      "type": "Feature",
      "geometry": {
        "type": "Point",
        "coordinates": [
          500882.4175289613,
          6964125.846548073
        ]
      },
      "properties": {
        "junction_id": 39590,
        "veh_id": 11487,
        "sim_time_s": 1266.8,
        "tier": "track-zone",
        "prearm_status": "",
        "focus_role": "none"
      }
    },
    {
      "type": "Feature",
      "geometry": {
        "type": "Point",
        "coordinates": [
          500491.97714074876,
          6965693.700400915
        ]
      },
      "properties": {
        "junction_id": 39578,
        "veh_id": 11533,
        "sim_time_s": 1269.5,
        "tier": "track-zone",
        "prearm_status": "",
        "focus_role": "none"
      }
    },
    {
      "type": "Feature",
      "geometry": {
        "type": "Point",
        "coordinates": [
          500512.50590886484,
          6965705.578163238
        ]
      },
      "properties": {
        "junction_id": 39587,
        "veh_id": 11523,
        "sim_time_s": 1274.8,
        "tier": "track-zone",
        "prearm_status": "",
        "focus_role": "none"
      }
    },
    {
      "type": "Feature",
      "geometry": {
        "type": "Point",
        "coordinates": [
          500521.71447784844,
          6965639.186402506
        ]
      },
      "properties": {
        "junction_id": 1119660,
        "veh_id": 11523,
        "sim_time_s": 1281.6,
        "tier": "track-zone",
        "prearm_status": "",
        "focus_role": "none"
      }
    },
    {
      "type": "Feature",
      "geometry": {
        "type": "Point",
        "coordinates": [
          500512.5798837179,
          6965701.04811283
        ]
      },
      "properties": {
        "junction_id": 39587,
        "veh_id": 11491,
        "sim_time_s": 1285.7,
        "tier": "track-zone",
        "prearm_status": "",
        "focus_role": "none"
      }
    },
    {
      "type": "Feature",
      "geometry": {
        "type": "Point",
        "coordinates": [
          499883.1723550795,
          6967033.210832745
        ]
      },
      "properties": {
        "junction_id": 11118289,
        "veh_id": 11498,
        "sim_time_s": 1288.3,
        "tier": "track-zone",
        "prearm_status": "",
        "focus_role": "none"
      }
    },
    {
      "type": "Feature",
      "geometry": {
        "type": "Point",
        "coordinates": [
          500556.096843517,
          6965561.347882505
        ]
      },
      "properties": {
        "junction_id": 10157950,
        "veh_id": 11523,
        "sim_time_s": 1289.7,
        "tier": "track-zone",
        "prearm_status": "",
        "focus_role": "none"
      }
    },
    {
      "type": "Feature",
      "geometry": {
        "type": "Point",
        "coordinates": [
          500520.4853264097,
          6965642.401279039
        ]
      },
      "properties": {
        "junction_id": 1119660,
        "veh_id": 11491,
        "sim_time_s": 1292.4,
        "tier": "track-zone",
        "prearm_status": "",
        "focus_role": "none"
      }
    },
    {
      "type": "Feature",
      "geometry": {
        "type": "Point",
        "coordinates": [
          500686.4904271063,
          6964556.147287202
        ]
      },
      "properties": {
        "junction_id": 39590,
        "veh_id": 11490,
        "sim_time_s": 1295.1,
        "tier": "track-zone",
        "prearm_status": "",
        "focus_role": "none"
      }
    },
    {
      "type": "Feature",
      "geometry": {
        "type": "Point",
        "coordinates": [
          500552.5590772905,
          6965568.763523978
        ]
      },
      "properties": {
        "junction_id": 10157950,
        "veh_id": 11491,
        "sim_time_s": 1303.2,
        "tier": "track-zone",
        "prearm_status": "",
        "focus_role": "none"
      }
    },
    {
      "type": "Feature",
      "geometry": {
        "type": "Point",
        "coordinates": [
          0.0,
          0.0
        ]
      },
      "properties": {
        "junction_id": 39587,
        "veh_id": 11523,
        "sim_time_s": 1303.2,
        "tier": "harmony-ins-local",
        "prearm_status": "action",
        "focus_role": "none"
      }
    },
    {
      "type": "Feature",
      "geometry": {
        "type": "Point",
        "coordinates": [
          500611.2924079337,
          6965401.07812097
        ]
      },
      "properties": {
        "junction_id": 39593,
        "veh_id": 11523,
        "sim_time_s": 1312.7,
        "tier": "track-zone",
        "prearm_status": "",
        "focus_role": "none"
      }
    },
    {
      "type": "Feature",
      "geometry": {
        "type": "Point",
        "coordinates": [
          0.0,
          0.0
        ]
      },
      "properties": {
        "junction_id": 39576,
        "veh_id": 11515,
        "sim_time_s": 1315.3,
        "tier": "harmony-ins-local",
        "prearm_status": "action",
        "focus_role": "none"
      }
    },
    {
      "type": "Feature",
      "geometry": {
        "type": "Point",
        "coordinates": [
          500686.4060909614,
          6964554.812203052
        ]
      },
      "properties": {
        "junction_id": 39590,
        "veh_id": 11497,
        "sim_time_s": 1316.7,
        "tier": "track-zone",
        "prearm_status": "",
        "focus_role": "none"
      }
    },
    {
      "type": "Feature",
      "geometry": {
        "type": "Point",
        "coordinates": [
          500477.41369032534,
          6965700.882331093
        ]
      },
      "properties": {
        "junction_id": 39576,
        "veh_id": 11504,
        "sim_time_s": 1320.3,
        "tier": "IC-detect",
        "prearm_status": "",
        "focus_role": "none"
      }
    },
    {
      "type": "Feature",
      "geometry": {
        "type": "Point",
        "coordinates": [
          500609.39232692524,
          6965407.831770844
        ]
      },
      "properties": {
        "junction_id": 39593,
        "veh_id": 11491,
        "sim_time_s": 1323.5,
        "tier": "track-zone",
        "prearm_status": "",
        "focus_role": "none"
      }
    },
    {
      "type": "Feature",
      "geometry": {
        "type": "Point",
        "coordinates": [
          500393.23296399246,
          6966047.775189592
        ]
      },
      "properties": {
        "junction_id": 1043762,
        "veh_id": 11533,
        "sim_time_s": 1324.8,
        "tier": "track-zone",
        "prearm_status": "",
        "focus_role": "none"
      }
    },
    {
      "type": "Feature",
      "geometry": {
        "type": "Point",
        "coordinates": [
          500512.5372257985,
          6965704.148217912
        ]
      },
      "properties": {
        "junction_id": 39587,
        "veh_id": 11515,
        "sim_time_s": 1326.2,
        "tier": "track-zone",
        "prearm_status": "",
        "focus_role": "none"
      }
    },
    {
      "type": "Feature",
      "geometry": {
        "type": "Point",
        "coordinates": [
          500650.34532001644,
          6965251.952977937
        ]
      },
      "properties": {
        "junction_id": 36385,
        "veh_id": 11523,
        "sim_time_s": 1327.5,
        "tier": "track-zone",
        "prearm_status": "",
        "focus_role": "none"
      }
    },
    {
      "type": "Feature",
      "geometry": {
        "type": "Point",
        "coordinates": [
          500518.5886217621,
          6965648.66232059
        ]
      },
      "properties": {
        "junction_id": 1119660,
        "veh_id": 11515,
        "sim_time_s": 1331.5,
        "tier": "track-zone",
        "prearm_status": "",
        "focus_role": "none"
      }
    },
    {
      "type": "Feature",
      "geometry": {
        "type": "Point",
        "coordinates": [
          0.0,
          0.0
        ]
      },
      "properties": {
        "junction_id": 39593,
        "veh_id": 11523,
        "sim_time_s": 1331.5,
        "tier": "harmony-ge-local",
        "prearm_status": "action",
        "focus_role": "none"
      }
    },
    {
      "type": "Feature",
      "geometry": {
        "type": "Point",
        "coordinates": [
          499892.616531772,
          6967032.254354148
        ]
      },
      "properties": {
        "junction_id": 38339,
        "veh_id": 11498,
        "sim_time_s": 1334.7,
        "tier": "IC-detect",
        "prearm_status": "",
        "focus_role": "none"
      }
    },
    {
      "type": "Feature",
      "geometry": {
        "type": "Point",
        "coordinates": [
          500647.8028264758,
          6965257.611006643
        ]
      },
      "properties": {
        "junction_id": 36385,
        "veh_id": 11491,
        "sim_time_s": 1338.3,
        "tier": "track-zone",
        "prearm_status": "",
        "focus_role": "none"
      }
    },
    {
      "type": "Feature",
      "geometry": {
        "type": "Point",
        "coordinates": [
          0.0,
          0.0
        ]
      },
      "properties": {
        "junction_id": 1043762,
        "veh_id": 11533,
        "sim_time_s": 1338.3,
        "tier": "harmony-ge-local",
        "prearm_status": "action",
        "focus_role": "none"
      }
    },
    {
      "type": "Feature",
      "geometry": {
        "type": "Point",
        "coordinates": [
          500239.3071101772,
          6966221.880228209
        ]
      },
      "properties": {
        "junction_id": 39569,
        "veh_id": 11533,
        "sim_time_s": 1340.5,
        "tier": "coord-prearm-harmony/SHOCKWAVE",
        "prearm_status": "fired",
        "focus_role": "none"
      }
    },
    {
      "type": "Feature",
      "geometry": {
        "type": "Point",
        "coordinates": [
          0.0,
          0.0
        ]
      },
      "properties": {
        "junction_id": 39569,
        "veh_id": 11533,
        "sim_time_s": 1341.0,
        "tier": "harmony-ins-local",
        "prearm_status": "action",
        "focus_role": "none"
      }
    },
    {
      "type": "Feature",
      "geometry": {
        "type": "Point",
        "coordinates": [
          500105.3249690746,
          6966447.427635936
        ]
      },
      "properties": {
        "junction_id": 39569,
        "veh_id": 11533,
        "sim_time_s": 1341.0,
        "tier": "coord-prearm-success/SHOCKWAVE",
        "prearm_status": "success",
        "focus_role": "none"
      }
    },
    {
      "type": "Feature",
      "geometry": {
        "type": "Point",
        "coordinates": [
          500552.05456703354,
          6965570.07504981
        ]
      },
      "properties": {
        "junction_id": 10157950,
        "veh_id": 11515,
        "sim_time_s": 1343.7,
        "tier": "track-zone",
        "prearm_status": "",
        "focus_role": "none"
      }
    },
    {
      "type": "Feature",
      "geometry": {
        "type": "Point",
        "coordinates": [
          500206.7379351243,
          6966279.158471633
        ]
      },
      "properties": {
        "junction_id": 39572,
        "veh_id": 11533,
        "sim_time_s": 1344.2,
        "tier": "coord-prearm-harmony/SHOCKWAVE",
        "prearm_status": "fired",
        "focus_role": "none"
      }
    },
    {
      "type": "Feature",
      "geometry": {
        "type": "Point",
        "coordinates": [
          0.0,
          0.0
        ]
      },
      "properties": {
        "junction_id": 39572,
        "veh_id": 11533,
        "sim_time_s": 1344.6,
        "tier": "harmony-no-ge-local",
        "prearm_status": "skip",
        "focus_role": "none"
      }
    },
    {
      "type": "Feature",
      "geometry": {
        "type": "Point",
        "coordinates": [
          500946.97228876385,
          6964034.668682542
        ]
      },
      "properties": {
        "junction_id": 39606,
        "veh_id": 11534,
        "sim_time_s": 1350.0,
        "tier": "IC-detect",
        "prearm_status": "",
        "focus_role": "none"
      }
    },
    {
      "type": "Feature",
      "geometry": {
        "type": "Point",
        "coordinates": [
          500087.97191681445,
          6967506.11806405
        ]
      },
      "properties": {
        "junction_id": 38339,
        "veh_id": 11524,
        "sim_time_s": 1353.2,
        "tier": "IC-detect",
        "prearm_status": "",
        "focus_role": "none"
      }
    },
    {
      "type": "Feature",
      "geometry": {
        "type": "Point",
        "coordinates": [
          500883.45927192294,
          6964124.841661472
        ]
      },
      "properties": {
        "junction_id": 39590,
        "veh_id": 11534,
        "sim_time_s": 1357.2,
        "tier": "track-zone",
        "prearm_status": "",
        "focus_role": "none"
      }
    },
    {
      "type": "Feature",
      "geometry": {
        "type": "Point",
        "coordinates": [
          0.0,
          0.0
        ]
      },
      "properties": {
        "junction_id": 39606,
        "veh_id": 11534,
        "sim_time_s": 1359.9,
        "tier": "harmony-ge-local",
        "prearm_status": "action",
        "focus_role": "none"
      }
    },
    {
      "type": "Feature",
      "geometry": {
        "type": "Point",
        "coordinates": [
          500673.116331512,
          6964521.381746247
        ]
      },
      "properties": {
        "junction_id": 36393,
        "veh_id": 11487,
        "sim_time_s": 1372.0,
        "tier": "track-zone",
        "prearm_status": "",
        "focus_role": "none"
      }
    },
    {
      "type": "Feature",
      "geometry": {
        "type": "Point",
        "coordinates": [
          0.0,
          0.0
        ]
      },
      "properties": {
        "junction_id": 39590,
        "veh_id": 11534,
        "sim_time_s": 1372.0,
        "tier": "harmony-no-ge-local",
        "prearm_status": "skip",
        "focus_role": "none"
      }
    },
    {
      "type": "Feature",
      "geometry": {
        "type": "Point",
        "coordinates": [
          0.0,
          0.0
        ]
      },
      "properties": {
        "junction_id": 39576,
        "veh_id": 11504,
        "sim_time_s": 1375.7,
        "tier": "harmony-ins-local",
        "prearm_status": "action",
        "focus_role": "none"
      }
    },
    {
      "type": "Feature",
      "geometry": {
        "type": "Point",
        "coordinates": [
          500481.63189251017,
          6965701.717046998
        ]
      },
      "properties": {
        "junction_id": 39578,
        "veh_id": 11504,
        "sim_time_s": 1380.2,
        "tier": "track-zone",
        "prearm_status": "",
        "focus_role": "none"
      }
    },
    {
      "type": "Feature",
      "geometry": {
        "type": "Point",
        "coordinates": [
          500725.61573023745,
          6964404.421668649
        ]
      },
      "properties": {
        "junction_id": 39606,
        "veh_id": 11490,
        "sim_time_s": 1382.8,
        "tier": "track-zone",
        "prearm_status": "",
        "focus_role": "none"
      }
    },
    {
      "type": "Feature",
      "geometry": {
        "type": "Point",
        "coordinates": [
          0.0,
          0.0
        ]
      },
      "properties": {
        "junction_id": 36393,
        "veh_id": 11487,
        "sim_time_s": 1391.0,
        "tier": "harmony-ge-local",
        "prearm_status": "action",
        "focus_role": "none"
      }
    },
    {
      "type": "Feature",
      "geometry": {
        "type": "Point",
        "coordinates": [
          0.0,
          0.0
        ]
      },
      "properties": {
        "junction_id": 36385,
        "veh_id": 11523,
        "sim_time_s": 1392.3,
        "tier": "harmony-no-ge-local",
        "prearm_status": "skip",
        "focus_role": "none"
      }
    },
    {
      "type": "Feature",
      "geometry": {
        "type": "Point",
        "coordinates": [
          0.0,
          0.0
        ]
      },
      "properties": {
        "junction_id": 39587,
        "veh_id": 11515,
        "sim_time_s": 1393.7,
        "tier": "harmony-no-ge-local",
        "prearm_status": "skip",
        "focus_role": "none"
      }
    },
    {
      "type": "Feature",
      "geometry": {
        "type": "Point",
        "coordinates": [
          500678.9599676383,
          6964755.097588625
        ]
      },
      "properties": {
        "junction_id": 36385,
        "veh_id": 11487,
        "sim_time_s": 1394.1,
        "tier": "coord-prearm-harmony/SHOCKWAVE",
        "prearm_status": "fired",
        "focus_role": "none"
      }
    },
    {
      "type": "Feature",
      "geometry": {
        "type": "Point",
        "coordinates": [
          0.0,
          0.0
        ]
      },
      "properties": {
        "junction_id": 36385,
        "veh_id": 11487,
        "sim_time_s": 1394.5,
        "tier": "harmony-ge-local",
        "prearm_status": "action",
        "focus_role": "none"
      }
    },
    {
      "type": "Feature",
      "geometry": {
        "type": "Point",
        "coordinates": [
          500715.9750991549,
          6965021.28412977
        ]
      },
      "properties": {
        "junction_id": 36385,
        "veh_id": 11487,
        "sim_time_s": 1394.5,
        "tier": "coord-prearm-success/SHOCKWAVE",
        "prearm_status": "success",
        "focus_role": "none"
      }
    },
    {
      "type": "Feature",
      "geometry": {
        "type": "Point",
        "coordinates": [
          500673.337155514,
          6964519.503796171
        ]
      },
      "properties": {
        "junction_id": 36393,
        "veh_id": 11534,
        "sim_time_s": 1405.3,
        "tier": "IC-detect",
        "prearm_status": "",
        "focus_role": "none"
      }
    },
    {
      "type": "Feature",
      "geometry": {
        "type": "Point",
        "coordinates": [
          500726.5449216798,
          6964410.066018322
        ]
      },
      "properties": {
        "junction_id": 39606,
        "veh_id": 11497,
        "sim_time_s": 1408.5,
        "tier": "track-zone",
        "prearm_status": "",
        "focus_role": "none"
      }
    },
    {
      "type": "Feature",
      "geometry": {
        "type": "Point",
        "coordinates": [
          500075.38986497704,
          6966491.619277329
        ]
      },
      "properties": {
        "junction_id": 39568,
        "veh_id": 11533,
        "sim_time_s": 1408.5,
        "tier": "track-zone",
        "prearm_status": "",
        "focus_role": "none"
      }
    },
    {
      "type": "Feature",
      "geometry": {
        "type": "Point",
        "coordinates": [
          499893.1023905544,
          6967032.205147792
        ]
      },
      "properties": {
        "junction_id": 11118289,
        "veh_id": 11498,
        "sim_time_s": 1409.8,
        "tier": "track-zone",
        "prearm_status": "",
        "focus_role": "none"
      }
    },
    {
      "type": "Feature",
      "geometry": {
        "type": "Point",
        "coordinates": [
          500012.2556836752,
          6966653.44887729
        ]
      },
      "properties": {
        "junction_id": 39572,
        "veh_id": 11533,
        "sim_time_s": 1410.3,
        "tier": "coord-prearm-missed/SHOCKWAVE",
        "prearm_status": "missed",
        "focus_role": "none"
      }
    },
    {
      "type": "Feature",
      "geometry": {
        "type": "Point",
        "coordinates": [
          500702.00797538395,
          6964934.846882599
        ]
      },
      "properties": {
        "junction_id": 39593,
        "veh_id": 11487,
        "sim_time_s": 1411.2,
        "tier": "track-zone",
        "prearm_status": "",
        "focus_role": "none"
      }
    },
    {
      "type": "Feature",
      "geometry": {
        "type": "Point",
        "coordinates": [
          500729.0393493627,
          6964996.742877623
        ]
      },
      "properties": {
        "junction_id": 36393,
        "veh_id": 11523,
        "sim_time_s": 1415.2,
        "tier": "track-zone",
        "prearm_status": "",
        "focus_role": "none"
      }
    },
    {
      "type": "Feature",
      "geometry": {
        "type": "Point",
        "coordinates": [
          499962.3168655939,
          6967103.608319219
        ]
      },
      "properties": {
        "junction_id": 11118289,
        "veh_id": 11524,
        "sim_time_s": 1415.2,
        "tier": "track-zone",
        "prearm_status": "",
        "focus_role": "none"
      }
    },
    {
      "type": "Feature",
      "geometry": {
        "type": "Point",
        "coordinates": [
          500728.8850135174,
          6964993.68084781
        ]
      },
      "properties": {
        "junction_id": 36393,
        "veh_id": 11491,
        "sim_time_s": 1422.0,
        "tier": "track-zone",
        "prearm_status": "",
        "focus_role": "none"
      }
    },
    {
      "type": "Feature",
      "geometry": {
        "type": "Point",
        "coordinates": [
          500679.77058877796,
          6964784.514741
        ]
      },
      "properties": {
        "junction_id": 36385,
        "veh_id": 11534,
        "sim_time_s": 1424.7,
        "tier": "track-zone",
        "prearm_status": "",
        "focus_role": "none"
      }
    },
    {
      "type": "Feature",
      "geometry": {
        "type": "Point",
        "coordinates": [
          0.0,
          0.0
        ]
      },
      "properties": {
        "junction_id": 39590,
        "veh_id": 11497,
        "sim_time_s": 1424.7,
        "tier": "harmony-ins-local",
        "prearm_status": "action",
        "focus_role": "none"
      }
    },
    {
      "type": "Feature",
      "geometry": {
        "type": "Point",
        "coordinates": [
          500611.10093785037,
          6965401.760203704
        ]
      },
      "properties": {
        "junction_id": 39593,
        "veh_id": 11515,
        "sim_time_s": 1426.0,
        "tier": "track-zone",
        "prearm_status": "",
        "focus_role": "none"
      }
    },
    {
      "type": "Feature",
      "geometry": {
        "type": "Point",
        "coordinates": [
          500645.88380176236,
          6965254.571393754
        ]
      },
      "properties": {
        "junction_id": 36385,
        "veh_id": 11515,
        "sim_time_s": 1438.2,
        "tier": "track-zone",
        "prearm_status": "",
        "focus_role": "none"
      }
    },
    {
      "type": "Feature",
      "geometry": {
        "type": "Point",
        "coordinates": [
          500702.19711477397,
          6964936.022567971
        ]
      },
      "properties": {
        "junction_id": 39593,
        "veh_id": 11534,
        "sim_time_s": 1439.5,
        "tier": "track-zone",
        "prearm_status": "",
        "focus_role": "none"
      }
    },
    {
      "type": "Feature",
      "geometry": {
        "type": "Point",
        "coordinates": [
          500499.11426713434,
          6965702.056554973
        ]
      },
      "properties": {
        "junction_id": 39587,
        "veh_id": 11504,
        "sim_time_s": 1445.0,
        "tier": "track-zone",
        "prearm_status": "",
        "focus_role": "none"
      }
    },
    {
      "type": "Feature",
      "geometry": {
        "type": "Point",
        "coordinates": [
          500519.06957891776,
          6965647.332920648
        ]
      },
      "properties": {
        "junction_id": 1119660,
        "veh_id": 11504,
        "sim_time_s": 1450.3,
        "tier": "track-zone",
        "prearm_status": "",
        "focus_role": "none"
      }
    },
    {
      "type": "Feature",
      "geometry": {
        "type": "Point",
        "coordinates": [
          500657.45213227853,
          6965229.076637951
        ]
      },
      "properties": {
        "junction_id": 1119660,
        "veh_id": 11515,
        "sim_time_s": 1453.0,
        "tier": "track-zone",
        "prearm_status": "",
        "focus_role": "none"
      }
    },
    {
      "type": "Feature",
      "geometry": {
        "type": "Point",
        "coordinates": [
          500017.95680538774,
          6966619.147047909
        ]
      },
      "properties": {
        "junction_id": 11118289,
        "veh_id": 11533,
        "sim_time_s": 1454.4,
        "tier": "track-zone",
        "prearm_status": "",
        "focus_role": "none"
      }
    },
    {
      "type": "Feature",
      "geometry": {
        "type": "Point",
        "coordinates": [
          499902.4301254082,
          6967031.289585257
        ]
      },
      "properties": {
        "junction_id": 38339,
        "veh_id": 11498,
        "sim_time_s": 1454.8,
        "tier": "IC-detect",
        "prearm_status": "",
        "focus_role": "none"
      }
    },
    {
      "type": "Feature",
      "geometry": {
        "type": "Point",
        "coordinates": [
          0.0,
          0.0
        ]
      },
      "properties": {
        "junction_id": 39593,
        "veh_id": 11515,
        "sim_time_s": 1455.8,
        "tier": "harmony-ge-local",
        "prearm_status": "action",
        "focus_role": "none"
      }
    },
    {
      "type": "Feature",
      "geometry": {
        "type": "Point",
        "coordinates": [
          500553.87335253775,
          6965566.353231507
        ]
      },
      "properties": {
        "junction_id": 10157950,
        "veh_id": 11504,
        "sim_time_s": 1458.5,
        "tier": "track-zone",
        "prearm_status": "",
        "focus_role": "none"
      }
    },
    {
      "type": "Feature",
      "geometry": {
        "type": "Point",
        "coordinates": [
          500698.91560018086,
          6964808.737354115
        ]
      },
      "properties": {
        "junction_id": 36385,
        "veh_id": 11491,
        "sim_time_s": 1459.8,
        "tier": "track-zone",
        "prearm_status": "",
        "focus_role": "none"
      }
    },
    {
      "type": "Feature",
      "geometry": {
        "type": "Point",
        "coordinates": [
          0.0,
          0.0
        ]
      },
      "properties": {
        "junction_id": 36393,
        "veh_id": 11523,
        "sim_time_s": 1459.8,
        "tier": "harmony-ins-local",
        "prearm_status": "action",
        "focus_role": "none"
      }
    },
    {
      "type": "Feature",
      "geometry": {
        "type": "Point",
        "coordinates": [
          500698.3372058071,
          6964789.590673244
        ]
      },
      "properties": {
        "junction_id": 39590,
        "veh_id": 11523,
        "sim_time_s": 1463.0,
        "tier": "coord-prearm-harmony/SHOCKWAVE",
        "prearm_status": "fired",
        "focus_role": "none"
      }
    },
    {
      "type": "Feature",
      "geometry": {
        "type": "Point",
        "coordinates": [
          500698.8254482889,
          6965141.157305968
        ]
      },
      "properties": {
        "junction_id": 10157950,
        "veh_id": 11515,
        "sim_time_s": 1465.2,
        "tier": "track-zone",
        "prearm_status": "",
        "focus_role": "none"
      }
    },
    {
      "type": "Feature",
      "geometry": {
        "type": "Point",
        "coordinates": [
          0.0,
          0.0
        ]
      },
      "properties": {
        "junction_id": 39606,
        "veh_id": 11497,
        "sim_time_s": 1465.2,
        "tier": "harmony-ge-local",
        "prearm_status": "action",
        "focus_role": "none"
      }
    },
    {
      "type": "Feature",
      "geometry": {
        "type": "Point",
        "coordinates": [
          499958.2453037598,
          6967074.954716194
        ]
      },
      "properties": {
        "junction_id": 38339,
        "veh_id": 11524,
        "sim_time_s": 1473.3,
        "tier": "IC-detect",
        "prearm_status": "",
        "focus_role": "none"
      }
    },
    {
      "type": "Feature",
      "geometry": {
        "type": "Point",
        "coordinates": [
          0.0,
          0.0
        ]
      },
      "properties": {
        "junction_id": 38339,
        "veh_id": 11524,
        "sim_time_s": 1477.3,
        "tier": "harmony-no-ge-local",
        "prearm_status": "skip",
        "focus_role": "none"
      }
    },
    {
      "type": "Feature",
      "geometry": {
        "type": "Point",
        "coordinates": [
          0.0,
          0.0
        ]
      },
      "properties": {
        "junction_id": 39590,
        "veh_id": 11523,
        "sim_time_s": 1485.0,
        "tier": "harmony-ins-local",
        "prearm_status": "action",
        "focus_role": "none"
      }
    },
    {
      "type": "Feature",
      "geometry": {
        "type": "Point",
        "coordinates": [
          500756.59727603965,
          6964319.360583137
        ]
      },
      "properties": {
        "junction_id": 39590,
        "veh_id": 11523,
        "sim_time_s": 1485.0,
        "tier": "coord-prearm-success/SHOCKWAVE",
        "prearm_status": "success",
        "focus_role": "none"
      }
    },
    {
      "type": "Feature",
      "geometry": {
        "type": "Point",
        "coordinates": [
          499959.5386241342,
          6966943.1518055275
        ]
      },
      "properties": {
        "junction_id": 39568,
        "veh_id": 11524,
        "sim_time_s": 1488.2,
        "tier": "track-zone",
        "prearm_status": "",
        "focus_role": "none"
      }
    },
    {
      "type": "Feature",
      "geometry": {
        "type": "Point",
        "coordinates": [
          0.0,
          0.0
        ]
      },
      "properties": {
        "junction_id": 36385,
        "veh_id": 11534,
        "sim_time_s": 1488.2,
        "tier": "harmony-ge-local",
        "prearm_status": "action",
        "focus_role": "none"
      }
    },
    {
      "type": "Feature",
      "geometry": {
        "type": "Point",
        "coordinates": [
          499963.37494266755,
          6966892.184595853
        ]
      },
      "properties": {
        "junction_id": 39572,
        "veh_id": 11524,
        "sim_time_s": 1492.2,
        "tier": "track-zone",
        "prearm_status": "",
        "focus_role": "none"
      }
    },
    {
      "type": "Feature",
      "geometry": {
        "type": "Point",
        "coordinates": [
          500683.2300150256,
          6965101.93748362
        ]
      },
      "properties": {
        "junction_id": 10157950,
        "veh_id": 11534,
        "sim_time_s": 1499.0,
        "tier": "track-zone",
        "prearm_status": "",
        "focus_role": "none"
      }
    },
    {
      "type": "Feature",
      "geometry": {
        "type": "Point",
        "coordinates": [
          500660.55742150004,
          6965184.37471063
        ]
      },
      "properties": {
        "junction_id": 1119660,
        "veh_id": 11534,
        "sim_time_s": 1504.3,
        "tier": "track-zone",
        "prearm_status": "",
        "focus_role": "none"
      }
    },
    {
      "type": "Feature",
      "geometry": {
        "type": "Point",
        "coordinates": [
          500637.6557186818,
          6965236.471214608
        ]
      },
      "properties": {
        "junction_id": 39587,
        "veh_id": 11534,
        "sim_time_s": 1508.4,
        "tier": "track-zone",
        "prearm_status": "",
        "focus_role": "none"
      }
    },
    {
      "type": "Feature",
      "geometry": {
        "type": "Point",
        "coordinates": [
          0.0,
          0.0
        ]
      },
      "properties": {
        "junction_id": 39587,
        "veh_id": 11504,
        "sim_time_s": 1508.4,
        "tier": "harmony-ins-local",
        "prearm_status": "action",
        "focus_role": "none"
      }
    },
    {
      "type": "Feature",
      "geometry": {
        "type": "Point",
        "coordinates": [
          500832.62957879144,
          6965061.408564924
        ]
      },
      "properties": {
        "junction_id": 36385,
        "veh_id": 11487,
        "sim_time_s": 1514.7,
        "tier": "IC-detect",
        "prearm_status": "",
        "focus_role": "none"
      }
    },
    {
      "type": "Feature",
      "geometry": {
        "type": "Point",
        "coordinates": [
          0.0,
          0.0
        ]
      },
      "properties": {
        "junction_id": 36393,
        "veh_id": 11491,
        "sim_time_s": 1520.1,
        "tier": "harmony-ins-local",
        "prearm_status": "action",
        "focus_role": "none"
      }
    },
    {
      "type": "Feature",
      "geometry": {
        "type": "Point",
        "coordinates": [
          500569.6378457927,
          6965467.493898229
        ]
      },
      "properties": {
        "junction_id": 39576,
        "veh_id": 11534,
        "sim_time_s": 1526.0,
        "tier": "track-zone",
        "prearm_status": "",
        "focus_role": "none"
      }
    },
    {
      "type": "Feature",
      "geometry": {
        "type": "Point",
        "coordinates": [
          500726.00247003586,
          6964997.823668505
        ]
      },
      "properties": {
        "junction_id": 36393,
        "veh_id": 11515,
        "sim_time_s": 1527.3,
        "tier": "track-zone",
        "prearm_status": "",
        "focus_role": "none"
      }
    },
    {
      "type": "Feature",
      "geometry": {
        "type": "Point",
        "coordinates": [
          499968.9927719862,
          6966746.910164851
        ]
      },
      "properties": {
        "junction_id": 39568,
        "veh_id": 11533,
        "sim_time_s": 1530.0,
        "tier": "track-zone",
        "prearm_status": "",
        "focus_role": "none"
      }
    },
    {
      "type": "Feature",
      "geometry": {
        "type": "Point",
        "coordinates": [
          499905.9427271672,
          6967031.060251455
        ]
      },
      "properties": {
        "junction_id": 11118289,
        "veh_id": 11498,
        "sim_time_s": 1531.3,
        "tier": "track-zone",
        "prearm_status": "",
        "focus_role": "none"
      }
    },
    {
      "type": "Feature",
      "geometry": {
        "type": "Point",
        "coordinates": [
          499972.08079326263,
          6966767.539558082
        ]
      },
      "properties": {
        "junction_id": 11118289,
        "veh_id": 11524,
        "sim_time_s": 1536.8,
        "tier": "track-zone",
        "prearm_status": "",
        "focus_role": "none"
      }
    },
    {
      "type": "Feature",
      "geometry": {
        "type": "Point",
        "coordinates": [
          499960.92286121583,
          6966780.877310669
        ]
      },
      "properties": {
        "junction_id": 38339,
        "veh_id": 11533,
        "sim_time_s": 1538.1,
        "tier": "track-zone",
        "prearm_status": "",
        "focus_role": "none"
      }
    },
    {
      "type": "Feature",
      "geometry": {
        "type": "Point",
        "coordinates": [
          500607.7577038927,
          6965413.956330674
        ]
      },
      "properties": {
        "junction_id": 39593,
        "veh_id": 11504,
        "sim_time_s": 1539.5,
        "tier": "track-zone",
        "prearm_status": "",
        "focus_role": "none"
      }
    },
    {
      "type": "Feature",
      "geometry": {
        "type": "Point",
        "coordinates": [
          0.0,
          0.0
        ]
      },
      "properties": {
        "junction_id": 39576,
        "veh_id": 11534,
        "sim_time_s": 1542.2,
        "tier": "harmony-ins-local",
        "prearm_status": "action",
        "focus_role": "none"
      }
    },
    {
      "type": "Feature",
      "geometry": {
        "type": "Point",
        "coordinates": [
          500193.3553452404,
          6965100.972835772
        ]
      },
      "properties": {
        "junction_id": 39593,
        "veh_id": 11508,
        "sim_time_s": 1543.5,
        "tier": "IC-detect",
        "prearm_status": "",
        "focus_role": "none"
      }
    },
    {
      "type": "Feature",
      "geometry": {
        "type": "Point",
        "coordinates": [
          500491.8077522775,
          6965692.251837651
        ]
      },
      "properties": {
        "junction_id": 39578,
        "veh_id": 11534,
        "sim_time_s": 1544.8,
        "tier": "track-zone",
        "prearm_status": "",
        "focus_role": "none"
      }
    },
    {
      "type": "Feature",
      "geometry": {
        "type": "Point",
        "coordinates": [
          0.0,
          0.0
        ]
      },
      "properties": {
        "junction_id": 38339,
        "veh_id": 11498,
        "sim_time_s": 1546.2,
        "tier": "harmony-ins-local",
        "prearm_status": "action",
        "focus_role": "none"
      }
    },
    {
      "type": "Feature",
      "geometry": {
        "type": "Point",
        "coordinates": [
          500293.9692151223,
          6965084.977458997
        ]
      },
      "properties": {
        "junction_id": 36385,
        "veh_id": 11508,
        "sim_time_s": 1551.2,
        "tier": "IC-detect",
        "prearm_status": "",
        "focus_role": "none"
      }
    },
    {
      "type": "Feature",
      "geometry": {
        "type": "Point",
        "coordinates": [
          500647.5515126952,
          6965251.045577885
        ]
      },
      "properties": {
        "junction_id": 36385,
        "veh_id": 11504,
        "sim_time_s": 1551.6,
        "tier": "track-zone",
        "prearm_status": "",
        "focus_role": "none"
      }
    },
    {
      "type": "Feature",
      "geometry": {
        "type": "Point",
        "coordinates": [
          0.0,
          0.0
        ]
      },
      "properties": {
        "junction_id": 39572,
        "veh_id": 11524,
        "sim_time_s": 1551.6,
        "tier": "harmony-no-ge-local",
        "prearm_status": "skip",
        "focus_role": "none"
      }
    },
    {
      "type": "Feature",
      "geometry": {
        "type": "Point",
        "coordinates": [
          500011.45141659817,
          6966671.023480038
        ]
      },
      "properties": {
        "junction_id": 39569,
        "veh_id": 11524,
        "sim_time_s": 1554.3,
        "tier": "track-zone",
        "prearm_status": "",
        "focus_role": "none"
      }
    },
    {
      "type": "Feature",
      "geometry": {
        "type": "Point",
        "coordinates": [
          500701.35434419353,
          6964836.397502759
        ]
      },
      "properties": {
        "junction_id": 36385,
        "veh_id": 11515,
        "sim_time_s": 1559.7,
        "tier": "track-zone",
        "prearm_status": "",
        "focus_role": "none"
      }
    },
    {
      "type": "Feature",
      "geometry": {
        "type": "Point",
        "coordinates": [
          500689.19665267004,
          6964557.502320714
        ]
      },
      "properties": {
        "junction_id": 39590,
        "veh_id": 11491,
        "sim_time_s": 1563.8,
        "tier": "track-zone",
        "prearm_status": "",
        "focus_role": "none"
      }
    },
    {
      "type": "Feature",
      "geometry": {
        "type": "Point",
        "coordinates": [
          500653.896442973,
          6965236.9488258865
        ]
      },
      "properties": {
        "junction_id": 1119660,
        "veh_id": 11504,
        "sim_time_s": 1571.8,
        "tier": "track-zone",
        "prearm_status": "",
        "focus_role": "none"
      }
    },
    {
      "type": "Feature",
      "geometry": {
        "type": "Point",
        "coordinates": [
          500660.58376131364,
          6965216.051265629
        ]
      },
      "properties": {
        "junction_id": 10157950,
        "veh_id": 11504,
        "sim_time_s": 1580.0,
        "tier": "track-zone",
        "prearm_status": "",
        "focus_role": "none"
      }
    },
    {
      "type": "Feature",
      "geometry": {
        "type": "Point",
        "coordinates": [
          0.0,
          0.0
        ]
      },
      "properties": {
        "junction_id": 39593,
        "veh_id": 11504,
        "sim_time_s": 1581.3,
        "tier": "harmony-ge-local",
        "prearm_status": "action",
        "focus_role": "none"
      }
    },
    {
      "type": "Feature",
      "geometry": {
        "type": "Point",
        "coordinates": [
          0.0,
          0.0
        ]
      },
      "properties": {
        "junction_id": 39578,
        "veh_id": 11534,
        "sim_time_s": 1585.3,
        "tier": "harmony-ins-local",
        "prearm_status": "action",
        "focus_role": "none"
      }
    },
    {
      "type": "Feature",
      "geometry": {
        "type": "Point",
        "coordinates": [
          500398.2921816009,
          6966043.14537173
        ]
      },
      "properties": {
        "junction_id": 1043762,
        "veh_id": 11534,
        "sim_time_s": 1596.2,
        "tier": "track-zone",
        "prearm_status": "",
        "focus_role": "none"
      }
    },
    {
      "type": "Feature",
      "geometry": {
        "type": "Point",
        "coordinates": [
          500715.05727743136,
          6964447.541072195
        ]
      },
      "properties": {
        "junction_id": 39590,
        "veh_id": 11523,
        "sim_time_s": 1605.2,
        "tier": "IC-detect",
        "prearm_status": "",
        "focus_role": "none"
      }
    },
    {
      "type": "Feature",
      "geometry": {
        "type": "Point",
        "coordinates": [
          500058.47077373875,
          6966557.38207236
        ]
      },
      "properties": {
        "junction_id": 39568,
        "veh_id": 11524,
        "sim_time_s": 1609.7,
        "tier": "track-zone",
        "prearm_status": "",
        "focus_role": "none"
      }
    },
    {
      "type": "Feature",
      "geometry": {
        "type": "Point",
        "coordinates": [
          0.0,
          0.0
        ]
      },
      "properties": {
        "junction_id": 1043762,
        "veh_id": 11534,
        "sim_time_s": 1609.7,
        "tier": "harmony-ins-local",
        "prearm_status": "action",
        "focus_role": "none"
      }
    },
    {
      "type": "Feature",
      "geometry": {
        "type": "Point",
        "coordinates": [
          500242.533821175,
          6966215.917131491
        ]
      },
      "properties": {
        "junction_id": 39569,
        "veh_id": 11534,
        "sim_time_s": 1611.9,
        "tier": "coord-prearm-harmony/SHOCKWAVE",
        "prearm_status": "fired",
        "focus_role": "none"
      }
    },
    {
      "type": "Feature",
      "geometry": {
        "type": "Point",
        "coordinates": [
          0.0,
          0.0
        ]
      },
      "properties": {
        "junction_id": 39569,
        "veh_id": 11534,
        "sim_time_s": 1612.3,
        "tier": "harmony-ins-local",
        "prearm_status": "action",
        "focus_role": "none"
      }
    },
    {
      "type": "Feature",
      "geometry": {
        "type": "Point",
        "coordinates": [
          500105.3249690746,
          6966447.427635936
        ]
      },
      "properties": {
        "junction_id": 39569,
        "veh_id": 11534,
        "sim_time_s": 1612.3,
        "tier": "coord-prearm-success/SHOCKWAVE",
        "prearm_status": "success",
        "focus_role": "none"
      }
    },
    {
      "type": "Feature",
      "geometry": {
        "type": "Point",
        "coordinates": [
          500199.22029850894,
          6966292.285910782
        ]
      },
      "properties": {
        "junction_id": 39572,
        "veh_id": 11534,
        "sim_time_s": 1617.3,
        "tier": "coord-prearm-harmony/SHOCKWAVE",
        "prearm_status": "fired",
        "focus_role": "none"
      }
    },
    {
      "type": "Feature",
      "geometry": {
        "type": "Point",
        "coordinates": [
          0.0,
          0.0
        ]
      },
      "properties": {
        "junction_id": 39572,
        "veh_id": 11534,
        "sim_time_s": 1617.8,
        "tier": "harmony-no-ge-local",
        "prearm_status": "skip",
        "focus_role": "none"
      }
    },
    {
      "type": "Feature",
      "geometry": {
        "type": "Point",
        "coordinates": [
          500730.6617581705,
          6964408.232809058
        ]
      },
      "properties": {
        "junction_id": 39606,
        "veh_id": 11523,
        "sim_time_s": 1619.1,
        "tier": "track-zone",
        "prearm_status": "",
        "focus_role": "none"
      }
    },
    {
      "type": "Feature",
      "geometry": {
        "type": "Point",
        "coordinates": [
          0.0,
          0.0
        ]
      },
      "properties": {
        "junction_id": 36393,
        "veh_id": 11515,
        "sim_time_s": 1625.8,
        "tier": "harmony-ge-local",
        "prearm_status": "action",
        "focus_role": "none"
      }
    },
    {
      "type": "Feature",
      "geometry": {
        "type": "Point",
        "coordinates": [
          500727.56837697694,
          6964398.888083295
        ]
      },
      "properties": {
        "junction_id": 39606,
        "veh_id": 11491,
        "sim_time_s": 1627.2,
        "tier": "track-zone",
        "prearm_status": "",
        "focus_role": "none"
      }
    },
    {
      "type": "Feature",
      "geometry": {
        "type": "Point",
        "coordinates": [
          500697.26660550537,
          6964762.453305206
        ]
      },
      "properties": {
        "junction_id": 39590,
        "veh_id": 11515,
        "sim_time_s": 1629.9,
        "tier": "coord-prearm-harmony/SHOCKWAVE",
        "prearm_status": "fired",
        "focus_role": "none"
      }
    },
    {
      "type": "Feature",
      "geometry": {
        "type": "Point",
        "coordinates": [
          0.0,
          0.0
        ]
      },
      "properties": {
        "junction_id": 39590,
        "veh_id": 11515,
        "sim_time_s": 1630.3,
        "tier": "harmony-ge-local",
        "prearm_status": "action",
        "focus_role": "none"
      }
    },
    {
      "type": "Feature",
      "geometry": {
        "type": "Point",
        "coordinates": [
          500756.59727603965,
          6964319.360583137
        ]
      },
      "properties": {
        "junction_id": 39590,
        "veh_id": 11515,
        "sim_time_s": 1630.3,
        "tier": "coord-prearm-success/SHOCKWAVE",
        "prearm_status": "success",
        "focus_role": "none"
      }
    },
    {
      "type": "Feature",
      "geometry": {
        "type": "Point",
        "coordinates": [
          0.0,
          0.0
        ]
      },
      "properties": {
        "junction_id": 39606,
        "veh_id": 11491,
        "sim_time_s": 1644.8,
        "tier": "harmony-ge-local",
        "prearm_status": "action",
        "focus_role": "none"
      }
    },
    {
      "type": "Feature",
      "geometry": {
        "type": "Point",
        "coordinates": [
          499923.26641598454,
          6967030.16228972
        ]
      },
      "properties": {
        "junction_id": 11118289,
        "veh_id": 11498,
        "sim_time_s": 1652.8,
        "tier": "track-zone",
        "prearm_status": "",
        "focus_role": "none"
      }
    },
    {
      "type": "Feature",
      "geometry": {
        "type": "Point",
        "coordinates": [
          500729.06579400675,
          6964993.389294059
        ]
      },
      "properties": {
        "junction_id": 36393,
        "veh_id": 11504,
        "sim_time_s": 1659.6,
        "tier": "track-zone",
        "prearm_status": "",
        "focus_role": "none"
      }
    },
    {
      "type": "Feature",
      "geometry": {
        "type": "Point",
        "coordinates": [
          499923.26641598454,
          6967030.16228972
        ]
      },
      "properties": {
        "junction_id": 38339,
        "veh_id": 11498,
        "sim_time_s": 1666.3,
        "tier": "IC-detect",
        "prearm_status": "",
        "focus_role": "none"
      }
    },
    {
      "type": "Feature",
      "geometry": {
        "type": "Point",
        "coordinates": [
          500661.6353462553,
          6965031.070714285
        ]
      },
      "properties": {
        "junction_id": 36385,
        "veh_id": 11508,
        "sim_time_s": 1671.3,
        "tier": "IC-detect",
        "prearm_status": "",
        "focus_role": "none"
      }
    },
    {
      "type": "Feature",
      "geometry": {
        "type": "Point",
        "coordinates": [
          500708.62182286684,
          6964878.121805461
        ]
      },
      "properties": {
        "junction_id": 36385,
        "veh_id": 11504,
        "sim_time_s": 1671.8,
        "tier": "IC-detect",
        "prearm_status": "",
        "focus_role": "none"
      }
    },
    {
      "type": "Feature",
      "geometry": {
        "type": "Point",
        "coordinates": [
          500092.9191980424,
          6966485.601231408
        ]
      },
      "properties": {
        "junction_id": 39569,
        "veh_id": 11524,
        "sim_time_s": 1674.5,
        "tier": "IC-detect",
        "prearm_status": "",
        "focus_role": "none"
      }
    },
    {
      "type": "Feature",
      "geometry": {
        "type": "Point",
        "coordinates": [
          0.0,
          0.0
        ]
      },
      "properties": {
        "junction_id": 39569,
        "veh_id": 11524,
        "sim_time_s": 1674.9,
        "tier": "harmony-ins-local",
        "prearm_status": "action",
        "focus_role": "none"
      }
    },
    {
      "type": "Feature",
      "geometry": {
        "type": "Point",
        "coordinates": [
          500125.2748442995,
          6966441.570939372
        ]
      },
      "properties": {
        "junction_id": 1043762,
        "veh_id": 11524,
        "sim_time_s": 1678.5,
        "tier": "track-zone",
        "prearm_status": "",
        "focus_role": "none"
      }
    },
    {
      "type": "Feature",
      "geometry": {
        "type": "Point",
        "coordinates": [
          500919.818795253,
          6965246.730758348
        ]
      },
      "properties": {
        "junction_id": 39593,
        "veh_id": 11519,
        "sim_time_s": 1680.3,
        "tier": "IC-detect",
        "prearm_status": "",
        "focus_role": "none"
      }
    },
    {
      "type": "Feature",
      "geometry": {
        "type": "Point",
        "coordinates": [
          500012.2556836752,
          6966653.44887729
        ]
      },
      "properties": {
        "junction_id": 39572,
        "veh_id": 11534,
        "sim_time_s": 1683.0,
        "tier": "coord-prearm-missed/SHOCKWAVE",
        "prearm_status": "missed",
        "focus_role": "none"
      }
    },
    {
      "type": "Feature",
      "geometry": {
        "type": "Point",
        "coordinates": [
          500857.18487454124,
          6965223.569471125
        ]
      },
      "properties": {
        "junction_id": 36385,
        "veh_id": 11519,
        "sim_time_s": 1685.2,
        "tier": "track-zone",
        "prearm_status": "",
        "focus_role": "none"
      }
    },
    {
      "type": "Feature",
      "geometry": {
        "type": "Point",
        "coordinates": [
          500827.65567641903,
          6965209.902088387
        ]
      },
      "properties": {
        "junction_id": 10157950,
        "veh_id": 11519,
        "sim_time_s": 1689.3,
        "tier": "track-zone",
        "prearm_status": "",
        "focus_role": "none"
      }
    },
    {
      "type": "Feature",
      "geometry": {
        "type": "Point",
        "coordinates": [
          499517.39046187786,
          6966652.513049488
        ]
      },
      "properties": {
        "junction_id": 39572,
        "veh_id": 11492,
        "sim_time_s": 1692.9,
        "tier": "IC-detect",
        "prearm_status": "",
        "focus_role": "none"
      }
    },
    {
      "type": "Feature",
      "geometry": {
        "type": "Point",
        "coordinates": [
          499961.51461427123,
          6966952.298706189
        ]
      },
      "properties": {
        "junction_id": 39568,
        "veh_id": 11498,
        "sim_time_s": 1693.3,
        "tier": "track-zone",
        "prearm_status": "",
        "focus_role": "none"
      }
    },
    {
      "type": "Feature",
      "geometry": {
        "type": "Point",
        "coordinates": [
          0.0,
          0.0
        ]
      },
      "properties": {
        "junction_id": 1043762,
        "veh_id": 11524,
        "sim_time_s": 1694.7,
        "tier": "harmony-no-ge-local",
        "prearm_status": "skip",
        "focus_role": "none"
      }
    },
    {
      "type": "Feature",
      "geometry": {
        "type": "Point",
        "coordinates": [
          499969.10953787115,
          6966895.668201034
        ]
      },
      "properties": {
        "junction_id": 39572,
        "veh_id": 11498,
        "sim_time_s": 1700.1,
        "tier": "track-zone",
        "prearm_status": "",
        "focus_role": "none"
      }
    },
    {
      "type": "Feature",
      "geometry": {
        "type": "Point",
        "coordinates": [
          499765.74018803757,
          6966602.643993888
        ]
      },
      "properties": {
        "junction_id": 39568,
        "veh_id": 11492,
        "sim_time_s": 1708.2,
        "tier": "track-zone",
        "prearm_status": "",
        "focus_role": "none"
      }
    },
    {
      "type": "Feature",
      "geometry": {
        "type": "Point",
        "coordinates": [
          0.0,
          0.0
        ]
      },
      "properties": {
        "junction_id": 36385,
        "veh_id": 11508,
        "sim_time_s": 1712.2,
        "tier": "harmony-ins-local",
        "prearm_status": "action",
        "focus_role": "none"
      }
    },
    {
      "type": "Feature",
      "geometry": {
        "type": "Point",
        "coordinates": [
          499878.06130109215,
          6966548.98006379
        ]
      },
      "properties": {
        "junction_id": 39569,
        "veh_id": 11492,
        "sim_time_s": 1716.3,
        "tier": "track-zone",
        "prearm_status": "",
        "focus_role": "none"
      }
    },
    {
      "type": "Feature",
      "geometry": {
        "type": "Point",
        "coordinates": [
          500100.4379696916,
          6966450.420218976
        ]
      },
      "properties": {
        "junction_id": 39569,
        "veh_id": 11534,
        "sim_time_s": 1732.5,
        "tier": "IC-detect",
        "prearm_status": "",
        "focus_role": "none"
      }
    },
    {
      "type": "Feature",
      "geometry": {
        "type": "Point",
        "coordinates": [
          500686.3827661637,
          6964557.398559864
        ]
      },
      "properties": {
        "junction_id": 39590,
        "veh_id": 11504,
        "sim_time_s": 1733.8,
        "tier": "track-zone",
        "prearm_status": "",
        "focus_role": "none"
      }
    },
    {
      "type": "Feature",
      "geometry": {
        "type": "Point",
        "coordinates": [
          500074.51736037433,
          6966493.193279023
        ]
      },
      "properties": {
        "junction_id": 39568,
        "veh_id": 11534,
        "sim_time_s": 1736.5,
        "tier": "track-zone",
        "prearm_status": "",
        "focus_role": "none"
      }
    },
    {
      "type": "Feature",
      "geometry": {
        "type": "Point",
        "coordinates": [
          500357.21475992305,
          6966096.224849941
        ]
      },
      "properties": {
        "junction_id": 39578,
        "veh_id": 11524,
        "sim_time_s": 1744.7,
        "tier": "track-section",
        "prearm_status": "",
        "focus_role": "none"
      }
    },
    {
      "type": "Feature",
      "geometry": {
        "type": "Point",
        "coordinates": [
          500729.25552052027,
          6964411.638626583
        ]
      },
      "properties": {
        "junction_id": 39606,
        "veh_id": 11515,
        "sim_time_s": 1750.0,
        "tier": "track-zone",
        "prearm_status": "",
        "focus_role": "none"
      }
    },
    {
      "type": "Feature",
      "geometry": {
        "type": "Point",
        "coordinates": [
          500729.25552052027,
          6964411.638626583
        ]
      },
      "properties": {
        "junction_id": 39590,
        "veh_id": 11515,
        "sim_time_s": 1750.5,
        "tier": "IC-detect",
        "prearm_status": "",
        "focus_role": "none"
      }
    },
    {
      "type": "Feature",
      "geometry": {
        "type": "Point",
        "coordinates": [
          500728.81409119035,
          6964987.142881709
        ]
      },
      "properties": {
        "junction_id": 36393,
        "veh_id": 11508,
        "sim_time_s": 1752.8,
        "tier": "track-zone",
        "prearm_status": "",
        "focus_role": "none"
      }
    },
    {
      "type": "Feature",
      "geometry": {
        "type": "Point",
        "coordinates": [
          0.0,
          0.0
        ]
      },
      "properties": {
        "junction_id": 39578,
        "veh_id": 11524,
        "sim_time_s": 1758.2,
        "tier": "harmony-ins-local",
        "prearm_status": "action",
        "focus_role": "none"
      }
    },
    {
      "type": "Feature",
      "geometry": {
        "type": "Point",
        "coordinates": [
          500532.008589054,
          6965934.081750561
        ]
      },
      "properties": {
        "junction_id": 39576,
        "veh_id": 11524,
        "sim_time_s": 1760.8,
        "tier": "track-zone",
        "prearm_status": "",
        "focus_role": "none"
      }
    },
    {
      "type": "Feature",
      "geometry": {
        "type": "Point",
        "coordinates": [
          0.0,
          0.0
        ]
      },
      "properties": {
        "junction_id": 39569,
        "veh_id": 11492,
        "sim_time_s": 1762.2,
        "tier": "harmony-no-ge-local",
        "prearm_status": "skip",
        "focus_role": "none"
      }
    },
    {
      "type": "Feature",
      "geometry": {
        "type": "Point",
        "coordinates": [
          500134.63271237316,
          6966434.096888527
        ]
      },
      "properties": {
        "junction_id": 1043762,
        "veh_id": 11492,
        "sim_time_s": 1767.6,
        "tier": "track-zone",
        "prearm_status": "",
        "focus_role": "none"
      }
    },
    {
      "type": "Feature",
      "geometry": {
        "type": "Point",
        "coordinates": [
          499981.5902673536,
          6966741.508898794
        ]
      },
      "properties": {
        "junction_id": 11118289,
        "veh_id": 11498,
        "sim_time_s": 1774.3,
        "tier": "track-zone",
        "prearm_status": "",
        "focus_role": "none"
      }
    },
    {
      "type": "Feature",
      "geometry": {
        "type": "Point",
        "coordinates": [
          500018.19693436235,
          6966619.606547207
        ]
      },
      "properties": {
        "junction_id": 11118289,
        "veh_id": 11534,
        "sim_time_s": 1778.4,
        "tier": "track-zone",
        "prearm_status": "",
        "focus_role": "none"
      }
    },
    {
      "type": "Feature",
      "geometry": {
        "type": "Point",
        "coordinates": [
          500692.62602639047,
          6964518.2346882885
        ]
      },
      "properties": {
        "junction_id": 36393,
        "veh_id": 11504,
        "sim_time_s": 1781.1,
        "tier": "track-zone",
        "prearm_status": "",
        "focus_role": "none"
      }
    },
    {
      "type": "Feature",
      "geometry": {
        "type": "Point",
        "coordinates": [
          0.0,
          0.0
        ]
      },
      "properties": {
        "junction_id": 1043762,
        "veh_id": 11492,
        "sim_time_s": 1781.1,
        "tier": "harmony-ins-local",
        "prearm_status": "action",
        "focus_role": "none"
      }
    },
    {
      "type": "Feature",
      "geometry": {
        "type": "Point",
        "coordinates": [
          499960.9319049444,
          6966776.657233416
        ]
      },
      "properties": {
        "junction_id": 38339,
        "veh_id": 11534,
        "sim_time_s": 1791.9,
        "tier": "track-zone",
        "prearm_status": "",
        "focus_role": "none"
      }
    },
    {
      "type": "Feature",
      "geometry": {
        "type": "Point",
        "coordinates": [
          500357.1882745622,
          6966096.385316533
        ]
      },
      "properties": {
        "junction_id": 39578,
        "veh_id": 11492,
        "sim_time_s": 1794.6,
        "tier": "track-section",
        "prearm_status": "",
        "focus_role": "none"
      }
    },
    {
      "type": "Feature",
      "geometry": {
        "type": "Point",
        "coordinates": [
          0.0,
          0.0
        ]
      },
      "properties": {
        "junction_id": 39593,
        "veh_id": 11519,
        "sim_time_s": 1797.3,
        "tier": "harmony-ins-local",
        "prearm_status": "action",
        "focus_role": "none"
      }
    },
    {
      "type": "Feature",
      "geometry": {
        "type": "Point",
        "coordinates": [
          500949.53229003365,
          6964036.232777647
        ]
      },
      "properties": {
        "junction_id": 39606,
        "veh_id": 11535,
        "sim_time_s": 1800.0,
        "tier": "track-section",
        "prearm_status": "",
        "focus_role": "none"
      }
    },
    {
      "type": "Feature",
      "geometry": {
        "type": "Point",
        "coordinates": [
          500733.0163446822,
          6964402.475821157
        ]
      },
      "properties": {
        "junction_id": 39606,
        "veh_id": 11504,
        "sim_time_s": 1806.8,
        "tier": "track-zone",
        "prearm_status": "",
        "focus_role": "none"
      }
    },
    {
      "type": "Feature",
      "geometry": {
        "type": "Point",
        "coordinates": [
          500701.3369653402,
          6965167.999963995
        ]
      },
      "properties": {
        "junction_id": 36385,
        "veh_id": 11519,
        "sim_time_s": 1806.8,
        "tier": "track-zone",
        "prearm_status": "",
        "focus_role": "none"
      }
    },
    {
      "type": "Feature",
      "geometry": {
        "type": "Point",
        "coordinates": [
          500884.8275152139,
          6964127.817438939
        ]
      },
      "properties": {
        "junction_id": 39590,
        "veh_id": 11535,
        "sim_time_s": 1806.8,
        "tier": "track-zone",
        "prearm_status": "",
        "focus_role": "none"
      }
    },
    {
      "type": "Feature",
      "geometry": {
        "type": "Point",
        "coordinates": [
          0.0,
          0.0
        ]
      },
      "properties": {
        "junction_id": 36393,
        "veh_id": 11508,
        "sim_time_s": 1808.1,
        "tier": "harmony-ge-local",
        "prearm_status": "action",
        "focus_role": "none"
      }
    },
    {
      "type": "Feature",
      "geometry": {
        "type": "Point",
        "coordinates": [
          500701.15519487706,
          6965167.9341118205
        ]
      },
      "properties": {
        "junction_id": 10157950,
        "veh_id": 11519,
        "sim_time_s": 1810.8,
        "tier": "track-zone",
        "prearm_status": "",
        "focus_role": "none"
      }
    },
    {
      "type": "Feature",
      "geometry": {
        "type": "Point",
        "coordinates": [
          0.0,
          0.0
        ]
      },
      "properties": {
        "junction_id": 39606,
        "veh_id": 11535,
        "sim_time_s": 1810.8,
        "tier": "harmony-ins-local",
        "prearm_status": "action",
        "focus_role": "none"
      }
    },
    {
      "type": "Feature",
      "geometry": {
        "type": "Point",
        "coordinates": [
          0.0,
          0.0
        ]
      },
      "properties": {
        "junction_id": 39572,
        "veh_id": 11498,
        "sim_time_s": 1812.2,
        "tier": "harmony-no-ge-local",
        "prearm_status": "skip",
        "focus_role": "none"
      }
    },
    {
      "type": "Feature",
      "geometry": {
        "type": "Point",
        "coordinates": [
          500697.3970115581,
          6964764.122967169
        ]
      },
      "properties": {
        "junction_id": 39590,
        "veh_id": 11508,
        "sim_time_s": 1812.2,
        "tier": "coord-prearm-harmony/SHOCKWAVE",
        "prearm_status": "fired",
        "focus_role": "none"
      }
    },
    {
      "type": "Feature",
      "geometry": {
        "type": "Point",
        "coordinates": [
          0.0,
          0.0
        ]
      },
      "properties": {
        "junction_id": 39590,
        "veh_id": 11508,
        "sim_time_s": 1812.6,
        "tier": "harmony-ins-local",
        "prearm_status": "action",
        "focus_role": "none"
      }
    },
    {
      "type": "Feature",
      "geometry": {
        "type": "Point",
        "coordinates": [
          500756.59727603965,
          6964319.360583137
        ]
      },
      "properties": {
        "junction_id": 39590,
        "veh_id": 11508,
        "sim_time_s": 1812.6,
        "tier": "coord-prearm-success/SHOCKWAVE",
        "prearm_status": "success",
        "focus_role": "none"
      }
    },
    {
      "type": "Feature",
      "geometry": {
        "type": "Point",
        "coordinates": [
          500532.8362717763,
          6965932.192015502
        ]
      },
      "properties": {
        "junction_id": 39576,
        "veh_id": 11492,
        "sim_time_s": 1814.8,
        "tier": "track-zone",
        "prearm_status": "",
        "focus_role": "none"
      }
    },
    {
      "type": "Feature",
      "geometry": {
        "type": "Point",
        "coordinates": [
          500010.0593977632,
          6966674.324873157
        ]
      },
      "properties": {
        "junction_id": 39568,
        "veh_id": 11498,
        "sim_time_s": 1814.8,
        "tier": "track-zone",
        "prearm_status": "",
        "focus_role": "none"
      }
    },
    {
      "type": "Feature",
      "geometry": {
        "type": "Point",
        "coordinates": [
          0.0,
          0.0
        ]
      },
      "properties": {
        "junction_id": 39578,
        "veh_id": 11492,
        "sim_time_s": 1818.5,
        "tier": "harmony-ins-local",
        "prearm_status": "action",
        "focus_role": "none"
      }
    },
    {
      "type": "Feature",
      "geometry": {
        "type": "Point",
        "coordinates": [
          500088.4130134911,
          6967506.595798835
        ]
      },
      "properties": {
        "junction_id": 38339,
        "veh_id": 11525,
        "sim_time_s": 1820.2,
        "tier": "IC-detect",
        "prearm_status": "",
        "focus_role": "none"
      }
    },
    {
      "type": "Feature",
      "geometry": {
        "type": "Point",
        "coordinates": [
          0.0,
          0.0
        ]
      },
      "properties": {
        "junction_id": 39576,
        "veh_id": 11524,
        "sim_time_s": 1825.7,
        "tier": "harmony-ins-local",
        "prearm_status": "action",
        "focus_role": "none"
      }
    },
    {
      "type": "Feature",
      "geometry": {
        "type": "Point",
        "coordinates": [
          500512.43121466105,
          6965707.665913712
        ]
      },
      "properties": {
        "junction_id": 39587,
        "veh_id": 11524,
        "sim_time_s": 1827.0,
        "tier": "track-zone",
        "prearm_status": "",
        "focus_role": "none"
      }
    },
    {
      "type": "Feature",
      "geometry": {
        "type": "Point",
        "coordinates": [
          500519.8879853636,
          6965644.478412076
        ]
      },
      "properties": {
        "junction_id": 1119660,
        "veh_id": 11524,
        "sim_time_s": 1835.1,
        "tier": "track-zone",
        "prearm_status": "",
        "focus_role": "none"
      }
    },
    {
      "type": "Feature",
      "geometry": {
        "type": "Point",
        "coordinates": [
          500801.3486284114,
          6964258.931702249
        ]
      },
      "properties": {
        "junction_id": 39590,
        "veh_id": 11504,
        "sim_time_s": 1854.0,
        "tier": "IC-detect-far",
        "prearm_status": "",
        "focus_role": "none"
      }
    },
    {
      "type": "Feature",
      "geometry": {
        "type": "Point",
        "coordinates": [
          500944.51358507737,
          6964038.69291645
        ]
      },
      "properties": {
        "junction_id": 39606,
        "veh_id": 11511,
        "sim_time_s": 1860.3,
        "tier": "IC-detect",
        "prearm_status": "",
        "focus_role": "none"
      }
    },
    {
      "type": "Feature",
      "geometry": {
        "type": "Point",
        "coordinates": [
          500674.8383643795,
          6964509.959672915
        ]
      },
      "properties": {
        "junction_id": 36393,
        "veh_id": 11535,
        "sim_time_s": 1860.8,
        "tier": "track-zone",
        "prearm_status": "",
        "focus_role": "none"
      }
    },
    {
      "type": "Feature",
      "geometry": {
        "type": "Point",
        "coordinates": [
          0.0,
          0.0
        ]
      },
      "properties": {
        "junction_id": 38339,
        "veh_id": 11534,
        "sim_time_s": 1863.5,
        "tier": "harmony-ins-local",
        "prearm_status": "action",
        "focus_role": "none"
      }
    },
    {
      "type": "Feature",
      "geometry": {
        "type": "Point",
        "coordinates": [
          500725.16230011894,
          6964396.833071469
        ]
      },
      "properties": {
        "junction_id": 39606,
        "veh_id": 11508,
        "sim_time_s": 1867.5,
        "tier": "track-zone",
        "prearm_status": "",
        "focus_role": "none"
      }
    },
    {
      "type": "Feature",
      "geometry": {
        "type": "Point",
        "coordinates": [
          500906.3669329111,
          6964146.981092936
        ]
      },
      "properties": {
        "junction_id": 39606,
        "veh_id": 11515,
        "sim_time_s": 1870.2,
        "tier": "IC-detect",
        "prearm_status": "",
        "focus_role": "none"
      }
    },
    {
      "type": "Feature",
      "geometry": {
        "type": "Point",
        "coordinates": [
          500550.8932653457,
          6965572.609854152
        ]
      },
      "properties": {
        "junction_id": 10157950,
        "veh_id": 11524,
        "sim_time_s": 1874.2,
        "tier": "track-zone",
        "prearm_status": "",
        "focus_role": "none"
      }
    },
    {
      "type": "Feature",
      "geometry": {
        "type": "Point",
        "coordinates": [
          500679.9329291229,
          6964783.911623123
        ]
      },
      "properties": {
        "junction_id": 36385,
        "veh_id": 11535,
        "sim_time_s": 1879.7,
        "tier": "track-zone",
        "prearm_status": "",
        "focus_role": "none"
      }
    },
    {
      "type": "Feature",
      "geometry": {
        "type": "Point",
        "coordinates": [
          499967.0786463768,
          6967109.890417146
        ]
      },
      "properties": {
        "junction_id": 11118289,
        "veh_id": 11525,
        "sim_time_s": 1886.4,
        "tier": "track-zone",
        "prearm_status": "",
        "focus_role": "none"
      }
    },
    {
      "type": "Feature",
      "geometry": {
        "type": "Point",
        "coordinates": [
          500701.50486142415,
          6964931.008668394
        ]
      },
      "properties": {
        "junction_id": 39593,
        "veh_id": 11535,
        "sim_time_s": 1893.2,
        "tier": "track-zone",
        "prearm_status": "",
        "focus_role": "none"
      }
    },
    {
      "type": "Feature",
      "geometry": {
        "type": "Point",
        "coordinates": [
          0.0,
          0.0
        ]
      },
      "properties": {
        "junction_id": 36385,
        "veh_id": 11519,
        "sim_time_s": 1899.9,
        "tier": "harmony-ins-local",
        "prearm_status": "action",
        "focus_role": "none"
      }
    },
    {
      "type": "Feature",
      "geometry": {
        "type": "Point",
        "coordinates": [
          500885.00877918553,
          6964122.995124699
        ]
      },
      "properties": {
        "junction_id": 39590,
        "veh_id": 11511,
        "sim_time_s": 1904.0,
        "tier": "track-zone",
        "prearm_status": "",
        "focus_role": "none"
      }
    },
    {
      "type": "Feature",
      "geometry": {
        "type": "Point",
        "coordinates": [
          500728.58463632845,
          6965009.3031178275
        ]
      },
      "properties": {
        "junction_id": 36393,
        "veh_id": 11519,
        "sim_time_s": 1904.8,
        "tier": "coord-prearm-harmony/SHOCKWAVE",
        "prearm_status": "fired",
        "focus_role": "none"
      }
    },
    {
      "type": "Feature",
      "geometry": {
        "type": "Point",
        "coordinates": [
          0.0,
          0.0
        ]
      },
      "properties": {
        "junction_id": 36393,
        "veh_id": 11519,
        "sim_time_s": 1905.3,
        "tier": "harmony-no-ge-local",
        "prearm_status": "skip",
        "focus_role": "none"
      }
    },
    {
      "type": "Feature",
      "geometry": {
        "type": "Point",
        "coordinates": [
          500059.875029583,
          6966553.66869275
        ]
      },
      "properties": {
        "junction_id": 39569,
        "veh_id": 11498,
        "sim_time_s": 1906.7,
        "tier": "IC-detect",
        "prearm_status": "",
        "focus_role": "none"
      }
    },
    {
      "type": "Feature",
      "geometry": {
        "type": "Point",
        "coordinates": [
          0.0,
          0.0
        ]
      },
      "properties": {
        "junction_id": 38339,
        "veh_id": 11525,
        "sim_time_s": 1923.8,
        "tier": "harmony-ins-local",
        "prearm_status": "action",
        "focus_role": "none"
      }
    },
    {
      "type": "Feature",
      "geometry": {
        "type": "Point",
        "coordinates": [
          500911.00504931994,
          6964141.511963588
        ]
      },
      "properties": {
        "junction_id": 39606,
        "veh_id": 11504,
        "sim_time_s": 1926.9,
        "tier": "IC-detect-far",
        "prearm_status": "",
        "focus_role": "none"
      }
    },
    {
      "type": "Feature",
      "geometry": {
        "type": "Point",
        "coordinates": [
          0.0,
          0.0
        ]
      },
      "properties": {
        "junction_id": 39590,
        "veh_id": 11511,
        "sim_time_s": 1926.9,
        "tier": "harmony-ge-local",
        "prearm_status": "action",
        "focus_role": "none"
      }
    },
    {
      "type": "Feature",
      "geometry": {
        "type": "Point",
        "coordinates": [
          0.0,
          0.0
        ]
      },
      "properties": {
        "junction_id": 39569,
        "veh_id": 11498,
        "sim_time_s": 1926.9,
        "tier": "harmony-ins-local",
        "prearm_status": "action",
        "focus_role": "none"
      }
    },
    {
      "type": "Feature",
      "geometry": {
        "type": "Point",
        "coordinates": [
          500126.08046714007,
          6966445.388423463
        ]
      },
      "properties": {
        "junction_id": 1043762,
        "veh_id": 11498,
        "sim_time_s": 1929.6,
        "tier": "track-zone",
        "prearm_status": "",
        "focus_role": "none"
      }
    },
    {
      "type": "Feature",
      "geometry": {
        "type": "Point",
        "coordinates": [
          500751.873842528,
          6964305.823390938
        ]
      },
      "properties": {
        "junction_id": 36393,
        "veh_id": 11511,
        "sim_time_s": 1930.0,
        "tier": "coord-prearm-harmony/SHOCKWAVE",
        "prearm_status": "fired",
        "focus_role": "none"
      }
    },
    {
      "type": "Feature",
      "geometry": {
        "type": "Point",
        "coordinates": [
          0.0,
          0.0
        ]
      },
      "properties": {
        "junction_id": 36393,
        "veh_id": 11511,
        "sim_time_s": 1930.5,
        "tier": "harmony-ins-local",
        "prearm_status": "action",
        "focus_role": "none"
      }
    },
    {
      "type": "Feature",
      "geometry": {
        "type": "Point",
        "coordinates": [
          500684.0987813322,
          6964756.319799705
        ]
      },
      "properties": {
        "junction_id": 36393,
        "veh_id": 11511,
        "sim_time_s": 1930.5,
        "tier": "coord-prearm-success/SHOCKWAVE",
        "prearm_status": "success",
        "focus_role": "none"
      }
    },
    {
      "type": "Feature",
      "geometry": {
        "type": "Point",
        "coordinates": [
          500703.2765182989,
          6964207.283510277
        ]
      },
      "properties": {
        "junction_id": 39590,
        "veh_id": 11508,
        "sim_time_s": 1932.8,
        "tier": "IC-detect",
        "prearm_status": "",
        "focus_role": "none"
      }
    },
    {
      "type": "Feature",
      "geometry": {
        "type": "Point",
        "coordinates": [
          499959.0329387089,
          6966949.590366602
        ]
      },
      "properties": {
        "junction_id": 39568,
        "veh_id": 11525,
        "sim_time_s": 1935.0,
        "tier": "track-zone",
        "prearm_status": "",
        "focus_role": "none"
      }
    },
    {
      "type": "Feature",
      "geometry": {
        "type": "Point",
        "coordinates": [
          500512.18508222105,
          6965728.837269298
        ]
      },
      "properties": {
        "junction_id": 39576,
        "veh_id": 11492,
        "sim_time_s": 1935.0,
        "tier": "IC-detect",
        "prearm_status": "",
        "focus_role": "none"
      }
    },
    {
      "type": "Feature",
      "geometry": {
        "type": "Point",
        "coordinates": [
          500721.33231999713,
          6964374.795134945
        ]
      },
      "properties": {
        "junction_id": 36385,
        "veh_id": 11511,
        "sim_time_s": 1937.2,
        "tier": "coord-prearm-harmony/SHOCKWAVE",
        "prearm_status": "fired",
        "focus_role": "none"
      }
    },
    {
      "type": "Feature",
      "geometry": {
        "type": "Point",
        "coordinates": [
          499966.59051262133,
          6966890.112332774
        ]
      },
      "properties": {
        "junction_id": 39572,
        "veh_id": 11525,
        "sim_time_s": 1939.0,
        "tier": "track-zone",
        "prearm_status": "",
        "focus_role": "none"
      }
    },
    {
      "type": "Feature",
      "geometry": {
        "type": "Point",
        "coordinates": [
          0.0,
          0.0
        ]
      },
      "properties": {
        "junction_id": 39576,
        "veh_id": 11492,
        "sim_time_s": 1943.1,
        "tier": "harmony-no-ge-local",
        "prearm_status": "skip",
        "focus_role": "none"
      }
    },
    {
      "type": "Feature",
      "geometry": {
        "type": "Point",
        "coordinates": [
          500512.6547429053,
          6965703.856963267
        ]
      },
      "properties": {
        "junction_id": 39587,
        "veh_id": 11492,
        "sim_time_s": 1945.8,
        "tier": "track-zone",
        "prearm_status": "",
        "focus_role": "none"
      }
    },
    {
      "type": "Feature",
      "geometry": {
        "type": "Point",
        "coordinates": [
          500569.1025436967,
          6965527.575906159
        ]
      },
      "properties": {
        "junction_id": 39587,
        "veh_id": 11524,
        "sim_time_s": 1947.2,
        "tier": "IC-detect-far",
        "prearm_status": "",
        "focus_role": "none"
      }
    },
    {
      "type": "Feature",
      "geometry": {
        "type": "Point",
        "coordinates": [
          500571.77283278946,
          6965520.13130216
        ]
      },
      "properties": {
        "junction_id": 1119660,
        "veh_id": 11524,
        "sim_time_s": 1956.6,
        "tier": "track-zone",
        "prearm_status": "",
        "focus_role": "none"
      }
    },
    {
      "type": "Feature",
      "geometry": {
        "type": "Point",
        "coordinates": [
          0.0,
          0.0
        ]
      },
      "properties": {
        "junction_id": 39587,
        "veh_id": 11524,
        "sim_time_s": 1959.3,
        "tier": "harmony-no-ge-local",
        "prearm_status": "skip",
        "focus_role": "none"
      }
    },
    {
      "type": "Feature",
      "geometry": {
        "type": "Point",
        "coordinates": [
          0.0,
          0.0
        ]
      },
      "properties": {
        "junction_id": 36385,
        "veh_id": 11535,
        "sim_time_s": 1960.2,
        "tier": "harmony-ins-local",
        "prearm_status": "action",
        "focus_role": "none"
      }
    },
    {
      "type": "Feature",
      "geometry": {
        "type": "Point",
        "coordinates": [
          500607.985465573,
          6965412.919495671
        ]
      },
      "properties": {
        "junction_id": 39593,
        "veh_id": 11524,
        "sim_time_s": 1966.0,
        "tier": "track-zone",
        "prearm_status": "",
        "focus_role": "none"
      }
    },
    {
      "type": "Feature",
      "geometry": {
        "type": "Point",
        "coordinates": [
          500684.28077172005,
          6965098.603089383
        ]
      },
      "properties": {
        "junction_id": 10157950,
        "veh_id": 11535,
        "sim_time_s": 1971.5,
        "tier": "track-zone",
        "prearm_status": "",
        "focus_role": "none"
      }
    },
    {
      "type": "Feature",
      "geometry": {
        "type": "Point",
        "coordinates": [
          0.0,
          0.0
        ]
      },
      "properties": {
        "junction_id": 39593,
        "veh_id": 11535,
        "sim_time_s": 1975.5,
        "tier": "harmony-ins-local",
        "prearm_status": "action",
        "focus_role": "none"
      }
    },
    {
      "type": "Feature",
      "geometry": {
        "type": "Point",
        "coordinates": [
          0.0,
          0.0
        ]
      },
      "properties": {
        "junction_id": 1043762,
        "veh_id": 11498,
        "sim_time_s": 1975.5,
        "tier": "harmony-ins-local",
        "prearm_status": "action",
        "focus_role": "none"
      }
    },
    {
      "type": "Feature",
      "geometry": {
        "type": "Point",
        "coordinates": [
          500648.3392832467,
          6965256.573820343
        ]
      },
      "properties": {
        "junction_id": 36385,
        "veh_id": 11524,
        "sim_time_s": 1976.8,
        "tier": "track-zone",
        "prearm_status": "",
        "focus_role": "none"
      }
    },
    {
      "type": "Feature",
      "geometry": {
        "type": "Point",
        "coordinates": [
          500663.72181621526,
          6965176.968285707
        ]
      },
      "properties": {
        "junction_id": 1119660,
        "veh_id": 11535,
        "sim_time_s": 1976.8,
        "tier": "track-zone",
        "prearm_status": "",
        "focus_role": "none"
      }
    },
    {
      "type": "Feature",
      "geometry": {
        "type": "Point",
        "coordinates": [
          500636.87191626657,
          6965238.638631302
        ]
      },
      "properties": {
        "junction_id": 39587,
        "veh_id": 11535,
        "sim_time_s": 1980.9,
        "tier": "track-zone",
        "prearm_status": "",
        "focus_role": "none"
      }
    },
    {
      "type": "Feature",
      "geometry": {
        "type": "Point",
        "coordinates": [
          500518.52459576743,
          6965649.268814918
        ]
      },
      "properties": {
        "junction_id": 1119660,
        "veh_id": 11492,
        "sim_time_s": 1987.7,
        "tier": "track-zone",
        "prearm_status": "",
        "focus_role": "none"
      }
    },
    {
      "type": "Feature",
      "geometry": {
        "type": "Point",
        "coordinates": [
          500684.0987813322,
          6964756.319799705
        ]
      },
      "properties": {
        "junction_id": 36393,
        "veh_id": 11519,
        "sim_time_s": 1990.3,
        "tier": "coord-prearm-missed/SHOCKWAVE",
        "prearm_status": "missed",
        "focus_role": "none"
      }
    },
    {
      "type": "Feature",
      "geometry": {
        "type": "Point",
        "coordinates": [
          500729.1016649835,
          6965001.930378367
        ]
      },
      "properties": {
        "junction_id": 36393,
        "veh_id": 11524,
        "sim_time_s": 1994.4,
        "tier": "track-zone",
        "prearm_status": "",
        "focus_role": "none"
      }
    },
    {
      "type": "Feature",
      "geometry": {
        "type": "Point",
        "coordinates": [
          0.0,
          0.0
        ]
      },
      "properties": {
        "junction_id": 39587,
        "veh_id": 11535,
        "sim_time_s": 1997.1,
        "tier": "harmony-ins-local",
        "prearm_status": "action",
        "focus_role": "none"
      }
    },
    {
      "type": "Feature",
      "geometry": {
        "type": "Point",
        "coordinates": [
          500715.9750991549,
          6965021.28412977
        ]
      },
      "properties": {
        "junction_id": 36385,
        "veh_id": 11511,
        "sim_time_s": 1998.9,
        "tier": "coord-prearm-missed/SHOCKWAVE",
        "prearm_status": "missed",
        "focus_role": "none"
      }
    },
    {
      "type": "Feature",
      "geometry": {
        "type": "Point",
        "coordinates": [
          500551.9507620077,
          6965570.554300689
        ]
      },
      "properties": {
        "junction_id": 10157950,
        "veh_id": 11492,
        "sim_time_s": 2002.5,
        "tier": "track-zone",
        "prearm_status": "",
        "focus_role": "none"
      }
    },
    {
      "type": "Feature",
      "geometry": {
        "type": "Point",
        "coordinates": [
          500573.44174404844,
          6965456.284156065
        ]
      },
      "properties": {
        "junction_id": 39576,
        "veh_id": 11535,
        "sim_time_s": 2006.5,
        "tier": "track-zone",
        "prearm_status": "",
        "focus_role": "none"
      }
    },
    {
      "type": "Feature",
      "geometry": {
        "type": "Point",
        "coordinates": [
          499970.1421308232,
          6966821.038085159
        ]
      },
      "properties": {
        "junction_id": 11118289,
        "veh_id": 11525,
        "sim_time_s": 2007.9,
        "tier": "track-zone",
        "prearm_status": "",
        "focus_role": "none"
      }
    },
    {
      "type": "Feature",
      "geometry": {
        "type": "Point",
        "coordinates": [
          500353.13345274475,
          6966099.885770979
        ]
      },
      "properties": {
        "junction_id": 39578,
        "veh_id": 11498,
        "sim_time_s": 2014.7,
        "tier": "track-section",
        "prearm_status": "",
        "focus_role": "none"
      }
    },
    {
      "type": "Feature",
      "geometry": {
        "type": "Point",
        "coordinates": [
          0.0,
          0.0
        ]
      },
      "properties": {
        "junction_id": 39572,
        "veh_id": 11525,
        "sim_time_s": 2020.0,
        "tier": "harmony-ge-local",
        "prearm_status": "action",
        "focus_role": "none"
      }
    },
    {
      "type": "Feature",
      "geometry": {
        "type": "Point",
        "coordinates": [
          500010.4711056713,
          6966673.707398163
        ]
      },
      "properties": {
        "junction_id": 39569,
        "veh_id": 11525,
        "sim_time_s": 2021.4,
        "tier": "track-zone",
        "prearm_status": "",
        "focus_role": "none"
      }
    },
    {
      "type": "Feature",
      "geometry": {
        "type": "Point",
        "coordinates": [
          0.0,
          0.0
        ]
      },
      "properties": {
        "junction_id": 39576,
        "veh_id": 11535,
        "sim_time_s": 2028.2,
        "tier": "harmony-no-ge-local",
        "prearm_status": "skip",
        "focus_role": "none"
      }
    },
    {
      "type": "Feature",
      "geometry": {
        "type": "Point",
        "coordinates": [
          500690.3360384318,
          6964545.259522994
        ]
      },
      "properties": {
        "junction_id": 39590,
        "veh_id": 11519,
        "sim_time_s": 2045.7,
        "tier": "track-zone",
        "prearm_status": "",
        "focus_role": "none"
      }
    },
    {
      "type": "Feature",
      "geometry": {
        "type": "Point",
        "coordinates": [
          500678.4193276405,
          6964822.54863977
        ]
      },
      "properties": {
        "junction_id": 36393,
        "veh_id": 11511,
        "sim_time_s": 2050.7,
        "tier": "IC-detect-far",
        "prearm_status": "",
        "focus_role": "none"
      }
    },
    {
      "type": "Feature",
      "geometry": {
        "type": "Point",
        "coordinates": [
          0.0,
          0.0
        ]
      },
      "properties": {
        "junction_id": 39578,
        "veh_id": 11498,
        "sim_time_s": 2051.1,
        "tier": "harmony-ins-local",
        "prearm_status": "action",
        "focus_role": "none"
      }
    },
    {
      "type": "Feature",
      "geometry": {
        "type": "Point",
        "coordinates": [
          500533.1223708283,
          6965930.942544523
        ]
      },
      "properties": {
        "junction_id": 39576,
        "veh_id": 11498,
        "sim_time_s": 2055.2,
        "tier": "track-zone",
        "prearm_status": "",
        "focus_role": "none"
      }
    },
    {
      "type": "Feature",
      "geometry": {
        "type": "Point",
        "coordinates": [
          500731.3789849086,
          6964406.364664952
        ]
      },
      "properties": {
        "junction_id": 39606,
        "veh_id": 11519,
        "sim_time_s": 2056.5,
        "tier": "track-zone",
        "prearm_status": "",
        "focus_role": "none"
      }
    },
    {
      "type": "Feature",
      "geometry": {
        "type": "Point",
        "coordinates": [
          500036.47297761316,
          6966611.826412352
        ]
      },
      "properties": {
        "junction_id": 39568,
        "veh_id": 11525,
        "sim_time_s": 2056.5,
        "tier": "track-zone",
        "prearm_status": "",
        "focus_role": "none"
      }
    },
    {
      "type": "Feature",
      "geometry": {
        "type": "Point",
        "coordinates": [
          0.0,
          0.0
        ]
      },
      "properties": {
        "junction_id": 39587,
        "veh_id": 11492,
        "sim_time_s": 2057.4,
        "tier": "harmony-ins-local",
        "prearm_status": "action",
        "focus_role": "none"
      }
    },
    {
      "type": "Feature",
      "geometry": {
        "type": "Point",
        "coordinates": [
          0.0,
          0.0
        ]
      },
      "properties": {
        "junction_id": 36393,
        "veh_id": 11524,
        "sim_time_s": 2059.2,
        "tier": "harmony-no-ge-local",
        "prearm_status": "skip",
        "focus_role": "none"
      }
    },
    {
      "type": "Feature",
      "geometry": {
        "type": "Point",
        "coordinates": [
          500491.9356474261,
          6965694.760301865
        ]
      },
      "properties": {
        "junction_id": 39578,
        "veh_id": 11535,
        "sim_time_s": 2063.2,
        "tier": "track-zone",
        "prearm_status": "",
        "focus_role": "none"
      }
    },
    {
      "type": "Feature",
      "geometry": {
        "type": "Point",
        "coordinates": [
          0.0,
          0.0
        ]
      },
      "properties": {
        "junction_id": 39590,
        "veh_id": 11519,
        "sim_time_s": 2065.9,
        "tier": "harmony-ge-local",
        "prearm_status": "action",
        "focus_role": "none"
      }
    },
    {
      "type": "Feature",
      "geometry": {
        "type": "Point",
        "coordinates": [
          0.0,
          0.0
        ]
      },
      "properties": {
        "junction_id": 39569,
        "veh_id": 11525,
        "sim_time_s": 2074.1,
        "tier": "harmony-ins-local",
        "prearm_status": "action",
        "focus_role": "none"
      }
    },
    {
      "type": "Feature",
      "geometry": {
        "type": "Point",
        "coordinates": [
          500612.6223357247,
          6965396.152215651
        ]
      },
      "properties": {
        "junction_id": 39593,
        "veh_id": 11492,
        "sim_time_s": 2075.4,
        "tier": "track-zone",
        "prearm_status": "",
        "focus_role": "none"
      }
    },
    {
      "type": "Feature",
      "geometry": {
        "type": "Point",
        "coordinates": [
          500126.62340080226,
          6966444.940482011
        ]
      },
      "properties": {
        "junction_id": 1043762,
        "veh_id": 11525,
        "sim_time_s": 2076.8,
        "tier": "track-zone",
        "prearm_status": "",
        "focus_role": "none"
      }
    },
    {
      "type": "Feature",
      "geometry": {
        "type": "Point",
        "coordinates": [
          500701.76803728234,
          6964933.241962852
        ]
      },
      "properties": {
        "junction_id": 39593,
        "veh_id": 11511,
        "sim_time_s": 2078.1,
        "tier": "track-zone",
        "prearm_status": "",
        "focus_role": "none"
      }
    },
    {
      "type": "Feature",
      "geometry": {
        "type": "Point",
        "coordinates": [
          500686.8804448819,
          6964549.372069901
        ]
      },
      "properties": {
        "junction_id": 39590,
        "veh_id": 11524,
        "sim_time_s": 2083.5,
        "tier": "track-zone",
        "prearm_status": "",
        "focus_role": "none"
      }
    },
    {
      "type": "Feature",
      "geometry": {
        "type": "Point",
        "coordinates": [
          500650.45167538984,
          6965251.926327174
        ]
      },
      "properties": {
        "junction_id": 36385,
        "veh_id": 11492,
        "sim_time_s": 2086.2,
        "tier": "track-zone",
        "prearm_status": "",
        "focus_role": "none"
      }
    },
    {
      "type": "Feature",
      "geometry": {
        "type": "Point",
        "coordinates": [
          0.0,
          0.0
        ]
      },
      "properties": {
        "junction_id": 1043762,
        "veh_id": 11525,
        "sim_time_s": 2090.2,
        "tier": "harmony-ge-local",
        "prearm_status": "action",
        "focus_role": "none"
      }
    },
    {
      "type": "Feature",
      "geometry": {
        "type": "Point",
        "coordinates": [
          0.0,
          0.0
        ]
      },
      "properties": {
        "junction_id": 39593,
        "veh_id": 11492,
        "sim_time_s": 2092.9,
        "tier": "harmony-ins-local",
        "prearm_status": "action",
        "focus_role": "none"
      }
    },
    {
      "type": "Feature",
      "geometry": {
        "type": "Point",
        "coordinates": [
          0.0,
          0.0
        ]
      },
      "properties": {
        "junction_id": 39576,
        "veh_id": 11498,
        "sim_time_s": 2099.7,
        "tier": "harmony-ge-local",
        "prearm_status": "action",
        "focus_role": "none"
      }
    },
    {
      "type": "Feature",
      "geometry": {
        "type": "Point",
        "coordinates": [
          500351.5784808869,
          6966101.527565512
        ]
      },
      "properties": {
        "junction_id": 39578,
        "veh_id": 11525,
        "sim_time_s": 2102.4,
        "tier": "track-section",
        "prearm_status": "",
        "focus_role": "none"
      }
    },
    {
      "type": "Feature",
      "geometry": {
        "type": "Point",
        "coordinates": [
          500731.446468184,
          6964406.210241574
        ]
      },
      "properties": {
        "junction_id": 39606,
        "veh_id": 11524,
        "sim_time_s": 2106.4,
        "tier": "track-zone",
        "prearm_status": "",
        "focus_role": "none"
      }
    },
    {
      "type": "Feature",
      "geometry": {
        "type": "Point",
        "coordinates": [
          0.0,
          0.0
        ]
      },
      "properties": {
        "junction_id": 39606,
        "veh_id": 11519,
        "sim_time_s": 2111.8,
        "tier": "harmony-ins-local",
        "prearm_status": "action",
        "focus_role": "none"
      }
    },
    {
      "type": "Feature",
      "geometry": {
        "type": "Point",
        "coordinates": [
          0.0,
          0.0
        ]
      },
      "properties": {
        "junction_id": 36385,
        "veh_id": 11511,
        "sim_time_s": 2113.2,
        "tier": "harmony-ins-local",
        "prearm_status": "action",
        "focus_role": "none"
      }
    },
    {
      "type": "Feature",
      "geometry": {
        "type": "Point",
        "coordinates": [
          500394.45940168865,
          6966042.732058665
        ]
      },
      "properties": {
        "junction_id": 1043762,
        "veh_id": 11535,
        "sim_time_s": 2114.6,
        "tier": "track-zone",
        "prearm_status": "",
        "focus_role": "none"
      }
    },
    {
      "type": "Feature",
      "geometry": {
        "type": "Point",
        "coordinates": [
          0.0,
          0.0
        ]
      },
      "properties": {
        "junction_id": 39578,
        "veh_id": 11525,
        "sim_time_s": 2117.2,
        "tier": "harmony-ins-local",
        "prearm_status": "action",
        "focus_role": "none"
      }
    },
    {
      "type": "Feature",
      "geometry": {
        "type": "Point",
        "coordinates": [
          500535.0950381404,
          6965925.816912791
        ]
      },
      "properties": {
        "junction_id": 39576,
        "veh_id": 11525,
        "sim_time_s": 2118.6,
        "tier": "track-zone",
        "prearm_status": "",
        "focus_role": "none"
      }
    },
    {
      "type": "Feature",
      "geometry": {
        "type": "Point",
        "coordinates": [
          500512.61601221905,
          6965700.941946124
        ]
      },
      "properties": {
        "junction_id": 39587,
        "veh_id": 11498,
        "sim_time_s": 2119.9,
        "tier": "track-zone",
        "prearm_status": "",
        "focus_role": "none"
      }
    },
    {
      "type": "Feature",
      "geometry": {
        "type": "Point",
        "coordinates": [
          500681.701752857,
          6965096.994473426
        ]
      },
      "properties": {
        "junction_id": 10157950,
        "veh_id": 11511,
        "sim_time_s": 2121.3,
        "tier": "track-zone",
        "prearm_status": "",
        "focus_role": "none"
      }
    },
    {
      "type": "Feature",
      "geometry": {
        "type": "Point",
        "coordinates": [
          500229.48561637755,
          6966238.620426588
        ]
      },
      "properties": {
        "junction_id": 39569,
        "veh_id": 11535,
        "sim_time_s": 2130.8,
        "tier": "track-zone",
        "prearm_status": "",
        "focus_role": "none"
      }
    },
    {
      "type": "Feature",
      "geometry": {
        "type": "Point",
        "coordinates": [
          500518.21781641943,
          6965649.734452517
        ]
      },
      "properties": {
        "junction_id": 1119660,
        "veh_id": 11498,
        "sim_time_s": 2138.8,
        "tier": "track-zone",
        "prearm_status": "",
        "focus_role": "none"
      }
    },
    {
      "type": "Feature",
      "geometry": {
        "type": "Point",
        "coordinates": [
          500660.0571878715,
          6965185.658603732
        ]
      },
      "properties": {
        "junction_id": 1119660,
        "veh_id": 11511,
        "sim_time_s": 2144.2,
        "tier": "track-zone",
        "prearm_status": "",
        "focus_role": "none"
      }
    },
    {
      "type": "Feature",
      "geometry": {
        "type": "Point",
        "coordinates": [
          0.0,
          0.0
        ]
      },
      "properties": {
        "junction_id": 39590,
        "veh_id": 11524,
        "sim_time_s": 2144.2,
        "tier": "harmony-ins-local",
        "prearm_status": "action",
        "focus_role": "none"
      }
    },
    {
      "type": "Feature",
      "geometry": {
        "type": "Point",
        "coordinates": [
          0.0,
          0.0
        ]
      },
      "properties": {
        "junction_id": 39569,
        "veh_id": 11535,
        "sim_time_s": 2145.6,
        "tier": "harmony-no-ge-local",
        "prearm_status": "skip",
        "focus_role": "none"
      }
    },
    {
      "type": "Feature",
      "geometry": {
        "type": "Point",
        "coordinates": [
          500632.8641958378,
          6965247.031458573
        ]
      },
      "properties": {
        "junction_id": 39587,
        "veh_id": 11511,
        "sim_time_s": 2148.3,
        "tier": "track-zone",
        "prearm_status": "",
        "focus_role": "none"
      }
    },
    {
      "type": "Feature",
      "geometry": {
        "type": "Point",
        "coordinates": [
          500114.5998269443,
          6966435.715437229
        ]
      },
      "properties": {
        "junction_id": 39572,
        "veh_id": 11535,
        "sim_time_s": 2148.3,
        "tier": "track-zone",
        "prearm_status": "",
        "focus_role": "none"
      }
    },
    {
      "type": "Feature",
      "geometry": {
        "type": "Point",
        "coordinates": [
          500074.8932541843,
          6966492.769777641
        ]
      },
      "properties": {
        "junction_id": 39568,
        "veh_id": 11535,
        "sim_time_s": 2153.7,
        "tier": "track-zone",
        "prearm_status": "",
        "focus_role": "none"
      }
    },
    {
      "type": "Feature",
      "geometry": {
        "type": "Point",
        "coordinates": [
          0.0,
          0.0
        ]
      },
      "properties": {
        "junction_id": 36385,
        "veh_id": 11492,
        "sim_time_s": 2176.7,
        "tier": "harmony-ins-local",
        "prearm_status": "action",
        "focus_role": "none"
      }
    },
    {
      "type": "Feature",
      "geometry": {
        "type": "Point",
        "coordinates": [
          0.0,
          0.0
        ]
      },
      "properties": {
        "junction_id": 39606,
        "veh_id": 11524,
        "sim_time_s": 2180.7,
        "tier": "harmony-ge-local",
        "prearm_status": "action",
        "focus_role": "none"
      }
    },
    {
      "type": "Feature",
      "geometry": {
        "type": "Point",
        "coordinates": [
          0.0,
          0.0
        ]
      },
      "properties": {
        "junction_id": 39572,
        "veh_id": 11535,
        "sim_time_s": 2180.7,
        "tier": "harmony-ins-local",
        "prearm_status": "action",
        "focus_role": "none"
      }
    },
    {
      "type": "Feature",
      "geometry": {
        "type": "Point",
        "coordinates": [
          500729.12897384237,
          6964997.0910116555
        ]
      },
      "properties": {
        "junction_id": 36393,
        "veh_id": 11492,
        "sim_time_s": 2186.1,
        "tier": "track-zone",
        "prearm_status": "",
        "focus_role": "none"
      }
    },
    {
      "type": "Feature",
      "geometry": {
        "type": "Point",
        "coordinates": [
          500551.4479075178,
          6965571.249041453
        ]
      },
      "properties": {
        "junction_id": 10157950,
        "veh_id": 11498,
        "sim_time_s": 2187.4,
        "tier": "track-zone",
        "prearm_status": "",
        "focus_role": "none"
      }
    },
    {
      "type": "Feature",
      "geometry": {
        "type": "Point",
        "coordinates": [
          0.0,
          0.0
        ]
      },
      "properties": {
        "junction_id": 39587,
        "veh_id": 11511,
        "sim_time_s": 2187.4,
        "tier": "harmony-ins-local",
        "prearm_status": "action",
        "focus_role": "none"
      }
    },
    {
      "type": "Feature",
      "geometry": {
        "type": "Point",
        "coordinates": [
          500569.9037158185,
          6965466.7399175055
        ]
      },
      "properties": {
        "junction_id": 39576,
        "veh_id": 11511,
        "sim_time_s": 2190.2,
        "tier": "track-zone",
        "prearm_status": "",
        "focus_role": "none"
      }
    },
    {
      "type": "Feature",
      "geometry": {
        "type": "Point",
        "coordinates": [
          500018.3313978744,
          6966619.5359514095
        ]
      },
      "properties": {
        "junction_id": 11118289,
        "veh_id": 11535,
        "sim_time_s": 2200.9,
        "tier": "track-zone",
        "prearm_status": "",
        "focus_role": "none"
      }
    },
    {
      "type": "Feature",
      "geometry": {
        "type": "Point",
        "coordinates": [
          500491.7301180367,
          6965697.682072378
        ]
      },
      "properties": {
        "junction_id": 39578,
        "veh_id": 11511,
        "sim_time_s": 2207.7,
        "tier": "track-zone",
        "prearm_status": "",
        "focus_role": "none"
      }
    },
    {
      "type": "Feature",
      "geometry": {
        "type": "Point",
        "coordinates": [
          0.0,
          0.0
        ]
      },
      "properties": {
        "junction_id": 39576,
        "veh_id": 11525,
        "sim_time_s": 2213.1,
        "tier": "harmony-ge-local",
        "prearm_status": "action",
        "focus_role": "none"
      }
    },
    {
      "type": "Feature",
      "geometry": {
        "type": "Point",
        "coordinates": [
          500944.51358507737,
          6964038.69291645
        ]
      },
      "properties": {
        "junction_id": 39606,
        "veh_id": 11501,
        "sim_time_s": 2220.3,
        "tier": "IC-detect",
        "prearm_status": "",
        "focus_role": "none"
      }
    },
    {
      "type": "Feature",
      "geometry": {
        "type": "Point",
        "coordinates": [
          0.0,
          0.0
        ]
      },
      "properties": {
        "junction_id": 36393,
        "veh_id": 11492,
        "sim_time_s": 2221.2,
        "tier": "harmony-no-ge-local",
        "prearm_status": "skip",
        "focus_role": "none"
      }
    },
    {
      "type": "Feature",
      "geometry": {
        "type": "Point",
        "coordinates": [
          500581.1483009093,
          6965493.7983770305
        ]
      },
      "properties": {
        "junction_id": 39587,
        "veh_id": 11498,
        "sim_time_s": 2240.1,
        "tier": "IC-detect",
        "prearm_status": "",
        "focus_role": "none"
      }
    },
    {
      "type": "Feature",
      "geometry": {
        "type": "Point",
        "coordinates": [
          0.0,
          0.0
        ]
      },
      "properties": {
        "junction_id": 39578,
        "veh_id": 11511,
        "sim_time_s": 2246.8,
        "tier": "harmony-ge-local",
        "prearm_status": "action",
        "focus_role": "none"
      }
    },
    {
      "type": "Feature",
      "geometry": {
        "type": "Point",
        "coordinates": [
          0.0,
          0.0
        ]
      },
      "properties": {
        "junction_id": 39587,
        "veh_id": 11498,
        "sim_time_s": 2247.8,
        "tier": "harmony-ins-local",
        "prearm_status": "action",
        "focus_role": "none"
      }
    },
    {
      "type": "Feature",
      "geometry": {
        "type": "Point",
        "coordinates": [
          500949.53229003365,
          6964036.232777647
        ]
      },
      "properties": {
        "junction_id": 39606,
        "veh_id": 11536,
        "sim_time_s": 2250.0,
        "tier": "IC-detect",
        "prearm_status": "",
        "focus_role": "none"
      }
    },
    {
      "type": "Feature",
      "geometry": {
        "type": "Point",
        "coordinates": [
          500689.72915995645,
          6964552.423795671
        ]
      },
      "properties": {
        "junction_id": 39590,
        "veh_id": 11492,
        "sim_time_s": 2250.9,
        "tier": "track-zone",
        "prearm_status": "",
        "focus_role": "none"
      }
    },
    {
      "type": "Feature",
      "geometry": {
        "type": "Point",
        "coordinates": [
          499960.9222048562,
          6966780.3782312125
        ]
      },
      "properties": {
        "junction_id": 38339,
        "veh_id": 11535,
        "sim_time_s": 2254.9,
        "tier": "track-zone",
        "prearm_status": "",
        "focus_role": "none"
      }
    },
    {
      "type": "Feature",
      "geometry": {
        "type": "Point",
        "coordinates": [
          500890.134072631,
          6964117.307037334
        ]
      },
      "properties": {
        "junction_id": 39590,
        "veh_id": 11536,
        "sim_time_s": 2256.3,
        "tier": "track-zone",
        "prearm_status": "",
        "focus_role": "none"
      }
    },
    {
      "type": "Feature",
      "geometry": {
        "type": "Point",
        "coordinates": [
          500594.2050488902,
          6965455.342679827
        ]
      },
      "properties": {
        "junction_id": 1119660,
        "veh_id": 11498,
        "sim_time_s": 2260.3,
        "tier": "track-zone",
        "prearm_status": "",
        "focus_role": "none"
      }
    },
    {
      "type": "Feature",
      "geometry": {
        "type": "Point",
        "coordinates": [
          500894.39079917263,
          6964112.612227159
        ]
      },
      "properties": {
        "junction_id": 39590,
        "veh_id": 11501,
        "sim_time_s": 2261.7,
        "tier": "track-zone",
        "prearm_status": "",
        "focus_role": "none"
      }
    },
    {
      "type": "Feature",
      "geometry": {
        "type": "Point",
        "coordinates": [
          0.0,
          0.0
        ]
      },
      "properties": {
        "junction_id": 39606,
        "veh_id": 11536,
        "sim_time_s": 2263.1,
        "tier": "harmony-ins-local",
        "prearm_status": "action",
        "focus_role": "none"
      }
    },
    {
      "type": "Feature",
      "geometry": {
        "type": "Point",
        "coordinates": [
          0.0,
          0.0
        ]
      },
      "properties": {
        "junction_id": 39590,
        "veh_id": 11536,
        "sim_time_s": 2271.2,
        "tier": "harmony-ge-local",
        "prearm_status": "action",
        "focus_role": "none"
      }
    },
    {
      "type": "Feature",
      "geometry": {
        "type": "Point",
        "coordinates": [
          0.0,
          0.0
        ]
      },
      "properties": {
        "junction_id": 39576,
        "veh_id": 11525,
        "sim_time_s": 2273.4,
        "tier": "harmony-ins-local",
        "prearm_status": "action",
        "focus_role": "none"
      }
    },
    {
      "type": "Feature",
      "geometry": {
        "type": "Point",
        "coordinates": [
          500754.0226886189,
          6964301.495362808
        ]
      },
      "properties": {
        "junction_id": 36393,
        "veh_id": 11536,
        "sim_time_s": 2273.4,
        "tier": "coord-prearm-harmony/SHOCKWAVE",
        "prearm_status": "fired",
        "focus_role": "none"
      }
    },
    {
      "type": "Feature",
      "geometry": {
        "type": "Point",
        "coordinates": [
          0.0,
          0.0
        ]
      },
      "properties": {
        "junction_id": 36393,
        "veh_id": 11536,
        "sim_time_s": 2273.8,
        "tier": "harmony-ins-local",
        "prearm_status": "action",
        "focus_role": "none"
      }
    },
    {
      "type": "Feature",
      "geometry": {
        "type": "Point",
        "coordinates": [
          500684.0987813322,
          6964756.319799705
        ]
      },
      "properties": {
        "junction_id": 36393,
        "veh_id": 11536,
        "sim_time_s": 2273.8,
        "tier": "coord-prearm-success/SHOCKWAVE",
        "prearm_status": "success",
        "focus_role": "none"
      }
    },
    {
      "type": "Feature",
      "geometry": {
        "type": "Point",
        "coordinates": [
          0.0,
          0.0
        ]
      },
      "properties": {
        "junction_id": 38339,
        "veh_id": 11535,
        "sim_time_s": 2275.2,
        "tier": "harmony-ge-local",
        "prearm_status": "action",
        "focus_role": "none"
      }
    },
    {
      "type": "Feature",
      "geometry": {
        "type": "Point",
        "coordinates": [
          500512.50748985674,
          6965708.29235755
        ]
      },
      "properties": {
        "junction_id": 39587,
        "veh_id": 11525,
        "sim_time_s": 2277.9,
        "tier": "track-zone",
        "prearm_status": "",
        "focus_role": "none"
      }
    },
    {
      "type": "Feature",
      "geometry": {
        "type": "Point",
        "coordinates": [
          500717.57411078457,
          6964381.450007186
        ]
      },
      "properties": {
        "junction_id": 36385,
        "veh_id": 11536,
        "sim_time_s": 2281.5,
        "tier": "coord-prearm-harmony/SHOCKWAVE",
        "prearm_status": "fired",
        "focus_role": "none"
      }
    },
    {
      "type": "Feature",
      "geometry": {
        "type": "Point",
        "coordinates": [
          0.0,
          0.0
        ]
      },
      "properties": {
        "junction_id": 36385,
        "veh_id": 11536,
        "sim_time_s": 2281.9,
        "tier": "harmony-ge-local",
        "prearm_status": "action",
        "focus_role": "none"
      }
    },
    {
      "type": "Feature",
      "geometry": {
        "type": "Point",
        "coordinates": [
          500715.9750991549,
          6965021.28412977
        ]
      },
      "properties": {
        "junction_id": 36385,
        "veh_id": 11536,
        "sim_time_s": 2281.9,
        "tier": "coord-prearm-success/SHOCKWAVE",
        "prearm_status": "success",
        "focus_role": "none"
      }
    },
    {
      "type": "Feature",
      "geometry": {
        "type": "Point",
        "coordinates": [
          500087.716340497,
          6967505.841259205
        ]
      },
      "properties": {
        "junction_id": 38339,
        "veh_id": 11526,
        "sim_time_s": 2283.3,
        "tier": "IC-detect",
        "prearm_status": "",
        "focus_role": "none"
      }
    },
    {
      "type": "Feature",
      "geometry": {
        "type": "Point",
        "coordinates": [
          500610.3157100463,
          6965404.5847722925
        ]
      },
      "properties": {
        "junction_id": 39593,
        "veh_id": 11498,
        "sim_time_s": 2284.7,
        "tier": "track-zone",
        "prearm_status": "",
        "focus_role": "none"
      }
    },
    {
      "type": "Feature",
      "geometry": {
        "type": "Point",
        "coordinates": [
          500516.6671563316,
          6965644.989339684
        ]
      },
      "properties": {
        "junction_id": 1119660,
        "veh_id": 11525,
        "sim_time_s": 2284.7,
        "tier": "track-zone",
        "prearm_status": "",
        "focus_role": "none"
      }
    },
    {
      "type": "Feature",
      "geometry": {
        "type": "Point",
        "coordinates": [
          499514.9853838333,
          6966653.204499435
        ]
      },
      "properties": {
        "junction_id": 39572,
        "veh_id": 11493,
        "sim_time_s": 2292.8,
        "tier": "IC-detect",
        "prearm_status": "",
        "focus_role": "none"
      }
    },
    {
      "type": "Feature",
      "geometry": {
        "type": "Point",
        "coordinates": [
          500647.0994330481,
          6965259.384179534
        ]
      },
      "properties": {
        "junction_id": 36385,
        "veh_id": 11498,
        "sim_time_s": 2294.1,
        "tier": "track-zone",
        "prearm_status": "",
        "focus_role": "none"
      }
    },
    {
      "type": "Feature",
      "geometry": {
        "type": "Point",
        "coordinates": [
          500393.36828069884,
          6966043.45141892
        ]
      },
      "properties": {
        "junction_id": 1043762,
        "veh_id": 11511,
        "sim_time_s": 2295.4,
        "tier": "track-zone",
        "prearm_status": "",
        "focus_role": "none"
      }
    },
    {
      "type": "Feature",
      "geometry": {
        "type": "Point",
        "coordinates": [
          0.0,
          0.0
        ]
      },
      "properties": {
        "junction_id": 39593,
        "veh_id": 11498,
        "sim_time_s": 2298.2,
        "tier": "harmony-ins-local",
        "prearm_status": "action",
        "focus_role": "none"
      }
    },
    {
      "type": "Feature",
      "geometry": {
        "type": "Point",
        "coordinates": [
          500730.6455648004,
          6964408.50398701
        ]
      },
      "properties": {
        "junction_id": 39606,
        "veh_id": 11492,
        "sim_time_s": 2306.2,
        "tier": "track-zone",
        "prearm_status": "",
        "focus_role": "none"
      }
    },
    {
      "type": "Feature",
      "geometry": {
        "type": "Point",
        "coordinates": [
          499757.293245899,
          6966606.845172087
        ]
      },
      "properties": {
        "junction_id": 39568,
        "veh_id": 11493,
        "sim_time_s": 2307.6,
        "tier": "track-zone",
        "prearm_status": "",
        "focus_role": "none"
      }
    },
    {
      "type": "Feature",
      "geometry": {
        "type": "Point",
        "coordinates": [
          500704.66687868116,
          6965117.615334346
        ]
      },
      "properties": {
        "junction_id": 10157950,
        "veh_id": 11498,
        "sim_time_s": 2308.9,
        "tier": "track-zone",
        "prearm_status": "",
        "focus_role": "none"
      }
    },
    {
      "type": "Feature",
      "geometry": {
        "type": "Point",
        "coordinates": [
          499882.3168721466,
          6966547.128976668
        ]
      },
      "properties": {
        "junction_id": 39569,
        "veh_id": 11493,
        "sim_time_s": 2317.1,
        "tier": "track-zone",
        "prearm_status": "",
        "focus_role": "none"
      }
    },
    {
      "type": "Feature",
      "geometry": {
        "type": "Point",
        "coordinates": [
          500725.8197937275,
          6964989.424310429
        ]
      },
      "properties": {
        "junction_id": 36393,
        "veh_id": 11498,
        "sim_time_s": 2319.8,
        "tier": "track-zone",
        "prearm_status": "",
        "focus_role": "none"
      }
    },
    {
      "type": "Feature",
      "geometry": {
        "type": "Point",
        "coordinates": [
          500674.8321544002,
          6964509.881916254
        ]
      },
      "properties": {
        "junction_id": 36393,
        "veh_id": 11501,
        "sim_time_s": 2319.8,
        "tier": "track-zone",
        "prearm_status": "",
        "focus_role": "none"
      }
    },
    {
      "type": "Feature",
      "geometry": {
        "type": "Point",
        "coordinates": [
          0.0,
          0.0
        ]
      },
      "properties": {
        "junction_id": 39606,
        "veh_id": 11492,
        "sim_time_s": 2331.9,
        "tier": "harmony-no-ge-local",
        "prearm_status": "skip",
        "focus_role": "none"
      }
    },
    {
      "type": "Feature",
      "geometry": {
        "type": "Point",
        "coordinates": [
          0.0,
          0.0
        ]
      },
      "properties": {
        "junction_id": 1043762,
        "veh_id": 11511,
        "sim_time_s": 2331.9,
        "tier": "harmony-ge-local",
        "prearm_status": "action",
        "focus_role": "none"
      }
    },
    {
      "type": "Feature",
      "geometry": {
        "type": "Point",
        "coordinates": [
          500238.70677190815,
          6966216.492638047
        ]
      },
      "properties": {
        "junction_id": 39569,
        "veh_id": 11511,
        "sim_time_s": 2334.2,
        "tier": "coord-prearm-harmony/SHOCKWAVE",
        "prearm_status": "fired",
        "focus_role": "none"
      }
    },
    {
      "type": "Feature",
      "geometry": {
        "type": "Point",
        "coordinates": [
          0.0,
          0.0
        ]
      },
      "properties": {
        "junction_id": 39569,
        "veh_id": 11511,
        "sim_time_s": 2334.6,
        "tier": "harmony-ins-local",
        "prearm_status": "action",
        "focus_role": "none"
      }
    },
    {
      "type": "Feature",
      "geometry": {
        "type": "Point",
        "coordinates": [
          500105.3249690746,
          6966447.427635936
        ]
      },
      "properties": {
        "junction_id": 39569,
        "veh_id": 11511,
        "sim_time_s": 2334.6,
        "tier": "coord-prearm-success/SHOCKWAVE",
        "prearm_status": "success",
        "focus_role": "none"
      }
    },
    {
      "type": "Feature",
      "geometry": {
        "type": "Point",
        "coordinates": [
          500552.42064274545,
          6965562.34385924
        ]
      },
      "properties": {
        "junction_id": 10157950,
        "veh_id": 11525,
        "sim_time_s": 2344.1,
        "tier": "track-zone",
        "prearm_status": "",
        "focus_role": "none"
      }
    },
    {
      "type": "Feature",
      "geometry": {
        "type": "Point",
        "coordinates": [
          499965.4951184769,
          6967102.064429978
        ]
      },
      "properties": {
        "junction_id": 11118289,
        "veh_id": 11526,
        "sim_time_s": 2345.4,
        "tier": "track-zone",
        "prearm_status": "",
        "focus_role": "none"
      }
    },
    {
      "type": "Feature",
      "geometry": {
        "type": "Point",
        "coordinates": [
          500134.4271532454,
          6966429.043323295
        ]
      },
      "properties": {
        "junction_id": 1043762,
        "veh_id": 11493,
        "sim_time_s": 2348.1,
        "tier": "track-zone",
        "prearm_status": "",
        "focus_role": "none"
      }
    },
    {
      "type": "Feature",
      "geometry": {
        "type": "Point",
        "coordinates": [
          0.0,
          0.0
        ]
      },
      "properties": {
        "junction_id": 39587,
        "veh_id": 11525,
        "sim_time_s": 2350.8,
        "tier": "harmony-ins-local",
        "prearm_status": "action",
        "focus_role": "none"
      }
    },
    {
      "type": "Feature",
      "geometry": {
        "type": "Point",
        "coordinates": [
          500607.6907019007,
          6965403.386584128
        ]
      },
      "properties": {
        "junction_id": 39593,
        "veh_id": 11525,
        "sim_time_s": 2360.2,
        "tier": "track-zone",
        "prearm_status": "",
        "focus_role": "none"
      }
    },
    {
      "type": "Feature",
      "geometry": {
        "type": "Point",
        "coordinates": [
          0.0,
          0.0
        ]
      },
      "properties": {
        "junction_id": 38339,
        "veh_id": 11526,
        "sim_time_s": 2361.6,
        "tier": "harmony-ins-local",
        "prearm_status": "action",
        "focus_role": "none"
      }
    },
    {
      "type": "Feature",
      "geometry": {
        "type": "Point",
        "coordinates": [
          500643.6545954572,
          6965260.30626112
        ]
      },
      "properties": {
        "junction_id": 36385,
        "veh_id": 11525,
        "sim_time_s": 2369.7,
        "tier": "track-zone",
        "prearm_status": "",
        "focus_role": "none"
      }
    },
    {
      "type": "Feature",
      "geometry": {
        "type": "Point",
        "coordinates": [
          0.0,
          0.0
        ]
      },
      "properties": {
        "junction_id": 39593,
        "veh_id": 11525,
        "sim_time_s": 2373.8,
        "tier": "harmony-ins-local",
        "prearm_status": "action",
        "focus_role": "none"
      }
    },
    {
      "type": "Feature",
      "geometry": {
        "type": "Point",
        "coordinates": [
          499962.077000789,
          6966946.577618268
        ]
      },
      "properties": {
        "junction_id": 39568,
        "veh_id": 11526,
        "sim_time_s": 2379.2,
        "tier": "track-zone",
        "prearm_status": "",
        "focus_role": "none"
      }
    },
    {
      "type": "Feature",
      "geometry": {
        "type": "Point",
        "coordinates": [
          500679.95302182715,
          6964784.869109612
        ]
      },
      "properties": {
        "junction_id": 36385,
        "veh_id": 11501,
        "sim_time_s": 2380.5,
        "tier": "track-zone",
        "prearm_status": "",
        "focus_role": "none"
      }
    },
    {
      "type": "Feature",
      "geometry": {
        "type": "Point",
        "coordinates": [
          499966.47079009167,
          6966888.796525395
        ]
      },
      "properties": {
        "junction_id": 39572,
        "veh_id": 11526,
        "sim_time_s": 2383.2,
        "tier": "track-zone",
        "prearm_status": "",
        "focus_role": "none"
      }
    },
    {
      "type": "Feature",
      "geometry": {
        "type": "Point",
        "coordinates": [
          500113.62329711876,
          6966425.210371277
        ]
      },
      "properties": {
        "junction_id": 39572,
        "veh_id": 11511,
        "sim_time_s": 2388.6,
        "tier": "track-zone",
        "prearm_status": "",
        "focus_role": "none"
      }
    },
    {
      "type": "Feature",
      "geometry": {
        "type": "Point",
        "coordinates": [
          500701.9762177696,
          6964934.140546135
        ]
      },
      "properties": {
        "junction_id": 39593,
        "veh_id": 11536,
        "sim_time_s": 2389.9,
        "tier": "track-zone",
        "prearm_status": "",
        "focus_role": "none"
      }
    },
    {
      "type": "Feature",
      "geometry": {
        "type": "Point",
        "coordinates": [
          0.0,
          0.0
        ]
      },
      "properties": {
        "junction_id": 1043762,
        "veh_id": 11493,
        "sim_time_s": 2392.2,
        "tier": "harmony-ins-local",
        "prearm_status": "action",
        "focus_role": "none"
      }
    },
    {
      "type": "Feature",
      "geometry": {
        "type": "Point",
        "coordinates": [
          0.0,
          0.0
        ]
      },
      "properties": {
        "junction_id": 39572,
        "veh_id": 11526,
        "sim_time_s": 2396.7,
        "tier": "harmony-no-ge-local",
        "prearm_status": "skip",
        "focus_role": "none"
      }
    },
    {
      "type": "Feature",
      "geometry": {
        "type": "Point",
        "coordinates": [
          500012.93576960854,
          6966667.048926073
        ]
      },
      "properties": {
        "junction_id": 39569,
        "veh_id": 11526,
        "sim_time_s": 2398.1,
        "tier": "track-zone",
        "prearm_status": "",
        "focus_role": "none"
      }
    },
    {
      "type": "Feature",
      "geometry": {
        "type": "Point",
        "coordinates": [
          500134.35896903847,
          6965615.236375507
        ]
      },
      "properties": {
        "junction_id": 39576,
        "veh_id": 11505,
        "sim_time_s": 2400.3,
        "tier": "IC-detect",
        "prearm_status": "",
        "focus_role": "none"
      }
    },
    {
      "type": "Feature",
      "geometry": {
        "type": "Point",
        "coordinates": [
          500356.55068352947,
          6966096.988778586
        ]
      },
      "properties": {
        "junction_id": 39578,
        "veh_id": 11493,
        "sim_time_s": 2402.1,
        "tier": "track-section",
        "prearm_status": "",
        "focus_role": "none"
      }
    },
    {
      "type": "Feature",
      "geometry": {
        "type": "Point",
        "coordinates": [
          500705.04043790436,
          6964955.195329806
        ]
      },
      "properties": {
        "junction_id": 36385,
        "veh_id": 11536,
        "sim_time_s": 2402.1,
        "tier": "IC-detect-far",
        "prearm_status": "",
        "focus_role": "none"
      }
    },
    {
      "type": "Feature",
      "geometry": {
        "type": "Point",
        "coordinates": [
          500701.3354909821,
          6964930.141105973
        ]
      },
      "properties": {
        "junction_id": 39593,
        "veh_id": 11501,
        "sim_time_s": 2418.3,
        "tier": "track-zone",
        "prearm_status": "",
        "focus_role": "none"
      }
    },
    {
      "type": "Feature",
      "geometry": {
        "type": "Point",
        "coordinates": [
          500031.39542424586,
          6966465.369621332
        ]
      },
      "properties": {
        "junction_id": 39568,
        "veh_id": 11511,
        "sim_time_s": 2430.4,
        "tier": "track-zone",
        "prearm_status": "",
        "focus_role": "none"
      }
    },
    {
      "type": "Feature",
      "geometry": {
        "type": "Point",
        "coordinates": [
          500707.1170742851,
          6964988.795175061
        ]
      },
      "properties": {
        "junction_id": 36393,
        "veh_id": 11536,
        "sim_time_s": 2437.2,
        "tier": "track-zone",
        "prearm_status": "",
        "focus_role": "none"
      }
    },
    {
      "type": "Feature",
      "geometry": {
        "type": "Point",
        "coordinates": [
          500697.28751658055,
          6964685.090723151
        ]
      },
      "properties": {
        "junction_id": 36393,
        "veh_id": 11498,
        "sim_time_s": 2439.9,
        "tier": "IC-detect-far",
        "prearm_status": "",
        "focus_role": "none"
      }
    },
    {
      "type": "Feature",
      "geometry": {
        "type": "Point",
        "coordinates": [
          500705.1026356551,
          6964955.202709342
        ]
      },
      "properties": {
        "junction_id": 36393,
        "veh_id": 11501,
        "sim_time_s": 2441.2,
        "tier": "track-zone",
        "prearm_status": "",
        "focus_role": "none"
      }
    },
    {
      "type": "Feature",
      "geometry": {
        "type": "Point",
        "coordinates": [
          0.0,
          0.0
        ]
      },
      "properties": {
        "junction_id": 39578,
        "veh_id": 11493,
        "sim_time_s": 2445.3,
        "tier": "harmony-ins-local",
        "prearm_status": "action",
        "focus_role": "none"
      }
    },
    {
      "type": "Feature",
      "geometry": {
        "type": "Point",
        "coordinates": [
          0.0,
          0.0
        ]
      },
      "properties": {
        "junction_id": 39569,
        "veh_id": 11526,
        "sim_time_s": 2450.7,
        "tier": "harmony-ins-local",
        "prearm_status": "action",
        "focus_role": "none"
      }
    },
    {
      "type": "Feature",
      "geometry": {
        "type": "Point",
        "coordinates": [
          500531.44443260226,
          6965935.813486501
        ]
      },
      "properties": {
        "junction_id": 39576,
        "veh_id": 11493,
        "sim_time_s": 2452.1,
        "tier": "track-zone",
        "prearm_status": "",
        "focus_role": "none"
      }
    },
    {
      "type": "Feature",
      "geometry": {
        "type": "Point",
        "coordinates": [
          500025.0784964683,
          6966468.348194757
        ]
      },
      "properties": {
        "junction_id": 39569,
        "veh_id": 11511,
        "sim_time_s": 2454.8,
        "tier": "IC-detect-far",
        "prearm_status": "",
        "focus_role": "none"
      }
    },
    {
      "type": "Feature",
      "geometry": {
        "type": "Point",
        "coordinates": [
          500685.4237506143,
          6965093.8573882375
        ]
      },
      "properties": {
        "junction_id": 10157950,
        "veh_id": 11536,
        "sim_time_s": 2457.4,
        "tier": "track-zone",
        "prearm_status": "",
        "focus_role": "none"
      }
    },
    {
      "type": "Feature",
      "geometry": {
        "type": "Point",
        "coordinates": [
          500689.2598896024,
          6964557.054852883
        ]
      },
      "properties": {
        "junction_id": 39590,
        "veh_id": 11498,
        "sim_time_s": 2461.5,
        "tier": "track-zone",
        "prearm_status": "",
        "focus_role": "none"
      }
    },
    {
      "type": "Feature",
      "geometry": {
        "type": "Point",
        "coordinates": [
          0.0,
          0.0
        ]
      },
      "properties": {
        "junction_id": 36385,
        "veh_id": 11525,
        "sim_time_s": 2461.5,
        "tier": "harmony-ge-local",
        "prearm_status": "action",
        "focus_role": "none"
      }
    },
    {
      "type": "Feature",
      "geometry": {
        "type": "Point",
        "coordinates": [
          0.0,
          0.0
        ]
      },
      "properties": {
        "junction_id": 39593,
        "veh_id": 11536,
        "sim_time_s": 2461.5,
        "tier": "harmony-no-ge-local",
        "prearm_status": "skip",
        "focus_role": "none"
      }
    },
    {
      "type": "Feature",
      "geometry": {
        "type": "Point",
        "coordinates": [
          500684.46414418286,
          6965091.17765505
        ]
      },
      "properties": {
        "junction_id": 10157950,
        "veh_id": 11501,
        "sim_time_s": 2462.8,
        "tier": "track-zone",
        "prearm_status": "",
        "focus_role": "none"
      }
    },
    {
      "type": "Feature",
      "geometry": {
        "type": "Point",
        "coordinates": [
          500663.59141424374,
          6965177.110008255
        ]
      },
      "properties": {
        "junction_id": 1119660,
        "veh_id": 11536,
        "sim_time_s": 2464.2,
        "tier": "track-zone",
        "prearm_status": "",
        "focus_role": "none"
      }
    },
    {
      "type": "Feature",
      "geometry": {
        "type": "Point",
        "coordinates": [
          500727.04330704774,
          6965019.147501462
        ]
      },
      "properties": {
        "junction_id": 36393,
        "veh_id": 11525,
        "sim_time_s": 2466.4,
        "tier": "coord-prearm-harmony/SHOCKWAVE",
        "prearm_status": "fired",
        "focus_role": "none"
      }
    },
    {
      "type": "Feature",
      "geometry": {
        "type": "Point",
        "coordinates": [
          0.0,
          0.0
        ]
      },
      "properties": {
        "junction_id": 36393,
        "veh_id": 11525,
        "sim_time_s": 2466.9,
        "tier": "harmony-ins-local",
        "prearm_status": "action",
        "focus_role": "none"
      }
    },
    {
      "type": "Feature",
      "geometry": {
        "type": "Point",
        "coordinates": [
          500684.0987813322,
          6964756.319799705
        ]
      },
      "properties": {
        "junction_id": 36393,
        "veh_id": 11525,
        "sim_time_s": 2466.9,
        "tier": "coord-prearm-success/SHOCKWAVE",
        "prearm_status": "success",
        "focus_role": "none"
      }
    },
    {
      "type": "Feature",
      "geometry": {
        "type": "Point",
        "coordinates": [
          500640.46750571474,
          6965230.560547618
        ]
      },
      "properties": {
        "junction_id": 39587,
        "veh_id": 11536,
        "sim_time_s": 2468.2,
        "tier": "track-zone",
        "prearm_status": "",
        "focus_role": "none"
      }
    },
    {
      "type": "Feature",
      "geometry": {
        "type": "Point",
        "coordinates": [
          500728.85814765695,
          6964986.327506662
        ]
      },
      "properties": {
        "junction_id": 39590,
        "veh_id": 11525,
        "sim_time_s": 2470.1,
        "tier": "coord-prearm-harmony/SHOCKWAVE",
        "prearm_status": "fired",
        "focus_role": "none"
      }
    },
    {
      "type": "Feature",
      "geometry": {
        "type": "Point",
        "coordinates": [
          0.0,
          0.0
        ]
      },
      "properties": {
        "junction_id": 39590,
        "veh_id": 11525,
        "sim_time_s": 2470.5,
        "tier": "harmony-ins-local",
        "prearm_status": "action",
        "focus_role": "none"
      }
    },
    {
      "type": "Feature",
      "geometry": {
        "type": "Point",
        "coordinates": [
          500756.59727603965,
          6964319.360583137
        ]
      },
      "properties": {
        "junction_id": 39590,
        "veh_id": 11525,
        "sim_time_s": 2470.5,
        "tier": "coord-prearm-success/SHOCKWAVE",
        "prearm_status": "success",
        "focus_role": "none"
      }
    },
    {
      "type": "Feature",
      "geometry": {
        "type": "Point",
        "coordinates": [
          500456.57009485416,
          6965696.687657605
        ]
      },
      "properties": {
        "junction_id": 39578,
        "veh_id": 11505,
        "sim_time_s": 2479.1,
        "tier": "track-zone",
        "prearm_status": "",
        "focus_role": "none"
      }
    },
    {
      "type": "Feature",
      "geometry": {
        "type": "Point",
        "coordinates": [
          0.0,
          0.0
        ]
      },
      "properties": {
        "junction_id": 39576,
        "veh_id": 11505,
        "sim_time_s": 2479.1,
        "tier": "harmony-ins-local",
        "prearm_status": "action",
        "focus_role": "none"
      }
    },
    {
      "type": "Feature",
      "geometry": {
        "type": "Point",
        "coordinates": [
          0.0,
          0.0
        ]
      },
      "properties": {
        "junction_id": 39587,
        "veh_id": 11536,
        "sim_time_s": 2484.4,
        "tier": "harmony-ins-local",
        "prearm_status": "action",
        "focus_role": "none"
      }
    },
    {
      "type": "Feature",
      "geometry": {
        "type": "Point",
        "coordinates": [
          500569.5379720823,
          6965468.142272148
        ]
      },
      "properties": {
        "junction_id": 39576,
        "veh_id": 11536,
        "sim_time_s": 2485.8,
        "tier": "track-zone",
        "prearm_status": "",
        "focus_role": "none"
      }
    },
    {
      "type": "Feature",
      "geometry": {
        "type": "Point",
        "coordinates": [
          0.0,
          0.0
        ]
      },
      "properties": {
        "junction_id": 39593,
        "veh_id": 11501,
        "sim_time_s": 2489.8,
        "tier": "harmony-ins-local",
        "prearm_status": "action",
        "focus_role": "none"
      }
    },
    {
      "type": "Feature",
      "geometry": {
        "type": "Point",
        "coordinates": [
          500663.88323004544,
          6965185.466224276
        ]
      },
      "properties": {
        "junction_id": 1119660,
        "veh_id": 11501,
        "sim_time_s": 2493.9,
        "tier": "track-zone",
        "prearm_status": "",
        "focus_role": "none"
      }
    },
    {
      "type": "Feature",
      "geometry": {
        "type": "Point",
        "coordinates": [
          500634.82553692936,
          6965243.146464268
        ]
      },
      "properties": {
        "junction_id": 39587,
        "veh_id": 11501,
        "sim_time_s": 2497.9,
        "tier": "track-zone",
        "prearm_status": "",
        "focus_role": "none"
      }
    },
    {
      "type": "Feature",
      "geometry": {
        "type": "Point",
        "coordinates": [
          500125.74073563045,
          6966440.770236217
        ]
      },
      "properties": {
        "junction_id": 1043762,
        "veh_id": 11526,
        "sim_time_s": 2502.0,
        "tier": "track-zone",
        "prearm_status": "",
        "focus_role": "none"
      }
    },
    {
      "type": "Feature",
      "geometry": {
        "type": "Point",
        "coordinates": [
          500492.26548217295,
          6965685.470736533
        ]
      },
      "properties": {
        "junction_id": 39578,
        "veh_id": 11536,
        "sim_time_s": 2504.7,
        "tier": "track-zone",
        "prearm_status": "",
        "focus_role": "none"
      }
    },
    {
      "type": "Feature",
      "geometry": {
        "type": "Point",
        "coordinates": [
          499831.9947270848,
          6966560.895384938
        ]
      },
      "properties": {
        "junction_id": 39572,
        "veh_id": 11511,
        "sim_time_s": 2508.8,
        "tier": "IC-detect-far",
        "prearm_status": "",
        "focus_role": "none"
      }
    },
    {
      "type": "Feature",
      "geometry": {
        "type": "Point",
        "coordinates": [
          500731.4840208188,
          6964405.949926187
        ]
      },
      "properties": {
        "junction_id": 39606,
        "veh_id": 11498,
        "sim_time_s": 2519.6,
        "tier": "track-zone",
        "prearm_status": "",
        "focus_role": "none"
      }
    },
    {
      "type": "Feature",
      "geometry": {
        "type": "Point",
        "coordinates": [
          0.0,
          0.0
        ]
      },
      "properties": {
        "junction_id": 1043762,
        "veh_id": 11526,
        "sim_time_s": 2519.6,
        "tier": "harmony-no-ge-local",
        "prearm_status": "skip",
        "focus_role": "none"
      }
    },
    {
      "type": "Feature",
      "geometry": {
        "type": "Point",
        "coordinates": [
          500512.7958802035,
          6965700.9269268615
        ]
      },
      "properties": {
        "junction_id": 39587,
        "veh_id": 11493,
        "sim_time_s": 2531.7,
        "tier": "track-zone",
        "prearm_status": "",
        "focus_role": "none"
      }
    },
    {
      "type": "Feature",
      "geometry": {
        "type": "Point",
        "coordinates": [
          499515.60485265614,
          6966652.935435936
        ]
      },
      "properties": {
        "junction_id": 39572,
        "veh_id": 11516,
        "sim_time_s": 2533.1,
        "tier": "IC-detect",
        "prearm_status": "",
        "focus_role": "none"
      }
    },
    {
      "type": "Feature",
      "geometry": {
        "type": "Point",
        "coordinates": [
          500353.1609259558,
          6966095.729696268
        ]
      },
      "properties": {
        "junction_id": 39578,
        "veh_id": 11526,
        "sim_time_s": 2534.4,
        "tier": "track-section",
        "prearm_status": "",
        "focus_role": "none"
      }
    },
    {
      "type": "Feature",
      "geometry": {
        "type": "Point",
        "coordinates": [
          500518.25154537184,
          6965650.289211212
        ]
      },
      "properties": {
        "junction_id": 1119660,
        "veh_id": 11493,
        "sim_time_s": 2539.8,
        "tier": "track-zone",
        "prearm_status": "",
        "focus_role": "none"
      }
    },
    {
      "type": "Feature",
      "geometry": {
        "type": "Point",
        "coordinates": [
          500572.70295997354,
          6965458.5979631
        ]
      },
      "properties": {
        "junction_id": 39576,
        "veh_id": 11501,
        "sim_time_s": 2542.5,
        "tier": "track-zone",
        "prearm_status": "",
        "focus_role": "none"
      }
    },
    {
      "type": "Feature",
      "geometry": {
        "type": "Point",
        "coordinates": [
          0.0,
          0.0
        ]
      },
      "properties": {
        "junction_id": 39587,
        "veh_id": 11501,
        "sim_time_s": 2544.8,
        "tier": "harmony-no-ge-local",
        "prearm_status": "skip",
        "focus_role": "none"
      }
    },
    {
      "type": "Feature",
      "geometry": {
        "type": "Point",
        "coordinates": [
          0.0,
          0.0
        ]
      },
      "properties": {
        "junction_id": 39578,
        "veh_id": 11536,
        "sim_time_s": 2546.6,
        "tier": "harmony-ins-local",
        "prearm_status": "action",
        "focus_role": "none"
      }
    },
    {
      "type": "Feature",
      "geometry": {
        "type": "Point",
        "coordinates": [
          500483.6304142951,
          6965686.102801615
        ]
      },
      "properties": {
        "junction_id": 39578,
        "veh_id": 11501,
        "sim_time_s": 2565.4,
        "tier": "track-zone",
        "prearm_status": "",
        "focus_role": "none"
      }
    },
    {
      "type": "Feature",
      "geometry": {
        "type": "Point",
        "coordinates": [
          500392.902237426,
          6966047.930643791
        ]
      },
      "properties": {
        "junction_id": 1043762,
        "veh_id": 11536,
        "sim_time_s": 2566.8,
        "tier": "track-zone",
        "prearm_status": "",
        "focus_role": "none"
      }
    },
    {
      "type": "Feature",
      "geometry": {
        "type": "Point",
        "coordinates": [
          500527.5390912852,
          6965936.799471614
        ]
      },
      "properties": {
        "junction_id": 39576,
        "veh_id": 11526,
        "sim_time_s": 2570.8,
        "tier": "track-zone",
        "prearm_status": "",
        "focus_role": "none"
      }
    },
    {
      "type": "Feature",
      "geometry": {
        "type": "Point",
        "coordinates": [
          500548.95818029024,
          6965577.080065243
        ]
      },
      "properties": {
        "junction_id": 39576,
        "veh_id": 11493,
        "sim_time_s": 2572.2,
        "tier": "IC-detect",
        "prearm_status": "",
        "focus_role": "none"
      }
    },
    {
      "type": "Feature",
      "geometry": {
        "type": "Point",
        "coordinates": [
          0.0,
          0.0
        ]
      },
      "properties": {
        "junction_id": 1043762,
        "veh_id": 11536,
        "sim_time_s": 2580.3,
        "tier": "harmony-no-ge-local",
        "prearm_status": "skip",
        "focus_role": "none"
      }
    },
    {
      "type": "Feature",
      "geometry": {
        "type": "Point",
        "coordinates": [
          500753.3101656125,
          6964359.284329101
        ]
      },
      "properties": {
        "junction_id": 39590,
        "veh_id": 11498,
        "sim_time_s": 2581.7,
        "tier": "IC-detect",
        "prearm_status": "",
        "focus_role": "none"
      }
    },
    {
      "type": "Feature",
      "geometry": {
        "type": "Point",
        "coordinates": [
          500720.1449376511,
          6964435.238457407
        ]
      },
      "properties": {
        "junction_id": 39590,
        "veh_id": 11525,
        "sim_time_s": 2590.7,
        "tier": "IC-detect-far",
        "prearm_status": "",
        "focus_role": "none"
      }
    },
    {
      "type": "Feature",
      "geometry": {
        "type": "Point",
        "coordinates": [
          0.0,
          0.0
        ]
      },
      "properties": {
        "junction_id": 39590,
        "veh_id": 11498,
        "sim_time_s": 2593.8,
        "tier": "harmony-ge-local",
        "prearm_status": "action",
        "focus_role": "none"
      }
    },
    {
      "type": "Feature",
      "geometry": {
        "type": "Point",
        "coordinates": [
          0.0,
          0.0
        ]
      },
      "properties": {
        "junction_id": 39576,
        "veh_id": 11526,
        "sim_time_s": 2597.8,
        "tier": "harmony-no-ge-local",
        "prearm_status": "skip",
        "focus_role": "none"
      }
    },
    {
      "type": "Feature",
      "geometry": {
        "type": "Point",
        "coordinates": [
          500472.320059589,
          6965699.80388548
        ]
      },
      "properties": {
        "junction_id": 39576,
        "veh_id": 11505,
        "sim_time_s": 2599.2,
        "tier": "IC-detect",
        "prearm_status": "",
        "focus_role": "none"
      }
    },
    {
      "type": "Feature",
      "geometry": {
        "type": "Point",
        "coordinates": [
          500472.320059589,
          6965699.80388548
        ]
      },
      "properties": {
        "junction_id": 39578,
        "veh_id": 11505,
        "sim_time_s": 2600.6,
        "tier": "track-zone",
        "prearm_status": "",
        "focus_role": "none"
      }
    },
    {
      "type": "Feature",
      "geometry": {
        "type": "Point",
        "coordinates": [
          0.0,
          0.0
        ]
      },
      "properties": {
        "junction_id": 39606,
        "veh_id": 11498,
        "sim_time_s": 2610.0,
        "tier": "harmony-ge-local",
        "prearm_status": "action",
        "focus_role": "none"
      }
    },
    {
      "type": "Feature",
      "geometry": {
        "type": "Point",
        "coordinates": [
          500226.4678084131,
          6966249.1812748145
        ]
      },
      "properties": {
        "junction_id": 39569,
        "veh_id": 11536,
        "sim_time_s": 2611.3,
        "tier": "track-zone",
        "prearm_status": "",
        "focus_role": "none"
      }
    },
    {
      "type": "Feature",
      "geometry": {
        "type": "Point",
        "coordinates": [
          500730.0285742955,
          6964410.048272408
        ]
      },
      "properties": {
        "junction_id": 39606,
        "veh_id": 11525,
        "sim_time_s": 2615.4,
        "tier": "track-zone",
        "prearm_status": "",
        "focus_role": "none"
      }
    },
    {
      "type": "Feature",
      "geometry": {
        "type": "Point",
        "coordinates": [
          500512.3509721852,
          6965708.626474174
        ]
      },
      "properties": {
        "junction_id": 39587,
        "veh_id": 11526,
        "sim_time_s": 2616.8,
        "tier": "track-zone",
        "prearm_status": "",
        "focus_role": "none"
      }
    },
    {
      "type": "Feature",
      "geometry": {
        "type": "Point",
        "coordinates": [
          0.0,
          0.0
        ]
      },
      "properties": {
        "junction_id": 39587,
        "veh_id": 11493,
        "sim_time_s": 2616.8,
        "tier": "harmony-no-ge-local",
        "prearm_status": "skip",
        "focus_role": "none"
      }
    },
    {
      "type": "Feature",
      "geometry": {
        "type": "Point",
        "coordinates": [
          499763.63100581453,
          6966603.65997114
        ]
      },
      "properties": {
        "junction_id": 39568,
        "veh_id": 11516,
        "sim_time_s": 2622.2,
        "tier": "track-zone",
        "prearm_status": "",
        "focus_role": "none"
      }
    },
    {
      "type": "Feature",
      "geometry": {
        "type": "Point",
        "coordinates": [
          500515.1243509869,
          6965649.720427117
        ]
      },
      "properties": {
        "junction_id": 1119660,
        "veh_id": 11526,
        "sim_time_s": 2622.2,
        "tier": "track-zone",
        "prearm_status": "",
        "focus_role": "none"
      }
    },
    {
      "type": "Feature",
      "geometry": {
        "type": "Point",
        "coordinates": [
          500611.7399230992,
          6965399.710431144
        ]
      },
      "properties": {
        "junction_id": 39593,
        "veh_id": 11493,
        "sim_time_s": 2627.6,
        "tier": "track-zone",
        "prearm_status": "",
        "focus_role": "none"
      }
    },
    {
      "type": "Feature",
      "geometry": {
        "type": "Point",
        "coordinates": [
          499885.9585840944,
          6966545.272377881
        ]
      },
      "properties": {
        "junction_id": 39569,
        "veh_id": 11516,
        "sim_time_s": 2631.6,
        "tier": "track-zone",
        "prearm_status": "",
        "focus_role": "none"
      }
    },
    {
      "type": "Feature",
      "geometry": {
        "type": "Point",
        "coordinates": [
          0.0,
          0.0
        ]
      },
      "properties": {
        "junction_id": 39569,
        "veh_id": 11536,
        "sim_time_s": 2632.9,
        "tier": "harmony-ins-local",
        "prearm_status": "action",
        "focus_role": "none"
      }
    },
    {
      "type": "Feature",
      "geometry": {
        "type": "Point",
        "coordinates": [
          500126.7397372851,
          6966421.296244847
        ]
      },
      "properties": {
        "junction_id": 39572,
        "veh_id": 11536,
        "sim_time_s": 2635.2,
        "tier": "coord-prearm-harmony/SHOCKWAVE",
        "prearm_status": "fired",
        "focus_role": "none"
      }
    },
    {
      "type": "Feature",
      "geometry": {
        "type": "Point",
        "coordinates": [
          0.0,
          0.0
        ]
      },
      "properties": {
        "junction_id": 39572,
        "veh_id": 11536,
        "sim_time_s": 2635.7,
        "tier": "harmony-ins-local",
        "prearm_status": "action",
        "focus_role": "none"
      }
    },
    {
      "type": "Feature",
      "geometry": {
        "type": "Point",
        "coordinates": [
          500012.2556836752,
          6966653.44887729
        ]
      },
      "properties": {
        "junction_id": 39572,
        "veh_id": 11536,
        "sim_time_s": 2635.7,
        "tier": "coord-prearm-success/SHOCKWAVE",
        "prearm_status": "success",
        "focus_role": "none"
      }
    },
    {
      "type": "Feature",
      "geometry": {
        "type": "Point",
        "coordinates": [
          500495.8579333799,
          6965702.978455912
        ]
      },
      "properties": {
        "junction_id": 39587,
        "veh_id": 11505,
        "sim_time_s": 2637.0,
        "tier": "track-zone",
        "prearm_status": "",
        "focus_role": "none"
      }
    },
    {
      "type": "Feature",
      "geometry": {
        "type": "Point",
        "coordinates": [
          500650.9498079813,
          6965250.803403082
        ]
      },
      "properties": {
        "junction_id": 36385,
        "veh_id": 11493,
        "sim_time_s": 2643.8,
        "tier": "track-zone",
        "prearm_status": "",
        "focus_role": "none"
      }
    },
    {
      "type": "Feature",
      "geometry": {
        "type": "Point",
        "coordinates": [
          500520.9895602413,
          6965641.298874229
        ]
      },
      "properties": {
        "junction_id": 1119660,
        "veh_id": 11505,
        "sim_time_s": 2643.8,
        "tier": "track-zone",
        "prearm_status": "",
        "focus_role": "none"
      }
    },
    {
      "type": "Feature",
      "geometry": {
        "type": "Point",
        "coordinates": [
          0.0,
          0.0
        ]
      },
      "properties": {
        "junction_id": 39593,
        "veh_id": 11493,
        "sim_time_s": 2647.8,
        "tier": "harmony-ge-local",
        "prearm_status": "action",
        "focus_role": "none"
      }
    },
    {
      "type": "Feature",
      "geometry": {
        "type": "Point",
        "coordinates": [
          500546.9077916767,
          6965566.783936959
        ]
      },
      "properties": {
        "junction_id": 10157950,
        "veh_id": 11526,
        "sim_time_s": 2651.8,
        "tier": "track-zone",
        "prearm_status": "",
        "focus_role": "none"
      }
    },
    {
      "type": "Feature",
      "geometry": {
        "type": "Point",
        "coordinates": [
          500554.2887896051,
          6965565.286355443
        ]
      },
      "properties": {
        "junction_id": 10157950,
        "veh_id": 11505,
        "sim_time_s": 2657.2,
        "tier": "track-zone",
        "prearm_status": "",
        "focus_role": "none"
      }
    },
    {
      "type": "Feature",
      "geometry": {
        "type": "Point",
        "coordinates": [
          500924.4413038609,
          6965248.408050592
        ]
      },
      "properties": {
        "junction_id": 39593,
        "veh_id": 11486,
        "sim_time_s": 2664.9,
        "tier": "IC-detect",
        "prearm_status": "",
        "focus_role": "none"
      }
    },
    {
      "type": "Feature",
      "geometry": {
        "type": "Point",
        "coordinates": [
          500073.16762043483,
          6966496.746609791
        ]
      },
      "properties": {
        "junction_id": 39568,
        "veh_id": 11536,
        "sim_time_s": 2689.7,
        "tier": "track-zone",
        "prearm_status": "",
        "focus_role": "none"
      }
    },
    {
      "type": "Feature",
      "geometry": {
        "type": "Point",
        "coordinates": [
          500952.09229130344,
          6964037.796872752
        ]
      },
      "properties": {
        "junction_id": 39606,
        "veh_id": 11537,
        "sim_time_s": 2700.0,
        "tier": "IC-detect",
        "prearm_status": "",
        "focus_role": "none"
      }
    },
    {
      "type": "Feature",
      "geometry": {
        "type": "Point",
        "coordinates": [
          500088.0183414521,
          6967506.168344783
        ]
      },
      "properties": {
        "junction_id": 38339,
        "veh_id": 11527,
        "sim_time_s": 2703.6,
        "tier": "IC-detect",
        "prearm_status": "",
        "focus_role": "none"
      }
    },
    {
      "type": "Feature",
      "geometry": {
        "type": "Point",
        "coordinates": [
          0.0,
          0.0
        ]
      },
      "properties": {
        "junction_id": 36385,
        "veh_id": 11493,
        "sim_time_s": 2704.5,
        "tier": "harmony-ins-local",
        "prearm_status": "action",
        "focus_role": "none"
      }
    },
    {
      "type": "Feature",
      "geometry": {
        "type": "Point",
        "coordinates": [
          500894.8061347849,
          6964116.615880933
        ]
      },
      "properties": {
        "junction_id": 39590,
        "veh_id": 11537,
        "sim_time_s": 2705.8,
        "tier": "track-zone",
        "prearm_status": "",
        "focus_role": "none"
      }
    },
    {
      "type": "Feature",
      "geometry": {
        "type": "Point",
        "coordinates": [
          0.0,
          0.0
        ]
      },
      "properties": {
        "junction_id": 39587,
        "veh_id": 11526,
        "sim_time_s": 2707.2,
        "tier": "harmony-ins-local",
        "prearm_status": "action",
        "focus_role": "none"
      }
    },
    {
      "type": "Feature",
      "geometry": {
        "type": "Point",
        "coordinates": [
          500723.7053654538,
          6965020.77806165
        ]
      },
      "properties": {
        "junction_id": 36393,
        "veh_id": 11493,
        "sim_time_s": 2708.6,
        "tier": "coord-prearm-harmony/SHOCKWAVE",
        "prearm_status": "fired",
        "focus_role": "none"
      }
    },
    {
      "type": "Feature",
      "geometry": {
        "type": "Point",
        "coordinates": [
          0.0,
          0.0
        ]
      },
      "properties": {
        "junction_id": 36393,
        "veh_id": 11493,
        "sim_time_s": 2709.0,
        "tier": "harmony-ins-local",
        "prearm_status": "action",
        "focus_role": "none"
      }
    },
    {
      "type": "Feature",
      "geometry": {
        "type": "Point",
        "coordinates": [
          500684.0987813322,
          6964756.319799705
        ]
      },
      "properties": {
        "junction_id": 36393,
        "veh_id": 11493,
        "sim_time_s": 2709.0,
        "tier": "coord-prearm-success/SHOCKWAVE",
        "prearm_status": "success",
        "focus_role": "none"
      }
    },
    {
      "type": "Feature",
      "geometry": {
        "type": "Point",
        "coordinates": [
          0.0,
          0.0
        ]
      },
      "properties": {
        "junction_id": 39606,
        "veh_id": 11537,
        "sim_time_s": 2709.9,
        "tier": "harmony-ge-local",
        "prearm_status": "action",
        "focus_role": "none"
      }
    },
    {
      "type": "Feature",
      "geometry": {
        "type": "Point",
        "coordinates": [
          500725.8227716706,
          6965007.88073371
        ]
      },
      "properties": {
        "junction_id": 39590,
        "veh_id": 11493,
        "sim_time_s": 2712.2,
        "tier": "coord-prearm-harmony/SHOCKWAVE",
        "prearm_status": "fired",
        "focus_role": "none"
      }
    },
    {
      "type": "Feature",
      "geometry": {
        "type": "Point",
        "coordinates": [
          0.0,
          0.0
        ]
      },
      "properties": {
        "junction_id": 39590,
        "veh_id": 11493,
        "sim_time_s": 2712.6,
        "tier": "harmony-ins-local",
        "prearm_status": "action",
        "focus_role": "none"
      }
    },
    {
      "type": "Feature",
      "geometry": {
        "type": "Point",
        "coordinates": [
          500756.59727603965,
          6964319.360583137
        ]
      },
      "properties": {
        "junction_id": 39590,
        "veh_id": 11493,
        "sim_time_s": 2712.6,
        "tier": "coord-prearm-success/SHOCKWAVE",
        "prearm_status": "success",
        "focus_role": "none"
      }
    },
    {
      "type": "Feature",
      "geometry": {
        "type": "Point",
        "coordinates": [
          500602.6967375577,
          6965409.490248401
        ]
      },
      "properties": {
        "junction_id": 39593,
        "veh_id": 11526,
        "sim_time_s": 2715.3,
        "tier": "track-zone",
        "prearm_status": "",
        "focus_role": "none"
      }
    },
    {
      "type": "Feature",
      "geometry": {
        "type": "Point",
        "coordinates": [
          500641.99875818123,
          6965256.043885044
        ]
      },
      "properties": {
        "junction_id": 36385,
        "veh_id": 11526,
        "sim_time_s": 2727.4,
        "tier": "track-zone",
        "prearm_status": "",
        "focus_role": "none"
      }
    },
    {
      "type": "Feature",
      "geometry": {
        "type": "Point",
        "coordinates": [
          500018.1205574237,
          6966618.712342242
        ]
      },
      "properties": {
        "junction_id": 11118289,
        "veh_id": 11536,
        "sim_time_s": 2730.2,
        "tier": "track-zone",
        "prearm_status": "",
        "focus_role": "none"
      }
    },
    {
      "type": "Feature",
      "geometry": {
        "type": "Point",
        "coordinates": [
          0.0,
          0.0
        ]
      },
      "properties": {
        "junction_id": 39569,
        "veh_id": 11516,
        "sim_time_s": 2739.6,
        "tier": "harmony-ins-local",
        "prearm_status": "action",
        "focus_role": "none"
      }
    },
    {
      "type": "Feature",
      "geometry": {
        "type": "Point",
        "coordinates": [
          500608.24410611263,
          6965412.137718548
        ]
      },
      "properties": {
        "junction_id": 39593,
        "veh_id": 11505,
        "sim_time_s": 2743.7,
        "tier": "track-zone",
        "prearm_status": "",
        "focus_role": "none"
      }
    },
    {
      "type": "Feature",
      "geometry": {
        "type": "Point",
        "coordinates": [
          500663.00797699793,
          6965210.9068090655
        ]
      },
      "properties": {
        "junction_id": 1119660,
        "veh_id": 11526,
        "sim_time_s": 2743.7,
        "tier": "track-zone",
        "prearm_status": "",
        "focus_role": "none"
      }
    },
    {
      "type": "Feature",
      "geometry": {
        "type": "Point",
        "coordinates": [
          499960.7841766694,
          6966782.096448696
        ]
      },
      "properties": {
        "junction_id": 38339,
        "veh_id": 11536,
        "sim_time_s": 2743.7,
        "tier": "track-zone",
        "prearm_status": "",
        "focus_role": "none"
      }
    },
    {
      "type": "Feature",
      "geometry": {
        "type": "Point",
        "coordinates": [
          500134.6908564805,
          6966433.836484723
        ]
      },
      "properties": {
        "junction_id": 1043762,
        "veh_id": 11516,
        "sim_time_s": 2745.0,
        "tier": "track-zone",
        "prearm_status": "",
        "focus_role": "none"
      }
    },
    {
      "type": "Feature",
      "geometry": {
        "type": "Point",
        "coordinates": [
          0.0,
          0.0
        ]
      },
      "properties": {
        "junction_id": 39593,
        "veh_id": 11526,
        "sim_time_s": 2745.0,
        "tier": "harmony-ge-local",
        "prearm_status": "action",
        "focus_role": "none"
      }
    },
    {
      "type": "Feature",
      "geometry": {
        "type": "Point",
        "coordinates": [
          500858.29164327524,
          6965224.019475057
        ]
      },
      "properties": {
        "junction_id": 36385,
        "veh_id": 11486,
        "sim_time_s": 2757.2,
        "tier": "track-zone",
        "prearm_status": "",
        "focus_role": "none"
      }
    },
    {
      "type": "Feature",
      "geometry": {
        "type": "Point",
        "coordinates": [
          0.0,
          0.0
        ]
      },
      "properties": {
        "junction_id": 38339,
        "veh_id": 11536,
        "sim_time_s": 2757.2,
        "tier": "harmony-ins-local",
        "prearm_status": "action",
        "focus_role": "none"
      }
    },
    {
      "type": "Feature",
      "geometry": {
        "type": "Point",
        "coordinates": [
          500641.1020058386,
          6965258.424285966
        ]
      },
      "properties": {
        "junction_id": 39587,
        "veh_id": 11505,
        "sim_time_s": 2758.5,
        "tier": "track-zone",
        "prearm_status": "",
        "focus_role": "none"
      }
    },
    {
      "type": "Feature",
      "geometry": {
        "type": "Point",
        "coordinates": [
          0.0,
          0.0
        ]
      },
      "properties": {
        "junction_id": 1043762,
        "veh_id": 11516,
        "sim_time_s": 2759.8,
        "tier": "harmony-ins-local",
        "prearm_status": "action",
        "focus_role": "none"
      }
    },
    {
      "type": "Feature",
      "geometry": {
        "type": "Point",
        "coordinates": [
          500833.3480002332,
          6965212.892132414
        ]
      },
      "properties": {
        "junction_id": 10157950,
        "veh_id": 11486,
        "sim_time_s": 2765.2,
        "tier": "track-zone",
        "prearm_status": "",
        "focus_role": "none"
      }
    },
    {
      "type": "Feature",
      "geometry": {
        "type": "Point",
        "coordinates": [
          500659.4811449934,
          6965218.122499877
        ]
      },
      "properties": {
        "junction_id": 1119660,
        "veh_id": 11505,
        "sim_time_s": 2765.2,
        "tier": "track-zone",
        "prearm_status": "",
        "focus_role": "none"
      }
    },
    {
      "type": "Feature",
      "geometry": {
        "type": "Point",
        "coordinates": [
          499965.4399056503,
          6967102.482577475
        ]
      },
      "properties": {
        "junction_id": 11118289,
        "veh_id": 11527,
        "sim_time_s": 2767.9,
        "tier": "track-zone",
        "prearm_status": "",
        "focus_role": "none"
      }
    },
    {
      "type": "Feature",
      "geometry": {
        "type": "Point",
        "coordinates": [
          500673.6660523877,
          6964518.139368865
        ]
      },
      "properties": {
        "junction_id": 36393,
        "veh_id": 11537,
        "sim_time_s": 2778.3,
        "tier": "IC-detect",
        "prearm_status": "",
        "focus_role": "none"
      }
    },
    {
      "type": "Feature",
      "geometry": {
        "type": "Point",
        "coordinates": [
          500702.1764039379,
          6965127.883325754
        ]
      },
      "properties": {
        "junction_id": 10157950,
        "veh_id": 11505,
        "sim_time_s": 2778.8,
        "tier": "track-zone",
        "prearm_status": "",
        "focus_role": "none"
      }
    },
    {
      "type": "Feature",
      "geometry": {
        "type": "Point",
        "coordinates": [
          499962.6056969916,
          6966940.454917808
        ]
      },
      "properties": {
        "junction_id": 39568,
        "veh_id": 11527,
        "sim_time_s": 2778.8,
        "tier": "track-zone",
        "prearm_status": "",
        "focus_role": "none"
      }
    },
    {
      "type": "Feature",
      "geometry": {
        "type": "Point",
        "coordinates": [
          499962.8420796043,
          6966898.342554032
        ]
      },
      "properties": {
        "junction_id": 39572,
        "veh_id": 11527,
        "sim_time_s": 2781.4,
        "tier": "track-zone",
        "prearm_status": "",
        "focus_role": "none"
      }
    },
    {
      "type": "Feature",
      "geometry": {
        "type": "Point",
        "coordinates": [
          500818.3099916449,
          6965205.512065302
        ]
      },
      "properties": {
        "junction_id": 39593,
        "veh_id": 11486,
        "sim_time_s": 2785.1,
        "tier": "IC-detect-far",
        "prearm_status": "",
        "focus_role": "none"
      }
    },
    {
      "type": "Feature",
      "geometry": {
        "type": "Point",
        "coordinates": [
          500357.6619213994,
          6966095.805764765
        ]
      },
      "properties": {
        "junction_id": 39578,
        "veh_id": 11516,
        "sim_time_s": 2796.3,
        "tier": "track-section",
        "prearm_status": "",
        "focus_role": "none"
      }
    },
    {
      "type": "Feature",
      "geometry": {
        "type": "Point",
        "coordinates": [
          0.0,
          0.0
        ]
      },
      "properties": {
        "junction_id": 36393,
        "veh_id": 11537,
        "sim_time_s": 2807.1,
        "tier": "harmony-ge-local",
        "prearm_status": "action",
        "focus_role": "none"
      }
    },
    {
      "type": "Feature",
      "geometry": {
        "type": "Point",
        "coordinates": [
          0.0,
          0.0
        ]
      },
      "properties": {
        "junction_id": 39572,
        "veh_id": 11527,
        "sim_time_s": 2812.5,
        "tier": "harmony-ge-local",
        "prearm_status": "action",
        "focus_role": "none"
      }
    },
    {
      "type": "Feature",
      "geometry": {
        "type": "Point",
        "coordinates": [
          500012.74855323986,
          6966667.29965988
        ]
      },
      "properties": {
        "junction_id": 39569,
        "veh_id": 11527,
        "sim_time_s": 2815.2,
        "tier": "track-zone",
        "prearm_status": "",
        "focus_role": "none"
      }
    },
    {
      "type": "Feature",
      "geometry": {
        "type": "Point",
        "coordinates": [
          500682.92281502485,
          6964784.779060865
        ]
      },
      "properties": {
        "junction_id": 36385,
        "veh_id": 11537,
        "sim_time_s": 2816.6,
        "tier": "track-zone",
        "prearm_status": "",
        "focus_role": "none"
      }
    },
    {
      "type": "Feature",
      "geometry": {
        "type": "Point",
        "coordinates": [
          500681.1908486958,
          6964817.773315024
        ]
      },
      "properties": {
        "junction_id": 36385,
        "veh_id": 11537,
        "sim_time_s": 2821.1,
        "tier": "coord-prearm-harmony/SHOCKWAVE",
        "prearm_status": "fired",
        "focus_role": "none"
      }
    },
    {
      "type": "Feature",
      "geometry": {
        "type": "Point",
        "coordinates": [
          0.0,
          0.0
        ]
      },
      "properties": {
        "junction_id": 36385,
        "veh_id": 11537,
        "sim_time_s": 2821.5,
        "tier": "harmony-ge-local",
        "prearm_status": "action",
        "focus_role": "none"
      }
    },
    {
      "type": "Feature",
      "geometry": {
        "type": "Point",
        "coordinates": [
          500715.9750991549,
          6965021.28412977
        ]
      },
      "properties": {
        "junction_id": 36385,
        "veh_id": 11537,
        "sim_time_s": 2821.5,
        "tier": "coord-prearm-success/SHOCKWAVE",
        "prearm_status": "success",
        "focus_role": "none"
      }
    },
    {
      "type": "Feature",
      "geometry": {
        "type": "Point",
        "coordinates": [
          500717.5965108385,
          6964930.534233628
        ]
      },
      "properties": {
        "junction_id": 36385,
        "veh_id": 11493,
        "sim_time_s": 2824.7,
        "tier": "IC-detect",
        "prearm_status": "",
        "focus_role": "none"
      }
    },
    {
      "type": "Feature",
      "geometry": {
        "type": "Point",
        "coordinates": [
          0.0,
          0.0
        ]
      },
      "properties": {
        "junction_id": 39578,
        "veh_id": 11516,
        "sim_time_s": 2831.4,
        "tier": "harmony-ins-local",
        "prearm_status": "action",
        "focus_role": "none"
      }
    },
    {
      "type": "Feature",
      "geometry": {
        "type": "Point",
        "coordinates": [
          500531.78343908687,
          6965934.639887869
        ]
      },
      "properties": {
        "junction_id": 39576,
        "veh_id": 11516,
        "sim_time_s": 2832.8,
        "tier": "track-zone",
        "prearm_status": "",
        "focus_role": "none"
      }
    },
    {
      "type": "Feature",
      "geometry": {
        "type": "Point",
        "coordinates": [
          500702.6998270027,
          6964938.113208838
        ]
      },
      "properties": {
        "junction_id": 39593,
        "veh_id": 11537,
        "sim_time_s": 2832.8,
        "tier": "track-zone",
        "prearm_status": "",
        "focus_role": "none"
      }
    },
    {
      "type": "Feature",
      "geometry": {
        "type": "Point",
        "coordinates": [
          500717.5595810657,
          6964930.348208133
        ]
      },
      "properties": {
        "junction_id": 36393,
        "veh_id": 11493,
        "sim_time_s": 2835.4,
        "tier": "track-zone",
        "prearm_status": "",
        "focus_role": "none"
      }
    },
    {
      "type": "Feature",
      "geometry": {
        "type": "Point",
        "coordinates": [
          500707.6878429038,
          6965112.167954185
        ]
      },
      "properties": {
        "junction_id": 36385,
        "veh_id": 11505,
        "sim_time_s": 2835.4,
        "tier": "IC-detect",
        "prearm_status": "",
        "focus_role": "none"
      }
    },
    {
      "type": "Feature",
      "geometry": {
        "type": "Point",
        "coordinates": [
          500716.80514869216,
          6965038.76257666
        ]
      },
      "properties": {
        "junction_id": 36385,
        "veh_id": 11526,
        "sim_time_s": 2847.6,
        "tier": "IC-detect",
        "prearm_status": "",
        "focus_role": "none"
      }
    },
    {
      "type": "Feature",
      "geometry": {
        "type": "Point",
        "coordinates": [
          500722.9515671097,
          6964994.787624379
        ]
      },
      "properties": {
        "junction_id": 36393,
        "veh_id": 11526,
        "sim_time_s": 2863.8,
        "tier": "track-zone",
        "prearm_status": "",
        "focus_role": "none"
      }
    },
    {
      "type": "Feature",
      "geometry": {
        "type": "Point",
        "coordinates": [
          500716.2006891372,
          6965084.0871856585
        ]
      },
      "properties": {
        "junction_id": 39593,
        "veh_id": 11505,
        "sim_time_s": 2865.2,
        "tier": "track-zone",
        "prearm_status": "",
        "focus_role": "none"
      }
    },
    {
      "type": "Feature",
      "geometry": {
        "type": "Point",
        "coordinates": [
          0.0,
          0.0
        ]
      },
      "properties": {
        "junction_id": 39569,
        "veh_id": 11527,
        "sim_time_s": 2869.2,
        "tier": "harmony-no-ge-local",
        "prearm_status": "skip",
        "focus_role": "none"
      }
    },
    {
      "type": "Feature",
      "geometry": {
        "type": "Point",
        "coordinates": [
          500685.1114953198,
          6965095.196367184
        ]
      },
      "properties": {
        "junction_id": 10157950,
        "veh_id": 11537,
        "sim_time_s": 2871.9,
        "tier": "track-zone",
        "prearm_status": "",
        "focus_role": "none"
      }
    },
    {
      "type": "Feature",
      "geometry": {
        "type": "Point",
        "coordinates": [
          0.0,
          0.0
        ]
      },
      "properties": {
        "junction_id": 39593,
        "veh_id": 11537,
        "sim_time_s": 2875.9,
        "tier": "harmony-ge-local",
        "prearm_status": "action",
        "focus_role": "none"
      }
    },
    {
      "type": "Feature",
      "geometry": {
        "type": "Point",
        "coordinates": [
          500662.553962041,
          6965179.817695116
        ]
      },
      "properties": {
        "junction_id": 1119660,
        "veh_id": 11537,
        "sim_time_s": 2877.3,
        "tier": "track-zone",
        "prearm_status": "",
        "focus_role": "none"
      }
    },
    {
      "type": "Feature",
      "geometry": {
        "type": "Point",
        "coordinates": [
          500802.5954441104,
          6965199.334443528
        ]
      },
      "properties": {
        "junction_id": 36385,
        "veh_id": 11486,
        "sim_time_s": 2878.7,
        "tier": "track-zone",
        "prearm_status": "",
        "focus_role": "none"
      }
    },
    {
      "type": "Feature",
      "geometry": {
        "type": "Point",
        "coordinates": [
          500683.8827946882,
          6964550.4711022
        ]
      },
      "properties": {
        "junction_id": 39590,
        "veh_id": 11493,
        "sim_time_s": 2881.3,
        "tier": "track-zone",
        "prearm_status": "",
        "focus_role": "none"
      }
    },
    {
      "type": "Feature",
      "geometry": {
        "type": "Point",
        "coordinates": [
          500635.47498791275,
          6965241.594263639
        ]
      },
      "properties": {
        "junction_id": 39587,
        "veh_id": 11537,
        "sim_time_s": 2881.3,
        "tier": "track-zone",
        "prearm_status": "",
        "focus_role": "none"
      }
    },
    {
      "type": "Feature",
      "geometry": {
        "type": "Point",
        "coordinates": [
          500786.6791176563,
          6965193.349806315
        ]
      },
      "properties": {
        "junction_id": 10157950,
        "veh_id": 11486,
        "sim_time_s": 2886.8,
        "tier": "track-zone",
        "prearm_status": "",
        "focus_role": "none"
      }
    },
    {
      "type": "Feature",
      "geometry": {
        "type": "Point",
        "coordinates": [
          500725.1611607079,
          6964405.5543930335
        ]
      },
      "properties": {
        "junction_id": 39606,
        "veh_id": 11493,
        "sim_time_s": 2890.8,
        "tier": "track-zone",
        "prearm_status": "",
        "focus_role": "none"
      }
    },
    {
      "type": "Feature",
      "geometry": {
        "type": "Point",
        "coordinates": [
          499512.54337322013,
          6966653.742798233
        ]
      },
      "properties": {
        "junction_id": 39572,
        "veh_id": 11494,
        "sim_time_s": 2892.6,
        "tier": "IC-detect",
        "prearm_status": "",
        "focus_role": "none"
      }
    },
    {
      "type": "Feature",
      "geometry": {
        "type": "Point",
        "coordinates": [
          0.0,
          0.0
        ]
      },
      "properties": {
        "junction_id": 39587,
        "veh_id": 11537,
        "sim_time_s": 2894.8,
        "tier": "harmony-ins-local",
        "prearm_status": "action",
        "focus_role": "none"
      }
    },
    {
      "type": "Feature",
      "geometry": {
        "type": "Point",
        "coordinates": [
          500569.9866051143,
          6965466.877345618
        ]
      },
      "properties": {
        "junction_id": 39576,
        "veh_id": 11537,
        "sim_time_s": 2896.2,
        "tier": "track-zone",
        "prearm_status": "",
        "focus_role": "none"
      }
    },
    {
      "type": "Feature",
      "geometry": {
        "type": "Point",
        "coordinates": [
          500782.1616553607,
          6965191.873942053
        ]
      },
      "properties": {
        "junction_id": 39593,
        "veh_id": 11486,
        "sim_time_s": 2905.2,
        "tier": "IC-detect",
        "prearm_status": "",
        "focus_role": "none"
      }
    },
    {
      "type": "Feature",
      "geometry": {
        "type": "Point",
        "coordinates": [
          500128.7318398894,
          6966436.61960424
        ]
      },
      "properties": {
        "junction_id": 1043762,
        "veh_id": 11527,
        "sim_time_s": 2905.7,
        "tier": "track-zone",
        "prearm_status": "",
        "focus_role": "none"
      }
    },
    {
      "type": "Feature",
      "geometry": {
        "type": "Point",
        "coordinates": [
          0.0,
          0.0
        ]
      },
      "properties": {
        "junction_id": 39606,
        "veh_id": 11493,
        "sim_time_s": 2905.7,
        "tier": "harmony-no-ge-local",
        "prearm_status": "skip",
        "focus_role": "none"
      }
    },
    {
      "type": "Feature",
      "geometry": {
        "type": "Point",
        "coordinates": [
          0.0,
          0.0
        ]
      },
      "properties": {
        "junction_id": 36385,
        "veh_id": 11505,
        "sim_time_s": 2907.0,
        "tier": "harmony-ins-local",
        "prearm_status": "action",
        "focus_role": "none"
      }
    },
    {
      "type": "Feature",
      "geometry": {
        "type": "Point",
        "coordinates": [
          499761.63850793726,
          6966604.70957736
        ]
      },
      "properties": {
        "junction_id": 39568,
        "veh_id": 11494,
        "sim_time_s": 2908.3,
        "tier": "track-zone",
        "prearm_status": "",
        "focus_role": "none"
      }
    },
    {
      "type": "Feature",
      "geometry": {
        "type": "Point",
        "coordinates": [
          500683.75642134575,
          6964549.911917863
        ]
      },
      "properties": {
        "junction_id": 39590,
        "veh_id": 11526,
        "sim_time_s": 2911.1,
        "tier": "track-zone",
        "prearm_status": "",
        "focus_role": "none"
      }
    },
    {
      "type": "Feature",
      "geometry": {
        "type": "Point",
        "coordinates": [
          0.0,
          0.0
        ]
      },
      "properties": {
        "junction_id": 39576,
        "veh_id": 11537,
        "sim_time_s": 2911.1,
        "tier": "harmony-ge-local",
        "prearm_status": "action",
        "focus_role": "none"
      }
    },
    {
      "type": "Feature",
      "geometry": {
        "type": "Point",
        "coordinates": [
          500729.11506160913,
          6965001.533333209
        ]
      },
      "properties": {
        "junction_id": 36393,
        "veh_id": 11505,
        "sim_time_s": 2912.4,
        "tier": "track-zone",
        "prearm_status": "",
        "focus_role": "none"
      }
    },
    {
      "type": "Feature",
      "geometry": {
        "type": "Point",
        "coordinates": [
          500491.85155804426,
          6965697.675921233
        ]
      },
      "properties": {
        "junction_id": 39578,
        "veh_id": 11537,
        "sim_time_s": 2913.8,
        "tier": "track-zone",
        "prearm_status": "",
        "focus_role": "none"
      }
    },
    {
      "type": "Feature",
      "geometry": {
        "type": "Point",
        "coordinates": [
          499891.8118195493,
          6966542.585342675
        ]
      },
      "properties": {
        "junction_id": 39569,
        "veh_id": 11494,
        "sim_time_s": 2917.8,
        "tier": "track-zone",
        "prearm_status": "",
        "focus_role": "none"
      }
    },
    {
      "type": "Feature",
      "geometry": {
        "type": "Point",
        "coordinates": [
          0.0,
          0.0
        ]
      },
      "properties": {
        "junction_id": 1043762,
        "veh_id": 11527,
        "sim_time_s": 2919.2,
        "tier": "harmony-ins-local",
        "prearm_status": "action",
        "focus_role": "none"
      }
    },
    {
      "type": "Feature",
      "geometry": {
        "type": "Point",
        "coordinates": [
          500512.6512126397,
          6965701.44858533
        ]
      },
      "properties": {
        "junction_id": 39587,
        "veh_id": 11516,
        "sim_time_s": 2925.9,
        "tier": "track-zone",
        "prearm_status": "",
        "focus_role": "none"
      }
    },
    {
      "type": "Feature",
      "geometry": {
        "type": "Point",
        "coordinates": [
          500518.9866484774,
          6965647.279898572
        ]
      },
      "properties": {
        "junction_id": 1119660,
        "veh_id": 11516,
        "sim_time_s": 2931.3,
        "tier": "track-zone",
        "prearm_status": "",
        "focus_role": "none"
      }
    },
    {
      "type": "Feature",
      "geometry": {
        "type": "Point",
        "coordinates": [
          500355.3668092811,
          6966093.596183683
        ]
      },
      "properties": {
        "junction_id": 39578,
        "veh_id": 11527,
        "sim_time_s": 2932.7,
        "tier": "track-section",
        "prearm_status": "",
        "focus_role": "none"
      }
    },
    {
      "type": "Feature",
      "geometry": {
        "type": "Point",
        "coordinates": [
          500729.5727370166,
          6964410.775010455
        ]
      },
      "properties": {
        "junction_id": 39606,
        "veh_id": 11526,
        "sim_time_s": 2942.1,
        "tier": "track-zone",
        "prearm_status": "",
        "focus_role": "none"
      }
    },
    {
      "type": "Feature",
      "geometry": {
        "type": "Point",
        "coordinates": [
          500551.70607365586,
          6965570.831384707
        ]
      },
      "properties": {
        "junction_id": 10157950,
        "veh_id": 11516,
        "sim_time_s": 2946.2,
        "tier": "track-zone",
        "prearm_status": "",
        "focus_role": "none"
      }
    },
    {
      "type": "Feature",
      "geometry": {
        "type": "Point",
        "coordinates": [
          0.0,
          0.0
        ]
      },
      "properties": {
        "junction_id": 39578,
        "veh_id": 11527,
        "sim_time_s": 2946.2,
        "tier": "harmony-ins-local",
        "prearm_status": "action",
        "focus_role": "none"
      }
    },
    {
      "type": "Feature",
      "geometry": {
        "type": "Point",
        "coordinates": [
          500529.15840101126,
          6965935.697144788
        ]
      },
      "properties": {
        "junction_id": 39576,
        "veh_id": 11527,
        "sim_time_s": 2947.5,
        "tier": "track-zone",
        "prearm_status": "",
        "focus_role": "none"
      }
    },
    {
      "type": "Feature",
      "geometry": {
        "type": "Point",
        "coordinates": [
          0.0,
          0.0
        ]
      },
      "properties": {
        "junction_id": 39569,
        "veh_id": 11494,
        "sim_time_s": 2951.6,
        "tier": "harmony-no-ge-local",
        "prearm_status": "skip",
        "focus_role": "none"
      }
    },
    {
      "type": "Feature",
      "geometry": {
        "type": "Point",
        "coordinates": [
          499517.17489504704,
          6966652.564041892
        ]
      },
      "properties": {
        "junction_id": 39572,
        "veh_id": 11517,
        "sim_time_s": 2952.9,
        "tier": "IC-detect",
        "prearm_status": "",
        "focus_role": "none"
      }
    },
    {
      "type": "Feature",
      "geometry": {
        "type": "Point",
        "coordinates": [
          500556.133057182,
          6965561.223505922
        ]
      },
      "properties": {
        "junction_id": 39576,
        "veh_id": 11516,
        "sim_time_s": 2954.2,
        "tier": "track-zone",
        "prearm_status": "",
        "focus_role": "none"
      }
    },
    {
      "type": "Feature",
      "geometry": {
        "type": "Point",
        "coordinates": [
          500127.9959721358,
          6966438.065521294
        ]
      },
      "properties": {
        "junction_id": 1043762,
        "veh_id": 11494,
        "sim_time_s": 2955.6,
        "tier": "track-zone",
        "prearm_status": "",
        "focus_role": "none"
      }
    },
    {
      "type": "Feature",
      "geometry": {
        "type": "Point",
        "coordinates": [
          500394.64523196925,
          6966042.511673914
        ]
      },
      "properties": {
        "junction_id": 1043762,
        "veh_id": 11537,
        "sim_time_s": 2969.1,
        "tier": "track-zone",
        "prearm_status": "",
        "focus_role": "none"
      }
    },
    {
      "type": "Feature",
      "geometry": {
        "type": "Point",
        "coordinates": [
          500355.8864525784,
          6966097.547103067
        ]
      },
      "properties": {
        "junction_id": 39578,
        "veh_id": 11494,
        "sim_time_s": 2981.2,
        "tier": "track-section",
        "prearm_status": "",
        "focus_role": "none"
      }
    },
    {
      "type": "Feature",
      "geometry": {
        "type": "Point",
        "coordinates": [
          0.0,
          0.0
        ]
      },
      "properties": {
        "junction_id": 1043762,
        "veh_id": 11537,
        "sim_time_s": 2982.6,
        "tier": "harmony-ins-local",
        "prearm_status": "action",
        "focus_role": "none"
      }
    },
    {
      "type": "Feature",
      "geometry": {
        "type": "Point",
        "coordinates": [
          0.0,
          0.0
        ]
      },
      "properties": {
        "junction_id": 39587,
        "veh_id": 11516,
        "sim_time_s": 2983.9,
        "tier": "harmony-no-ge-local",
        "prearm_status": "skip",
        "focus_role": "none"
      }
    },
    {
      "type": "Feature",
      "geometry": {
        "type": "Point",
        "coordinates": [
          500240.71477770165,
          6966219.325732013
        ]
      },
      "properties": {
        "junction_id": 39569,
        "veh_id": 11537,
        "sim_time_s": 2984.8,
        "tier": "coord-prearm-harmony/SHOCKWAVE",
        "prearm_status": "fired",
        "focus_role": "none"
      }
    },
    {
      "type": "Feature",
      "geometry": {
        "type": "Point",
        "coordinates": [
          0.0,
          0.0
        ]
      },
      "properties": {
        "junction_id": 39593,
        "veh_id": 11486,
        "sim_time_s": 2985.3,
        "tier": "harmony-ins-local",
        "prearm_status": "action",
        "focus_role": "none"
      }
    },
    {
      "type": "Feature",
      "geometry": {
        "type": "Point",
        "coordinates": [
          0.0,
          0.0
        ]
      },
      "properties": {
        "junction_id": 39569,
        "veh_id": 11537,
        "sim_time_s": 2985.3,
        "tier": "harmony-no-ge-local",
        "prearm_status": "skip",
        "focus_role": "none"
      }
    },
    {
      "type": "Feature",
      "geometry": {
        "type": "Point",
        "coordinates": [
          0.0,
          0.0
        ]
      },
      "properties": {
        "junction_id": 36393,
        "veh_id": 11505,
        "sim_time_s": 2988.0,
        "tier": "harmony-no-ge-local",
        "prearm_status": "skip",
        "focus_role": "none"
      }
    },
    {
      "type": "Feature",
      "geometry": {
        "type": "Point",
        "coordinates": [
          500532.8671951868,
          6965932.036731576
        ]
      },
      "properties": {
        "junction_id": 39576,
        "veh_id": 11494,
        "sim_time_s": 2998.8,
        "tier": "track-zone",
        "prearm_status": "",
        "focus_role": "none"
      }
    },
    {
      "type": "Feature",
      "geometry": {
        "type": "Point",
        "coordinates": [
          500710.20779164374,
          6965171.213705076
        ]
      },
      "properties": {
        "junction_id": 36385,
        "veh_id": 11486,
        "sim_time_s": 3000.2,
        "tier": "track-zone",
        "prearm_status": "",
        "focus_role": "none"
      }
    },
    {
      "type": "Feature",
      "geometry": {
        "type": "Point",
        "coordinates": [
          500710.20779164374,
          6965171.213705076
        ]
      },
      "properties": {
        "junction_id": 10157950,
        "veh_id": 11486,
        "sim_time_s": 3008.2,
        "tier": "track-zone",
        "prearm_status": "",
        "focus_role": "none"
      }
    },
    {
      "type": "Feature",
      "geometry": {
        "type": "Point",
        "coordinates": [
          499758.61377180036,
          6966606.076735121
        ]
      },
      "properties": {
        "junction_id": 39568,
        "veh_id": 11517,
        "sim_time_s": 3008.2,
        "tier": "track-zone",
        "prearm_status": "",
        "focus_role": "none"
      }
    },
    {
      "type": "Feature",
      "geometry": {
        "type": "Point",
        "coordinates": [
          0.0,
          0.0
        ]
      },
      "properties": {
        "junction_id": 39576,
        "veh_id": 11527,
        "sim_time_s": 3009.6,
        "tier": "harmony-no-ge-local",
        "prearm_status": "skip",
        "focus_role": "none"
      }
    },
    {
      "type": "Feature",
      "geometry": {
        "type": "Point",
        "coordinates": [
          500608.8217602934,
          6965410.123695188
        ]
      },
      "properties": {
        "junction_id": 39593,
        "veh_id": 11516,
        "sim_time_s": 3010.9,
        "tier": "track-zone",
        "prearm_status": "",
        "focus_role": "none"
      }
    },
    {
      "type": "Feature",
      "geometry": {
        "type": "Point",
        "coordinates": [
          500512.82716391515,
          6965696.121798278
        ]
      },
      "properties": {
        "junction_id": 39587,
        "veh_id": 11527,
        "sim_time_s": 3012.3,
        "tier": "track-zone",
        "prearm_status": "",
        "focus_role": "none"
      }
    },
    {
      "type": "Feature",
      "geometry": {
        "type": "Point",
        "coordinates": [
          500518.6072638455,
          6965648.183035418
        ]
      },
      "properties": {
        "junction_id": 1119660,
        "veh_id": 11527,
        "sim_time_s": 3016.3,
        "tier": "track-zone",
        "prearm_status": "",
        "focus_role": "none"
      }
    },
    {
      "type": "Feature",
      "geometry": {
        "type": "Point",
        "coordinates": [
          500512.8054642224,
          6965699.958756339
        ]
      },
      "properties": {
        "junction_id": 39587,
        "veh_id": 11494,
        "sim_time_s": 3017.7,
        "tier": "track-zone",
        "prearm_status": "",
        "focus_role": "none"
      }
    },
    {
      "type": "Feature",
      "geometry": {
        "type": "Point",
        "coordinates": [
          500518.4957423685,
          6965649.277429399
        ]
      },
      "properties": {
        "junction_id": 1119660,
        "veh_id": 11494,
        "sim_time_s": 3021.8,
        "tier": "track-zone",
        "prearm_status": "",
        "focus_role": "none"
      }
    },
    {
      "type": "Feature",
      "geometry": {
        "type": "Point",
        "coordinates": [
          500647.9909587603,
          6965257.394494408
        ]
      },
      "properties": {
        "junction_id": 36385,
        "veh_id": 11516,
        "sim_time_s": 3023.1,
        "tier": "track-zone",
        "prearm_status": "",
        "focus_role": "none"
      }
    },
    {
      "type": "Feature",
      "geometry": {
        "type": "Point",
        "coordinates": [
          500110.2664563849,
          6966441.524998284
        ]
      },
      "properties": {
        "junction_id": 39572,
        "veh_id": 11537,
        "sim_time_s": 3023.1,
        "tier": "track-zone",
        "prearm_status": "",
        "focus_role": "none"
      }
    },
    {
      "type": "Feature",
      "geometry": {
        "type": "Point",
        "coordinates": [
          0.0,
          0.0
        ]
      },
      "properties": {
        "junction_id": 39590,
        "veh_id": 11526,
        "sim_time_s": 3023.1,
        "tier": "harmony-ins-local",
        "prearm_status": "action",
        "focus_role": "none"
      }
    },
    {
      "type": "Feature",
      "geometry": {
        "type": "Point",
        "coordinates": [
          500549.2016177384,
          6965568.825382428
        ]
      },
      "properties": {
        "junction_id": 10157950,
        "veh_id": 11527,
        "sim_time_s": 3024.4,
        "tier": "track-zone",
        "prearm_status": "",
        "focus_role": "none"
      }
    },
    {
      "type": "Feature",
      "geometry": {
        "type": "Point",
        "coordinates": [
          500074.41584017687,
          6966493.805500702
        ]
      },
      "properties": {
        "junction_id": 39568,
        "veh_id": 11537,
        "sim_time_s": 3027.2,
        "tier": "track-zone",
        "prearm_status": "",
        "focus_role": "none"
      }
    },
    {
      "type": "Feature",
      "geometry": {
        "type": "Point",
        "coordinates": [
          500551.6183385536,
          6965571.215198001
        ]
      },
      "properties": {
        "junction_id": 10157950,
        "veh_id": 11494,
        "sim_time_s": 3031.2,
        "tier": "track-zone",
        "prearm_status": "",
        "focus_role": "none"
      }
    },
    {
      "type": "Feature",
      "geometry": {
        "type": "Point",
        "coordinates": [
          0.0,
          0.0
        ]
      },
      "properties": {
        "junction_id": 39606,
        "veh_id": 11526,
        "sim_time_s": 3037.9,
        "tier": "harmony-ins-local",
        "prearm_status": "action",
        "focus_role": "none"
      }
    },
    {
      "type": "Feature",
      "geometry": {
        "type": "Point",
        "coordinates": [
          0.0,
          0.0
        ]
      },
      "properties": {
        "junction_id": 39593,
        "veh_id": 11516,
        "sim_time_s": 3046.1,
        "tier": "harmony-ins-local",
        "prearm_status": "action",
        "focus_role": "none"
      }
    },
    {
      "type": "Feature",
      "geometry": {
        "type": "Point",
        "coordinates": [
          500105.3249690746,
          6966447.427635936
        ]
      },
      "properties": {
        "junction_id": 39569,
        "veh_id": 11537,
        "sim_time_s": 3046.5,
        "tier": "coord-prearm-missed/SHOCKWAVE",
        "prearm_status": "missed",
        "focus_role": "none"
      }
    },
    {
      "type": "Feature",
      "geometry": {
        "type": "Point",
        "coordinates": [
          500689.26434302615,
          6964558.614830386
        ]
      },
      "properties": {
        "junction_id": 39590,
        "veh_id": 11505,
        "sim_time_s": 3048.8,
        "tier": "track-zone",
        "prearm_status": "",
        "focus_role": "none"
      }
    },
    {
      "type": "Feature",
      "geometry": {
        "type": "Point",
        "coordinates": [
          500685.4975943948,
          6965180.74433804
        ]
      },
      "properties": {
        "junction_id": 1119660,
        "veh_id": 11516,
        "sim_time_s": 3052.8,
        "tier": "track-zone",
        "prearm_status": "",
        "focus_role": "none"
      }
    },
    {
      "type": "Feature",
      "geometry": {
        "type": "Point",
        "coordinates": [
          0.0,
          0.0
        ]
      },
      "properties": {
        "junction_id": 39572,
        "veh_id": 11537,
        "sim_time_s": 3056.8,
        "tier": "harmony-no-ge-local",
        "prearm_status": "skip",
        "focus_role": "none"
      }
    },
    {
      "type": "Feature",
      "geometry": {
        "type": "Point",
        "coordinates": [
          0.0,
          0.0
        ]
      },
      "properties": {
        "junction_id": 39587,
        "veh_id": 11527,
        "sim_time_s": 3066.3,
        "tier": "harmony-ins-local",
        "prearm_status": "action",
        "focus_role": "none"
      }
    },
    {
      "type": "Feature",
      "geometry": {
        "type": "Point",
        "coordinates": [
          500731.9050616684,
          6964405.10128373
        ]
      },
      "properties": {
        "junction_id": 39606,
        "veh_id": 11505,
        "sim_time_s": 3069.0,
        "tier": "track-zone",
        "prearm_status": "",
        "focus_role": "none"
      }
    },
    {
      "type": "Feature",
      "geometry": {
        "type": "Point",
        "coordinates": [
          499782.968194225,
          6966594.345392566
        ]
      },
      "properties": {
        "junction_id": 39572,
        "veh_id": 11517,
        "sim_time_s": 3073.1,
        "tier": "IC-detect",
        "prearm_status": "",
        "focus_role": "none"
      }
    },
    {
      "type": "Feature",
      "geometry": {
        "type": "Point",
        "coordinates": [
          500606.3842907784,
          6965403.889622999
        ]
      },
      "properties": {
        "junction_id": 39593,
        "veh_id": 11527,
        "sim_time_s": 3074.4,
        "tier": "track-zone",
        "prearm_status": "",
        "focus_role": "none"
      }
    },
    {
      "type": "Feature",
      "geometry": {
        "type": "Point",
        "coordinates": [
          500018.2839314892,
          6966619.584533414
        ]
      },
      "properties": {
        "junction_id": 11118289,
        "veh_id": 11537,
        "sim_time_s": 3074.4,
        "tier": "track-zone",
        "prearm_status": "",
        "focus_role": "none"
      }
    },
    {
      "type": "Feature",
      "geometry": {
        "type": "Point",
        "coordinates": [
          500608.0240414315,
          6965413.048445759
        ]
      },
      "properties": {
        "junction_id": 39593,
        "veh_id": 11494,
        "sim_time_s": 3078.4,
        "tier": "track-zone",
        "prearm_status": "",
        "focus_role": "none"
      }
    },
    {
      "type": "Feature",
      "geometry": {
        "type": "Point",
        "coordinates": [
          500646.55824536644,
          6965245.321245175
        ]
      },
      "properties": {
        "junction_id": 36385,
        "veh_id": 11527,
        "sim_time_s": 3086.6,
        "tier": "track-zone",
        "prearm_status": "",
        "focus_role": "none"
      }
    },
    {
      "type": "Feature",
      "geometry": {
        "type": "Point",
        "coordinates": [
          499960.7118045772,
          6966789.438271585
        ]
      },
      "properties": {
        "junction_id": 38339,
        "veh_id": 11537,
        "sim_time_s": 3087.9,
        "tier": "track-zone",
        "prearm_status": "",
        "focus_role": "none"
      }
    },
    {
      "type": "Feature",
      "geometry": {
        "type": "Point",
        "coordinates": [
          500648.5448411712,
          6965256.28613801
        ]
      },
      "properties": {
        "junction_id": 36385,
        "veh_id": 11494,
        "sim_time_s": 3089.2,
        "tier": "track-zone",
        "prearm_status": "",
        "focus_role": "none"
      }
    },
    {
      "type": "Feature",
      "geometry": {
        "type": "Point",
        "coordinates": [
          499890.03722636605,
          6966543.337581659
        ]
      },
      "properties": {
        "junction_id": 39569,
        "veh_id": 11517,
        "sim_time_s": 3089.2,
        "tier": "track-zone",
        "prearm_status": "",
        "focus_role": "none"
      }
    },
    {
      "type": "Feature",
      "geometry": {
        "type": "Point",
        "coordinates": [
          0.0,
          0.0
        ]
      },
      "properties": {
        "junction_id": 38339,
        "veh_id": 11537,
        "sim_time_s": 3101.4,
        "tier": "harmony-ins-local",
        "prearm_status": "action",
        "focus_role": "none"
      }
    },
    {
      "type": "Feature",
      "geometry": {
        "type": "Point",
        "coordinates": [
          0.0,
          0.0
        ]
      },
      "properties": {
        "junction_id": 36385,
        "veh_id": 11527,
        "sim_time_s": 3102.8,
        "tier": "harmony-ins-local",
        "prearm_status": "action",
        "focus_role": "none"
      }
    },
    {
      "type": "Feature",
      "geometry": {
        "type": "Point",
        "coordinates": [
          500710.20779164374,
          6965171.213705076
        ]
      },
      "properties": {
        "junction_id": 39593,
        "veh_id": 11486,
        "sim_time_s": 3105.4,
        "tier": "IC-detect",
        "prearm_status": "",
        "focus_role": "none"
      }
    },
    {
      "type": "Feature",
      "geometry": {
        "type": "Point",
        "coordinates": [
          500725.99318502564,
          6965001.64364271
        ]
      },
      "properties": {
        "junction_id": 36393,
        "veh_id": 11527,
        "sim_time_s": 3117.6,
        "tier": "track-zone",
        "prearm_status": "",
        "focus_role": "none"
      }
    },
    {
      "type": "Feature",
      "geometry": {
        "type": "Point",
        "coordinates": [
          500710.20779164374,
          6965171.213705076
        ]
      },
      "properties": {
        "junction_id": 36385,
        "veh_id": 11486,
        "sim_time_s": 3121.7,
        "tier": "track-zone",
        "prearm_status": "",
        "focus_role": "none"
      }
    },
    {
      "type": "Feature",
      "geometry": {
        "type": "Point",
        "coordinates": [
          500709.473747652,
          6965170.947774119
        ]
      },
      "properties": {
        "junction_id": 10157950,
        "veh_id": 11486,
        "sim_time_s": 3129.8,
        "tier": "track-zone",
        "prearm_status": "",
        "focus_role": "none"
      }
    },
    {
      "type": "Feature",
      "geometry": {
        "type": "Point",
        "coordinates": [
          500043.5171016731,
          6966470.296866764
        ]
      },
      "properties": {
        "junction_id": 39568,
        "veh_id": 11517,
        "sim_time_s": 3129.8,
        "tier": "track-zone",
        "prearm_status": "",
        "focus_role": "none"
      }
    },
    {
      "type": "Feature",
      "geometry": {
        "type": "Point",
        "coordinates": [
          0.0,
          0.0
        ]
      },
      "properties": {
        "junction_id": 39590,
        "veh_id": 11505,
        "sim_time_s": 3137.8,
        "tier": "harmony-ge-local",
        "prearm_status": "action",
        "focus_role": "none"
      }
    },
    {
      "type": "Feature",
      "geometry": {
        "type": "Point",
        "coordinates": [
          500723.0970325439,
          6965038.075207157
        ]
      },
      "properties": {
        "junction_id": 36385,
        "veh_id": 11516,
        "sim_time_s": 3143.2,
        "tier": "IC-detect",
        "prearm_status": "",
        "focus_role": "none"
      }
    },
    {
      "type": "Feature",
      "geometry": {
        "type": "Point",
        "coordinates": [
          500949.53229003365,
          6964036.232777647
        ]
      },
      "properties": {
        "junction_id": 39606,
        "veh_id": 11538,
        "sim_time_s": 3150.0,
        "tier": "track-section",
        "prearm_status": "",
        "focus_role": "none"
      }
    },
    {
      "type": "Feature",
      "geometry": {
        "type": "Point",
        "coordinates": [
          500087.97191681445,
          6967506.11806405
        ]
      },
      "properties": {
        "junction_id": 38339,
        "veh_id": 11528,
        "sim_time_s": 3153.2,
        "tier": "IC-detect",
        "prearm_status": "",
        "focus_role": "none"
      }
    },
    {
      "type": "Feature",
      "geometry": {
        "type": "Point",
        "coordinates": [
          500884.8275152139,
          6964127.817438939
        ]
      },
      "properties": {
        "junction_id": 39590,
        "veh_id": 11538,
        "sim_time_s": 3156.8,
        "tier": "track-zone",
        "prearm_status": "",
        "focus_role": "none"
      }
    },
    {
      "type": "Feature",
      "geometry": {
        "type": "Point",
        "coordinates": [
          0.0,
          0.0
        ]
      },
      "properties": {
        "junction_id": 39569,
        "veh_id": 11517,
        "sim_time_s": 3159.4,
        "tier": "harmony-ge-local",
        "prearm_status": "action",
        "focus_role": "none"
      }
    },
    {
      "type": "Feature",
      "geometry": {
        "type": "Point",
        "coordinates": [
          0.0,
          0.0
        ]
      },
      "properties": {
        "junction_id": 39606,
        "veh_id": 11538,
        "sim_time_s": 3160.8,
        "tier": "harmony-ins-local",
        "prearm_status": "action",
        "focus_role": "none"
      }
    },
    {
      "type": "Feature",
      "geometry": {
        "type": "Point",
        "coordinates": [
          500134.08551679313,
          6966434.667830918
        ]
      },
      "properties": {
        "junction_id": 1043762,
        "veh_id": 11517,
        "sim_time_s": 3164.8,
        "tier": "track-zone",
        "prearm_status": "",
        "focus_role": "none"
      }
    },
    {
      "type": "Feature",
      "geometry": {
        "type": "Point",
        "coordinates": [
          500948.2288774459,
          6964038.3661120385
        ]
      },
      "properties": {
        "junction_id": 39606,
        "veh_id": 11488,
        "sim_time_s": 3180.2,
        "tier": "IC-detect",
        "prearm_status": "",
        "focus_role": "none"
      }
    },
    {
      "type": "Feature",
      "geometry": {
        "type": "Point",
        "coordinates": [
          500885.4399771465,
          6964122.545668908
        ]
      },
      "properties": {
        "junction_id": 39590,
        "veh_id": 11488,
        "sim_time_s": 3186.4,
        "tier": "track-zone",
        "prearm_status": "",
        "focus_role": "none"
      }
    },
    {
      "type": "Feature",
      "geometry": {
        "type": "Point",
        "coordinates": [
          500910.95247455203,
          6964141.467009588
        ]
      },
      "properties": {
        "junction_id": 39606,
        "veh_id": 11505,
        "sim_time_s": 3189.2,
        "tier": "IC-detect-far",
        "prearm_status": "",
        "focus_role": "none"
      }
    },
    {
      "type": "Feature",
      "geometry": {
        "type": "Point",
        "coordinates": [
          0.0,
          0.0
        ]
      },
      "properties": {
        "junction_id": 36385,
        "veh_id": 11516,
        "sim_time_s": 3198.6,
        "tier": "harmony-ins-local",
        "prearm_status": "action",
        "focus_role": "none"
      }
    },
    {
      "type": "Feature",
      "geometry": {
        "type": "Point",
        "coordinates": [
          500719.9592296761,
          6965038.977719177
        ]
      },
      "properties": {
        "junction_id": 39593,
        "veh_id": 11494,
        "sim_time_s": 3199.9,
        "tier": "track-zone",
        "prearm_status": "",
        "focus_role": "none"
      }
    },
    {
      "type": "Feature",
      "geometry": {
        "type": "Point",
        "coordinates": [
          500724.3581347267,
          6965031.951129703
        ]
      },
      "properties": {
        "junction_id": 36393,
        "veh_id": 11516,
        "sim_time_s": 3203.6,
        "tier": "coord-prearm-harmony/SHOCKWAVE",
        "prearm_status": "fired",
        "focus_role": "none"
      }
    },
    {
      "type": "Feature",
      "geometry": {
        "type": "Point",
        "coordinates": [
          0.0,
          0.0
        ]
      },
      "properties": {
        "junction_id": 36393,
        "veh_id": 11516,
        "sim_time_s": 3204.0,
        "tier": "harmony-ge-local",
        "prearm_status": "action",
        "focus_role": "none"
      }
    },
    {
      "type": "Feature",
      "geometry": {
        "type": "Point",
        "coordinates": [
          500684.0987813322,
          6964756.319799705
        ]
      },
      "properties": {
        "junction_id": 36393,
        "veh_id": 11516,
        "sim_time_s": 3204.0,
        "tier": "coord-prearm-success/SHOCKWAVE",
        "prearm_status": "success",
        "focus_role": "none"
      }
    },
    {
      "type": "Feature",
      "geometry": {
        "type": "Point",
        "coordinates": [
          500728.7667528811,
          6965006.665413442
        ]
      },
      "properties": {
        "junction_id": 39590,
        "veh_id": 11516,
        "sim_time_s": 3206.2,
        "tier": "coord-prearm-harmony/SHOCKWAVE",
        "prearm_status": "fired",
        "focus_role": "none"
      }
    },
    {
      "type": "Feature",
      "geometry": {
        "type": "Point",
        "coordinates": [
          500725.9475150361,
          6964989.209154414
        ]
      },
      "properties": {
        "junction_id": 36393,
        "veh_id": 11494,
        "sim_time_s": 3206.7,
        "tier": "track-zone",
        "prearm_status": "",
        "focus_role": "none"
      }
    },
    {
      "type": "Feature",
      "geometry": {
        "type": "Point",
        "coordinates": [
          0.0,
          0.0
        ]
      },
      "properties": {
        "junction_id": 39590,
        "veh_id": 11516,
        "sim_time_s": 3206.7,
        "tier": "harmony-ins-local",
        "prearm_status": "action",
        "focus_role": "none"
      }
    },
    {
      "type": "Feature",
      "geometry": {
        "type": "Point",
        "coordinates": [
          500756.59727603965,
          6964319.360583137
        ]
      },
      "properties": {
        "junction_id": 39590,
        "veh_id": 11516,
        "sim_time_s": 3206.7,
        "tier": "coord-prearm-success/SHOCKWAVE",
        "prearm_status": "success",
        "focus_role": "none"
      }
    },
    {
      "type": "Feature",
      "geometry": {
        "type": "Point",
        "coordinates": [
          0.0,
          0.0
        ]
      },
      "properties": {
        "junction_id": 1043762,
        "veh_id": 11517,
        "sim_time_s": 3206.7,
        "tier": "harmony-ins-local",
        "prearm_status": "action",
        "focus_role": "none"
      }
    },
    {
      "type": "Feature",
      "geometry": {
        "type": "Point",
        "coordinates": [
          500721.1465461922,
          6964948.644796038
        ]
      },
      "properties": {
        "junction_id": 36385,
        "veh_id": 11494,
        "sim_time_s": 3209.4,
        "tier": "IC-detect",
        "prearm_status": "",
        "focus_role": "none"
      }
    },
    {
      "type": "Feature",
      "geometry": {
        "type": "Point",
        "coordinates": [
          500728.980761894,
          6964992.294278043
        ]
      },
      "properties": {
        "junction_id": 36393,
        "veh_id": 11486,
        "sim_time_s": 3217.5,
        "tier": "track-zone",
        "prearm_status": "",
        "focus_role": "none"
      }
    },
    {
      "type": "Feature",
      "geometry": {
        "type": "Point",
        "coordinates": [
          499964.459299209,
          6967096.467420621
        ]
      },
      "properties": {
        "junction_id": 11118289,
        "veh_id": 11528,
        "sim_time_s": 3217.5,
        "tier": "track-zone",
        "prearm_status": "",
        "focus_role": "none"
      }
    },
    {
      "type": "Feature",
      "geometry": {
        "type": "Point",
        "coordinates": [
          500674.7623712948,
          6964510.535764041
        ]
      },
      "properties": {
        "junction_id": 36393,
        "veh_id": 11538,
        "sim_time_s": 3217.5,
        "tier": "track-zone",
        "prearm_status": "",
        "focus_role": "none"
      }
    },
    {
      "type": "Feature",
      "geometry": {
        "type": "Point",
        "coordinates": [
          0.0,
          0.0
        ]
      },
      "properties": {
        "junction_id": 38339,
        "veh_id": 11528,
        "sim_time_s": 3220.2,
        "tier": "harmony-no-ge-local",
        "prearm_status": "skip",
        "focus_role": "none"
      }
    },
    {
      "type": "Feature",
      "geometry": {
        "type": "Point",
        "coordinates": [
          500673.09862513305,
          6964522.043921007
        ]
      },
      "properties": {
        "junction_id": 36393,
        "veh_id": 11488,
        "sim_time_s": 3225.6,
        "tier": "track-zone",
        "prearm_status": "",
        "focus_role": "none"
      }
    },
    {
      "type": "Feature",
      "geometry": {
        "type": "Point",
        "coordinates": [
          499961.02658552566,
          6966955.37424363
        ]
      },
      "properties": {
        "junction_id": 39568,
        "veh_id": 11528,
        "sim_time_s": 3226.9,
        "tier": "track-zone",
        "prearm_status": "",
        "focus_role": "none"
      }
    },
    {
      "type": "Feature",
      "geometry": {
        "type": "Point",
        "coordinates": [
          499966.3885685025,
          6966888.275297253
        ]
      },
      "properties": {
        "junction_id": 39572,
        "veh_id": 11528,
        "sim_time_s": 3231.0,
        "tier": "track-zone",
        "prearm_status": "",
        "focus_role": "none"
      }
    },
    {
      "type": "Feature",
      "geometry": {
        "type": "Point",
        "coordinates": [
          500686.51184545597,
          6964552.288226915
        ]
      },
      "properties": {
        "junction_id": 39590,
        "veh_id": 11527,
        "sim_time_s": 3232.3,
        "tier": "track-zone",
        "prearm_status": "",
        "focus_role": "none"
      }
    },
    {
      "type": "Feature",
      "geometry": {
        "type": "Point",
        "coordinates": [
          500350.7994847535,
          6966102.111448766
        ]
      },
      "properties": {
        "junction_id": 39578,
        "veh_id": 11517,
        "sim_time_s": 3239.1,
        "tier": "track-section",
        "prearm_status": "",
        "focus_role": "none"
      }
    },
    {
      "type": "Feature",
      "geometry": {
        "type": "Point",
        "coordinates": [
          500698.20446652046,
          6964785.4184169015
        ]
      },
      "properties": {
        "junction_id": 36385,
        "veh_id": 11486,
        "sim_time_s": 3243.2,
        "tier": "track-zone",
        "prearm_status": "",
        "focus_role": "none"
      }
    },
    {
      "type": "Feature",
      "geometry": {
        "type": "Point",
        "coordinates": [
          500689.4066178268,
          6964556.875699596
        ]
      },
      "properties": {
        "junction_id": 39590,
        "veh_id": 11494,
        "sim_time_s": 3245.8,
        "tier": "track-zone",
        "prearm_status": "",
        "focus_role": "none"
      }
    },
    {
      "type": "Feature",
      "geometry": {
        "type": "Point",
        "coordinates": [
          0.0,
          0.0
        ]
      },
      "properties": {
        "junction_id": 39572,
        "veh_id": 11528,
        "sim_time_s": 3253.9,
        "tier": "harmony-ge-local",
        "prearm_status": "action",
        "focus_role": "none"
      }
    },
    {
      "type": "Feature",
      "geometry": {
        "type": "Point",
        "coordinates": [
          500013.49930108,
          6966665.397191973
        ]
      },
      "properties": {
        "junction_id": 39569,
        "veh_id": 11528,
        "sim_time_s": 3255.3,
        "tier": "track-zone",
        "prearm_status": "",
        "focus_role": "none"
      }
    },
    {
      "type": "Feature",
      "geometry": {
        "type": "Point",
        "coordinates": [
          500729.85989131633,
          6964409.900379153
        ]
      },
      "properties": {
        "junction_id": 39606,
        "veh_id": 11527,
        "sim_time_s": 3256.7,
        "tier": "track-zone",
        "prearm_status": "",
        "focus_role": "none"
      }
    },
    {
      "type": "Feature",
      "geometry": {
        "type": "Point",
        "coordinates": [
          500724.8894423542,
          6964406.138102247
        ]
      },
      "properties": {
        "junction_id": 39606,
        "veh_id": 11494,
        "sim_time_s": 3263.4,
        "tier": "track-zone",
        "prearm_status": "",
        "focus_role": "none"
      }
    },
    {
      "type": "Feature",
      "geometry": {
        "type": "Point",
        "coordinates": [
          0.0,
          0.0
        ]
      },
      "properties": {
        "junction_id": 36393,
        "veh_id": 11538,
        "sim_time_s": 3264.3,
        "tier": "harmony-ins-local",
        "prearm_status": "action",
        "focus_role": "none"
      }
    },
    {
      "type": "Feature",
      "geometry": {
        "type": "Point",
        "coordinates": [
          500679.7489524756,
          6964779.047346711
        ]
      },
      "properties": {
        "junction_id": 36385,
        "veh_id": 11538,
        "sim_time_s": 3271.5,
        "tier": "track-zone",
        "prearm_status": "",
        "focus_role": "none"
      }
    },
    {
      "type": "Feature",
      "geometry": {
        "type": "Point",
        "coordinates": [
          0.0,
          0.0
        ]
      },
      "properties": {
        "junction_id": 39578,
        "veh_id": 11517,
        "sim_time_s": 3272.8,
        "tier": "harmony-ins-local",
        "prearm_status": "action",
        "focus_role": "none"
      }
    },
    {
      "type": "Feature",
      "geometry": {
        "type": "Point",
        "coordinates": [
          500682.7430958262,
          6964781.615272808
        ]
      },
      "properties": {
        "junction_id": 36385,
        "veh_id": 11488,
        "sim_time_s": 3274.2,
        "tier": "track-zone",
        "prearm_status": "",
        "focus_role": "none"
      }
    },
    {
      "type": "Feature",
      "geometry": {
        "type": "Point",
        "coordinates": [
          500531.7212162925,
          6965934.798711251
        ]
      },
      "properties": {
        "junction_id": 39576,
        "veh_id": 11517,
        "sim_time_s": 3276.9,
        "tier": "track-zone",
        "prearm_status": "",
        "focus_role": "none"
      }
    },
    {
      "type": "Feature",
      "geometry": {
        "type": "Point",
        "coordinates": [
          500729.8254247217,
          6964410.223512577
        ]
      },
      "properties": {
        "junction_id": 39606,
        "veh_id": 11516,
        "sim_time_s": 3286.3,
        "tier": "track-zone",
        "prearm_status": "",
        "focus_role": "none"
      }
    },
    {
      "type": "Feature",
      "geometry": {
        "type": "Point",
        "coordinates": [
          500704.30514876434,
          6964930.208814366
        ]
      },
      "properties": {
        "junction_id": 39593,
        "veh_id": 11488,
        "sim_time_s": 3290.4,
        "tier": "track-zone",
        "prearm_status": "",
        "focus_role": "none"
      }
    },
    {
      "type": "Feature",
      "geometry": {
        "type": "Point",
        "coordinates": [
          500700.9798884886,
          6964928.000286316
        ]
      },
      "properties": {
        "junction_id": 39593,
        "veh_id": 11538,
        "sim_time_s": 3291.8,
        "tier": "track-zone",
        "prearm_status": "",
        "focus_role": "none"
      }
    },
    {
      "type": "Feature",
      "geometry": {
        "type": "Point",
        "coordinates": [
          500689.2823422495,
          6964558.181791827
        ]
      },
      "properties": {
        "junction_id": 39590,
        "veh_id": 11486,
        "sim_time_s": 3295.8,
        "tier": "track-zone",
        "prearm_status": "",
        "focus_role": "none"
      }
    },
    {
      "type": "Feature",
      "geometry": {
        "type": "Point",
        "coordinates": [
          500130.3102161238,
          6965614.570958809
        ]
      },
      "properties": {
        "junction_id": 39576,
        "veh_id": 11506,
        "sim_time_s": 3300.3,
        "tier": "IC-detect",
        "prearm_status": "",
        "focus_role": "none"
      }
    },
    {
      "type": "Feature",
      "geometry": {
        "type": "Point",
        "coordinates": [
          0.0,
          0.0
        ]
      },
      "properties": {
        "junction_id": 39576,
        "veh_id": 11517,
        "sim_time_s": 3314.7,
        "tier": "harmony-no-ge-local",
        "prearm_status": "skip",
        "focus_role": "none"
      }
    },
    {
      "type": "Feature",
      "geometry": {
        "type": "Point",
        "coordinates": [
          0.0,
          0.0
        ]
      },
      "properties": {
        "junction_id": 39569,
        "veh_id": 11528,
        "sim_time_s": 3324.2,
        "tier": "harmony-ins-local",
        "prearm_status": "action",
        "focus_role": "none"
      }
    },
    {
      "type": "Feature",
      "geometry": {
        "type": "Point",
        "coordinates": [
          0.0,
          0.0
        ]
      },
      "properties": {
        "junction_id": 36385,
        "veh_id": 11538,
        "sim_time_s": 3325.5,
        "tier": "harmony-ge-local",
        "prearm_status": "action",
        "focus_role": "none"
      }
    },
    {
      "type": "Feature",
      "geometry": {
        "type": "Point",
        "coordinates": [
          500738.07150367706,
          6964389.343681895
        ]
      },
      "properties": {
        "junction_id": 39590,
        "veh_id": 11516,
        "sim_time_s": 3326.8,
        "tier": "IC-detect-far",
        "prearm_status": "",
        "focus_role": "none"
      }
    },
    {
      "type": "Feature",
      "geometry": {
        "type": "Point",
        "coordinates": [
          500132.25156956236,
          6966431.7309572
        ]
      },
      "properties": {
        "junction_id": 1043762,
        "veh_id": 11528,
        "sim_time_s": 3328.2,
        "tier": "track-zone",
        "prearm_status": "",
        "focus_role": "none"
      }
    },
    {
      "type": "Feature",
      "geometry": {
        "type": "Point",
        "coordinates": [
          500512.39761034463,
          6965708.848266251
        ]
      },
      "properties": {
        "junction_id": 39587,
        "veh_id": 11517,
        "sim_time_s": 3330.9,
        "tier": "track-zone",
        "prearm_status": "",
        "focus_role": "none"
      }
    },
    {
      "type": "Feature",
      "geometry": {
        "type": "Point",
        "coordinates": [
          500682.7360635512,
          6965104.61047408
        ]
      },
      "properties": {
        "junction_id": 10157950,
        "veh_id": 11538,
        "sim_time_s": 3332.2,
        "tier": "track-zone",
        "prearm_status": "",
        "focus_role": "none"
      }
    },
    {
      "type": "Feature",
      "geometry": {
        "type": "Point",
        "coordinates": [
          0.0,
          0.0
        ]
      },
      "properties": {
        "junction_id": 39593,
        "veh_id": 11538,
        "sim_time_s": 3334.9,
        "tier": "harmony-ins-local",
        "prearm_status": "action",
        "focus_role": "none"
      }
    },
    {
      "type": "Feature",
      "geometry": {
        "type": "Point",
        "coordinates": [
          500520.5366016552,
          6965642.530225147
        ]
      },
      "properties": {
        "junction_id": 1119660,
        "veh_id": 11517,
        "sim_time_s": 3337.7,
        "tier": "track-zone",
        "prearm_status": "",
        "focus_role": "none"
      }
    },
    {
      "type": "Feature",
      "geometry": {
        "type": "Point",
        "coordinates": [
          500658.8454672767,
          6965189.103983675
        ]
      },
      "properties": {
        "junction_id": 1119660,
        "veh_id": 11538,
        "sim_time_s": 3337.7,
        "tier": "track-zone",
        "prearm_status": "",
        "focus_role": "none"
      }
    },
    {
      "type": "Feature",
      "geometry": {
        "type": "Point",
        "coordinates": [
          0.0,
          0.0
        ]
      },
      "properties": {
        "junction_id": 39590,
        "veh_id": 11527,
        "sim_time_s": 3337.7,
        "tier": "harmony-no-ge-local",
        "prearm_status": "skip",
        "focus_role": "none"
      }
    },
    {
      "type": "Feature",
      "geometry": {
        "type": "Point",
        "coordinates": [
          500640.7007163791,
          6965230.243479584
        ]
      },
      "properties": {
        "junction_id": 39587,
        "veh_id": 11538,
        "sim_time_s": 3340.3,
        "tier": "track-zone",
        "prearm_status": "",
        "focus_role": "none"
      }
    },
    {
      "type": "Feature",
      "geometry": {
        "type": "Point",
        "coordinates": [
          500728.68298511667,
          6964404.8205237305
        ]
      },
      "properties": {
        "junction_id": 39606,
        "veh_id": 11486,
        "sim_time_s": 3341.7,
        "tier": "track-zone",
        "prearm_status": "",
        "focus_role": "none"
      }
    },
    {
      "type": "Feature",
      "geometry": {
        "type": "Point",
        "coordinates": [
          500716.02559563663,
          6964998.647289111
        ]
      },
      "properties": {
        "junction_id": 36393,
        "veh_id": 11488,
        "sim_time_s": 3347.1,
        "tier": "track-zone",
        "prearm_status": "",
        "focus_role": "none"
      }
    },
    {
      "type": "Feature",
      "geometry": {
        "type": "Point",
        "coordinates": [
          0.0,
          0.0
        ]
      },
      "properties": {
        "junction_id": 39606,
        "veh_id": 11527,
        "sim_time_s": 3355.2,
        "tier": "harmony-ge-local",
        "prearm_status": "action",
        "focus_role": "none"
      }
    },
    {
      "type": "Feature",
      "geometry": {
        "type": "Point",
        "coordinates": [
          0.0,
          0.0
        ]
      },
      "properties": {
        "junction_id": 1043762,
        "veh_id": 11528,
        "sim_time_s": 3359.2,
        "tier": "harmony-ge-local",
        "prearm_status": "action",
        "focus_role": "none"
      }
    },
    {
      "type": "Feature",
      "geometry": {
        "type": "Point",
        "coordinates": [
          500906.0295494892,
          6964133.352674791
        ]
      },
      "properties": {
        "junction_id": 39590,
        "veh_id": 11494,
        "sim_time_s": 3367.3,
        "tier": "track-zone",
        "prearm_status": "",
        "focus_role": "none"
      }
    },
    {
      "type": "Feature",
      "geometry": {
        "type": "Point",
        "coordinates": [
          500362.41160722234,
          6966087.218538516
        ]
      },
      "properties": {
        "junction_id": 39578,
        "veh_id": 11528,
        "sim_time_s": 3375.4,
        "tier": "track-section",
        "prearm_status": "",
        "focus_role": "none"
      }
    },
    {
      "type": "Feature",
      "geometry": {
        "type": "Point",
        "coordinates": [
          500452.1579348882,
          6965695.940714241
        ]
      },
      "properties": {
        "junction_id": 39578,
        "veh_id": 11506,
        "sim_time_s": 3376.8,
        "tier": "track-zone",
        "prearm_status": "",
        "focus_role": "none"
      }
    },
    {
      "type": "Feature",
      "geometry": {
        "type": "Point",
        "coordinates": [
          0.0,
          0.0
        ]
      },
      "properties": {
        "junction_id": 36385,
        "veh_id": 11488,
        "sim_time_s": 3385.8,
        "tier": "harmony-ins-local",
        "prearm_status": "action",
        "focus_role": "none"
      }
    },
    {
      "type": "Feature",
      "geometry": {
        "type": "Point",
        "coordinates": [
          0.0,
          0.0
        ]
      },
      "properties": {
        "junction_id": 39578,
        "veh_id": 11528,
        "sim_time_s": 3388.9,
        "tier": "harmony-ge-local",
        "prearm_status": "action",
        "focus_role": "none"
      }
    },
    {
      "type": "Feature",
      "geometry": {
        "type": "Point",
        "coordinates": [
          500531.38331520656,
          6965926.772638634
        ]
      },
      "properties": {
        "junction_id": 39576,
        "veh_id": 11528,
        "sim_time_s": 3391.7,
        "tier": "track-zone",
        "prearm_status": "",
        "focus_role": "none"
      }
    },
    {
      "type": "Feature",
      "geometry": {
        "type": "Point",
        "coordinates": [
          0.0,
          0.0
        ]
      },
      "properties": {
        "junction_id": 39587,
        "veh_id": 11538,
        "sim_time_s": 3395.7,
        "tier": "harmony-ins-local",
        "prearm_status": "action",
        "focus_role": "none"
      }
    },
    {
      "type": "Feature",
      "geometry": {
        "type": "Point",
        "coordinates": [
          500570.3036722129,
          6965466.058138501
        ]
      },
      "properties": {
        "junction_id": 39576,
        "veh_id": 11538,
        "sim_time_s": 3398.4,
        "tier": "track-zone",
        "prearm_status": "",
        "focus_role": "none"
      }
    },
    {
      "type": "Feature",
      "geometry": {
        "type": "Point",
        "coordinates": [
          500910.9112331264,
          6964141.433634569
        ]
      },
      "properties": {
        "junction_id": 39606,
        "veh_id": 11516,
        "sim_time_s": 3406.5,
        "tier": "IC-detect-far",
        "prearm_status": "",
        "focus_role": "none"
      }
    },
    {
      "type": "Feature",
      "geometry": {
        "type": "Point",
        "coordinates": [
          500716.02559563663,
          6964998.647289111
        ]
      },
      "properties": {
        "junction_id": 39593,
        "veh_id": 11488,
        "sim_time_s": 3411.9,
        "tier": "track-zone",
        "prearm_status": "",
        "focus_role": "none"
      }
    },
    {
      "type": "Feature",
      "geometry": {
        "type": "Point",
        "coordinates": [
          500552.65752609883,
          6965568.766448236
        ]
      },
      "properties": {
        "junction_id": 10157950,
        "veh_id": 11517,
        "sim_time_s": 3414.6,
        "tier": "track-zone",
        "prearm_status": "",
        "focus_role": "none"
      }
    },
    {
      "type": "Feature",
      "geometry": {
        "type": "Point",
        "coordinates": [
          500946.97228876385,
          6964034.668682542
        ]
      },
      "properties": {
        "junction_id": 39606,
        "veh_id": 11512,
        "sim_time_s": 3420.0,
        "tier": "track-section",
        "prearm_status": "",
        "focus_role": "none"
      }
    },
    {
      "type": "Feature",
      "geometry": {
        "type": "Point",
        "coordinates": [
          500466.56076277106,
          6965698.7407417195
        ]
      },
      "properties": {
        "junction_id": 39576,
        "veh_id": 11506,
        "sim_time_s": 3420.4,
        "tier": "IC-detect",
        "prearm_status": "",
        "focus_role": "none"
      }
    },
    {
      "type": "Feature",
      "geometry": {
        "type": "Point",
        "coordinates": [
          0.0,
          0.0
        ]
      },
      "properties": {
        "junction_id": 39576,
        "veh_id": 11538,
        "sim_time_s": 3428.1,
        "tier": "harmony-ge-local",
        "prearm_status": "action",
        "focus_role": "none"
      }
    },
    {
      "type": "Feature",
      "geometry": {
        "type": "Point",
        "coordinates": [
          500492.08156660385,
          6965689.869371266
        ]
      },
      "properties": {
        "junction_id": 39578,
        "veh_id": 11538,
        "sim_time_s": 3432.2,
        "tier": "track-zone",
        "prearm_status": "",
        "focus_role": "none"
      }
    },
    {
      "type": "Feature",
      "geometry": {
        "type": "Point",
        "coordinates": [
          500583.1279704345,
          6965488.4559788415
        ]
      },
      "properties": {
        "junction_id": 39587,
        "veh_id": 11517,
        "sim_time_s": 3451.1,
        "tier": "IC-detect",
        "prearm_status": "",
        "focus_role": "none"
      }
    },
    {
      "type": "Feature",
      "geometry": {
        "type": "Point",
        "coordinates": [
          0.0,
          0.0
        ]
      },
      "properties": {
        "junction_id": 39587,
        "veh_id": 11517,
        "sim_time_s": 3456.0,
        "tier": "harmony-ins-local",
        "prearm_status": "action",
        "focus_role": "none"
      }
    },
    {
      "type": "Feature",
      "geometry": {
        "type": "Point",
        "coordinates": [
          500583.1279704345,
          6965488.4559788415
        ]
      },
      "properties": {
        "junction_id": 1119660,
        "veh_id": 11517,
        "sim_time_s": 3459.2,
        "tier": "track-zone",
        "prearm_status": "",
        "focus_role": "none"
      }
    },
    {
      "type": "Feature",
      "geometry": {
        "type": "Point",
        "coordinates": [
          500894.3602222834,
          6964112.587356356
        ]
      },
      "properties": {
        "junction_id": 39590,
        "veh_id": 11512,
        "sim_time_s": 3461.8,
        "tier": "track-zone",
        "prearm_status": "",
        "focus_role": "none"
      }
    },
    {
      "type": "Feature",
      "geometry": {
        "type": "Point",
        "coordinates": [
          500716.0255532831,
          6964998.650253444
        ]
      },
      "properties": {
        "junction_id": 36393,
        "veh_id": 11488,
        "sim_time_s": 3468.6,
        "tier": "track-zone",
        "prearm_status": "",
        "focus_role": "none"
      }
    },
    {
      "type": "Feature",
      "geometry": {
        "type": "Point",
        "coordinates": [
          0.0,
          0.0
        ]
      },
      "properties": {
        "junction_id": 39606,
        "veh_id": 11512,
        "sim_time_s": 3474.0,
        "tier": "harmony-ge-local",
        "prearm_status": "action",
        "focus_role": "none"
      }
    },
    {
      "type": "Feature",
      "geometry": {
        "type": "Point",
        "coordinates": [
          0.0,
          0.0
        ]
      },
      "properties": {
        "junction_id": 39578,
        "veh_id": 11538,
        "sim_time_s": 3478.1,
        "tier": "harmony-ins-local",
        "prearm_status": "action",
        "focus_role": "none"
      }
    },
    {
      "type": "Feature",
      "geometry": {
        "type": "Point",
        "coordinates": [
          0.0,
          0.0
        ]
      },
      "properties": {
        "junction_id": 39576,
        "veh_id": 11528,
        "sim_time_s": 3491.6,
        "tier": "harmony-ins-local",
        "prearm_status": "action",
        "focus_role": "none"
      }
    },
    {
      "type": "Feature",
      "geometry": {
        "type": "Point",
        "coordinates": [
          500611.6206117833,
          6965399.695946686
        ]
      },
      "properties": {
        "junction_id": 39593,
        "veh_id": 11517,
        "sim_time_s": 3492.9,
        "tier": "track-zone",
        "prearm_status": "",
        "focus_role": "none"
      }
    },
    {
      "type": "Feature",
      "geometry": {
        "type": "Point",
        "coordinates": [
          0.0,
          0.0
        ]
      },
      "properties": {
        "junction_id": 39590,
        "veh_id": 11512,
        "sim_time_s": 3492.9,
        "tier": "harmony-ge-local",
        "prearm_status": "action",
        "focus_role": "none"
      }
    },
    {
      "type": "Feature",
      "geometry": {
        "type": "Point",
        "coordinates": [
          499517.39046187786,
          6966652.513049488
        ]
      },
      "properties": {
        "junction_id": 39572,
        "veh_id": 11495,
        "sim_time_s": 3492.9,
        "tier": "IC-detect",
        "prearm_status": "",
        "focus_role": "none"
      }
    },
    {
      "type": "Feature",
      "geometry": {
        "type": "Point",
        "coordinates": [
          500482.2822331763,
          6965701.851773582
        ]
      },
      "properties": {
        "junction_id": 39578,
        "veh_id": 11506,
        "sim_time_s": 3498.3,
        "tier": "track-zone",
        "prearm_status": "",
        "focus_role": "none"
      }
    },
    {
      "type": "Feature",
      "geometry": {
        "type": "Point",
        "coordinates": [
          500740.18447999004,
          6964334.181801137
        ]
      },
      "properties": {
        "junction_id": 36393,
        "veh_id": 11512,
        "sim_time_s": 3500.6,
        "tier": "coord-prearm-harmony/SHOCKWAVE",
        "prearm_status": "fired",
        "focus_role": "none"
      }
    },
    {
      "type": "Feature",
      "geometry": {
        "type": "Point",
        "coordinates": [
          0.0,
          0.0
        ]
      },
      "properties": {
        "junction_id": 36393,
        "veh_id": 11512,
        "sim_time_s": 3501.0,
        "tier": "harmony-ins-local",
        "prearm_status": "action",
        "focus_role": "none"
      }
    },
    {
      "type": "Feature",
      "geometry": {
        "type": "Point",
        "coordinates": [
          500684.0987813322,
          6964756.319799705
        ]
      },
      "properties": {
        "junction_id": 36393,
        "veh_id": 11512,
        "sim_time_s": 3501.0,
        "tier": "coord-prearm-success/SHOCKWAVE",
        "prearm_status": "success",
        "focus_role": "none"
      }
    },
    {
      "type": "Feature",
      "geometry": {
        "type": "Point",
        "coordinates": [
          500405.5890882711,
          6966037.111209415
        ]
      },
      "properties": {
        "junction_id": 1043762,
        "veh_id": 11538,
        "sim_time_s": 3502.3,
        "tier": "track-zone",
        "prearm_status": "",
        "focus_role": "none"
      }
    },
    {
      "type": "Feature",
      "geometry": {
        "type": "Point",
        "coordinates": [
          500721.6597405247,
          6964374.126396692
        ]
      },
      "properties": {
        "junction_id": 36385,
        "veh_id": 11512,
        "sim_time_s": 3504.2,
        "tier": "coord-prearm-harmony/SHOCKWAVE",
        "prearm_status": "fired",
        "focus_role": "none"
      }
    },
    {
      "type": "Feature",
      "geometry": {
        "type": "Point",
        "coordinates": [
          0.0,
          0.0
        ]
      },
      "properties": {
        "junction_id": 36385,
        "veh_id": 11512,
        "sim_time_s": 3504.6,
        "tier": "harmony-no-ge-local",
        "prearm_status": "skip",
        "focus_role": "none"
      }
    },
    {
      "type": "Feature",
      "geometry": {
        "type": "Point",
        "coordinates": [
          500832.6604281716,
          6965061.311140595
        ]
      },
      "properties": {
        "junction_id": 36385,
        "veh_id": 11488,
        "sim_time_s": 3505.9,
        "tier": "IC-detect",
        "prearm_status": "",
        "focus_role": "none"
      }
    },
    {
      "type": "Feature",
      "geometry": {
        "type": "Point",
        "coordinates": [
          500645.3974393591,
          6965255.647837907
        ]
      },
      "properties": {
        "junction_id": 36385,
        "veh_id": 11517,
        "sim_time_s": 3506.4,
        "tier": "track-zone",
        "prearm_status": "",
        "focus_role": "none"
      }
    },
    {
      "type": "Feature",
      "geometry": {
        "type": "Point",
        "coordinates": [
          499768.76243656396,
          6966597.99914889
        ]
      },
      "properties": {
        "junction_id": 39568,
        "veh_id": 11495,
        "sim_time_s": 3509.1,
        "tier": "track-zone",
        "prearm_status": "",
        "focus_role": "none"
      }
    },
    {
      "type": "Feature",
      "geometry": {
        "type": "Point",
        "coordinates": [
          0.0,
          0.0
        ]
      },
      "properties": {
        "junction_id": 39593,
        "veh_id": 11517,
        "sim_time_s": 3513.2,
        "tier": "harmony-ge-local",
        "prearm_status": "action",
        "focus_role": "none"
      }
    },
    {
      "type": "Feature",
      "geometry": {
        "type": "Point",
        "coordinates": [
          499890.850533699,
          6966543.092222005
        ]
      },
      "properties": {
        "junction_id": 39569,
        "veh_id": 11495,
        "sim_time_s": 3518.6,
        "tier": "track-zone",
        "prearm_status": "",
        "focus_role": "none"
      }
    },
    {
      "type": "Feature",
      "geometry": {
        "type": "Point",
        "coordinates": [
          0.0,
          0.0
        ]
      },
      "properties": {
        "junction_id": 1043762,
        "veh_id": 11538,
        "sim_time_s": 3518.6,
        "tier": "harmony-ins-local",
        "prearm_status": "action",
        "focus_role": "none"
      }
    },
    {
      "type": "Feature",
      "geometry": {
        "type": "Point",
        "coordinates": [
          500247.65159902617,
          6966208.084907394
        ]
      },
      "properties": {
        "junction_id": 39569,
        "veh_id": 11538,
        "sim_time_s": 3520.8,
        "tier": "coord-prearm-harmony/SHOCKWAVE",
        "prearm_status": "fired",
        "focus_role": "none"
      }
    },
    {
      "type": "Feature",
      "geometry": {
        "type": "Point",
        "coordinates": [
          0.0,
          0.0
        ]
      },
      "properties": {
        "junction_id": 39569,
        "veh_id": 11538,
        "sim_time_s": 3521.2,
        "tier": "harmony-ins-local",
        "prearm_status": "action",
        "focus_role": "none"
      }
    },
    {
      "type": "Feature",
      "geometry": {
        "type": "Point",
        "coordinates": [
          500105.3249690746,
          6966447.427635936
        ]
      },
      "properties": {
        "junction_id": 39569,
        "veh_id": 11538,
        "sim_time_s": 3521.2,
        "tier": "coord-prearm-success/SHOCKWAVE",
        "prearm_status": "success",
        "focus_role": "none"
      }
    },
    {
      "type": "Feature",
      "geometry": {
        "type": "Point",
        "coordinates": [
          500512.41185989615,
          6965704.583462445
        ]
      },
      "properties": {
        "junction_id": 39587,
        "veh_id": 11528,
        "sim_time_s": 3523.9,
        "tier": "track-zone",
        "prearm_status": "",
        "focus_role": "none"
      }
    },
    {
      "type": "Feature",
      "geometry": {
        "type": "Point",
        "coordinates": [
          500213.0082682529,
          6966267.7502159495
        ]
      },
      "properties": {
        "junction_id": 39572,
        "veh_id": 11538,
        "sim_time_s": 3525.3,
        "tier": "coord-prearm-harmony/SHOCKWAVE",
        "prearm_status": "fired",
        "focus_role": "none"
      }
    },
    {
      "type": "Feature",
      "geometry": {
        "type": "Point",
        "coordinates": [
          0.0,
          0.0
        ]
      },
      "properties": {
        "junction_id": 39572,
        "veh_id": 11538,
        "sim_time_s": 3525.8,
        "tier": "harmony-ins-local",
        "prearm_status": "action",
        "focus_role": "none"
      }
    },
    {
      "type": "Feature",
      "geometry": {
        "type": "Point",
        "coordinates": [
          500012.2556836752,
          6966653.44887729
        ]
      },
      "properties": {
        "junction_id": 39572,
        "veh_id": 11538,
        "sim_time_s": 3525.8,
        "tier": "coord-prearm-success/SHOCKWAVE",
        "prearm_status": "success",
        "focus_role": "none"
      }
    },
    {
      "type": "Feature",
      "geometry": {
        "type": "Point",
        "coordinates": [
          500518.96159269783,
          6965646.976647883
        ]
      },
      "properties": {
        "junction_id": 1119660,
        "veh_id": 11528,
        "sim_time_s": 3530.7,
        "tier": "track-zone",
        "prearm_status": "",
        "focus_role": "none"
      }
    },
    {
      "type": "Feature",
      "geometry": {
        "type": "Point",
        "coordinates": [
          500966.40703517915,
          6965106.027054463
        ]
      },
      "properties": {
        "junction_id": 39593,
        "veh_id": 11488,
        "sim_time_s": 3532.9,
        "tier": "IC-detect",
        "prearm_status": "",
        "focus_role": "none"
      }
    },
    {
      "type": "Feature",
      "geometry": {
        "type": "Point",
        "coordinates": [
          500482.3004620129,
          6965701.855380783
        ]
      },
      "properties": {
        "junction_id": 39576,
        "veh_id": 11506,
        "sim_time_s": 3540.6,
        "tier": "IC-detect",
        "prearm_status": "",
        "focus_role": "none"
      }
    },
    {
      "type": "Feature",
      "geometry": {
        "type": "Point",
        "coordinates": [
          500126.85404550016,
          6966434.625345787
        ]
      },
      "properties": {
        "junction_id": 1043762,
        "veh_id": 11495,
        "sim_time_s": 3552.3,
        "tier": "track-zone",
        "prearm_status": "",
        "focus_role": "none"
      }
    },
    {
      "type": "Feature",
      "geometry": {
        "type": "Point",
        "coordinates": [
          0.0,
          0.0
        ]
      },
      "properties": {
        "junction_id": 36385,
        "veh_id": 11517,
        "sim_time_s": 3565.8,
        "tier": "harmony-ins-local",
        "prearm_status": "action",
        "focus_role": "none"
      }
    },
    {
      "type": "Feature",
      "geometry": {
        "type": "Point",
        "coordinates": [
          500715.9750991549,
          6965021.28412977
        ]
      },
      "properties": {
        "junction_id": 36385,
        "veh_id": 11512,
        "sim_time_s": 3566.2,
        "tier": "coord-prearm-missed/SHOCKWAVE",
        "prearm_status": "missed",
        "focus_role": "none"
      }
    },
    {
      "type": "Feature",
      "geometry": {
        "type": "Point",
        "coordinates": [
          500728.9655853606,
          6964997.474874558
        ]
      },
      "properties": {
        "junction_id": 36393,
        "veh_id": 11517,
        "sim_time_s": 3569.8,
        "tier": "track-zone",
        "prearm_status": "",
        "focus_role": "none"
      }
    },
    {
      "type": "Feature",
      "geometry": {
        "type": "Point",
        "coordinates": [
          500728.9655853606,
          6964997.474874558
        ]
      },
      "properties": {
        "junction_id": 36393,
        "veh_id": 11517,
        "sim_time_s": 3569.8,
        "tier": "coord-prearm-harmony/SHOCKWAVE",
        "prearm_status": "fired",
        "focus_role": "none"
      }
    },
    {
      "type": "Feature",
      "geometry": {
        "type": "Point",
        "coordinates": [
          0.0,
          0.0
        ]
      },
      "properties": {
        "junction_id": 36393,
        "veh_id": 11517,
        "sim_time_s": 3570.3,
        "tier": "harmony-ins-local",
        "prearm_status": "action",
        "focus_role": "none"
      }
    },
    {
      "type": "Feature",
      "geometry": {
        "type": "Point",
        "coordinates": [
          500684.0987813322,
          6964756.319799705
        ]
      },
      "properties": {
        "junction_id": 36393,
        "veh_id": 11517,
        "sim_time_s": 3570.3,
        "tier": "coord-prearm-success/SHOCKWAVE",
        "prearm_status": "success",
        "focus_role": "none"
      }
    },
    {
      "type": "Feature",
      "geometry": {
        "type": "Point",
        "coordinates": [
          500726.9812650558,
          6964967.50722837
        ]
      },
      "properties": {
        "junction_id": 39590,
        "veh_id": 11517,
        "sim_time_s": 3573.4,
        "tier": "coord-prearm-harmony/SHOCKWAVE",
        "prearm_status": "fired",
        "focus_role": "none"
      }
    },
    {
      "type": "Feature",
      "geometry": {
        "type": "Point",
        "coordinates": [
          0.0,
          0.0
        ]
      },
      "properties": {
        "junction_id": 39590,
        "veh_id": 11517,
        "sim_time_s": 3573.9,
        "tier": "harmony-ins-local",
        "prearm_status": "action",
        "focus_role": "none"
      }
    },
    {
      "type": "Feature",
      "geometry": {
        "type": "Point",
        "coordinates": [
          500756.59727603965,
          6964319.360583137
        ]
      },
      "properties": {
        "junction_id": 39590,
        "veh_id": 11517,
        "sim_time_s": 3573.9,
        "tier": "coord-prearm-success/SHOCKWAVE",
        "prearm_status": "success",
        "focus_role": "none"
      }
    },
    {
      "type": "Feature",
      "geometry": {
        "type": "Point",
        "coordinates": [
          0.0,
          0.0
        ]
      },
      "properties": {
        "junction_id": 39576,
        "veh_id": 11506,
        "sim_time_s": 3584.7,
        "tier": "harmony-ins-local",
        "prearm_status": "action",
        "focus_role": "none"
      }
    },
    {
      "type": "Feature",
      "geometry": {
        "type": "Point",
        "coordinates": [
          500360.5003115068,
          6966089.295814544
        ]
      },
      "properties": {
        "junction_id": 39578,
        "veh_id": 11495,
        "sim_time_s": 3586.1,
        "tier": "track-section",
        "prearm_status": "",
        "focus_role": "none"
      }
    },
    {
      "type": "Feature",
      "geometry": {
        "type": "Point",
        "coordinates": [
          500077.4298563737,
          6966486.733716327
        ]
      },
      "properties": {
        "junction_id": 39568,
        "veh_id": 11538,
        "sim_time_s": 3594.2,
        "tier": "track-zone",
        "prearm_status": "",
        "focus_role": "none"
      }
    },
    {
      "type": "Feature",
      "geometry": {
        "type": "Point",
        "coordinates": [
          500949.53229003365,
          6964036.232777647
        ]
      },
      "properties": {
        "junction_id": 39606,
        "veh_id": 11539,
        "sim_time_s": 3600.0,
        "tier": "IC-detect",
        "prearm_status": "",
        "focus_role": "none"
      }
    },
    {
      "type": "Feature",
      "geometry": {
        "type": "Point",
        "coordinates": [
          0.0,
          0.0
        ]
      },
      "properties": {
        "junction_id": 39578,
        "veh_id": 11495,
        "sim_time_s": 3603.6,
        "tier": "harmony-ins-local",
        "prearm_status": "action",
        "focus_role": "none"
      }
    },
    {
      "type": "Feature",
      "geometry": {
        "type": "Point",
        "coordinates": [
          500525.5077548663,
          6965934.476862868
        ]
      },
      "properties": {
        "junction_id": 39576,
        "veh_id": 11495,
        "sim_time_s": 3604.9,
        "tier": "track-zone",
        "prearm_status": "",
        "focus_role": "none"
      }
    },
    {
      "type": "Feature",
      "geometry": {
        "type": "Point",
        "coordinates": [
          500084.15910445794,
          6967501.988554149
        ]
      },
      "properties": {
        "junction_id": 38339,
        "veh_id": 11529,
        "sim_time_s": 3605.4,
        "tier": "IC-detect",
        "prearm_status": "",
        "focus_role": "none"
      }
    },
    {
      "type": "Feature",
      "geometry": {
        "type": "Point",
        "coordinates": [
          500889.73017343215,
          6964122.305016703
        ]
      },
      "properties": {
        "junction_id": 39590,
        "veh_id": 11539,
        "sim_time_s": 3606.3,
        "tier": "track-zone",
        "prearm_status": "",
        "focus_role": "none"
      }
    },
    {
      "type": "Feature",
      "geometry": {
        "type": "Point",
        "coordinates": [
          500497.759759989,
          6965702.554962474
        ]
      },
      "properties": {
        "junction_id": 39587,
        "veh_id": 11506,
        "sim_time_s": 3607.7,
        "tier": "track-zone",
        "prearm_status": "",
        "focus_role": "none"
      }
    },
    {
      "type": "Feature",
      "geometry": {
        "type": "Point",
        "coordinates": [
          0.0,
          0.0
        ]
      },
      "properties": {
        "junction_id": 39606,
        "veh_id": 11539,
        "sim_time_s": 3610.3,
        "tier": "harmony-ge-local",
        "prearm_status": "action",
        "focus_role": "none"
      }
    },
    {
      "type": "Feature",
      "geometry": {
        "type": "Point",
        "coordinates": [
          500551.67059852637,
          6965570.646708548
        ]
      },
      "properties": {
        "junction_id": 10157950,
        "veh_id": 11528,
        "sim_time_s": 3611.7,
        "tier": "track-zone",
        "prearm_status": "",
        "focus_role": "none"
      }
    },
    {
      "type": "Feature",
      "geometry": {
        "type": "Point",
        "coordinates": [
          500513.1866096577,
          6965646.101281699
        ]
      },
      "properties": {
        "junction_id": 1119660,
        "veh_id": 11506,
        "sim_time_s": 3614.4,
        "tier": "track-zone",
        "prearm_status": "",
        "focus_role": "none"
      }
    },
    {
      "type": "Feature",
      "geometry": {
        "type": "Point",
        "coordinates": [
          500678.84261418023,
          6964742.9013146125
        ]
      },
      "properties": {
        "junction_id": 36393,
        "veh_id": 11512,
        "sim_time_s": 3621.2,
        "tier": "IC-detect",
        "prearm_status": "",
        "focus_role": "none"
      }
    },
    {
      "type": "Feature",
      "geometry": {
        "type": "Point",
        "coordinates": [
          500559.89336331736,
          6965552.800848736
        ]
      },
      "properties": {
        "junction_id": 39576,
        "veh_id": 11528,
        "sim_time_s": 3634.7,
        "tier": "track-zone",
        "prearm_status": "",
        "focus_role": "none"
      }
    },
    {
      "type": "Feature",
      "geometry": {
        "type": "Point",
        "coordinates": [
          500018.1114277888,
          6966618.796688445
        ]
      },
      "properties": {
        "junction_id": 11118289,
        "veh_id": 11538,
        "sim_time_s": 3636.0,
        "tier": "track-zone",
        "prearm_status": "",
        "focus_role": "none"
      }
    },
    {
      "type": "Feature",
      "geometry": {
        "type": "Point",
        "coordinates": [
          500559.9027442357,
          6965552.780489337
        ]
      },
      "properties": {
        "junction_id": 39587,
        "veh_id": 11528,
        "sim_time_s": 3644.1,
        "tier": "IC-detect-far",
        "prearm_status": "",
        "focus_role": "none"
      }
    },
    {
      "type": "Feature",
      "geometry": {
        "type": "Point",
        "coordinates": [
          500559.9027442357,
          6965552.780489337
        ]
      },
      "properties": {
        "junction_id": 1119660,
        "veh_id": 11528,
        "sim_time_s": 3652.2,
        "tier": "track-zone",
        "prearm_status": "",
        "focus_role": "none"
      }
    },
    {
      "type": "Feature",
      "geometry": {
        "type": "Point",
        "coordinates": [
          0.0,
          0.0
        ]
      },
      "properties": {
        "junction_id": 39576,
        "veh_id": 11495,
        "sim_time_s": 3669.8,
        "tier": "harmony-ins-local",
        "prearm_status": "action",
        "focus_role": "none"
      }
    },
    {
      "type": "Feature",
      "geometry": {
        "type": "Point",
        "coordinates": [
          500701.31635339366,
          6964930.259781969
        ]
      },
      "properties": {
        "junction_id": 39593,
        "veh_id": 11512,
        "sim_time_s": 3676.5,
        "tier": "track-zone",
        "prearm_status": "",
        "focus_role": "none"
      }
    },
    {
      "type": "Feature",
      "geometry": {
        "type": "Point",
        "coordinates": [
          500709.5117240397,
          6964882.126032636
        ]
      },
      "properties": {
        "junction_id": 36385,
        "veh_id": 11517,
        "sim_time_s": 3685.9,
        "tier": "IC-detect-far",
        "prearm_status": "",
        "focus_role": "none"
      }
    },
    {
      "type": "Feature",
      "geometry": {
        "type": "Point",
        "coordinates": [
          500703.64503826166,
          6964944.482025222
        ]
      },
      "properties": {
        "junction_id": 36385,
        "veh_id": 11512,
        "sim_time_s": 3686.4,
        "tier": "IC-detect",
        "prearm_status": "",
        "focus_role": "none"
      }
    },
    {
      "type": "Feature",
      "geometry": {
        "type": "Point",
        "coordinates": [
          499967.1076233337,
          6967110.939901385
        ]
      },
      "properties": {
        "junction_id": 11118289,
        "veh_id": 11529,
        "sim_time_s": 3687.3,
        "tier": "track-zone",
        "prearm_status": "",
        "focus_role": "none"
      }
    },
    {
      "type": "Feature",
      "geometry": {
        "type": "Point",
        "coordinates": [
          0.0,
          0.0
        ]
      },
      "properties": {
        "junction_id": 39590,
        "veh_id": 11539,
        "sim_time_s": 3690.0,
        "tier": "harmony-ge-local",
        "prearm_status": "action",
        "focus_role": "none"
      }
    },
    {
      "type": "Feature",
      "geometry": {
        "type": "Point",
        "coordinates": [
          500705.883786328,
          6964866.830023926
        ]
      },
      "properties": {
        "junction_id": 36393,
        "veh_id": 11517,
        "sim_time_s": 3690.4,
        "tier": "IC-detect",
        "prearm_status": "",
        "focus_role": "none"
      }
    },
    {
      "type": "Feature",
      "geometry": {
        "type": "Point",
        "coordinates": [
          0.0,
          0.0
        ]
      },
      "properties": {
        "junction_id": 38339,
        "veh_id": 11529,
        "sim_time_s": 3692.7,
        "tier": "harmony-no-ge-local",
        "prearm_status": "skip",
        "focus_role": "none"
      }
    },
    {
      "type": "Feature",
      "geometry": {
        "type": "Point",
        "coordinates": [
          0.0,
          0.0
        ]
      },
      "properties": {
        "junction_id": 39587,
        "veh_id": 11528,
        "sim_time_s": 3700.8,
        "tier": "harmony-ins-local",
        "prearm_status": "action",
        "focus_role": "none"
      }
    },
    {
      "type": "Feature",
      "geometry": {
        "type": "Point",
        "coordinates": [
          499958.3259810269,
          6966954.8920734525
        ]
      },
      "properties": {
        "junction_id": 39568,
        "veh_id": 11529,
        "sim_time_s": 3702.2,
        "tier": "track-zone",
        "prearm_status": "",
        "focus_role": "none"
      }
    },
    {
      "type": "Feature",
      "geometry": {
        "type": "Point",
        "coordinates": [
          500542.56360154215,
          6965583.744113937
        ]
      },
      "properties": {
        "junction_id": 39576,
        "veh_id": 11506,
        "sim_time_s": 3704.8,
        "tier": "IC-detect",
        "prearm_status": "",
        "focus_role": "none"
      }
    },
    {
      "type": "Feature",
      "geometry": {
        "type": "Point",
        "coordinates": [
          499965.6068110369,
          6966766.40012337
        ]
      },
      "properties": {
        "junction_id": 39572,
        "veh_id": 11538,
        "sim_time_s": 3708.9,
        "tier": "track-zone",
        "prearm_status": "",
        "focus_role": "none"
      }
    },
    {
      "type": "Feature",
      "geometry": {
        "type": "Point",
        "coordinates": [
          500549.3138114005,
          6965569.09413891
        ]
      },
      "properties": {
        "junction_id": 10157950,
        "veh_id": 11506,
        "sim_time_s": 3710.2,
        "tier": "track-zone",
        "prearm_status": "",
        "focus_role": "none"
      }
    },
    {
      "type": "Feature",
      "geometry": {
        "type": "Point",
        "coordinates": [
          500611.1868586345,
          6965400.970367752
        ]
      },
      "properties": {
        "junction_id": 39593,
        "veh_id": 11528,
        "sim_time_s": 3710.2,
        "tier": "track-zone",
        "prearm_status": "",
        "focus_role": "none"
      }
    },
    {
      "type": "Feature",
      "geometry": {
        "type": "Point",
        "coordinates": [
          499965.6068110369,
          6966766.40012337
        ]
      },
      "properties": {
        "junction_id": 39568,
        "veh_id": 11538,
        "sim_time_s": 3715.7,
        "tier": "track-zone",
        "prearm_status": "",
        "focus_role": "none"
      }
    },
    {
      "type": "Feature",
      "geometry": {
        "type": "Point",
        "coordinates": [
          500647.5705247961,
          6965258.120823309
        ]
      },
      "properties": {
        "junction_id": 36385,
        "veh_id": 11528,
        "sim_time_s": 3727.8,
        "tier": "track-zone",
        "prearm_status": "",
        "focus_role": "none"
      }
    },
    {
      "type": "Feature",
      "geometry": {
        "type": "Point",
        "coordinates": [
          500586.483589507,
          6965479.397739783
        ]
      },
      "properties": {
        "junction_id": 39587,
        "veh_id": 11506,
        "sim_time_s": 3727.8,
        "tier": "IC-detect",
        "prearm_status": "",
        "focus_role": "none"
      }
    },
    {
      "type": "Feature",
      "geometry": {
        "type": "Point",
        "coordinates": [
          500506.6260711158,
          6965705.094765417
        ]
      },
      "properties": {
        "junction_id": 39587,
        "veh_id": 11495,
        "sim_time_s": 3729.2,
        "tier": "track-zone",
        "prearm_status": "",
        "focus_role": "none"
      }
    },
    {
      "type": "Feature",
      "geometry": {
        "type": "Point",
        "coordinates": [
          500681.7639130135,
          6965097.126852859
        ]
      },
      "properties": {
        "junction_id": 10157950,
        "veh_id": 11512,
        "sim_time_s": 3730.5,
        "tier": "track-zone",
        "prearm_status": "",
        "focus_role": "none"
      }
    },
    {
      "type": "Feature",
      "geometry": {
        "type": "Point",
        "coordinates": [
          500650.80139600724,
          6965250.569844186
        ]
      },
      "properties": {
        "junction_id": 10157950,
        "veh_id": 11528,
        "sim_time_s": 3733.2,
        "tier": "track-zone",
        "prearm_status": "",
        "focus_role": "none"
      }
    },
    {
      "type": "Feature",
      "geometry": {
        "type": "Point",
        "coordinates": [
          500673.6534248551,
          6964518.085915709
        ]
      },
      "properties": {
        "junction_id": 36393,
        "veh_id": 11539,
        "sim_time_s": 3734.6,
        "tier": "track-zone",
        "prearm_status": "",
        "focus_role": "none"
      }
    },
    {
      "type": "Feature",
      "geometry": {
        "type": "Point",
        "coordinates": [
          500512.8774897325,
          6965647.271105513
        ]
      },
      "properties": {
        "junction_id": 1119660,
        "veh_id": 11495,
        "sim_time_s": 3735.9,
        "tier": "track-zone",
        "prearm_status": "",
        "focus_role": "none"
      }
    },
    {
      "type": "Feature",
      "geometry": {
        "type": "Point",
        "coordinates": [
          500586.528642384,
          6965479.272135095
        ]
      },
      "properties": {
        "junction_id": 1119660,
        "veh_id": 11506,
        "sim_time_s": 3735.9,
        "tier": "track-zone",
        "prearm_status": "",
        "focus_role": "none"
      }
    },
    {
      "type": "Feature",
      "geometry": {
        "type": "Point",
        "coordinates": [
          500547.1787023959,
          6965566.622755481
        ]
      },
      "properties": {
        "junction_id": 10157950,
        "veh_id": 11495,
        "sim_time_s": 3748.1,
        "tier": "track-zone",
        "prearm_status": "",
        "focus_role": "none"
      }
    },
    {
      "type": "Feature",
      "geometry": {
        "type": "Point",
        "coordinates": [
          0.0,
          0.0
        ]
      },
      "properties": {
        "junction_id": 36393,
        "veh_id": 11539,
        "sim_time_s": 3748.1,
        "tier": "harmony-ins-local",
        "prearm_status": "action",
        "focus_role": "none"
      }
    },
    {
      "type": "Feature",
      "geometry": {
        "type": "Point",
        "coordinates": [
          0.0,
          0.0
        ]
      },
      "properties": {
        "junction_id": 39593,
        "veh_id": 11528,
        "sim_time_s": 3748.1,
        "tier": "harmony-ge-local",
        "prearm_status": "action",
        "focus_role": "none"
      }
    },
    {
      "type": "Feature",
      "geometry": {
        "type": "Point",
        "coordinates": [
          500679.1845708908,
          6964766.175955218
        ]
      },
      "properties": {
        "junction_id": 36385,
        "veh_id": 11539,
        "sim_time_s": 3752.1,
        "tier": "coord-prearm-harmony/SHOCKWAVE",
        "prearm_status": "fired",
        "focus_role": "none"
      }
    },
    {
      "type": "Feature",
      "geometry": {
        "type": "Point",
        "coordinates": [
          0.0,
          0.0
        ]
      },
      "properties": {
        "junction_id": 36385,
        "veh_id": 11539,
        "sim_time_s": 3752.6,
        "tier": "harmony-ins-local",
        "prearm_status": "action",
        "focus_role": "none"
      }
    },
    {
      "type": "Feature",
      "geometry": {
        "type": "Point",
        "coordinates": [
          500715.9750991549,
          6965021.28412977
        ]
      },
      "properties": {
        "junction_id": 36385,
        "veh_id": 11539,
        "sim_time_s": 3752.6,
        "tier": "coord-prearm-success/SHOCKWAVE",
        "prearm_status": "success",
        "focus_role": "none"
      }
    },
    {
      "type": "Feature",
      "geometry": {
        "type": "Point",
        "coordinates": [
          500689.27792719746,
          6964556.583513348
        ]
      },
      "properties": {
        "junction_id": 39590,
        "veh_id": 11517,
        "sim_time_s": 3753.4,
        "tier": "track-zone",
        "prearm_status": "",
        "focus_role": "none"
      }
    },
    {
      "type": "Feature",
      "geometry": {
        "type": "Point",
        "coordinates": [
          500657.87867126183,
          6965191.335078218
        ]
      },
      "properties": {
        "junction_id": 1119660,
        "veh_id": 11512,
        "sim_time_s": 3757.5,
        "tier": "track-zone",
        "prearm_status": "",
        "focus_role": "none"
      }
    },
    {
      "type": "Feature",
      "geometry": {
        "type": "Point",
        "coordinates": [
          499965.6068110369,
          6966766.40012337
        ]
      },
      "properties": {
        "junction_id": 11118289,
        "veh_id": 11538,
        "sim_time_s": 3757.5,
        "tier": "track-zone",
        "prearm_status": "",
        "focus_role": "none"
      }
    },
    {
      "type": "Feature",
      "geometry": {
        "type": "Point",
        "coordinates": [
          500639.70980541315,
          6965232.2771732425
        ]
      },
      "properties": {
        "junction_id": 39587,
        "veh_id": 11512,
        "sim_time_s": 3760.2,
        "tier": "track-zone",
        "prearm_status": "",
        "focus_role": "none"
      }
    },
    {
      "type": "Feature",
      "geometry": {
        "type": "Point",
        "coordinates": [
          0.0,
          0.0
        ]
      },
      "properties": {
        "junction_id": 39587,
        "veh_id": 11506,
        "sim_time_s": 3761.1,
        "tier": "harmony-ins-local",
        "prearm_status": "action",
        "focus_role": "none"
      }
    },
    {
      "type": "Feature",
      "geometry": {
        "type": "Point",
        "coordinates": [
          500701.21062332334,
          6964929.711867208
        ]
      },
      "properties": {
        "junction_id": 39593,
        "veh_id": 11539,
        "sim_time_s": 3766.9,
        "tier": "track-zone",
        "prearm_status": "",
        "focus_role": "none"
      }
    },
    {
      "type": "Feature",
      "geometry": {
        "type": "Point",
        "coordinates": [
          500729.6547186948,
          6964410.556210097
        ]
      },
      "properties": {
        "junction_id": 39606,
        "veh_id": 11517,
        "sim_time_s": 3777.8,
        "tier": "track-zone",
        "prearm_status": "",
        "focus_role": "none"
      }
    },
    {
      "type": "Feature",
      "geometry": {
        "type": "Point",
        "coordinates": [
          500607.79288702714,
          6965413.862844
        ]
      },
      "properties": {
        "junction_id": 39593,
        "veh_id": 11506,
        "sim_time_s": 3791.2,
        "tier": "track-zone",
        "prearm_status": "",
        "focus_role": "none"
      }
    },
    {
      "type": "Feature",
      "geometry": {
        "type": "Point",
        "coordinates": [
          500591.34685567016,
          6965396.204212244
        ]
      },
      "properties": {
        "junction_id": 39593,
        "veh_id": 11512,
        "sim_time_s": 3798.0,
        "tier": "track-zone",
        "prearm_status": "",
        "focus_role": "none"
      }
    },
    {
      "type": "Feature",
      "geometry": {
        "type": "Point",
        "coordinates": [
          500648.45970365003,
          6965256.5325357355
        ]
      },
      "properties": {
        "junction_id": 36385,
        "veh_id": 11506,
        "sim_time_s": 3802.1,
        "tier": "track-zone",
        "prearm_status": "",
        "focus_role": "none"
      }
    },
    {
      "type": "Feature",
      "geometry": {
        "type": "Point",
        "coordinates": [
          0.0,
          0.0
        ]
      },
      "properties": {
        "junction_id": 39593,
        "veh_id": 11506,
        "sim_time_s": 3808.3,
        "tier": "harmony-no-ge-local",
        "prearm_status": "skip",
        "focus_role": "none"
      }
    },
    {
      "type": "Feature",
      "geometry": {
        "type": "Point",
        "coordinates": [
          499961.4834812471,
          6966919.3804907305
        ]
      },
      "properties": {
        "junction_id": 11118289,
        "veh_id": 11529,
        "sim_time_s": 3808.8,
        "tier": "track-zone",
        "prearm_status": "",
        "focus_role": "none"
      }
    },
    {
      "type": "Feature",
      "geometry": {
        "type": "Point",
        "coordinates": [
          0.0,
          0.0
        ]
      },
      "properties": {
        "junction_id": 39587,
        "veh_id": 11512,
        "sim_time_s": 3821.4,
        "tier": "harmony-ins-local",
        "prearm_status": "action",
        "focus_role": "none"
      }
    },
    {
      "type": "Feature",
      "geometry": {
        "type": "Point",
        "coordinates": [
          499961.4834812471,
          6966919.3804907305
        ]
      },
      "properties": {
        "junction_id": 39568,
        "veh_id": 11529,
        "sim_time_s": 3823.7,
        "tier": "track-zone",
        "prearm_status": "",
        "focus_role": "none"
      }
    },
    {
      "type": "Feature",
      "geometry": {
        "type": "Point",
        "coordinates": [
          499965.6068110369,
          6966766.40012337
        ]
      },
      "properties": {
        "junction_id": 39572,
        "veh_id": 11538,
        "sim_time_s": 3830.4,
        "tier": "track-zone",
        "prearm_status": "",
        "focus_role": "none"
      }
    },
    {
      "type": "Feature",
      "geometry": {
        "type": "Point",
        "coordinates": [
          500682.2122957545,
          6965180.734481046
        ]
      },
      "properties": {
        "junction_id": 10157950,
        "veh_id": 11506,
        "sim_time_s": 3831.8,
        "tier": "track-zone",
        "prearm_status": "",
        "focus_role": "none"
      }
    },
    {
      "type": "Feature",
      "geometry": {
        "type": "Point",
        "coordinates": [
          500571.3325682237,
          6965462.651092608
        ]
      },
      "properties": {
        "junction_id": 39576,
        "veh_id": 11512,
        "sim_time_s": 3833.1,
        "tier": "track-zone",
        "prearm_status": "",
        "focus_role": "none"
      }
    },
    {
      "type": "Feature",
      "geometry": {
        "type": "Point",
        "coordinates": [
          500605.0079996568,
          6965401.896938309
        ]
      },
      "properties": {
        "junction_id": 39593,
        "veh_id": 11495,
        "sim_time_s": 3837.2,
        "tier": "track-zone",
        "prearm_status": "",
        "focus_role": "none"
      }
    },
    {
      "type": "Feature",
      "geometry": {
        "type": "Point",
        "coordinates": [
          499965.6068110369,
          6966766.40012337
        ]
      },
      "properties": {
        "junction_id": 39568,
        "veh_id": 11538,
        "sim_time_s": 3837.2,
        "tier": "track-zone",
        "prearm_status": "",
        "focus_role": "none"
      }
    },
    {
      "type": "Feature",
      "geometry": {
        "type": "Point",
        "coordinates": [
          500646.64223220636,
          6965245.72237087
        ]
      },
      "properties": {
        "junction_id": 36385,
        "veh_id": 11495,
        "sim_time_s": 3847.9,
        "tier": "track-zone",
        "prearm_status": "",
        "focus_role": "none"
      }
    },
    {
      "type": "Feature",
      "geometry": {
        "type": "Point",
        "coordinates": [
          500715.62735482334,
          6965073.170957527
        ]
      },
      "properties": {
        "junction_id": 36385,
        "veh_id": 11528,
        "sim_time_s": 3847.9,
        "tier": "IC-detect-far",
        "prearm_status": "",
        "focus_role": "none"
      }
    },
    {
      "type": "Feature",
      "geometry": {
        "type": "Point",
        "coordinates": [
          0.0,
          0.0
        ]
      },
      "properties": {
        "junction_id": 39576,
        "veh_id": 11512,
        "sim_time_s": 3852.0,
        "tier": "harmony-ins-local",
        "prearm_status": "action",
        "focus_role": "none"
      }
    },
    {
      "type": "Feature",
      "geometry": {
        "type": "Point",
        "coordinates": [
          500492.20055691054,
          6965686.650432437
        ]
      },
      "properties": {
        "junction_id": 39578,
        "veh_id": 11512,
        "sim_time_s": 3858.8,
        "tier": "track-zone",
        "prearm_status": "",
        "focus_role": "none"
      }
    },
    {
      "type": "Feature",
      "geometry": {
        "type": "Point",
        "coordinates": [
          500684.9751761931,
          6965095.646005028
        ]
      },
      "properties": {
        "junction_id": 10157950,
        "veh_id": 11539,
        "sim_time_s": 3858.8,
        "tier": "track-zone",
        "prearm_status": "",
        "focus_role": "none"
      }
    },
    {
      "type": "Feature",
      "geometry": {
        "type": "Point",
        "coordinates": [
          0.0,
          0.0
        ]
      },
      "properties": {
        "junction_id": 36385,
        "veh_id": 11528,
        "sim_time_s": 3860.1,
        "tier": "harmony-ge-local",
        "prearm_status": "action",
        "focus_role": "none"
      }
    },
    {
      "type": "Feature",
      "geometry": {
        "type": "Point",
        "coordinates": [
          0.0,
          0.0
        ]
      },
      "properties": {
        "junction_id": 39593,
        "veh_id": 11539,
        "sim_time_s": 3862.8,
        "tier": "harmony-ge-local",
        "prearm_status": "action",
        "focus_role": "none"
      }
    },
    {
      "type": "Feature",
      "geometry": {
        "type": "Point",
        "coordinates": [
          500662.58862356486,
          6965179.679378464
        ]
      },
      "properties": {
        "junction_id": 1119660,
        "veh_id": 11539,
        "sim_time_s": 3864.2,
        "tier": "track-zone",
        "prearm_status": "",
        "focus_role": "none"
      }
    },
    {
      "type": "Feature",
      "geometry": {
        "type": "Point",
        "coordinates": [
          0.0,
          0.0
        ]
      },
      "properties": {
        "junction_id": 39606,
        "veh_id": 11517,
        "sim_time_s": 3864.2,
        "tier": "harmony-ge-local",
        "prearm_status": "action",
        "focus_role": "none"
      }
    },
    {
      "type": "Feature",
      "geometry": {
        "type": "Point",
        "coordinates": [
          500728.9833716112,
          6965001.742033407
        ]
      },
      "properties": {
        "junction_id": 36393,
        "veh_id": 11528,
        "sim_time_s": 3865.5,
        "tier": "track-zone",
        "prearm_status": "",
        "focus_role": "none"
      }
    },
    {
      "type": "Feature",
      "geometry": {
        "type": "Point",
        "coordinates": [
          500635.87703128974,
          6965240.66414257
        ]
      },
      "properties": {
        "junction_id": 39587,
        "veh_id": 11539,
        "sim_time_s": 3868.2,
        "tier": "track-zone",
        "prearm_status": "",
        "focus_role": "none"
      }
    },
    {
      "type": "Feature",
      "geometry": {
        "type": "Point",
        "coordinates": [
          500701.4024870349,
          6965106.82404216
        ]
      },
      "properties": {
        "junction_id": 10157950,
        "veh_id": 11495,
        "sim_time_s": 3869.6,
        "tier": "track-zone",
        "prearm_status": "",
        "focus_role": "none"
      }
    },
    {
      "type": "Feature",
      "geometry": {
        "type": "Point",
        "coordinates": [
          500904.3823259114,
          6964148.418945576
        ]
      },
      "properties": {
        "junction_id": 39590,
        "veh_id": 11517,
        "sim_time_s": 3874.9,
        "tier": "track-zone",
        "prearm_status": "",
        "focus_role": "none"
      }
    },
    {
      "type": "Feature",
      "geometry": {
        "type": "Point",
        "coordinates": [
          500723.2514541986,
          6965001.6793414345
        ]
      },
      "properties": {
        "junction_id": 36393,
        "veh_id": 11495,
        "sim_time_s": 3879.0,
        "tier": "track-zone",
        "prearm_status": "",
        "focus_role": "none"
      }
    },
    {
      "type": "Feature",
      "geometry": {
        "type": "Point",
        "coordinates": [
          499965.6068110369,
          6966766.40012337
        ]
      },
      "properties": {
        "junction_id": 11118289,
        "veh_id": 11538,
        "sim_time_s": 3879.0,
        "tier": "track-zone",
        "prearm_status": "",
        "focus_role": "none"
      }
    },
    {
      "type": "Feature",
      "geometry": {
        "type": "Point",
        "coordinates": [
          0.0,
          0.0
        ]
      },
      "properties": {
        "junction_id": 39587,
        "veh_id": 11539,
        "sim_time_s": 3881.7,
        "tier": "harmony-no-ge-local",
        "prearm_status": "skip",
        "focus_role": "none"
      }
    },
    {
      "type": "Feature",
      "geometry": {
        "type": "Point",
        "coordinates": [
          0.0,
          0.0
        ]
      },
      "properties": {
        "junction_id": 36393,
        "veh_id": 11528,
        "sim_time_s": 3887.1,
        "tier": "harmony-no-ge-local",
        "prearm_status": "skip",
        "focus_role": "none"
      }
    },
    {
      "type": "Feature",
      "geometry": {
        "type": "Point",
        "coordinates": [
          0.0,
          0.0
        ]
      },
      "properties": {
        "junction_id": 39578,
        "veh_id": 11512,
        "sim_time_s": 3897.9,
        "tier": "harmony-no-ge-local",
        "prearm_status": "skip",
        "focus_role": "none"
      }
    },
    {
      "type": "Feature",
      "geometry": {
        "type": "Point",
        "coordinates": [
          499961.4834812471,
          6966919.3804907305
        ]
      },
      "properties": {
        "junction_id": 38339,
        "veh_id": 11529,
        "sim_time_s": 3904.7,
        "tier": "track-zone",
        "prearm_status": "",
        "focus_role": "none"
      }
    },
    {
      "type": "Feature",
      "geometry": {
        "type": "Point",
        "coordinates": [
          500729.1413847813,
          6964998.180303849
        ]
      },
      "properties": {
        "junction_id": 36393,
        "veh_id": 11506,
        "sim_time_s": 3910.1,
        "tier": "track-zone",
        "prearm_status": "",
        "focus_role": "none"
      }
    },
    {
      "type": "Feature",
      "geometry": {
        "type": "Point",
        "coordinates": [
          500573.5247604204,
          6965455.813239168
        ]
      },
      "properties": {
        "junction_id": 39576,
        "veh_id": 11539,
        "sim_time_s": 3920.8,
        "tier": "track-zone",
        "prearm_status": "",
        "focus_role": "none"
      }
    },
    {
      "type": "Feature",
      "geometry": {
        "type": "Point",
        "coordinates": [
          500699.99750732275,
          6964822.44464974
        ]
      },
      "properties": {
        "junction_id": 36385,
        "veh_id": 11506,
        "sim_time_s": 3923.6,
        "tier": "track-zone",
        "prearm_status": "",
        "focus_role": "none"
      }
    },
    {
      "type": "Feature",
      "geometry": {
        "type": "Point",
        "coordinates": [
          500689.0730628546,
          6964559.977130884
        ]
      },
      "properties": {
        "junction_id": 39590,
        "veh_id": 11528,
        "sim_time_s": 3927.6,
        "tier": "track-zone",
        "prearm_status": "",
        "focus_role": "none"
      }
    },
    {
      "type": "Feature",
      "geometry": {
        "type": "Point",
        "coordinates": [
          499961.4834812471,
          6966919.3804907305
        ]
      },
      "properties": {
        "junction_id": 11118289,
        "veh_id": 11529,
        "sim_time_s": 3930.3,
        "tier": "track-zone",
        "prearm_status": "",
        "focus_role": "none"
      }
    },
    {
      "type": "Feature",
      "geometry": {
        "type": "Point",
        "coordinates": [
          500683.6198390338,
          6964553.942401001
        ]
      },
      "properties": {
        "junction_id": 39590,
        "veh_id": 11495,
        "sim_time_s": 3931.7,
        "tier": "track-zone",
        "prearm_status": "",
        "focus_role": "none"
      }
    },
    {
      "type": "Feature",
      "geometry": {
        "type": "Point",
        "coordinates": [
          0.0,
          0.0
        ]
      },
      "properties": {
        "junction_id": 36393,
        "veh_id": 11506,
        "sim_time_s": 3938.4,
        "tier": "harmony-ins-local",
        "prearm_status": "action",
        "focus_role": "none"
      }
    },
    {
      "type": "Feature",
      "geometry": {
        "type": "Point",
        "coordinates": [
          0.0,
          0.0
        ]
      },
      "properties": {
        "junction_id": 39576,
        "veh_id": 11539,
        "sim_time_s": 3942.4,
        "tier": "harmony-no-ge-local",
        "prearm_status": "skip",
        "focus_role": "none"
      }
    },
    {
      "type": "Feature",
      "geometry": {
        "type": "Point",
        "coordinates": [
          500397.6962443627,
          6966039.871061
        ]
      },
      "properties": {
        "junction_id": 1043762,
        "veh_id": 11512,
        "sim_time_s": 3945.2,
        "tier": "track-zone",
        "prearm_status": "",
        "focus_role": "none"
      }
    },
    {
      "type": "Feature",
      "geometry": {
        "type": "Point",
        "coordinates": [
          499961.4834812471,
          6966919.3804907305
        ]
      },
      "properties": {
        "junction_id": 39568,
        "veh_id": 11529,
        "sim_time_s": 3945.2,
        "tier": "track-zone",
        "prearm_status": "",
        "focus_role": "none"
      }
    },
    {
      "type": "Feature",
      "geometry": {
        "type": "Point",
        "coordinates": [
          499965.6068110369,
          6966766.40012337
        ]
      },
      "properties": {
        "junction_id": 39572,
        "veh_id": 11538,
        "sim_time_s": 3951.9,
        "tier": "track-zone",
        "prearm_status": "",
        "focus_role": "none"
      }
    },
    {
      "type": "Feature",
      "geometry": {
        "type": "Point",
        "coordinates": [
          499965.6068110369,
          6966766.40012337
        ]
      },
      "properties": {
        "junction_id": 39568,
        "veh_id": 11538,
        "sim_time_s": 3958.7,
        "tier": "track-zone",
        "prearm_status": "",
        "focus_role": "none"
      }
    },
    {
      "type": "Feature",
      "geometry": {
        "type": "Point",
        "coordinates": [
          500492.10223253735,
          6965688.067728906
        ]
      },
      "properties": {
        "junction_id": 39578,
        "veh_id": 11539,
        "sim_time_s": 3974.8,
        "tier": "track-zone",
        "prearm_status": "",
        "focus_role": "none"
      }
    },
    {
      "type": "Feature",
      "geometry": {
        "type": "Point",
        "coordinates": [
          0.0,
          0.0
        ]
      },
      "properties": {
        "junction_id": 1043762,
        "veh_id": 11512,
        "sim_time_s": 3981.6,
        "tier": "harmony-ins-local",
        "prearm_status": "action",
        "focus_role": "none"
      }
    },
    {
      "type": "Feature",
      "geometry": {
        "type": "Point",
        "coordinates": [
          500242.2823182366,
          6966210.535207206
        ]
      },
      "properties": {
        "junction_id": 39569,
        "veh_id": 11512,
        "sim_time_s": 3983.8,
        "tier": "coord-prearm-harmony/SHOCKWAVE",
        "prearm_status": "fired",
        "focus_role": "none"
      }
    },
    {
      "type": "Feature",
      "geometry": {
        "type": "Point",
        "coordinates": [
          0.0,
          0.0
        ]
      },
      "properties": {
        "junction_id": 39569,
        "veh_id": 11512,
        "sim_time_s": 3984.3,
        "tier": "harmony-ins-local",
        "prearm_status": "action",
        "focus_role": "none"
      }
    },
    {
      "type": "Feature",
      "geometry": {
        "type": "Point",
        "coordinates": [
          500105.3249690746,
          6966447.427635936
        ]
      },
      "properties": {
        "junction_id": 39569,
        "veh_id": 11512,
        "sim_time_s": 3984.3,
        "tier": "coord-prearm-success/SHOCKWAVE",
        "prearm_status": "success",
        "focus_role": "none"
      }
    },
    {
      "type": "Feature",
      "geometry": {
        "type": "Point",
        "coordinates": [
          500686.5367394869,
          6964554.962228982
        ]
      },
      "properties": {
        "junction_id": 39590,
        "veh_id": 11506,
        "sim_time_s": 3997.8,
        "tier": "track-zone",
        "prearm_status": "",
        "focus_role": "none"
      }
    },
    {
      "type": "Feature",
      "geometry": {
        "type": "Point",
        "coordinates": [
          499965.6068110369,
          6966766.40012337
        ]
      },
      "properties": {
        "junction_id": 11118289,
        "veh_id": 11538,
        "sim_time_s": 4000.5,
        "tier": "track-zone",
        "prearm_status": "",
        "focus_role": "none"
      }
    },
    {
      "type": "Feature",
      "geometry": {
        "type": "Point",
        "coordinates": [
          0.0,
          0.0
        ]
      },
      "properties": {
        "junction_id": 39578,
        "veh_id": 11539,
        "sim_time_s": 4015.3,
        "tier": "harmony-no-ge-local",
        "prearm_status": "skip",
        "focus_role": "none"
      }
    },
    {
      "type": "Feature",
      "geometry": {
        "type": "Point",
        "coordinates": [
          500729.79365267267,
          6964410.0809244
        ]
      },
      "properties": {
        "junction_id": 39606,
        "veh_id": 11528,
        "sim_time_s": 4023.4,
        "tier": "track-zone",
        "prearm_status": "",
        "focus_role": "none"
      }
    },
    {
      "type": "Feature",
      "geometry": {
        "type": "Point",
        "coordinates": [
          500725.1388349199,
          6964405.631773155
        ]
      },
      "properties": {
        "junction_id": 39606,
        "veh_id": 11495,
        "sim_time_s": 4024.8,
        "tier": "track-zone",
        "prearm_status": "",
        "focus_role": "none"
      }
    },
    {
      "type": "Feature",
      "geometry": {
        "type": "Point",
        "coordinates": [
          499961.4834812471,
          6966919.3804907305
        ]
      },
      "properties": {
        "junction_id": 38339,
        "veh_id": 11529,
        "sim_time_s": 4026.2,
        "tier": "track-zone",
        "prearm_status": "",
        "focus_role": "none"
      }
    },
    {
      "type": "Feature",
      "geometry": {
        "type": "Point",
        "coordinates": [
          500400.6486630914,
          6966041.273829965
        ]
      },
      "properties": {
        "junction_id": 1043762,
        "veh_id": 11539,
        "sim_time_s": 4028.8,
        "tier": "track-zone",
        "prearm_status": "",
        "focus_role": "none"
      }
    },
    {
      "type": "Feature",
      "geometry": {
        "type": "Point",
        "coordinates": [
          0.0,
          0.0
        ]
      },
      "properties": {
        "junction_id": 39606,
        "veh_id": 11495,
        "sim_time_s": 4043.7,
        "tier": "harmony-ge-local",
        "prearm_status": "action",
        "focus_role": "none"
      }
    },
    {
      "type": "Feature",
      "geometry": {
        "type": "Point",
        "coordinates": [
          0.0,
          0.0
        ]
      },
      "properties": {
        "junction_id": 1043762,
        "veh_id": 11539,
        "sim_time_s": 4043.7,
        "tier": "harmony-ins-local",
        "prearm_status": "action",
        "focus_role": "none"
      }
    },
    {
      "type": "Feature",
      "geometry": {
        "type": "Point",
        "coordinates": [
          500113.93712082226,
          6966425.101734416
        ]
      },
      "properties": {
        "junction_id": 39572,
        "veh_id": 11512,
        "sim_time_s": 4045.1,
        "tier": "track-zone",
        "prearm_status": "",
        "focus_role": "none"
      }
    },
    {
      "type": "Feature",
      "geometry": {
        "type": "Point",
        "coordinates": [
          500234.8984281913,
          6966235.273749516
        ]
      },
      "properties": {
        "junction_id": 39569,
        "veh_id": 11539,
        "sim_time_s": 4046.4,
        "tier": "track-zone",
        "prearm_status": "",
        "focus_role": "none"
      }
    },
    {
      "type": "Feature",
      "geometry": {
        "type": "Point",
        "coordinates": [
          500234.8984281913,
          6966235.273749516
        ]
      },
      "properties": {
        "junction_id": 39569,
        "veh_id": 11539,
        "sim_time_s": 4046.8,
        "tier": "coord-prearm-harmony/SHOCKWAVE",
        "prearm_status": "fired",
        "focus_role": "none"
      }
    },
    {
      "type": "Feature",
      "geometry": {
        "type": "Point",
        "coordinates": [
          0.0,
          0.0
        ]
      },
      "properties": {
        "junction_id": 39569,
        "veh_id": 11539,
        "sim_time_s": 4047.3,
        "tier": "harmony-ins-local",
        "prearm_status": "action",
        "focus_role": "none"
      }
    },
    {
      "type": "Feature",
      "geometry": {
        "type": "Point",
        "coordinates": [
          500105.3249690746,
          6966447.427635936
        ]
      },
      "properties": {
        "junction_id": 39569,
        "veh_id": 11539,
        "sim_time_s": 4047.3,
        "tier": "coord-prearm-success/SHOCKWAVE",
        "prearm_status": "success",
        "focus_role": "none"
      }
    },
    {
      "type": "Feature",
      "geometry": {
        "type": "Point",
        "coordinates": [
          500753.24725347426,
          6964359.265264523
        ]
      },
      "properties": {
        "junction_id": 39590,
        "veh_id": 11528,
        "sim_time_s": 4047.8,
        "tier": "IC-detect",
        "prearm_status": "",
        "focus_role": "none"
      }
    },
    {
      "type": "Feature",
      "geometry": {
        "type": "Point",
        "coordinates": [
          500946.97228876385,
          6964034.668682542
        ]
      },
      "properties": {
        "junction_id": 39606,
        "veh_id": 11540,
        "sim_time_s": 4050.0,
        "tier": "IC-detect",
        "prearm_status": "",
        "focus_role": "none"
      }
    },
    {
      "type": "Feature",
      "geometry": {
        "type": "Point",
        "coordinates": [
          500202.27943411586,
          6966293.203031051
        ]
      },
      "properties": {
        "junction_id": 39572,
        "veh_id": 11539,
        "sim_time_s": 4051.3,
        "tier": "coord-prearm-harmony/SHOCKWAVE",
        "prearm_status": "fired",
        "focus_role": "none"
      }
    },
    {
      "type": "Feature",
      "geometry": {
        "type": "Point",
        "coordinates": [
          499961.4834812471,
          6966919.3804907305
        ]
      },
      "properties": {
        "junction_id": 11118289,
        "veh_id": 11529,
        "sim_time_s": 4051.8,
        "tier": "track-zone",
        "prearm_status": "",
        "focus_role": "none"
      }
    },
    {
      "type": "Feature",
      "geometry": {
        "type": "Point",
        "coordinates": [
          0.0,
          0.0
        ]
      },
      "properties": {
        "junction_id": 39572,
        "veh_id": 11539,
        "sim_time_s": 4051.8,
        "tier": "harmony-ins-local",
        "prearm_status": "action",
        "focus_role": "none"
      }
    },
    {
      "type": "Feature",
      "geometry": {
        "type": "Point",
        "coordinates": [
          500012.2556836752,
          6966653.44887729
        ]
      },
      "properties": {
        "junction_id": 39572,
        "veh_id": 11539,
        "sim_time_s": 4051.8,
        "tier": "coord-prearm-success/SHOCKWAVE",
        "prearm_status": "success",
        "focus_role": "none"
      }
    },
    {
      "type": "Feature",
      "geometry": {
        "type": "Point",
        "coordinates": [
          500085.56097062334,
          6967503.506861285
        ]
      },
      "properties": {
        "junction_id": 38339,
        "veh_id": 11530,
        "sim_time_s": 4054.9,
        "tier": "IC-detect",
        "prearm_status": "",
        "focus_role": "none"
      }
    },
    {
      "type": "Feature",
      "geometry": {
        "type": "Point",
        "coordinates": [
          500892.1167463792,
          6964115.107420867
        ]
      },
      "properties": {
        "junction_id": 39590,
        "veh_id": 11540,
        "sim_time_s": 4055.8,
        "tier": "track-zone",
        "prearm_status": "",
        "focus_role": "none"
      }
    },
    {
      "type": "Feature",
      "geometry": {
        "type": "Point",
        "coordinates": [
          500730.6907115503,
          6964408.380342307
        ]
      },
      "properties": {
        "junction_id": 39606,
        "veh_id": 11506,
        "sim_time_s": 4061.2,
        "tier": "track-zone",
        "prearm_status": "",
        "focus_role": "none"
      }
    },
    {
      "type": "Feature",
      "geometry": {
        "type": "Point",
        "coordinates": [
          500029.98360341496,
          6966466.156105881
        ]
      },
      "properties": {
        "junction_id": 39568,
        "veh_id": 11512,
        "sim_time_s": 4061.2,
        "tier": "track-zone",
        "prearm_status": "",
        "focus_role": "none"
      }
    },
    {
      "type": "Feature",
      "geometry": {
        "type": "Point",
        "coordinates": [
          0.0,
          0.0
        ]
      },
      "properties": {
        "junction_id": 39590,
        "veh_id": 11528,
        "sim_time_s": 4061.2,
        "tier": "harmony-ins-local",
        "prearm_status": "action",
        "focus_role": "none"
      }
    },
    {
      "type": "Feature",
      "geometry": {
        "type": "Point",
        "coordinates": [
          499961.4834812471,
          6966919.3804907305
        ]
      },
      "properties": {
        "junction_id": 39568,
        "veh_id": 11529,
        "sim_time_s": 4066.7,
        "tier": "track-zone",
        "prearm_status": "",
        "focus_role": "none"
      }
    },
    {
      "type": "Feature",
      "geometry": {
        "type": "Point",
        "coordinates": [
          499965.6068110369,
          6966766.40012337
        ]
      },
      "properties": {
        "junction_id": 39572,
        "veh_id": 11538,
        "sim_time_s": 4073.4,
        "tier": "track-zone",
        "prearm_status": "",
        "focus_role": "none"
      }
    },
    {
      "type": "Feature",
      "geometry": {
        "type": "Point",
        "coordinates": [
          499965.6068110369,
          6966766.40012337
        ]
      },
      "properties": {
        "junction_id": 39568,
        "veh_id": 11538,
        "sim_time_s": 4080.2,
        "tier": "track-zone",
        "prearm_status": "",
        "focus_role": "none"
      }
    },
    {
      "type": "Feature",
      "geometry": {
        "type": "Point",
        "coordinates": [
          500078.5856169916,
          6966484.318581238
        ]
      },
      "properties": {
        "junction_id": 39568,
        "veh_id": 11539,
        "sim_time_s": 4111.2,
        "tier": "track-zone",
        "prearm_status": "",
        "focus_role": "none"
      }
    },
    {
      "type": "Feature",
      "geometry": {
        "type": "Point",
        "coordinates": [
          500675.0265868377,
          6964508.450877868
        ]
      },
      "properties": {
        "junction_id": 36393,
        "veh_id": 11540,
        "sim_time_s": 4115.2,
        "tier": "track-zone",
        "prearm_status": "",
        "focus_role": "none"
      }
    },
    {
      "type": "Feature",
      "geometry": {
        "type": "Point",
        "coordinates": [
          500820.76901361876,
          6964227.982460339
        ]
      },
      "properties": {
        "junction_id": 39590,
        "veh_id": 11506,
        "sim_time_s": 4119.3,
        "tier": "track-zone",
        "prearm_status": "",
        "focus_role": "none"
      }
    },
    {
      "type": "Feature",
      "geometry": {
        "type": "Point",
        "coordinates": [
          499965.6068110369,
          6966766.40012337
        ]
      },
      "properties": {
        "junction_id": 11118289,
        "veh_id": 11538,
        "sim_time_s": 4122.0,
        "tier": "track-zone",
        "prearm_status": "",
        "focus_role": "none"
      }
    },
    {
      "type": "Feature",
      "geometry": {
        "type": "Point",
        "coordinates": [
          0.0,
          0.0
        ]
      },
      "properties": {
        "junction_id": 39606,
        "veh_id": 11506,
        "sim_time_s": 4127.4,
        "tier": "harmony-no-ge-local",
        "prearm_status": "skip",
        "focus_role": "none"
      }
    },
    {
      "type": "Feature",
      "geometry": {
        "type": "Point",
        "coordinates": [
          0.0,
          0.0
        ]
      },
      "properties": {
        "junction_id": 36393,
        "veh_id": 11540,
        "sim_time_s": 4128.8,
        "tier": "harmony-ins-local",
        "prearm_status": "action",
        "focus_role": "none"
      }
    },
    {
      "type": "Feature",
      "geometry": {
        "type": "Point",
        "coordinates": [
          500681.8846594175,
          6964744.0860943645
        ]
      },
      "properties": {
        "junction_id": 36385,
        "veh_id": 11540,
        "sim_time_s": 4131.9,
        "tier": "coord-prearm-harmony/SHOCKWAVE",
        "prearm_status": "fired",
        "focus_role": "none"
      }
    },
    {
      "type": "Feature",
      "geometry": {
        "type": "Point",
        "coordinates": [
          0.0,
          0.0
        ]
      },
      "properties": {
        "junction_id": 36385,
        "veh_id": 11540,
        "sim_time_s": 4132.4,
        "tier": "harmony-ins-local",
        "prearm_status": "action",
        "focus_role": "none"
      }
    },
    {
      "type": "Feature",
      "geometry": {
        "type": "Point",
        "coordinates": [
          500715.9750991549,
          6965021.28412977
        ]
      },
      "properties": {
        "junction_id": 36385,
        "veh_id": 11540,
        "sim_time_s": 4132.4,
        "tier": "coord-prearm-success/SHOCKWAVE",
        "prearm_status": "success",
        "focus_role": "none"
      }
    },
    {
      "type": "Feature",
      "geometry": {
        "type": "Point",
        "coordinates": [
          499961.4834812471,
          6966919.3804907305
        ]
      },
      "properties": {
        "junction_id": 38339,
        "veh_id": 11529,
        "sim_time_s": 4147.6,
        "tier": "track-zone",
        "prearm_status": "",
        "focus_role": "none"
      }
    },
    {
      "type": "Feature",
      "geometry": {
        "type": "Point",
        "coordinates": [
          499512.51740890025,
          6966653.688045227
        ]
      },
      "properties": {
        "junction_id": 39572,
        "veh_id": 11518,
        "sim_time_s": 4152.6,
        "tier": "IC-detect",
        "prearm_status": "",
        "focus_role": "none"
      }
    },
    {
      "type": "Feature",
      "geometry": {
        "type": "Point",
        "coordinates": [
          500701.89070348383,
          6964933.557578472
        ]
      },
      "properties": {
        "junction_id": 39593,
        "veh_id": 11540,
        "sim_time_s": 4153.1,
        "tier": "track-zone",
        "prearm_status": "",
        "focus_role": "none"
      }
    },
    {
      "type": "Feature",
      "geometry": {
        "type": "Point",
        "coordinates": [
          499560.9944148165,
          6966632.6892193435
        ]
      },
      "properties": {
        "junction_id": 39572,
        "veh_id": 11512,
        "sim_time_s": 4165.2,
        "tier": "IC-detect-far",
        "prearm_status": "",
        "focus_role": "none"
      }
    },
    {
      "type": "Feature",
      "geometry": {
        "type": "Point",
        "coordinates": [
          500060.05670573085,
          6966528.544971994
        ]
      },
      "properties": {
        "junction_id": 39569,
        "veh_id": 11539,
        "sim_time_s": 4167.4,
        "tier": "IC-detect-far",
        "prearm_status": "",
        "focus_role": "none"
      }
    },
    {
      "type": "Feature",
      "geometry": {
        "type": "Point",
        "coordinates": [
          499961.4834812471,
          6966919.3804907305
        ]
      },
      "properties": {
        "junction_id": 11118289,
        "veh_id": 11529,
        "sim_time_s": 4173.3,
        "tier": "track-zone",
        "prearm_status": "",
        "focus_role": "none"
      }
    },
    {
      "type": "Feature",
      "geometry": {
        "type": "Point",
        "coordinates": [
          500005.9237972135,
          6967328.150144779
        ]
      },
      "properties": {
        "junction_id": 38339,
        "veh_id": 11530,
        "sim_time_s": 4175.1,
        "tier": "IC-detect-far",
        "prearm_status": "",
        "focus_role": "none"
      }
    },
    {
      "type": "Feature",
      "geometry": {
        "type": "Point",
        "coordinates": [
          499961.4834812471,
          6966919.3804907305
        ]
      },
      "properties": {
        "junction_id": 39568,
        "veh_id": 11529,
        "sim_time_s": 4188.1,
        "tier": "track-zone",
        "prearm_status": "",
        "focus_role": "none"
      }
    },
    {
      "type": "Feature",
      "geometry": {
        "type": "Point",
        "coordinates": [
          499965.6068110369,
          6966766.40012337
        ]
      },
      "properties": {
        "junction_id": 39572,
        "veh_id": 11538,
        "sim_time_s": 4194.9,
        "tier": "track-zone",
        "prearm_status": "",
        "focus_role": "none"
      }
    },
    {
      "type": "Feature",
      "geometry": {
        "type": "Point",
        "coordinates": [
          500131.3866121421,
          6965614.7478656
        ]
      },
      "properties": {
        "junction_id": 39576,
        "veh_id": 11507,
        "sim_time_s": 4200.3,
        "tier": "IC-detect",
        "prearm_status": "",
        "focus_role": "none"
      }
    },
    {
      "type": "Feature",
      "geometry": {
        "type": "Point",
        "coordinates": [
          499965.6068110369,
          6966766.40012337
        ]
      },
      "properties": {
        "junction_id": 39568,
        "veh_id": 11538,
        "sim_time_s": 4201.6,
        "tier": "track-zone",
        "prearm_status": "",
        "focus_role": "none"
      }
    },
    {
      "type": "Feature",
      "geometry": {
        "type": "Point",
        "coordinates": [
          500921.553604608,
          6965247.3602395505
        ]
      },
      "properties": {
        "junction_id": 39593,
        "veh_id": 11520,
        "sim_time_s": 4202.6,
        "tier": "IC-detect",
        "prearm_status": "",
        "focus_role": "none"
      }
    },
    {
      "type": "Feature",
      "geometry": {
        "type": "Point",
        "coordinates": [
          499759.2671600944,
          6966605.786061735
        ]
      },
      "properties": {
        "junction_id": 39568,
        "veh_id": 11518,
        "sim_time_s": 4208.4,
        "tier": "track-zone",
        "prearm_status": "",
        "focus_role": "none"
      }
    },
    {
      "type": "Feature",
      "geometry": {
        "type": "Point",
        "coordinates": [
          499963.7918547715,
          6966785.929300373
        ]
      },
      "properties": {
        "junction_id": 38339,
        "veh_id": 11538,
        "sim_time_s": 4215.1,
        "tier": "track-zone",
        "prearm_status": "",
        "focus_role": "none"
      }
    },
    {
      "type": "Feature",
      "geometry": {
        "type": "Point",
        "coordinates": [
          500060.05670573085,
          6966528.544971994
        ]
      },
      "properties": {
        "junction_id": 39572,
        "veh_id": 11539,
        "sim_time_s": 4225.9,
        "tier": "track-zone",
        "prearm_status": "",
        "focus_role": "none"
      }
    },
    {
      "type": "Feature",
      "geometry": {
        "type": "Point",
        "coordinates": [
          500860.4750816378,
          6965224.933284099
        ]
      },
      "properties": {
        "junction_id": 36385,
        "veh_id": 11520,
        "sim_time_s": 4232.7,
        "tier": "track-zone",
        "prearm_status": "",
        "focus_role": "none"
      }
    },
    {
      "type": "Feature",
      "geometry": {
        "type": "Point",
        "coordinates": [
          500060.05670573085,
          6966528.544971994
        ]
      },
      "properties": {
        "junction_id": 39568,
        "veh_id": 11539,
        "sim_time_s": 4232.7,
        "tier": "track-zone",
        "prearm_status": "",
        "focus_role": "none"
      }
    },
    {
      "type": "Feature",
      "geometry": {
        "type": "Point",
        "coordinates": [
          499963.2829656316,
          6966894.327153991
        ]
      },
      "properties": {
        "junction_id": 39572,
        "veh_id": 11529,
        "sim_time_s": 4234.1,
        "tier": "track-zone",
        "prearm_status": "",
        "focus_role": "none"
      }
    },
    {
      "type": "Feature",
      "geometry": {
        "type": "Point",
        "coordinates": [
          500831.8490168938,
          6965212.104751666
        ]
      },
      "properties": {
        "junction_id": 10157950,
        "veh_id": 11520,
        "sim_time_s": 4242.1,
        "tier": "track-zone",
        "prearm_status": "",
        "focus_role": "none"
      }
    },
    {
      "type": "Feature",
      "geometry": {
        "type": "Point",
        "coordinates": [
          499945.1600707593,
          6966987.069888968
        ]
      },
      "properties": {
        "junction_id": 11118289,
        "veh_id": 11538,
        "sim_time_s": 4243.5,
        "tier": "track-zone",
        "prearm_status": "",
        "focus_role": "none"
      }
    },
    {
      "type": "Feature",
      "geometry": {
        "type": "Point",
        "coordinates": [
          0.0,
          0.0
        ]
      },
      "properties": {
        "junction_id": 38339,
        "veh_id": 11538,
        "sim_time_s": 4246.2,
        "tier": "harmony-no-ge-local",
        "prearm_status": "skip",
        "focus_role": "none"
      }
    },
    {
      "type": "Feature",
      "geometry": {
        "type": "Point",
        "coordinates": [
          500683.88899329863,
          6965099.879523097
        ]
      },
      "properties": {
        "junction_id": 10157950,
        "veh_id": 11540,
        "sim_time_s": 4248.9,
        "tier": "track-zone",
        "prearm_status": "",
        "focus_role": "none"
      }
    },
    {
      "type": "Feature",
      "geometry": {
        "type": "Point",
        "coordinates": [
          0.0,
          0.0
        ]
      },
      "properties": {
        "junction_id": 39593,
        "veh_id": 11540,
        "sim_time_s": 4252.9,
        "tier": "harmony-ins-local",
        "prearm_status": "action",
        "focus_role": "none"
      }
    },
    {
      "type": "Feature",
      "geometry": {
        "type": "Point",
        "coordinates": [
          500663.3997089973,
          6965177.6773240175
        ]
      },
      "properties": {
        "junction_id": 1119660,
        "veh_id": 11540,
        "sim_time_s": 4254.3,
        "tier": "track-zone",
        "prearm_status": "",
        "focus_role": "none"
      }
    },
    {
      "type": "Feature",
      "geometry": {
        "type": "Point",
        "coordinates": [
          500636.5005229984,
          6965239.306967441
        ]
      },
      "properties": {
        "junction_id": 36385,
        "veh_id": 11540,
        "sim_time_s": 4258.4,
        "tier": "track-zone",
        "prearm_status": "",
        "focus_role": "none"
      }
    },
    {
      "type": "Feature",
      "geometry": {
        "type": "Point",
        "coordinates": [
          499964.20420741226,
          6966873.266250011
        ]
      },
      "properties": {
        "junction_id": 38339,
        "veh_id": 11529,
        "sim_time_s": 4269.1,
        "tier": "track-zone",
        "prearm_status": "",
        "focus_role": "none"
      }
    },
    {
      "type": "Feature",
      "geometry": {
        "type": "Point",
        "coordinates": [
          500582.4214707934,
          6965428.235273326
        ]
      },
      "properties": {
        "junction_id": 39587,
        "veh_id": 11540,
        "sim_time_s": 4270.5,
        "tier": "IC-detect",
        "prearm_status": "",
        "focus_role": "none"
      }
    },
    {
      "type": "Feature",
      "geometry": {
        "type": "Point",
        "coordinates": [
          0.0,
          0.0
        ]
      },
      "properties": {
        "junction_id": 39587,
        "veh_id": 11540,
        "sim_time_s": 4271.9,
        "tier": "harmony-ins-local",
        "prearm_status": "action",
        "focus_role": "none"
      }
    },
    {
      "type": "Feature",
      "geometry": {
        "type": "Point",
        "coordinates": [
          499787.3509815674,
          6966592.258295639
        ]
      },
      "properties": {
        "junction_id": 39572,
        "veh_id": 11518,
        "sim_time_s": 4272.8,
        "tier": "IC-detect",
        "prearm_status": "",
        "focus_role": "none"
      }
    },
    {
      "type": "Feature",
      "geometry": {
        "type": "Point",
        "coordinates": [
          500569.6222155631,
          6965467.939702967
        ]
      },
      "properties": {
        "junction_id": 39576,
        "veh_id": 11540,
        "sim_time_s": 4273.2,
        "tier": "track-zone",
        "prearm_status": "",
        "focus_role": "none"
      }
    },
    {
      "type": "Feature",
      "geometry": {
        "type": "Point",
        "coordinates": [
          499882.9459302156,
          6966546.725488821
        ]
      },
      "properties": {
        "junction_id": 39569,
        "veh_id": 11518,
        "sim_time_s": 4286.7,
        "tier": "track-zone",
        "prearm_status": "",
        "focus_role": "none"
      }
    },
    {
      "type": "Feature",
      "geometry": {
        "type": "Point",
        "coordinates": [
          500034.8177280469,
          6966588.256292877
        ]
      },
      "properties": {
        "junction_id": 39569,
        "veh_id": 11539,
        "sim_time_s": 4289.4,
        "tier": "track-zone",
        "prearm_status": "",
        "focus_role": "none"
      }
    },
    {
      "type": "Feature",
      "geometry": {
        "type": "Point",
        "coordinates": [
          0.0,
          0.0
        ]
      },
      "properties": {
        "junction_id": 39576,
        "veh_id": 11540,
        "sim_time_s": 4293.4,
        "tier": "harmony-ge-local",
        "prearm_status": "action",
        "focus_role": "none"
      }
    },
    {
      "type": "Feature",
      "geometry": {
        "type": "Point",
        "coordinates": [
          499964.20420741226,
          6966873.266250011
        ]
      },
      "properties": {
        "junction_id": 11118289,
        "veh_id": 11529,
        "sim_time_s": 4294.8,
        "tier": "track-zone",
        "prearm_status": "",
        "focus_role": "none"
      }
    },
    {
      "type": "Feature",
      "geometry": {
        "type": "Point",
        "coordinates": [
          500005.9237972135,
          6967328.150144779
        ]
      },
      "properties": {
        "junction_id": 38339,
        "veh_id": 11530,
        "sim_time_s": 4295.2,
        "tier": "IC-detect-far",
        "prearm_status": "",
        "focus_role": "none"
      }
    },
    {
      "type": "Feature",
      "geometry": {
        "type": "Point",
        "coordinates": [
          500491.86419712135,
          6965695.371943798
        ]
      },
      "properties": {
        "junction_id": 39578,
        "veh_id": 11540,
        "sim_time_s": 4297.5,
        "tier": "track-zone",
        "prearm_status": "",
        "focus_role": "none"
      }
    },
    {
      "type": "Feature",
      "geometry": {
        "type": "Point",
        "coordinates": [
          499964.20420741226,
          6966873.266250011
        ]
      },
      "properties": {
        "junction_id": 39568,
        "veh_id": 11529,
        "sim_time_s": 4309.6,
        "tier": "track-zone",
        "prearm_status": "",
        "focus_role": "none"
      }
    },
    {
      "type": "Feature",
      "geometry": {
        "type": "Point",
        "coordinates": [
          500946.97228876385,
          6964034.668682542
        ]
      },
      "properties": {
        "junction_id": 39606,
        "veh_id": 11513,
        "sim_time_s": 4320.0,
        "tier": "IC-detect",
        "prearm_status": "",
        "focus_role": "none"
      }
    },
    {
      "type": "Feature",
      "geometry": {
        "type": "Point",
        "coordinates": [
          500287.6069113502,
          6965642.481893074
        ]
      },
      "properties": {
        "junction_id": 39576,
        "veh_id": 11507,
        "sim_time_s": 4320.4,
        "tier": "IC-detect-far",
        "prearm_status": "",
        "focus_role": "none"
      }
    },
    {
      "type": "Feature",
      "geometry": {
        "type": "Point",
        "coordinates": [
          500820.8197647965,
          6965206.592694249
        ]
      },
      "properties": {
        "junction_id": 39593,
        "veh_id": 11520,
        "sim_time_s": 4322.7,
        "tier": "IC-detect",
        "prearm_status": "",
        "focus_role": "none"
      }
    },
    {
      "type": "Feature",
      "geometry": {
        "type": "Point",
        "coordinates": [
          500043.5254601973,
          6966470.3168709725
        ]
      },
      "properties": {
        "junction_id": 39568,
        "veh_id": 11518,
        "sim_time_s": 4329.9,
        "tier": "track-zone",
        "prearm_status": "",
        "focus_role": "none"
      }
    },
    {
      "type": "Feature",
      "geometry": {
        "type": "Point",
        "coordinates": [
          0.0,
          0.0
        ]
      },
      "properties": {
        "junction_id": 39578,
        "veh_id": 11540,
        "sim_time_s": 4338.0,
        "tier": "harmony-no-ge-local",
        "prearm_status": "skip",
        "focus_role": "none"
      }
    },
    {
      "type": "Feature",
      "geometry": {
        "type": "Point",
        "coordinates": [
          0.0,
          0.0
        ]
      },
      "properties": {
        "junction_id": 39569,
        "veh_id": 11518,
        "sim_time_s": 4342.1,
        "tier": "harmony-ge-local",
        "prearm_status": "action",
        "focus_role": "none"
      }
    },
    {
      "type": "Feature",
      "geometry": {
        "type": "Point",
        "coordinates": [
          500034.7907699656,
          6966588.312803361
        ]
      },
      "properties": {
        "junction_id": 39572,
        "veh_id": 11539,
        "sim_time_s": 4346.1,
        "tier": "IC-detect-far",
        "prearm_status": "",
        "focus_role": "none"
      }
    },
    {
      "type": "Feature",
      "geometry": {
        "type": "Point",
        "coordinates": [
          500133.063292193,
          6966436.108531154
        ]
      },
      "properties": {
        "junction_id": 1043762,
        "veh_id": 11518,
        "sim_time_s": 4347.4,
        "tier": "track-zone",
        "prearm_status": "",
        "focus_role": "none"
      }
    },
    {
      "type": "Feature",
      "geometry": {
        "type": "Point",
        "coordinates": [
          500401.5572325951,
          6966039.178864332
        ]
      },
      "properties": {
        "junction_id": 1043762,
        "veh_id": 11540,
        "sim_time_s": 4348.8,
        "tier": "track-zone",
        "prearm_status": "",
        "focus_role": "none"
      }
    },
    {
      "type": "Feature",
      "geometry": {
        "type": "Point",
        "coordinates": [
          500820.8197647965,
          6965206.592694249
        ]
      },
      "properties": {
        "junction_id": 36385,
        "veh_id": 11520,
        "sim_time_s": 4354.2,
        "tier": "track-zone",
        "prearm_status": "",
        "focus_role": "none"
      }
    },
    {
      "type": "Feature",
      "geometry": {
        "type": "Point",
        "coordinates": [
          500034.7907699656,
          6966588.312803361
        ]
      },
      "properties": {
        "junction_id": 39568,
        "veh_id": 11539,
        "sim_time_s": 4354.2,
        "tier": "track-zone",
        "prearm_status": "",
        "focus_role": "none"
      }
    },
    {
      "type": "Feature",
      "geometry": {
        "type": "Point",
        "coordinates": [
          499964.20420741226,
          6966873.266250011
        ]
      },
      "properties": {
        "junction_id": 39572,
        "veh_id": 11529,
        "sim_time_s": 4355.6,
        "tier": "track-zone",
        "prearm_status": "",
        "focus_role": "none"
      }
    },
    {
      "type": "Feature",
      "geometry": {
        "type": "Point",
        "coordinates": [
          500890.6115020701,
          6964116.766496366
        ]
      },
      "properties": {
        "junction_id": 39590,
        "veh_id": 11513,
        "sim_time_s": 4362.3,
        "tier": "track-zone",
        "prearm_status": "",
        "focus_role": "none"
      }
    },
    {
      "type": "Feature",
      "geometry": {
        "type": "Point",
        "coordinates": [
          500820.12315778545,
          6965206.272170405
        ]
      },
      "properties": {
        "junction_id": 10157950,
        "veh_id": 11520,
        "sim_time_s": 4363.6,
        "tier": "track-zone",
        "prearm_status": "",
        "focus_role": "none"
      }
    },
    {
      "type": "Feature",
      "geometry": {
        "type": "Point",
        "coordinates": [
          0.0,
          0.0
        ]
      },
      "properties": {
        "junction_id": 39606,
        "veh_id": 11513,
        "sim_time_s": 4369.1,
        "tier": "harmony-ins-local",
        "prearm_status": "action",
        "focus_role": "none"
      }
    },
    {
      "type": "Feature",
      "geometry": {
        "type": "Point",
        "coordinates": [
          0.0,
          0.0
        ]
      },
      "properties": {
        "junction_id": 1043762,
        "veh_id": 11540,
        "sim_time_s": 4377.1,
        "tier": "harmony-ge-local",
        "prearm_status": "action",
        "focus_role": "none"
      }
    },
    {
      "type": "Feature",
      "geometry": {
        "type": "Point",
        "coordinates": [
          500254.02240294777,
          6966199.020708914
        ]
      },
      "properties": {
        "junction_id": 39569,
        "veh_id": 11540,
        "sim_time_s": 4379.4,
        "tier": "coord-prearm-harmony/SHOCKWAVE",
        "prearm_status": "fired",
        "focus_role": "none"
      }
    },
    {
      "type": "Feature",
      "geometry": {
        "type": "Point",
        "coordinates": [
          500944.51358507737,
          6964038.69291645
        ]
      },
      "properties": {
        "junction_id": 39606,
        "veh_id": 11502,
        "sim_time_s": 4380.3,
        "tier": "IC-detect",
        "prearm_status": "",
        "focus_role": "none"
      }
    },
    {
      "type": "Feature",
      "geometry": {
        "type": "Point",
        "coordinates": [
          499965.8304288987,
          6966848.24642322
        ]
      },
      "properties": {
        "junction_id": 38339,
        "veh_id": 11529,
        "sim_time_s": 4390.6,
        "tier": "track-zone",
        "prearm_status": "",
        "focus_role": "none"
      }
    },
    {
      "type": "Feature",
      "geometry": {
        "type": "Point",
        "coordinates": [
          500034.7907699656,
          6966588.312803361
        ]
      },
      "properties": {
        "junction_id": 39569,
        "veh_id": 11539,
        "sim_time_s": 4410.9,
        "tier": "track-zone",
        "prearm_status": "",
        "focus_role": "none"
      }
    },
    {
      "type": "Feature",
      "geometry": {
        "type": "Point",
        "coordinates": [
          499999.7504654126,
          6967278.1222418705
        ]
      },
      "properties": {
        "junction_id": 38339,
        "veh_id": 11530,
        "sim_time_s": 4415.4,
        "tier": "IC-detect-far",
        "prearm_status": "",
        "focus_role": "none"
      }
    },
    {
      "type": "Feature",
      "geometry": {
        "type": "Point",
        "coordinates": [
          500002.6399377924,
          6966693.040633373
        ]
      },
      "properties": {
        "junction_id": 11118289,
        "veh_id": 11529,
        "sim_time_s": 4416.3,
        "tier": "track-zone",
        "prearm_status": "",
        "focus_role": "none"
      }
    },
    {
      "type": "Feature",
      "geometry": {
        "type": "Point",
        "coordinates": [
          500352.0112357474,
          6966101.027443971
        ]
      },
      "properties": {
        "junction_id": 39578,
        "veh_id": 11518,
        "sim_time_s": 4417.6,
        "tier": "track-section",
        "prearm_status": "",
        "focus_role": "none"
      }
    },
    {
      "type": "Feature",
      "geometry": {
        "type": "Point",
        "coordinates": [
          500894.3345145002,
          6964112.562168491
        ]
      },
      "properties": {
        "junction_id": 39590,
        "veh_id": 11502,
        "sim_time_s": 4421.7,
        "tier": "track-zone",
        "prearm_status": "",
        "focus_role": "none"
      }
    },
    {
      "type": "Feature",
      "geometry": {
        "type": "Point",
        "coordinates": [
          0.0,
          0.0
        ]
      },
      "properties": {
        "junction_id": 39606,
        "veh_id": 11502,
        "sim_time_s": 4429.4,
        "tier": "harmony-ge-local",
        "prearm_status": "action",
        "focus_role": "none"
      }
    },
    {
      "type": "Feature",
      "geometry": {
        "type": "Point",
        "coordinates": [
          500002.70134896715,
          6966692.8878053455
        ]
      },
      "properties": {
        "junction_id": 39568,
        "veh_id": 11529,
        "sim_time_s": 4431.1,
        "tier": "track-zone",
        "prearm_status": "",
        "focus_role": "none"
      }
    },
    {
      "type": "Feature",
      "geometry": {
        "type": "Point",
        "coordinates": [
          500373.92279406043,
          6965677.894924061
        ]
      },
      "properties": {
        "junction_id": 39576,
        "veh_id": 11507,
        "sim_time_s": 4440.6,
        "tier": "IC-detect",
        "prearm_status": "",
        "focus_role": "none"
      }
    },
    {
      "type": "Feature",
      "geometry": {
        "type": "Point",
        "coordinates": [
          500105.3249690746,
          6966447.427635936
        ]
      },
      "properties": {
        "junction_id": 39569,
        "veh_id": 11540,
        "sim_time_s": 4441.1,
        "tier": "coord-prearm-missed/SHOCKWAVE",
        "prearm_status": "missed",
        "focus_role": "none"
      }
    },
    {
      "type": "Feature",
      "geometry": {
        "type": "Point",
        "coordinates": [
          500010.3701383579,
          6966673.803233844
        ]
      },
      "properties": {
        "junction_id": 39569,
        "veh_id": 11529,
        "sim_time_s": 4441.9,
        "tier": "track-zone",
        "prearm_status": "",
        "focus_role": "none"
      }
    },
    {
      "type": "Feature",
      "geometry": {
        "type": "Point",
        "coordinates": [
          0.0,
          0.0
        ]
      },
      "properties": {
        "junction_id": 39572,
        "veh_id": 11529,
        "sim_time_s": 4441.9,
        "tier": "harmony-ge-local",
        "prearm_status": "action",
        "focus_role": "none"
      }
    },
    {
      "type": "Feature",
      "geometry": {
        "type": "Point",
        "coordinates": [
          500734.1896527213,
          6965178.611086638
        ]
      },
      "properties": {
        "junction_id": 39593,
        "veh_id": 11520,
        "sim_time_s": 4442.9,
        "tier": "IC-detect",
        "prearm_status": "",
        "focus_role": "none"
      }
    },
    {
      "type": "Feature",
      "geometry": {
        "type": "Point",
        "coordinates": [
          0.0,
          0.0
        ]
      },
      "properties": {
        "junction_id": 39578,
        "veh_id": 11518,
        "sim_time_s": 4454.1,
        "tier": "harmony-no-ge-local",
        "prearm_status": "skip",
        "focus_role": "none"
      }
    },
    {
      "type": "Feature",
      "geometry": {
        "type": "Point",
        "coordinates": [
          500531.80273831217,
          6965934.650047131
        ]
      },
      "properties": {
        "junction_id": 39576,
        "veh_id": 11518,
        "sim_time_s": 4464.9,
        "tier": "track-zone",
        "prearm_status": "",
        "focus_role": "none"
      }
    },
    {
      "type": "Feature",
      "geometry": {
        "type": "Point",
        "coordinates": [
          500017.37332154193,
          6966617.9430526225
        ]
      },
      "properties": {
        "junction_id": 39572,
        "veh_id": 11539,
        "sim_time_s": 4466.2,
        "tier": "IC-detect",
        "prearm_status": "",
        "focus_role": "none"
      }
    },
    {
      "type": "Feature",
      "geometry": {
        "type": "Point",
        "coordinates": [
          0.0,
          0.0
        ]
      },
      "properties": {
        "junction_id": 39593,
        "veh_id": 11520,
        "sim_time_s": 4468.9,
        "tier": "harmony-ins-local",
        "prearm_status": "action",
        "focus_role": "none"
      }
    },
    {
      "type": "Feature",
      "geometry": {
        "type": "Point",
        "coordinates": [
          500701.9293007873,
          6965168.214556491
        ]
      },
      "properties": {
        "junction_id": 36385,
        "veh_id": 11520,
        "sim_time_s": 4475.7,
        "tier": "track-zone",
        "prearm_status": "",
        "focus_role": "none"
      }
    },
    {
      "type": "Feature",
      "geometry": {
        "type": "Point",
        "coordinates": [
          500017.37332154193,
          6966617.9430526225
        ]
      },
      "properties": {
        "junction_id": 39568,
        "veh_id": 11539,
        "sim_time_s": 4475.7,
        "tier": "track-zone",
        "prearm_status": "",
        "focus_role": "none"
      }
    },
    {
      "type": "Feature",
      "geometry": {
        "type": "Point",
        "coordinates": [
          0.0,
          0.0
        ]
      },
      "properties": {
        "junction_id": 39569,
        "veh_id": 11540,
        "sim_time_s": 4479.8,
        "tier": "harmony-no-ge-local",
        "prearm_status": "skip",
        "focus_role": "none"
      }
    },
    {
      "type": "Feature",
      "geometry": {
        "type": "Point",
        "coordinates": [
          500765.06447290495,
          6964282.210335922
        ]
      },
      "properties": {
        "junction_id": 39590,
        "veh_id": 11513,
        "sim_time_s": 4482.4,
        "tier": "IC-detect",
        "prearm_status": "",
        "focus_role": "none"
      }
    },
    {
      "type": "Feature",
      "geometry": {
        "type": "Point",
        "coordinates": [
          0.0,
          0.0
        ]
      },
      "properties": {
        "junction_id": 39590,
        "veh_id": 11513,
        "sim_time_s": 4482.4,
        "tier": "harmony-ge-local",
        "prearm_status": "action",
        "focus_role": "none"
      }
    },
    {
      "type": "Feature",
      "geometry": {
        "type": "Point",
        "coordinates": [
          500118.4406137128,
          6966431.407132737
        ]
      },
      "properties": {
        "junction_id": 39572,
        "veh_id": 11540,
        "sim_time_s": 4483.8,
        "tier": "track-zone",
        "prearm_status": "",
        "focus_role": "none"
      }
    },
    {
      "type": "Feature",
      "geometry": {
        "type": "Point",
        "coordinates": [
          0.0,
          0.0
        ]
      },
      "properties": {
        "junction_id": 39576,
        "veh_id": 11518,
        "sim_time_s": 4483.8,
        "tier": "harmony-no-ge-local",
        "prearm_status": "skip",
        "focus_role": "none"
      }
    },
    {
      "type": "Feature",
      "geometry": {
        "type": "Point",
        "coordinates": [
          500701.1476160568,
          6965167.931366149
        ]
      },
      "properties": {
        "junction_id": 10157950,
        "veh_id": 11520,
        "sim_time_s": 4485.1,
        "tier": "track-zone",
        "prearm_status": "",
        "focus_role": "none"
      }
    },
    {
      "type": "Feature",
      "geometry": {
        "type": "Point",
        "coordinates": [
          500018.10925450193,
          6966619.941009266
        ]
      },
      "properties": {
        "junction_id": 11118289,
        "veh_id": 11539,
        "sim_time_s": 4485.1,
        "tier": "track-zone",
        "prearm_status": "",
        "focus_role": "none"
      }
    },
    {
      "type": "Feature",
      "geometry": {
        "type": "Point",
        "coordinates": [
          500132.05871222616,
          6966432.426780787
        ]
      },
      "properties": {
        "junction_id": 1043762,
        "veh_id": 11529,
        "sim_time_s": 4498.6,
        "tier": "track-zone",
        "prearm_status": "",
        "focus_role": "none"
      }
    }
  ]
}