{
  "type": "FeatureCollection",
  "features": [
    {
      "type": "Feature",
      "geometry": {
        "type": "Point",
        "coordinates": [
          500943.9309927257,
          6964039.646462789
        ]
      },
      "properties": {
        "junction_id": 39606,
        "veh_id": 11430,
        "sim_time_s": 0.5,
        "tier": "track-section",
        "prearm_status": "",
        "focus_role": "none"
      }
    },
    {
      "type": "Feature",
      "geometry": {
        "type": "Point",
        "coordinates": [
          500135.181270669,
          6965615.371521625
        ]
      },
      "properties": {
        "junction_id": 39576,
        "veh_id": 11402,
        "sim_time_s": 0.5,
        "tier": "IC-detect",
        "prearm_status": "",
        "focus_role": "none"
      }
    },
    {
      "type": "Feature",
      "geometry": {
        "type": "Point",
        "coordinates": [
          500084.01474659465,
          6967501.832205719
        ]
      },
      "properties": {
        "junction_id": 38339,
        "veh_id": 11420,
        "sim_time_s": 3.6,
        "tier": "IC-detect",
        "prearm_status": "",
        "focus_role": "none"
      }
    },
    {
      "type": "Feature",
      "geometry": {
        "type": "Point",
        "coordinates": [
          500893.2243636047,
          6964113.862044675
        ]
      },
      "properties": {
        "junction_id": 39590,
        "veh_id": 11430,
        "sim_time_s": 5.8,
        "tier": "track-zone",
        "prearm_status": "",
        "focus_role": "none"
      }
    },
    {
      "type": "Feature",
      "geometry": {
        "type": "Point",
        "coordinates": [
          499518.19763411,
          6966652.30175898
        ]
      },
      "properties": {
        "junction_id": 39572,
        "veh_id": 11395,
        "sim_time_s": 13.1,
        "tier": "IC-detect",
        "prearm_status": "",
        "focus_role": "none"
      }
    },
    {
      "type": "Feature",
      "geometry": {
        "type": "Point",
        "coordinates": [
          499772.134877571,
          6966599.541734759
        ]
      },
      "properties": {
        "junction_id": 39568,
        "veh_id": 11395,
        "sim_time_s": 28.8,
        "tier": "track-zone",
        "prearm_status": "",
        "focus_role": "none"
      }
    },
    {
      "type": "Feature",
      "geometry": {
        "type": "Point",
        "coordinates": [
          499885.1117520673,
          6966545.652169179
        ]
      },
      "properties": {
        "junction_id": 39569,
        "veh_id": 11395,
        "sim_time_s": 36.9,
        "tier": "track-zone",
        "prearm_status": "",
        "focus_role": "none"
      }
    },
    {
      "type": "Feature",
      "geometry": {
        "type": "Point",
        "coordinates": [
          500134.10921234195,
          6966434.600806591
        ]
      },
      "properties": {
        "junction_id": 1043762,
        "veh_id": 11395,
        "sim_time_s": 54.5,
        "tier": "track-zone",
        "prearm_status": "",
        "focus_role": "none"
      }
    },
    {
      "type": "Feature",
      "geometry": {
        "type": "Point",
        "coordinates": [
          500457.7483983264,
          6965696.808175446
        ]
      },
      "properties": {
        "junction_id": 39578,
        "veh_id": 11402,
        "sim_time_s": 58.5,
        "tier": "track-zone",
        "prearm_status": "",
        "focus_role": "none"
      }
    },
    {
      "type": "Feature",
      "geometry": {
        "type": "Point",
        "coordinates": [
          0.0,
          0.0
        ]
      },
      "properties": {
        "junction_id": 39590,
        "veh_id": 11430,
        "sim_time_s": 60.3,
        "tier": "harmony-no-ge-local",
        "prearm_status": "skip",
        "focus_role": "none"
      }
    },
    {
      "type": "Feature",
      "geometry": {
        "type": "Point",
        "coordinates": [
          0.0,
          0.0
        ]
      },
      "properties": {
        "junction_id": 39576,
        "veh_id": 11402,
        "sim_time_s": 60.3,
        "tier": "harmony-ins-local",
        "prearm_status": "action",
        "focus_role": "none"
      }
    },
    {
      "type": "Feature",
      "geometry": {
        "type": "Point",
        "coordinates": [
          499965.2461986141,
          6967100.990628081
        ]
      },
      "properties": {
        "junction_id": 11118289,
        "veh_id": 11420,
        "sim_time_s": 65.2,
        "tier": "track-zone",
        "prearm_status": "",
        "focus_role": "none"
      }
    },
    {
      "type": "Feature",
      "geometry": {
        "type": "Point",
        "coordinates": [
          0.0,
          0.0
        ]
      },
      "properties": {
        "junction_id": 1043762,
        "veh_id": 11395,
        "sim_time_s": 66.6,
        "tier": "harmony-no-ge-local",
        "prearm_status": "skip",
        "focus_role": "none"
      }
    },
    {
      "type": "Feature",
      "geometry": {
        "type": "Point",
        "coordinates": [
          0.0,
          0.0
        ]
      },
      "properties": {
        "junction_id": 38339,
        "veh_id": 11420,
        "sim_time_s": 69.3,
        "tier": "harmony-ins-local",
        "prearm_status": "action",
        "focus_role": "none"
      }
    },
    {
      "type": "Feature",
      "geometry": {
        "type": "Point",
        "coordinates": [
          499961.4202417018,
          6966952.073906085
        ]
      },
      "properties": {
        "junction_id": 39568,
        "veh_id": 11420,
        "sim_time_s": 78.8,
        "tier": "track-zone",
        "prearm_status": "",
        "focus_role": "none"
      }
    },
    {
      "type": "Feature",
      "geometry": {
        "type": "Point",
        "coordinates": [
          500363.24889444245,
          6966090.644500678
        ]
      },
      "properties": {
        "junction_id": 39578,
        "veh_id": 11395,
        "sim_time_s": 80.1,
        "tier": "track-section",
        "prearm_status": "",
        "focus_role": "none"
      }
    },
    {
      "type": "Feature",
      "geometry": {
        "type": "Point",
        "coordinates": [
          499966.2529760521,
          6966891.229407599
        ]
      },
      "properties": {
        "junction_id": 39572,
        "veh_id": 11420,
        "sim_time_s": 82.8,
        "tier": "track-zone",
        "prearm_status": "",
        "focus_role": "none"
      }
    },
    {
      "type": "Feature",
      "geometry": {
        "type": "Point",
        "coordinates": [
          0.0,
          0.0
        ]
      },
      "properties": {
        "junction_id": 39578,
        "veh_id": 11395,
        "sim_time_s": 93.6,
        "tier": "harmony-ins-local",
        "prearm_status": "action",
        "focus_role": "none"
      }
    },
    {
      "type": "Feature",
      "geometry": {
        "type": "Point",
        "coordinates": [
          0.0,
          0.0
        ]
      },
      "properties": {
        "junction_id": 39572,
        "veh_id": 11420,
        "sim_time_s": 96.3,
        "tier": "harmony-no-ge-local",
        "prearm_status": "skip",
        "focus_role": "none"
      }
    },
    {
      "type": "Feature",
      "geometry": {
        "type": "Point",
        "coordinates": [
          500015.64024113904,
          6966660.675520672
        ]
      },
      "properties": {
        "junction_id": 39569,
        "veh_id": 11420,
        "sim_time_s": 97.7,
        "tier": "track-zone",
        "prearm_status": "",
        "focus_role": "none"
      }
    },
    {
      "type": "Feature",
      "geometry": {
        "type": "Point",
        "coordinates": [
          500531.6863250505,
          6965934.832128458
        ]
      },
      "properties": {
        "junction_id": 39576,
        "veh_id": 11395,
        "sim_time_s": 101.7,
        "tier": "track-zone",
        "prearm_status": "",
        "focus_role": "none"
      }
    },
    {
      "type": "Feature",
      "geometry": {
        "type": "Point",
        "coordinates": [
          500673.8464084477,
          6964517.080450924
        ]
      },
      "properties": {
        "junction_id": 36393,
        "veh_id": 11430,
        "sim_time_s": 107.1,
        "tier": "track-zone",
        "prearm_status": "",
        "focus_role": "none"
      }
    },
    {
      "type": "Feature",
      "geometry": {
        "type": "Point",
        "coordinates": [
          0.0,
          0.0
        ]
      },
      "properties": {
        "junction_id": 36393,
        "veh_id": 11430,
        "sim_time_s": 122.0,
        "tier": "harmony-ins-local",
        "prearm_status": "action",
        "focus_role": "none"
      }
    },
    {
      "type": "Feature",
      "geometry": {
        "type": "Point",
        "coordinates": [
          500678.6932880919,
          6964737.7513474375
        ]
      },
      "properties": {
        "junction_id": 36385,
        "veh_id": 11430,
        "sim_time_s": 125.1,
        "tier": "coord-prearm-harmony/SHOCKWAVE",
        "prearm_status": "fired",
        "focus_role": "none"
      }
    },
    {
      "type": "Feature",
      "geometry": {
        "type": "Point",
        "coordinates": [
          0.0,
          0.0
        ]
      },
      "properties": {
        "junction_id": 36385,
        "veh_id": 11430,
        "sim_time_s": 125.5,
        "tier": "harmony-ins-local",
        "prearm_status": "action",
        "focus_role": "none"
      }
    },
    {
      "type": "Feature",
      "geometry": {
        "type": "Point",
        "coordinates": [
          500715.9750991549,
          6965021.284129771
        ]
      },
      "properties": {
        "junction_id": 36385,
        "veh_id": 11430,
        "sim_time_s": 125.5,
        "tier": "coord-prearm-success/SHOCKWAVE",
        "prearm_status": "success",
        "focus_role": "none"
      }
    },
    {
      "type": "Feature",
      "geometry": {
        "type": "Point",
        "coordinates": [
          500498.63037767477,
          6965702.064190739
        ]
      },
      "properties": {
        "junction_id": 39587,
        "veh_id": 11402,
        "sim_time_s": 128.7,
        "tier": "track-zone",
        "prearm_status": "",
        "focus_role": "none"
      }
    },
    {
      "type": "Feature",
      "geometry": {
        "type": "Point",
        "coordinates": [
          500519.7610972693,
          6965644.564043149
        ]
      },
      "properties": {
        "junction_id": 1119660,
        "veh_id": 11402,
        "sim_time_s": 135.4,
        "tier": "track-zone",
        "prearm_status": "",
        "focus_role": "none"
      }
    },
    {
      "type": "Feature",
      "geometry": {
        "type": "Point",
        "coordinates": [
          500553.18955092045,
          6965567.400385997
        ]
      },
      "properties": {
        "junction_id": 10157950,
        "veh_id": 11402,
        "sim_time_s": 142.2,
        "tier": "track-zone",
        "prearm_status": "",
        "focus_role": "none"
      }
    },
    {
      "type": "Feature",
      "geometry": {
        "type": "Point",
        "coordinates": [
          0.0,
          0.0
        ]
      },
      "properties": {
        "junction_id": 39576,
        "veh_id": 11395,
        "sim_time_s": 142.2,
        "tier": "harmony-ins-local",
        "prearm_status": "action",
        "focus_role": "none"
      }
    },
    {
      "type": "Feature",
      "geometry": {
        "type": "Point",
        "coordinates": [
          500702.58804624097,
          6964937.242877987
        ]
      },
      "properties": {
        "junction_id": 39593,
        "veh_id": 11430,
        "sim_time_s": 146.2,
        "tier": "track-zone",
        "prearm_status": "",
        "focus_role": "none"
      }
    },
    {
      "type": "Feature",
      "geometry": {
        "type": "Point",
        "coordinates": [
          0.0,
          0.0
        ]
      },
      "properties": {
        "junction_id": 39587,
        "veh_id": 11402,
        "sim_time_s": 147.6,
        "tier": "harmony-no-ge-local",
        "prearm_status": "skip",
        "focus_role": "none"
      }
    },
    {
      "type": "Feature",
      "geometry": {
        "type": "Point",
        "coordinates": [
          500512.36789909395,
          6965709.317920625
        ]
      },
      "properties": {
        "junction_id": 39587,
        "veh_id": 11395,
        "sim_time_s": 148.9,
        "tier": "track-zone",
        "prearm_status": "",
        "focus_role": "none"
      }
    },
    {
      "type": "Feature",
      "geometry": {
        "type": "Point",
        "coordinates": [
          0.0,
          0.0
        ]
      },
      "properties": {
        "junction_id": 39569,
        "veh_id": 11420,
        "sim_time_s": 148.9,
        "tier": "harmony-no-ge-local",
        "prearm_status": "skip",
        "focus_role": "none"
      }
    },
    {
      "type": "Feature",
      "geometry": {
        "type": "Point",
        "coordinates": [
          500520.44715721067,
          6965642.726548458
        ]
      },
      "properties": {
        "junction_id": 1119660,
        "veh_id": 11395,
        "sim_time_s": 155.7,
        "tier": "track-zone",
        "prearm_status": "",
        "focus_role": "none"
      }
    },
    {
      "type": "Feature",
      "geometry": {
        "type": "Point",
        "coordinates": [
          500555.59396331856,
          6965562.344998725
        ]
      },
      "properties": {
        "junction_id": 10157950,
        "veh_id": 11395,
        "sim_time_s": 162.4,
        "tier": "track-zone",
        "prearm_status": "",
        "focus_role": "none"
      }
    },
    {
      "type": "Feature",
      "geometry": {
        "type": "Point",
        "coordinates": [
          500610.5535973954,
          6965403.559870501
        ]
      },
      "properties": {
        "junction_id": 39593,
        "veh_id": 11402,
        "sim_time_s": 177.3,
        "tier": "track-zone",
        "prearm_status": "",
        "focus_role": "none"
      }
    },
    {
      "type": "Feature",
      "geometry": {
        "type": "Point",
        "coordinates": [
          0.0,
          0.0
        ]
      },
      "properties": {
        "junction_id": 39587,
        "veh_id": 11395,
        "sim_time_s": 181.3,
        "tier": "harmony-ins-local",
        "prearm_status": "action",
        "focus_role": "none"
      }
    },
    {
      "type": "Feature",
      "geometry": {
        "type": "Point",
        "coordinates": [
          500653.830866782,
          6965243.836518033
        ]
      },
      "properties": {
        "junction_id": 36385,
        "veh_id": 11402,
        "sim_time_s": 188.1,
        "tier": "track-zone",
        "prearm_status": "",
        "focus_role": "none"
      }
    },
    {
      "type": "Feature",
      "geometry": {
        "type": "Point",
        "coordinates": [
          500609.66685056326,
          6965407.115705206
        ]
      },
      "properties": {
        "junction_id": 39593,
        "veh_id": 11395,
        "sim_time_s": 189.4,
        "tier": "track-zone",
        "prearm_status": "",
        "focus_role": "none"
      }
    },
    {
      "type": "Feature",
      "geometry": {
        "type": "Point",
        "coordinates": [
          0.0,
          0.0
        ]
      },
      "properties": {
        "junction_id": 39593,
        "veh_id": 11402,
        "sim_time_s": 190.8,
        "tier": "harmony-no-ge-local",
        "prearm_status": "skip",
        "focus_role": "none"
      }
    },
    {
      "type": "Feature",
      "geometry": {
        "type": "Point",
        "coordinates": [
          500648.2707547333,
          6965256.668347003
        ]
      },
      "properties": {
        "junction_id": 36385,
        "veh_id": 11395,
        "sim_time_s": 198.9,
        "tier": "track-zone",
        "prearm_status": "",
        "focus_role": "none"
      }
    },
    {
      "type": "Feature",
      "geometry": {
        "type": "Point",
        "coordinates": [
          0.0,
          0.0
        ]
      },
      "properties": {
        "junction_id": 39593,
        "veh_id": 11395,
        "sim_time_s": 202.9,
        "tier": "harmony-ins-local",
        "prearm_status": "action",
        "focus_role": "none"
      }
    },
    {
      "type": "Feature",
      "geometry": {
        "type": "Point",
        "coordinates": [
          500181.5264614642,
          6966349.474620488
        ]
      },
      "properties": {
        "junction_id": 1043762,
        "veh_id": 11420,
        "sim_time_s": 211.1,
        "tier": "IC-detect",
        "prearm_status": "",
        "focus_role": "none"
      }
    },
    {
      "type": "Feature",
      "geometry": {
        "type": "Point",
        "coordinates": [
          0.0,
          0.0
        ]
      },
      "properties": {
        "junction_id": 1043762,
        "veh_id": 11420,
        "sim_time_s": 219.2,
        "tier": "harmony-no-ge-local",
        "prearm_status": "skip",
        "focus_role": "none"
      }
    },
    {
      "type": "Feature",
      "geometry": {
        "type": "Point",
        "coordinates": [
          500684.7468096583,
          6965096.748730664
        ]
      },
      "properties": {
        "junction_id": 10157950,
        "veh_id": 11430,
        "sim_time_s": 227.2,
        "tier": "track-zone",
        "prearm_status": "",
        "focus_role": "none"
      }
    },
    {
      "type": "Feature",
      "geometry": {
        "type": "Point",
        "coordinates": [
          500663.7797367403,
          6965176.763755355
        ]
      },
      "properties": {
        "junction_id": 1119660,
        "veh_id": 11430,
        "sim_time_s": 232.7,
        "tier": "track-zone",
        "prearm_status": "",
        "focus_role": "none"
      }
    },
    {
      "type": "Feature",
      "geometry": {
        "type": "Point",
        "coordinates": [
          500638.3098528492,
          6965235.455149705
        ]
      },
      "properties": {
        "junction_id": 39587,
        "veh_id": 11430,
        "sim_time_s": 236.7,
        "tier": "track-zone",
        "prearm_status": "",
        "focus_role": "none"
      }
    },
    {
      "type": "Feature",
      "geometry": {
        "type": "Point",
        "coordinates": [
          500349.6666157035,
          6966098.843706698
        ]
      },
      "properties": {
        "junction_id": 39578,
        "veh_id": 11420,
        "sim_time_s": 240.8,
        "tier": "track-section",
        "prearm_status": "",
        "focus_role": "none"
      }
    },
    {
      "type": "Feature",
      "geometry": {
        "type": "Point",
        "coordinates": [
          0.0,
          0.0
        ]
      },
      "properties": {
        "junction_id": 39587,
        "veh_id": 11430,
        "sim_time_s": 250.2,
        "tier": "harmony-no-ge-local",
        "prearm_status": "skip",
        "focus_role": "none"
      }
    },
    {
      "type": "Feature",
      "geometry": {
        "type": "Point",
        "coordinates": [
          500572.60595673474,
          6965458.839009864
        ]
      },
      "properties": {
        "junction_id": 39576,
        "veh_id": 11430,
        "sim_time_s": 251.6,
        "tier": "track-zone",
        "prearm_status": "",
        "focus_role": "none"
      }
    },
    {
      "type": "Feature",
      "geometry": {
        "type": "Point",
        "coordinates": [
          0.0,
          0.0
        ]
      },
      "properties": {
        "junction_id": 39578,
        "veh_id": 11420,
        "sim_time_s": 256.9,
        "tier": "harmony-no-ge-local",
        "prearm_status": "skip",
        "focus_role": "none"
      }
    },
    {
      "type": "Feature",
      "geometry": {
        "type": "Point",
        "coordinates": [
          500529.7270556316,
          6965931.136961961
        ]
      },
      "properties": {
        "junction_id": 39576,
        "veh_id": 11420,
        "sim_time_s": 258.3,
        "tier": "track-zone",
        "prearm_status": "",
        "focus_role": "none"
      }
    },
    {
      "type": "Feature",
      "geometry": {
        "type": "Point",
        "coordinates": [
          0.0,
          0.0
        ]
      },
      "properties": {
        "junction_id": 36385,
        "veh_id": 11402,
        "sim_time_s": 258.3,
        "tier": "harmony-no-ge-local",
        "prearm_status": "skip",
        "focus_role": "none"
      }
    },
    {
      "type": "Feature",
      "geometry": {
        "type": "Point",
        "coordinates": [
          500728.90142917476,
          6964994.412691328
        ]
      },
      "properties": {
        "junction_id": 36393,
        "veh_id": 11402,
        "sim_time_s": 262.4,
        "tier": "track-zone",
        "prearm_status": "",
        "focus_role": "none"
      }
    },
    {
      "type": "Feature",
      "geometry": {
        "type": "Point",
        "coordinates": [
          0.0,
          0.0
        ]
      },
      "properties": {
        "junction_id": 39576,
        "veh_id": 11430,
        "sim_time_s": 267.8,
        "tier": "harmony-no-ge-local",
        "prearm_status": "skip",
        "focus_role": "none"
      }
    },
    {
      "type": "Feature",
      "geometry": {
        "type": "Point",
        "coordinates": [
          500492.2241986984,
          6965686.959375442
        ]
      },
      "properties": {
        "junction_id": 39578,
        "veh_id": 11430,
        "sim_time_s": 270.4,
        "tier": "track-zone",
        "prearm_status": "",
        "focus_role": "none"
      }
    },
    {
      "type": "Feature",
      "geometry": {
        "type": "Point",
        "coordinates": [
          0.0,
          0.0
        ]
      },
      "properties": {
        "junction_id": 36393,
        "veh_id": 11402,
        "sim_time_s": 279.9,
        "tier": "harmony-ins-local",
        "prearm_status": "action",
        "focus_role": "none"
      }
    },
    {
      "type": "Feature",
      "geometry": {
        "type": "Point",
        "coordinates": [
          0.0,
          0.0
        ]
      },
      "properties": {
        "junction_id": 39576,
        "veh_id": 11420,
        "sim_time_s": 282.6,
        "tier": "harmony-no-ge-local",
        "prearm_status": "skip",
        "focus_role": "none"
      }
    },
    {
      "type": "Feature",
      "geometry": {
        "type": "Point",
        "coordinates": [
          0.0,
          0.0
        ]
      },
      "properties": {
        "junction_id": 36385,
        "veh_id": 11395,
        "sim_time_s": 285.3,
        "tier": "harmony-ins-local",
        "prearm_status": "action",
        "focus_role": "none"
      }
    },
    {
      "type": "Feature",
      "geometry": {
        "type": "Point",
        "coordinates": [
          500728.89342784847,
          6964990.416025238
        ]
      },
      "properties": {
        "junction_id": 36393,
        "veh_id": 11395,
        "sim_time_s": 289.4,
        "tier": "track-zone",
        "prearm_status": "",
        "focus_role": "none"
      }
    },
    {
      "type": "Feature",
      "geometry": {
        "type": "Point",
        "coordinates": [
          500728.89342784847,
          6964990.416025238
        ]
      },
      "properties": {
        "junction_id": 36393,
        "veh_id": 11395,
        "sim_time_s": 290.2,
        "tier": "coord-prearm-harmony/SHOCKWAVE",
        "prearm_status": "fired",
        "focus_role": "none"
      }
    },
    {
      "type": "Feature",
      "geometry": {
        "type": "Point",
        "coordinates": [
          500945.67046802037,
          6964036.799411514
        ]
      },
      "properties": {
        "junction_id": 39606,
        "veh_id": 11409,
        "sim_time_s": 300.1,
        "tier": "track-section",
        "prearm_status": "",
        "focus_role": "none"
      }
    },
    {
      "type": "Feature",
      "geometry": {
        "type": "Point",
        "coordinates": [
          500512.3611950001,
          6965706.772039811
        ]
      },
      "properties": {
        "junction_id": 39587,
        "veh_id": 11420,
        "sim_time_s": 306.9,
        "tier": "track-zone",
        "prearm_status": "",
        "focus_role": "none"
      }
    },
    {
      "type": "Feature",
      "geometry": {
        "type": "Point",
        "coordinates": [
          0.0,
          0.0
        ]
      },
      "properties": {
        "junction_id": 39578,
        "veh_id": 11430,
        "sim_time_s": 310.9,
        "tier": "harmony-no-ge-local",
        "prearm_status": "skip",
        "focus_role": "none"
      }
    },
    {
      "type": "Feature",
      "geometry": {
        "type": "Point",
        "coordinates": [
          500519.668350332,
          6965644.851741843
        ]
      },
      "properties": {
        "junction_id": 1119660,
        "veh_id": 11420,
        "sim_time_s": 312.3,
        "tier": "track-zone",
        "prearm_status": "",
        "focus_role": "none"
      }
    },
    {
      "type": "Feature",
      "geometry": {
        "type": "Point",
        "coordinates": [
          499517.7668464688,
          6966652.424015589
        ]
      },
      "properties": {
        "junction_id": 39572,
        "veh_id": 11388,
        "sim_time_s": 313.2,
        "tier": "IC-detect",
        "prearm_status": "",
        "focus_role": "none"
      }
    },
    {
      "type": "Feature",
      "geometry": {
        "type": "Point",
        "coordinates": [
          500396.76402956527,
          6966040.731780265
        ]
      },
      "properties": {
        "junction_id": 1043762,
        "veh_id": 11430,
        "sim_time_s": 321.8,
        "tier": "track-zone",
        "prearm_status": "",
        "focus_role": "none"
      }
    },
    {
      "type": "Feature",
      "geometry": {
        "type": "Point",
        "coordinates": [
          500689.11068624764,
          6964559.664282331
        ]
      },
      "properties": {
        "junction_id": 39590,
        "veh_id": 11402,
        "sim_time_s": 323.1,
        "tier": "track-zone",
        "prearm_status": "",
        "focus_role": "none"
      }
    },
    {
      "type": "Feature",
      "geometry": {
        "type": "Point",
        "coordinates": [
          500547.82217996946,
          6965564.712603248
        ]
      },
      "properties": {
        "junction_id": 10157950,
        "veh_id": 11420,
        "sim_time_s": 325.8,
        "tier": "track-zone",
        "prearm_status": "",
        "focus_role": "none"
      }
    },
    {
      "type": "Feature",
      "geometry": {
        "type": "Point",
        "coordinates": [
          0.0,
          0.0
        ]
      },
      "properties": {
        "junction_id": 39587,
        "veh_id": 11420,
        "sim_time_s": 331.2,
        "tier": "harmony-ins-local",
        "prearm_status": "action",
        "focus_role": "none"
      }
    },
    {
      "type": "Feature",
      "geometry": {
        "type": "Point",
        "coordinates": [
          500729.9590991086,
          6964409.728730633
        ]
      },
      "properties": {
        "junction_id": 39606,
        "veh_id": 11402,
        "sim_time_s": 332.6,
        "tier": "track-zone",
        "prearm_status": "",
        "focus_role": "none"
      }
    },
    {
      "type": "Feature",
      "geometry": {
        "type": "Point",
        "coordinates": [
          0.0,
          0.0
        ]
      },
      "properties": {
        "junction_id": 1043762,
        "veh_id": 11430,
        "sim_time_s": 336.6,
        "tier": "harmony-no-ge-local",
        "prearm_status": "skip",
        "focus_role": "none"
      }
    },
    {
      "type": "Feature",
      "geometry": {
        "type": "Point",
        "coordinates": [
          499757.114392696,
          6966606.798974786
        ]
      },
      "properties": {
        "junction_id": 39568,
        "veh_id": 11388,
        "sim_time_s": 337.9,
        "tier": "track-zone",
        "prearm_status": "",
        "focus_role": "none"
      }
    },
    {
      "type": "Feature",
      "geometry": {
        "type": "Point",
        "coordinates": [
          500602.0477070186,
          6965411.496943167
        ]
      },
      "properties": {
        "junction_id": 39593,
        "veh_id": 11420,
        "sim_time_s": 337.9,
        "tier": "track-zone",
        "prearm_status": "",
        "focus_role": "none"
      }
    },
    {
      "type": "Feature",
      "geometry": {
        "type": "Point",
        "coordinates": [
          0.0,
          0.0
        ]
      },
      "properties": {
        "junction_id": 36393,
        "veh_id": 11395,
        "sim_time_s": 340.2,
        "tier": "harmony-ins-local",
        "prearm_status": "action",
        "focus_role": "none"
      }
    },
    {
      "type": "Feature",
      "geometry": {
        "type": "Point",
        "coordinates": [
          500684.09878133226,
          6964756.319799705
        ]
      },
      "properties": {
        "junction_id": 36393,
        "veh_id": 11395,
        "sim_time_s": 340.2,
        "tier": "coord-prearm-success/SHOCKWAVE",
        "prearm_status": "success",
        "focus_role": "none"
      }
    },
    {
      "type": "Feature",
      "geometry": {
        "type": "Point",
        "coordinates": [
          500890.6258915022,
          6964116.775141289
        ]
      },
      "properties": {
        "junction_id": 39590,
        "veh_id": 11409,
        "sim_time_s": 342.0,
        "tier": "track-zone",
        "prearm_status": "",
        "focus_role": "none"
      }
    },
    {
      "type": "Feature",
      "geometry": {
        "type": "Point",
        "coordinates": [
          0.0,
          0.0
        ]
      },
      "properties": {
        "junction_id": 39606,
        "veh_id": 11409,
        "sim_time_s": 346.1,
        "tier": "harmony-no-ge-local",
        "prearm_status": "skip",
        "focus_role": "none"
      }
    },
    {
      "type": "Feature",
      "geometry": {
        "type": "Point",
        "coordinates": [
          499882.80881325755,
          6966546.766542927
        ]
      },
      "properties": {
        "junction_id": 39569,
        "veh_id": 11388,
        "sim_time_s": 348.8,
        "tier": "track-zone",
        "prearm_status": "",
        "focus_role": "none"
      }
    },
    {
      "type": "Feature",
      "geometry": {
        "type": "Point",
        "coordinates": [
          500640.65322735446,
          6965259.232104018
        ]
      },
      "properties": {
        "junction_id": 36385,
        "veh_id": 11420,
        "sim_time_s": 355.5,
        "tier": "track-zone",
        "prearm_status": "",
        "focus_role": "none"
      }
    },
    {
      "type": "Feature",
      "geometry": {
        "type": "Point",
        "coordinates": [
          500228.5714755709,
          6966240.089319925
        ]
      },
      "properties": {
        "junction_id": 39569,
        "veh_id": 11430,
        "sim_time_s": 356.9,
        "tier": "track-zone",
        "prearm_status": "",
        "focus_role": "none"
      }
    },
    {
      "type": "Feature",
      "geometry": {
        "type": "Point",
        "coordinates": [
          0.0,
          0.0
        ]
      },
      "properties": {
        "junction_id": 39593,
        "veh_id": 11420,
        "sim_time_s": 362.2,
        "tier": "harmony-no-ge-local",
        "prearm_status": "skip",
        "focus_role": "none"
      }
    },
    {
      "type": "Feature",
      "geometry": {
        "type": "Point",
        "coordinates": [
          500690.6880514332,
          6964542.367875998
        ]
      },
      "properties": {
        "junction_id": 39590,
        "veh_id": 11395,
        "sim_time_s": 363.6,
        "tier": "track-zone",
        "prearm_status": "",
        "focus_role": "none"
      }
    },
    {
      "type": "Feature",
      "geometry": {
        "type": "Point",
        "coordinates": [
          0.0,
          0.0
        ]
      },
      "properties": {
        "junction_id": 39590,
        "veh_id": 11402,
        "sim_time_s": 366.3,
        "tier": "harmony-no-ge-local",
        "prearm_status": "skip",
        "focus_role": "none"
      }
    },
    {
      "type": "Feature",
      "geometry": {
        "type": "Point",
        "coordinates": [
          0.0,
          0.0
        ]
      },
      "properties": {
        "junction_id": 39569,
        "veh_id": 11430,
        "sim_time_s": 371.7,
        "tier": "harmony-no-ge-local",
        "prearm_status": "skip",
        "focus_role": "none"
      }
    },
    {
      "type": "Feature",
      "geometry": {
        "type": "Point",
        "coordinates": [
          500728.53039009334,
          6964405.084197407
        ]
      },
      "properties": {
        "junction_id": 39606,
        "veh_id": 11395,
        "sim_time_s": 373.1,
        "tier": "track-zone",
        "prearm_status": "",
        "focus_role": "none"
      }
    },
    {
      "type": "Feature",
      "geometry": {
        "type": "Point",
        "coordinates": [
          500122.63943813107,
          6966431.157688614
        ]
      },
      "properties": {
        "junction_id": 39572,
        "veh_id": 11430,
        "sim_time_s": 374.4,
        "tier": "track-zone",
        "prearm_status": "",
        "focus_role": "none"
      }
    },
    {
      "type": "Feature",
      "geometry": {
        "type": "Point",
        "coordinates": [
          0.0,
          0.0
        ]
      },
      "properties": {
        "junction_id": 39590,
        "veh_id": 11409,
        "sim_time_s": 374.4,
        "tier": "harmony-no-ge-local",
        "prearm_status": "skip",
        "focus_role": "none"
      }
    },
    {
      "type": "Feature",
      "geometry": {
        "type": "Point",
        "coordinates": [
          499512.96129618504,
          6966653.520070833
        ]
      },
      "properties": {
        "junction_id": 39572,
        "veh_id": 11413,
        "sim_time_s": 374.4,
        "tier": "IC-detect",
        "prearm_status": "",
        "focus_role": "none"
      }
    },
    {
      "type": "Feature",
      "geometry": {
        "type": "Point",
        "coordinates": [
          0.0,
          0.0
        ]
      },
      "properties": {
        "junction_id": 39606,
        "veh_id": 11402,
        "sim_time_s": 379.8,
        "tier": "harmony-no-ge-local",
        "prearm_status": "skip",
        "focus_role": "none"
      }
    },
    {
      "type": "Feature",
      "geometry": {
        "type": "Point",
        "coordinates": [
          500133.45730544487,
          6966428.501149545
        ]
      },
      "properties": {
        "junction_id": 1043762,
        "veh_id": 11388,
        "sim_time_s": 386.6,
        "tier": "track-zone",
        "prearm_status": "",
        "focus_role": "none"
      }
    },
    {
      "type": "Feature",
      "geometry": {
        "type": "Point",
        "coordinates": [
          0.0,
          0.0
        ]
      },
      "properties": {
        "junction_id": 39606,
        "veh_id": 11395,
        "sim_time_s": 391.9,
        "tier": "harmony-no-ge-local",
        "prearm_status": "skip",
        "focus_role": "none"
      }
    },
    {
      "type": "Feature",
      "geometry": {
        "type": "Point",
        "coordinates": [
          0.0,
          0.0
        ]
      },
      "properties": {
        "junction_id": 1043762,
        "veh_id": 11388,
        "sim_time_s": 398.7,
        "tier": "harmony-no-ge-local",
        "prearm_status": "skip",
        "focus_role": "none"
      }
    },
    {
      "type": "Feature",
      "geometry": {
        "type": "Point",
        "coordinates": [
          500355.5523481417,
          6966093.692225775
        ]
      },
      "properties": {
        "junction_id": 39578,
        "veh_id": 11388,
        "sim_time_s": 412.2,
        "tier": "track-section",
        "prearm_status": "",
        "focus_role": "none"
      }
    },
    {
      "type": "Feature",
      "geometry": {
        "type": "Point",
        "coordinates": [
          500674.6671461944,
          6964510.73811183
        ]
      },
      "properties": {
        "junction_id": 36393,
        "veh_id": 11409,
        "sim_time_s": 424.4,
        "tier": "track-zone",
        "prearm_status": "",
        "focus_role": "none"
      }
    },
    {
      "type": "Feature",
      "geometry": {
        "type": "Point",
        "coordinates": [
          499757.4483129915,
          6966606.594166257
        ]
      },
      "properties": {
        "junction_id": 39568,
        "veh_id": 11413,
        "sim_time_s": 429.8,
        "tier": "track-zone",
        "prearm_status": "",
        "focus_role": "none"
      }
    },
    {
      "type": "Feature",
      "geometry": {
        "type": "Point",
        "coordinates": [
          500074.7846431831,
          6966493.009086464
        ]
      },
      "properties": {
        "junction_id": 39568,
        "veh_id": 11430,
        "sim_time_s": 433.8,
        "tier": "track-zone",
        "prearm_status": "",
        "focus_role": "none"
      }
    },
    {
      "type": "Feature",
      "geometry": {
        "type": "Point",
        "coordinates": [
          0.0,
          0.0
        ]
      },
      "properties": {
        "junction_id": 39578,
        "veh_id": 11388,
        "sim_time_s": 440.6,
        "tier": "harmony-no-ge-local",
        "prearm_status": "skip",
        "focus_role": "none"
      }
    },
    {
      "type": "Feature",
      "geometry": {
        "type": "Point",
        "coordinates": [
          500528.5733412618,
          6965934.627023024
        ]
      },
      "properties": {
        "junction_id": 39576,
        "veh_id": 11388,
        "sim_time_s": 443.2,
        "tier": "track-zone",
        "prearm_status": "",
        "focus_role": "none"
      }
    },
    {
      "type": "Feature",
      "geometry": {
        "type": "Point",
        "coordinates": [
          500952.09229130344,
          6964037.796872752
        ]
      },
      "properties": {
        "junction_id": 39606,
        "veh_id": 11431,
        "sim_time_s": 450.0,
        "tier": "track-section",
        "prearm_status": "",
        "focus_role": "none"
      }
    },
    {
      "type": "Feature",
      "geometry": {
        "type": "Point",
        "coordinates": [
          0.0,
          0.0
        ]
      },
      "properties": {
        "junction_id": 36385,
        "veh_id": 11420,
        "sim_time_s": 455.4,
        "tier": "harmony-ins-local",
        "prearm_status": "action",
        "focus_role": "none"
      }
    },
    {
      "type": "Feature",
      "geometry": {
        "type": "Point",
        "coordinates": [
          0.0,
          0.0
        ]
      },
      "properties": {
        "junction_id": 39572,
        "veh_id": 11430,
        "sim_time_s": 455.4,
        "tier": "harmony-no-ge-local",
        "prearm_status": "skip",
        "focus_role": "none"
      }
    },
    {
      "type": "Feature",
      "geometry": {
        "type": "Point",
        "coordinates": [
          500887.6472557385,
          6964126.213200383
        ]
      },
      "properties": {
        "junction_id": 39590,
        "veh_id": 11431,
        "sim_time_s": 456.8,
        "tier": "track-zone",
        "prearm_status": "",
        "focus_role": "none"
      }
    },
    {
      "type": "Feature",
      "geometry": {
        "type": "Point",
        "coordinates": [
          0.0,
          0.0
        ]
      },
      "properties": {
        "junction_id": 39606,
        "veh_id": 11431,
        "sim_time_s": 460.8,
        "tier": "harmony-no-ge-local",
        "prearm_status": "skip",
        "focus_role": "none"
      }
    },
    {
      "type": "Feature",
      "geometry": {
        "type": "Point",
        "coordinates": [
          0.0,
          0.0
        ]
      },
      "properties": {
        "junction_id": 39576,
        "veh_id": 11388,
        "sim_time_s": 463.5,
        "tier": "harmony-no-ge-local",
        "prearm_status": "skip",
        "focus_role": "none"
      }
    },
    {
      "type": "Feature",
      "geometry": {
        "type": "Point",
        "coordinates": [
          0.0,
          0.0
        ]
      },
      "properties": {
        "junction_id": 36393,
        "veh_id": 11409,
        "sim_time_s": 464.9,
        "tier": "harmony-no-ge-local",
        "prearm_status": "skip",
        "focus_role": "none"
      }
    },
    {
      "type": "Feature",
      "geometry": {
        "type": "Point",
        "coordinates": [
          500509.784657201,
          6965699.0419695
        ]
      },
      "properties": {
        "junction_id": 39587,
        "veh_id": 11388,
        "sim_time_s": 466.2,
        "tier": "track-zone",
        "prearm_status": "",
        "focus_role": "none"
      }
    },
    {
      "type": "Feature",
      "geometry": {
        "type": "Point",
        "coordinates": [
          500713.044225167,
          6964897.005061674
        ]
      },
      "properties": {
        "junction_id": 36393,
        "veh_id": 11420,
        "sim_time_s": 466.2,
        "tier": "IC-detect",
        "prearm_status": "",
        "focus_role": "none"
      }
    },
    {
      "type": "Feature",
      "geometry": {
        "type": "Point",
        "coordinates": [
          500680.05342031515,
          6964788.690467629
        ]
      },
      "properties": {
        "junction_id": 36385,
        "veh_id": 11409,
        "sim_time_s": 470.2,
        "tier": "track-zone",
        "prearm_status": "",
        "focus_role": "none"
      }
    },
    {
      "type": "Feature",
      "geometry": {
        "type": "Point",
        "coordinates": [
          499892.7275014606,
          6966542.01755222
        ]
      },
      "properties": {
        "junction_id": 39569,
        "veh_id": 11413,
        "sim_time_s": 471.6,
        "tier": "track-zone",
        "prearm_status": "",
        "focus_role": "none"
      }
    },
    {
      "type": "Feature",
      "geometry": {
        "type": "Point",
        "coordinates": [
          500517.8606633502,
          6965641.139547954
        ]
      },
      "properties": {
        "junction_id": 1119660,
        "veh_id": 11388,
        "sim_time_s": 472.9,
        "tier": "track-zone",
        "prearm_status": "",
        "focus_role": "none"
      }
    },
    {
      "type": "Feature",
      "geometry": {
        "type": "Point",
        "coordinates": [
          500018.35468840797,
          6966619.471537106
        ]
      },
      "properties": {
        "junction_id": 11118289,
        "veh_id": 11430,
        "sim_time_s": 472.9,
        "tier": "track-zone",
        "prearm_status": "",
        "focus_role": "none"
      }
    },
    {
      "type": "Feature",
      "geometry": {
        "type": "Point",
        "coordinates": [
          0.0,
          0.0
        ]
      },
      "properties": {
        "junction_id": 36393,
        "veh_id": 11420,
        "sim_time_s": 477.0,
        "tier": "harmony-no-ge-local",
        "prearm_status": "skip",
        "focus_role": "none"
      }
    },
    {
      "type": "Feature",
      "geometry": {
        "type": "Point",
        "coordinates": [
          500547.9791956653,
          6965564.621295671
        ]
      },
      "properties": {
        "junction_id": 10157950,
        "veh_id": 11388,
        "sim_time_s": 479.7,
        "tier": "track-zone",
        "prearm_status": "",
        "focus_role": "none"
      }
    },
    {
      "type": "Feature",
      "geometry": {
        "type": "Point",
        "coordinates": [
          0.0,
          0.0
        ]
      },
      "properties": {
        "junction_id": 39587,
        "veh_id": 11388,
        "sim_time_s": 486.4,
        "tier": "harmony-ins-local",
        "prearm_status": "action",
        "focus_role": "none"
      }
    },
    {
      "type": "Feature",
      "geometry": {
        "type": "Point",
        "coordinates": [
          499461.06147107616,
          6967098.413276855
        ]
      },
      "properties": {
        "junction_id": 38339,
        "veh_id": 11397,
        "sim_time_s": 487.8,
        "tier": "IC-detect",
        "prearm_status": "",
        "focus_role": "none"
      }
    },
    {
      "type": "Feature",
      "geometry": {
        "type": "Point",
        "coordinates": [
          500689.82192394533,
          6964549.16630687
        ]
      },
      "properties": {
        "junction_id": 39590,
        "veh_id": 11420,
        "sim_time_s": 494.6,
        "tier": "track-zone",
        "prearm_status": "",
        "focus_role": "none"
      }
    },
    {
      "type": "Feature",
      "geometry": {
        "type": "Point",
        "coordinates": [
          500606.3495048644,
          6965396.123977405
        ]
      },
      "properties": {
        "junction_id": 39593,
        "veh_id": 11388,
        "sim_time_s": 498.6,
        "tier": "track-zone",
        "prearm_status": "",
        "focus_role": "none"
      }
    },
    {
      "type": "Feature",
      "geometry": {
        "type": "Point",
        "coordinates": [
          500088.38538498286,
          6967506.565875464
        ]
      },
      "properties": {
        "junction_id": 38339,
        "veh_id": 11421,
        "sim_time_s": 498.6,
        "tier": "IC-detect",
        "prearm_status": "",
        "focus_role": "none"
      }
    },
    {
      "type": "Feature",
      "geometry": {
        "type": "Point",
        "coordinates": [
          500644.95519805717,
          6965249.29293306
        ]
      },
      "properties": {
        "junction_id": 36385,
        "veh_id": 11388,
        "sim_time_s": 510.8,
        "tier": "track-zone",
        "prearm_status": "",
        "focus_role": "none"
      }
    },
    {
      "type": "Feature",
      "geometry": {
        "type": "Point",
        "coordinates": [
          0.0,
          0.0
        ]
      },
      "properties": {
        "junction_id": 39590,
        "veh_id": 11431,
        "sim_time_s": 512.1,
        "tier": "harmony-no-ge-local",
        "prearm_status": "skip",
        "focus_role": "none"
      }
    },
    {
      "type": "Feature",
      "geometry": {
        "type": "Point",
        "coordinates": [
          500701.7734274403,
          6964932.904758621
        ]
      },
      "properties": {
        "junction_id": 39593,
        "veh_id": 11409,
        "sim_time_s": 513.5,
        "tier": "track-zone",
        "prearm_status": "",
        "focus_role": "none"
      }
    },
    {
      "type": "Feature",
      "geometry": {
        "type": "Point",
        "coordinates": [
          0.0,
          0.0
        ]
      },
      "properties": {
        "junction_id": 39593,
        "veh_id": 11388,
        "sim_time_s": 517.5,
        "tier": "harmony-no-ge-local",
        "prearm_status": "skip",
        "focus_role": "none"
      }
    },
    {
      "type": "Feature",
      "geometry": {
        "type": "Point",
        "coordinates": [
          499963.72380005714,
          6966791.974479351
        ]
      },
      "properties": {
        "junction_id": 38339,
        "veh_id": 11430,
        "sim_time_s": 522.9,
        "tier": "track-zone",
        "prearm_status": "",
        "focus_role": "none"
      }
    },
    {
      "type": "Feature",
      "geometry": {
        "type": "Point",
        "coordinates": [
          0.0,
          0.0
        ]
      },
      "properties": {
        "junction_id": 39569,
        "veh_id": 11413,
        "sim_time_s": 536.4,
        "tier": "harmony-ins-local",
        "prearm_status": "action",
        "focus_role": "none"
      }
    },
    {
      "type": "Feature",
      "geometry": {
        "type": "Point",
        "coordinates": [
          500729.5312388691,
          6964410.808504458
        ]
      },
      "properties": {
        "junction_id": 39606,
        "veh_id": 11420,
        "sim_time_s": 537.8,
        "tier": "track-zone",
        "prearm_status": "",
        "focus_role": "none"
      }
    },
    {
      "type": "Feature",
      "geometry": {
        "type": "Point",
        "coordinates": [
          0.0,
          0.0
        ]
      },
      "properties": {
        "junction_id": 38339,
        "veh_id": 11430,
        "sim_time_s": 537.8,
        "tier": "harmony-no-ge-local",
        "prearm_status": "skip",
        "focus_role": "none"
      }
    },
    {
      "type": "Feature",
      "geometry": {
        "type": "Point",
        "coordinates": [
          0.0,
          0.0
        ]
      },
      "properties": {
        "junction_id": 36385,
        "veh_id": 11409,
        "sim_time_s": 541.8,
        "tier": "harmony-no-ge-local",
        "prearm_status": "skip",
        "focus_role": "none"
      }
    },
    {
      "type": "Feature",
      "geometry": {
        "type": "Point",
        "coordinates": [
          499820.2277666151,
          6967045.13524904
        ]
      },
      "properties": {
        "junction_id": 11118289,
        "veh_id": 11397,
        "sim_time_s": 544.5,
        "tier": "track-zone",
        "prearm_status": "",
        "focus_role": "none"
      }
    },
    {
      "type": "Feature",
      "geometry": {
        "type": "Point",
        "coordinates": [
          500673.39087713923,
          6964521.066111447
        ]
      },
      "properties": {
        "junction_id": 36393,
        "veh_id": 11431,
        "sim_time_s": 556.6,
        "tier": "track-zone",
        "prearm_status": "",
        "focus_role": "none"
      }
    },
    {
      "type": "Feature",
      "geometry": {
        "type": "Point",
        "coordinates": [
          500681.14638898143,
          6965097.2746638525
        ]
      },
      "properties": {
        "junction_id": 10157950,
        "veh_id": 11409,
        "sim_time_s": 558.0,
        "tier": "track-zone",
        "prearm_status": "",
        "focus_role": "none"
      }
    },
    {
      "type": "Feature",
      "geometry": {
        "type": "Point",
        "coordinates": [
          499964.6008473744,
          6967096.567243774
        ]
      },
      "properties": {
        "junction_id": 11118289,
        "veh_id": 11421,
        "sim_time_s": 563.4,
        "tier": "track-zone",
        "prearm_status": "",
        "focus_role": "none"
      }
    },
    {
      "type": "Feature",
      "geometry": {
        "type": "Point",
        "coordinates": [
          0.0,
          0.0
        ]
      },
      "properties": {
        "junction_id": 38339,
        "veh_id": 11421,
        "sim_time_s": 566.1,
        "tier": "harmony-ins-local",
        "prearm_status": "action",
        "focus_role": "none"
      }
    },
    {
      "type": "Feature",
      "geometry": {
        "type": "Point",
        "coordinates": [
          0.0,
          0.0
        ]
      },
      "properties": {
        "junction_id": 39590,
        "veh_id": 11420,
        "sim_time_s": 568.8,
        "tier": "harmony-ins-local",
        "prearm_status": "action",
        "focus_role": "none"
      }
    },
    {
      "type": "Feature",
      "geometry": {
        "type": "Point",
        "coordinates": [
          499961.1445531577,
          6966955.432426008
        ]
      },
      "properties": {
        "junction_id": 39568,
        "veh_id": 11421,
        "sim_time_s": 572.9,
        "tier": "track-zone",
        "prearm_status": "",
        "focus_role": "none"
      }
    },
    {
      "type": "Feature",
      "geometry": {
        "type": "Point",
        "coordinates": [
          499966.5091329096,
          6966888.327185795
        ]
      },
      "properties": {
        "junction_id": 39572,
        "veh_id": 11421,
        "sim_time_s": 576.9,
        "tier": "track-zone",
        "prearm_status": "",
        "focus_role": "none"
      }
    },
    {
      "type": "Feature",
      "geometry": {
        "type": "Point",
        "coordinates": [
          500126.31990806904,
          6966445.102471795
        ]
      },
      "properties": {
        "junction_id": 1043762,
        "veh_id": 11413,
        "sim_time_s": 579.6,
        "tier": "track-zone",
        "prearm_status": "",
        "focus_role": "none"
      }
    },
    {
      "type": "Feature",
      "geometry": {
        "type": "Point",
        "coordinates": [
          0.0,
          0.0
        ]
      },
      "properties": {
        "junction_id": 39593,
        "veh_id": 11409,
        "sim_time_s": 583.6,
        "tier": "harmony-no-ge-local",
        "prearm_status": "skip",
        "focus_role": "none"
      }
    },
    {
      "type": "Feature",
      "geometry": {
        "type": "Point",
        "coordinates": [
          500659.08662131004,
          6965188.322099642
        ]
      },
      "properties": {
        "junction_id": 1119660,
        "veh_id": 11409,
        "sim_time_s": 587.7,
        "tier": "track-zone",
        "prearm_status": "",
        "focus_role": "none"
      }
    },
    {
      "type": "Feature",
      "geometry": {
        "type": "Point",
        "coordinates": [
          500633.12079210643,
          6965246.710319686
        ]
      },
      "properties": {
        "junction_id": 39587,
        "veh_id": 11409,
        "sim_time_s": 591.8,
        "tier": "track-zone",
        "prearm_status": "",
        "focus_role": "none"
      }
    },
    {
      "type": "Feature",
      "geometry": {
        "type": "Point",
        "coordinates": [
          0.0,
          0.0
        ]
      },
      "properties": {
        "junction_id": 36385,
        "veh_id": 11388,
        "sim_time_s": 594.5,
        "tier": "harmony-no-ge-local",
        "prearm_status": "skip",
        "focus_role": "none"
      }
    },
    {
      "type": "Feature",
      "geometry": {
        "type": "Point",
        "coordinates": [
          0.0,
          0.0
        ]
      },
      "properties": {
        "junction_id": 36393,
        "veh_id": 11431,
        "sim_time_s": 598.5,
        "tier": "harmony-no-ge-local",
        "prearm_status": "skip",
        "focus_role": "none"
      }
    },
    {
      "type": "Feature",
      "geometry": {
        "type": "Point",
        "coordinates": [
          500723.01801326795,
          6964994.695553427
        ]
      },
      "properties": {
        "junction_id": 36393,
        "veh_id": 11388,
        "sim_time_s": 599.9,
        "tier": "track-zone",
        "prearm_status": "",
        "focus_role": "none"
      }
    },
    {
      "type": "Feature",
      "geometry": {
        "type": "Point",
        "coordinates": [
          0.0,
          0.0
        ]
      },
      "properties": {
        "junction_id": 39572,
        "veh_id": 11421,
        "sim_time_s": 602.5,
        "tier": "harmony-ins-local",
        "prearm_status": "action",
        "focus_role": "none"
      }
    },
    {
      "type": "Feature",
      "geometry": {
        "type": "Point",
        "coordinates": [
          500682.60632330616,
          6964773.685995075
        ]
      },
      "properties": {
        "junction_id": 36385,
        "veh_id": 11431,
        "sim_time_s": 605.2,
        "tier": "track-zone",
        "prearm_status": "",
        "focus_role": "none"
      }
    },
    {
      "type": "Feature",
      "geometry": {
        "type": "Point",
        "coordinates": [
          499908.13394682,
          6967033.978349908
        ]
      },
      "properties": {
        "junction_id": 38339,
        "veh_id": 11397,
        "sim_time_s": 608.0,
        "tier": "IC-detect",
        "prearm_status": "",
        "focus_role": "none"
      }
    },
    {
      "type": "Feature",
      "geometry": {
        "type": "Point",
        "coordinates": [
          0.0,
          0.0
        ]
      },
      "properties": {
        "junction_id": 39606,
        "veh_id": 11420,
        "sim_time_s": 612.0,
        "tier": "harmony-no-ge-local",
        "prearm_status": "skip",
        "focus_role": "none"
      }
    },
    {
      "type": "Feature",
      "geometry": {
        "type": "Point",
        "coordinates": [
          500010.45006414695,
          6966673.254302676
        ]
      },
      "properties": {
        "junction_id": 39569,
        "veh_id": 11421,
        "sim_time_s": 613.4,
        "tier": "track-zone",
        "prearm_status": "",
        "focus_role": "none"
      }
    },
    {
      "type": "Feature",
      "geometry": {
        "type": "Point",
        "coordinates": [
          499961.96387226105,
          6966948.598423675
        ]
      },
      "properties": {
        "junction_id": 39568,
        "veh_id": 11397,
        "sim_time_s": 622.8,
        "tier": "track-zone",
        "prearm_status": "",
        "focus_role": "none"
      }
    },
    {
      "type": "Feature",
      "geometry": {
        "type": "Point",
        "coordinates": [
          0.0,
          0.0
        ]
      },
      "properties": {
        "junction_id": 1043762,
        "veh_id": 11413,
        "sim_time_s": 625.5,
        "tier": "harmony-no-ge-local",
        "prearm_status": "skip",
        "focus_role": "none"
      }
    },
    {
      "type": "Feature",
      "geometry": {
        "type": "Point",
        "coordinates": [
          500701.69841551787,
          6964931.736165431
        ]
      },
      "properties": {
        "junction_id": 39593,
        "veh_id": 11431,
        "sim_time_s": 626.9,
        "tier": "track-zone",
        "prearm_status": "",
        "focus_role": "none"
      }
    },
    {
      "type": "Feature",
      "geometry": {
        "type": "Point",
        "coordinates": [
          499968.91357027926,
          6966899.015131109
        ]
      },
      "properties": {
        "junction_id": 39572,
        "veh_id": 11397,
        "sim_time_s": 628.2,
        "tier": "track-zone",
        "prearm_status": "",
        "focus_role": "none"
      }
    },
    {
      "type": "Feature",
      "geometry": {
        "type": "Point",
        "coordinates": [
          0.0,
          0.0
        ]
      },
      "properties": {
        "junction_id": 39587,
        "veh_id": 11409,
        "sim_time_s": 630.9,
        "tier": "harmony-no-ge-local",
        "prearm_status": "skip",
        "focus_role": "none"
      }
    },
    {
      "type": "Feature",
      "geometry": {
        "type": "Point",
        "coordinates": [
          500572.6929908269,
          6965458.388971425
        ]
      },
      "properties": {
        "junction_id": 39576,
        "veh_id": 11409,
        "sim_time_s": 632.2,
        "tier": "track-zone",
        "prearm_status": "",
        "focus_role": "none"
      }
    },
    {
      "type": "Feature",
      "geometry": {
        "type": "Point",
        "coordinates": [
          0.0,
          0.0
        ]
      },
      "properties": {
        "junction_id": 36393,
        "veh_id": 11388,
        "sim_time_s": 637.6,
        "tier": "harmony-no-ge-local",
        "prearm_status": "skip",
        "focus_role": "none"
      }
    },
    {
      "type": "Feature",
      "geometry": {
        "type": "Point",
        "coordinates": [
          0.0,
          0.0
        ]
      },
      "properties": {
        "junction_id": 39576,
        "veh_id": 11409,
        "sim_time_s": 647.1,
        "tier": "harmony-no-ge-local",
        "prearm_status": "skip",
        "focus_role": "none"
      }
    },
    {
      "type": "Feature",
      "geometry": {
        "type": "Point",
        "coordinates": [
          500492.27088862157,
          6965685.540220773
        ]
      },
      "properties": {
        "junction_id": 39578,
        "veh_id": 11409,
        "sim_time_s": 649.8,
        "tier": "track-zone",
        "prearm_status": "",
        "focus_role": "none"
      }
    },
    {
      "type": "Feature",
      "geometry": {
        "type": "Point",
        "coordinates": [
          500684.10748414916,
          6964547.075496956
        ]
      },
      "properties": {
        "junction_id": 39590,
        "veh_id": 11388,
        "sim_time_s": 659.2,
        "tier": "track-zone",
        "prearm_status": "",
        "focus_role": "none"
      }
    },
    {
      "type": "Feature",
      "geometry": {
        "type": "Point",
        "coordinates": [
          500354.0722601674,
          6966099.050407572
        ]
      },
      "properties": {
        "junction_id": 39578,
        "veh_id": 11413,
        "sim_time_s": 659.2,
        "tier": "track-section",
        "prearm_status": "",
        "focus_role": "none"
      }
    },
    {
      "type": "Feature",
      "geometry": {
        "type": "Point",
        "coordinates": [
          0.0,
          0.0
        ]
      },
      "properties": {
        "junction_id": 39569,
        "veh_id": 11421,
        "sim_time_s": 662.0,
        "tier": "harmony-ins-local",
        "prearm_status": "action",
        "focus_role": "none"
      }
    },
    {
      "type": "Feature",
      "geometry": {
        "type": "Point",
        "coordinates": [
          499969.7341675965,
          6966829.554785912
        ]
      },
      "properties": {
        "junction_id": 11118289,
        "veh_id": 11397,
        "sim_time_s": 666.0,
        "tier": "track-zone",
        "prearm_status": "",
        "focus_role": "none"
      }
    },
    {
      "type": "Feature",
      "geometry": {
        "type": "Point",
        "coordinates": [
          500135.32271294814,
          6966432.838243809
        ]
      },
      "properties": {
        "junction_id": 1043762,
        "veh_id": 11421,
        "sim_time_s": 666.0,
        "tier": "track-zone",
        "prearm_status": "",
        "focus_role": "none"
      }
    },
    {
      "type": "Feature",
      "geometry": {
        "type": "Point",
        "coordinates": [
          0.0,
          0.0
        ]
      },
      "properties": {
        "junction_id": 1043762,
        "veh_id": 11421,
        "sim_time_s": 679.5,
        "tier": "harmony-no-ge-local",
        "prearm_status": "skip",
        "focus_role": "none"
      }
    },
    {
      "type": "Feature",
      "geometry": {
        "type": "Point",
        "coordinates": [
          0.0,
          0.0
        ]
      },
      "properties": {
        "junction_id": 39572,
        "veh_id": 11397,
        "sim_time_s": 713.2,
        "tier": "harmony-ge-local",
        "prearm_status": "action",
        "focus_role": "none"
      }
    },
    {
      "type": "Feature",
      "geometry": {
        "type": "Point",
        "coordinates": [
          500726.1177998476,
          6964402.852150013
        ]
      },
      "properties": {
        "junction_id": 39606,
        "veh_id": 11388,
        "sim_time_s": 714.6,
        "tier": "track-zone",
        "prearm_status": "",
        "focus_role": "none"
      }
    },
    {
      "type": "Feature",
      "geometry": {
        "type": "Point",
        "coordinates": [
          500013.0387414997,
          6966667.038881861
        ]
      },
      "properties": {
        "junction_id": 39569,
        "veh_id": 11397,
        "sim_time_s": 714.6,
        "tier": "track-zone",
        "prearm_status": "",
        "focus_role": "none"
      }
    },
    {
      "type": "Feature",
      "geometry": {
        "type": "Point",
        "coordinates": [
          500353.2474540964,
          6966099.793027399
        ]
      },
      "properties": {
        "junction_id": 39578,
        "veh_id": 11421,
        "sim_time_s": 716.0,
        "tier": "track-section",
        "prearm_status": "",
        "focus_role": "none"
      }
    },
    {
      "type": "Feature",
      "geometry": {
        "type": "Point",
        "coordinates": [
          0.0,
          0.0
        ]
      },
      "properties": {
        "junction_id": 36385,
        "veh_id": 11431,
        "sim_time_s": 718.6,
        "tier": "harmony-no-ge-local",
        "prearm_status": "skip",
        "focus_role": "none"
      }
    },
    {
      "type": "Feature",
      "geometry": {
        "type": "Point",
        "coordinates": [
          500924.5189433935,
          6965248.436222348
        ]
      },
      "properties": {
        "junction_id": 39593,
        "veh_id": 11384,
        "sim_time_s": 720.0,
        "tier": "track-zone",
        "prearm_status": "",
        "focus_role": "none"
      }
    },
    {
      "type": "Feature",
      "geometry": {
        "type": "Point",
        "coordinates": [
          500851.121649168,
          6965221.122708668
        ]
      },
      "properties": {
        "junction_id": 36385,
        "veh_id": 11384,
        "sim_time_s": 725.4,
        "tier": "track-zone",
        "prearm_status": "",
        "focus_role": "none"
      }
    },
    {
      "type": "Feature",
      "geometry": {
        "type": "Point",
        "coordinates": [
          500532.1328557982,
          6965933.632678197
        ]
      },
      "properties": {
        "junction_id": 39576,
        "veh_id": 11413,
        "sim_time_s": 726.8,
        "tier": "track-zone",
        "prearm_status": "",
        "focus_role": "none"
      }
    },
    {
      "type": "Feature",
      "geometry": {
        "type": "Point",
        "coordinates": [
          500831.3866596536,
          6965211.861886266
        ]
      },
      "properties": {
        "junction_id": 10157950,
        "veh_id": 11384,
        "sim_time_s": 728.1,
        "tier": "track-zone",
        "prearm_status": "",
        "focus_role": "none"
      }
    },
    {
      "type": "Feature",
      "geometry": {
        "type": "Point",
        "coordinates": [
          500687.7967081546,
          6965098.622618613
        ]
      },
      "properties": {
        "junction_id": 10157950,
        "veh_id": 11431,
        "sim_time_s": 728.1,
        "tier": "track-zone",
        "prearm_status": "",
        "focus_role": "none"
      }
    },
    {
      "type": "Feature",
      "geometry": {
        "type": "Point",
        "coordinates": [
          0.0,
          0.0
        ]
      },
      "properties": {
        "junction_id": 39593,
        "veh_id": 11431,
        "sim_time_s": 732.1,
        "tier": "harmony-no-ge-local",
        "prearm_status": "skip",
        "focus_role": "none"
      }
    },
    {
      "type": "Feature",
      "geometry": {
        "type": "Point",
        "coordinates": [
          500667.16483375354,
          6965177.405020994
        ]
      },
      "properties": {
        "junction_id": 1119660,
        "veh_id": 11431,
        "sim_time_s": 733.5,
        "tier": "track-zone",
        "prearm_status": "",
        "focus_role": "none"
      }
    },
    {
      "type": "Feature",
      "geometry": {
        "type": "Point",
        "coordinates": [
          500393.434641795,
          6966043.526697925
        ]
      },
      "properties": {
        "junction_id": 1043762,
        "veh_id": 11409,
        "sim_time_s": 736.2,
        "tier": "track-zone",
        "prearm_status": "",
        "focus_role": "none"
      }
    },
    {
      "type": "Feature",
      "geometry": {
        "type": "Point",
        "coordinates": [
          0.0,
          0.0
        ]
      },
      "properties": {
        "junction_id": 39578,
        "veh_id": 11421,
        "sim_time_s": 736.2,
        "tier": "harmony-no-ge-local",
        "prearm_status": "skip",
        "focus_role": "none"
      }
    },
    {
      "type": "Feature",
      "geometry": {
        "type": "Point",
        "coordinates": [
          500640.39390800364,
          6965239.132074637
        ]
      },
      "properties": {
        "junction_id": 39587,
        "veh_id": 11431,
        "sim_time_s": 737.5,
        "tier": "track-zone",
        "prearm_status": "",
        "focus_role": "none"
      }
    },
    {
      "type": "Feature",
      "geometry": {
        "type": "Point",
        "coordinates": [
          500533.92472265795,
          6965928.755358649
        ]
      },
      "properties": {
        "junction_id": 39576,
        "veh_id": 11421,
        "sim_time_s": 738.9,
        "tier": "track-zone",
        "prearm_status": "",
        "focus_role": "none"
      }
    },
    {
      "type": "Feature",
      "geometry": {
        "type": "Point",
        "coordinates": [
          0.0,
          0.0
        ]
      },
      "properties": {
        "junction_id": 39590,
        "veh_id": 11388,
        "sim_time_s": 741.6,
        "tier": "harmony-ins-local",
        "prearm_status": "action",
        "focus_role": "none"
      }
    },
    {
      "type": "Feature",
      "geometry": {
        "type": "Point",
        "coordinates": [
          500036.37325970054,
          6966611.787534156
        ]
      },
      "properties": {
        "junction_id": 39568,
        "veh_id": 11397,
        "sim_time_s": 744.3,
        "tier": "track-zone",
        "prearm_status": "",
        "focus_role": "none"
      }
    },
    {
      "type": "Feature",
      "geometry": {
        "type": "Point",
        "coordinates": [
          0.0,
          0.0
        ]
      },
      "properties": {
        "junction_id": 39576,
        "veh_id": 11413,
        "sim_time_s": 761.9,
        "tier": "harmony-no-ge-local",
        "prearm_status": "skip",
        "focus_role": "none"
      }
    },
    {
      "type": "Feature",
      "geometry": {
        "type": "Point",
        "coordinates": [
          0.0,
          0.0
        ]
      },
      "properties": {
        "junction_id": 39569,
        "veh_id": 11397,
        "sim_time_s": 764.5,
        "tier": "harmony-no-ge-local",
        "prearm_status": "skip",
        "focus_role": "none"
      }
    },
    {
      "type": "Feature",
      "geometry": {
        "type": "Point",
        "coordinates": [
          0.0,
          0.0
        ]
      },
      "properties": {
        "junction_id": 39587,
        "veh_id": 11431,
        "sim_time_s": 767.2,
        "tier": "harmony-no-ge-local",
        "prearm_status": "skip",
        "focus_role": "none"
      }
    },
    {
      "type": "Feature",
      "geometry": {
        "type": "Point",
        "coordinates": [
          0.0,
          0.0
        ]
      },
      "properties": {
        "junction_id": 39606,
        "veh_id": 11388,
        "sim_time_s": 770.0,
        "tier": "harmony-no-ge-local",
        "prearm_status": "skip",
        "focus_role": "none"
      }
    },
    {
      "type": "Feature",
      "geometry": {
        "type": "Point",
        "coordinates": [
          500576.7042666688,
          6965466.063786474
        ]
      },
      "properties": {
        "junction_id": 39576,
        "veh_id": 11431,
        "sim_time_s": 771.3,
        "tier": "track-zone",
        "prearm_status": "",
        "focus_role": "none"
      }
    },
    {
      "type": "Feature",
      "geometry": {
        "type": "Point",
        "coordinates": [
          0.0,
          0.0
        ]
      },
      "properties": {
        "junction_id": 1043762,
        "veh_id": 11409,
        "sim_time_s": 772.6,
        "tier": "harmony-ge-local",
        "prearm_status": "action",
        "focus_role": "none"
      }
    },
    {
      "type": "Feature",
      "geometry": {
        "type": "Point",
        "coordinates": [
          500228.05194619845,
          6966235.070595338
        ]
      },
      "properties": {
        "junction_id": 39569,
        "veh_id": 11409,
        "sim_time_s": 775.4,
        "tier": "track-zone",
        "prearm_status": "",
        "focus_role": "none"
      }
    },
    {
      "type": "Feature",
      "geometry": {
        "type": "Point",
        "coordinates": [
          500228.05194619845,
          6966235.070595338
        ]
      },
      "properties": {
        "junction_id": 39569,
        "veh_id": 11409,
        "sim_time_s": 775.8,
        "tier": "coord-prearm-harmony/SHOCKWAVE",
        "prearm_status": "fired",
        "focus_role": "none"
      }
    },
    {
      "type": "Feature",
      "geometry": {
        "type": "Point",
        "coordinates": [
          0.0,
          0.0
        ]
      },
      "properties": {
        "junction_id": 39569,
        "veh_id": 11409,
        "sim_time_s": 776.2,
        "tier": "harmony-no-ge-local",
        "prearm_status": "skip",
        "focus_role": "none"
      }
    },
    {
      "type": "Feature",
      "geometry": {
        "type": "Point",
        "coordinates": [
          500512.75711727684,
          6965698.599668116
        ]
      },
      "properties": {
        "junction_id": 39587,
        "veh_id": 11413,
        "sim_time_s": 776.7,
        "tier": "track-zone",
        "prearm_status": "",
        "focus_role": "none"
      }
    },
    {
      "type": "Feature",
      "geometry": {
        "type": "Point",
        "coordinates": [
          500521.1483707101,
          6965640.64201523
        ]
      },
      "properties": {
        "junction_id": 1119660,
        "veh_id": 11413,
        "sim_time_s": 782.1,
        "tier": "track-zone",
        "prearm_status": "",
        "focus_role": "none"
      }
    },
    {
      "type": "Feature",
      "geometry": {
        "type": "Point",
        "coordinates": [
          500512.39934053685,
          6965706.754933641
        ]
      },
      "properties": {
        "junction_id": 39587,
        "veh_id": 11421,
        "sim_time_s": 786.1,
        "tier": "track-zone",
        "prearm_status": "",
        "focus_role": "none"
      }
    },
    {
      "type": "Feature",
      "geometry": {
        "type": "Point",
        "coordinates": [
          500552.67798391916,
          6965568.627405506
        ]
      },
      "properties": {
        "junction_id": 10157950,
        "veh_id": 11413,
        "sim_time_s": 788.9,
        "tier": "track-zone",
        "prearm_status": "",
        "focus_role": "none"
      }
    },
    {
      "type": "Feature",
      "geometry": {
        "type": "Point",
        "coordinates": [
          500520.91439172474,
          6965641.283512819
        ]
      },
      "properties": {
        "junction_id": 1119660,
        "veh_id": 11421,
        "sim_time_s": 792.9,
        "tier": "track-zone",
        "prearm_status": "",
        "focus_role": "none"
      }
    },
    {
      "type": "Feature",
      "geometry": {
        "type": "Point",
        "coordinates": [
          0.0,
          0.0
        ]
      },
      "properties": {
        "junction_id": 39576,
        "veh_id": 11431,
        "sim_time_s": 792.9,
        "tier": "harmony-ins-local",
        "prearm_status": "action",
        "focus_role": "none"
      }
    },
    {
      "type": "Feature",
      "geometry": {
        "type": "Point",
        "coordinates": [
          0.0,
          0.0
        ]
      },
      "properties": {
        "junction_id": 39587,
        "veh_id": 11413,
        "sim_time_s": 794.2,
        "tier": "harmony-ins-local",
        "prearm_status": "action",
        "focus_role": "none"
      }
    },
    {
      "type": "Feature",
      "geometry": {
        "type": "Point",
        "coordinates": [
          500555.7304030317,
          6965561.975875227
        ]
      },
      "properties": {
        "junction_id": 10157950,
        "veh_id": 11421,
        "sim_time_s": 799.6,
        "tier": "track-zone",
        "prearm_status": "",
        "focus_role": "none"
      }
    },
    {
      "type": "Feature",
      "geometry": {
        "type": "Point",
        "coordinates": [
          500492.4536760448,
          6965684.900616883
        ]
      },
      "properties": {
        "junction_id": 39578,
        "veh_id": 11431,
        "sim_time_s": 801.0,
        "tier": "track-zone",
        "prearm_status": "",
        "focus_role": "none"
      }
    },
    {
      "type": "Feature",
      "geometry": {
        "type": "Point",
        "coordinates": [
          500132.97484320996,
          6966436.176385938
        ]
      },
      "properties": {
        "junction_id": 1043762,
        "veh_id": 11397,
        "sim_time_s": 821.2,
        "tier": "track-zone",
        "prearm_status": "",
        "focus_role": "none"
      }
    },
    {
      "type": "Feature",
      "geometry": {
        "type": "Point",
        "coordinates": [
          500611.08391116967,
          6965401.665604027
        ]
      },
      "properties": {
        "junction_id": 39593,
        "veh_id": 11413,
        "sim_time_s": 822.6,
        "tier": "track-zone",
        "prearm_status": "",
        "focus_role": "none"
      }
    },
    {
      "type": "Feature",
      "geometry": {
        "type": "Point",
        "coordinates": [
          500112.3792371482,
          6966426.338663975
        ]
      },
      "properties": {
        "junction_id": 39572,
        "veh_id": 11409,
        "sim_time_s": 830.7,
        "tier": "track-zone",
        "prearm_status": "",
        "focus_role": "none"
      }
    },
    {
      "type": "Feature",
      "geometry": {
        "type": "Point",
        "coordinates": [
          500729.47128859366,
          6965177.432931074
        ]
      },
      "properties": {
        "junction_id": 39593,
        "veh_id": 11384,
        "sim_time_s": 840.1,
        "tier": "IC-detect",
        "prearm_status": "",
        "focus_role": "none"
      }
    },
    {
      "type": "Feature",
      "geometry": {
        "type": "Point",
        "coordinates": [
          500611.89526053006,
          6965398.396694053
        ]
      },
      "properties": {
        "junction_id": 39593,
        "veh_id": 11421,
        "sim_time_s": 841.5,
        "tier": "track-zone",
        "prearm_status": "",
        "focus_role": "none"
      }
    },
    {
      "type": "Feature",
      "geometry": {
        "type": "Point",
        "coordinates": [
          0.0,
          0.0
        ]
      },
      "properties": {
        "junction_id": 39578,
        "veh_id": 11431,
        "sim_time_s": 844.2,
        "tier": "harmony-no-ge-local",
        "prearm_status": "skip",
        "focus_role": "none"
      }
    },
    {
      "type": "Feature",
      "geometry": {
        "type": "Point",
        "coordinates": [
          500729.23178144067,
          6965177.373127151
        ]
      },
      "properties": {
        "junction_id": 36385,
        "veh_id": 11384,
        "sim_time_s": 846.9,
        "tier": "track-zone",
        "prearm_status": "",
        "focus_role": "none"
      }
    },
    {
      "type": "Feature",
      "geometry": {
        "type": "Point",
        "coordinates": [
          500105.3249690746,
          6966447.427635935
        ]
      },
      "properties": {
        "junction_id": 39569,
        "veh_id": 11409,
        "sim_time_s": 847.4,
        "tier": "coord-prearm-missed/SHOCKWAVE",
        "prearm_status": "missed",
        "focus_role": "none"
      }
    },
    {
      "type": "Feature",
      "geometry": {
        "type": "Point",
        "coordinates": [
          500729.23178144067,
          6965177.373127151
        ]
      },
      "properties": {
        "junction_id": 10157950,
        "veh_id": 11384,
        "sim_time_s": 849.6,
        "tier": "track-zone",
        "prearm_status": "",
        "focus_role": "none"
      }
    },
    {
      "type": "Feature",
      "geometry": {
        "type": "Point",
        "coordinates": [
          500645.37919417006,
          6965255.758538125
        ]
      },
      "properties": {
        "junction_id": 36385,
        "veh_id": 11413,
        "sim_time_s": 853.6,
        "tier": "track-zone",
        "prearm_status": "",
        "focus_role": "none"
      }
    },
    {
      "type": "Feature",
      "geometry": {
        "type": "Point",
        "coordinates": [
          500648.842138149,
          6965255.263480399
        ]
      },
      "properties": {
        "junction_id": 36385,
        "veh_id": 11421,
        "sim_time_s": 859.0,
        "tier": "track-zone",
        "prearm_status": "",
        "focus_role": "none"
      }
    },
    {
      "type": "Feature",
      "geometry": {
        "type": "Point",
        "coordinates": [
          500402.8242845735,
          6966035.613134759
        ]
      },
      "properties": {
        "junction_id": 1043762,
        "veh_id": 11431,
        "sim_time_s": 859.0,
        "tier": "track-zone",
        "prearm_status": "",
        "focus_role": "none"
      }
    },
    {
      "type": "Feature",
      "geometry": {
        "type": "Point",
        "coordinates": [
          500032.5155263269,
          6966464.955605053
        ]
      },
      "properties": {
        "junction_id": 39568,
        "veh_id": 11409,
        "sim_time_s": 863.1,
        "tier": "track-zone",
        "prearm_status": "",
        "focus_role": "none"
      }
    },
    {
      "type": "Feature",
      "geometry": {
        "type": "Point",
        "coordinates": [
          0.0,
          0.0
        ]
      },
      "properties": {
        "junction_id": 39593,
        "veh_id": 11421,
        "sim_time_s": 864.5,
        "tier": "harmony-no-ge-local",
        "prearm_status": "skip",
        "focus_role": "none"
      }
    },
    {
      "type": "Feature",
      "geometry": {
        "type": "Point",
        "coordinates": [
          0.0,
          0.0
        ]
      },
      "properties": {
        "junction_id": 1043762,
        "veh_id": 11431,
        "sim_time_s": 875.2,
        "tier": "harmony-no-ge-local",
        "prearm_status": "skip",
        "focus_role": "none"
      }
    },
    {
      "type": "Feature",
      "geometry": {
        "type": "Point",
        "coordinates": [
          500226.2977563856,
          6966238.203254384
        ]
      },
      "properties": {
        "junction_id": 39569,
        "veh_id": 11431,
        "sim_time_s": 878.0,
        "tier": "track-zone",
        "prearm_status": "",
        "focus_role": "none"
      }
    },
    {
      "type": "Feature",
      "geometry": {
        "type": "Point",
        "coordinates": [
          0.0,
          0.0
        ]
      },
      "properties": {
        "junction_id": 39569,
        "veh_id": 11431,
        "sim_time_s": 899.5,
        "tier": "harmony-no-ge-local",
        "prearm_status": "skip",
        "focus_role": "none"
      }
    },
    {
      "type": "Feature",
      "geometry": {
        "type": "Point",
        "coordinates": [
          500946.97228876385,
          6964034.668682542
        ]
      },
      "properties": {
        "junction_id": 39606,
        "veh_id": 11432,
        "sim_time_s": 900.0,
        "tier": "IC-detect",
        "prearm_status": "",
        "focus_role": "none"
      }
    },
    {
      "type": "Feature",
      "geometry": {
        "type": "Point",
        "coordinates": [
          500362.3998551338,
          6966091.438796764
        ]
      },
      "properties": {
        "junction_id": 39578,
        "veh_id": 11397,
        "sim_time_s": 906.3,
        "tier": "track-section",
        "prearm_status": "",
        "focus_role": "none"
      }
    },
    {
      "type": "Feature",
      "geometry": {
        "type": "Point",
        "coordinates": [
          500887.1324688646,
          6964120.711613731
        ]
      },
      "properties": {
        "junction_id": 39590,
        "veh_id": 11432,
        "sim_time_s": 906.3,
        "tier": "track-zone",
        "prearm_status": "",
        "focus_role": "none"
      }
    },
    {
      "type": "Feature",
      "geometry": {
        "type": "Point",
        "coordinates": [
          0.0,
          0.0
        ]
      },
      "properties": {
        "junction_id": 39606,
        "veh_id": 11432,
        "sim_time_s": 910.4,
        "tier": "harmony-no-ge-local",
        "prearm_status": "skip",
        "focus_role": "none"
      }
    },
    {
      "type": "Feature",
      "geometry": {
        "type": "Point",
        "coordinates": [
          499512.5247422402,
          6966653.6640370665
        ]
      },
      "properties": {
        "junction_id": 39572,
        "veh_id": 11396,
        "sim_time_s": 912.6,
        "tier": "IC-detect",
        "prearm_status": "",
        "focus_role": "none"
      }
    },
    {
      "type": "Feature",
      "geometry": {
        "type": "Point",
        "coordinates": [
          499519.0977965855,
          6966649.026387225
        ]
      },
      "properties": {
        "junction_id": 39572,
        "veh_id": 11389,
        "sim_time_s": 913.0,
        "tier": "IC-detect",
        "prearm_status": "",
        "focus_role": "none"
      }
    },
    {
      "type": "Feature",
      "geometry": {
        "type": "Point",
        "coordinates": [
          500087.97191681445,
          6967506.11806405
        ]
      },
      "properties": {
        "junction_id": 38339,
        "veh_id": 11422,
        "sim_time_s": 922.5,
        "tier": "IC-detect",
        "prearm_status": "",
        "focus_role": "none"
      }
    },
    {
      "type": "Feature",
      "geometry": {
        "type": "Point",
        "coordinates": [
          500728.93848243216,
          6964993.8481039
        ]
      },
      "properties": {
        "junction_id": 36393,
        "veh_id": 11413,
        "sim_time_s": 923.9,
        "tier": "track-zone",
        "prearm_status": "",
        "focus_role": "none"
      }
    },
    {
      "type": "Feature",
      "geometry": {
        "type": "Point",
        "coordinates": [
          499762.0049212616,
          6966604.443243869
        ]
      },
      "properties": {
        "junction_id": 39568,
        "veh_id": 11396,
        "sim_time_s": 929.2,
        "tier": "track-zone",
        "prearm_status": "",
        "focus_role": "none"
      }
    },
    {
      "type": "Feature",
      "geometry": {
        "type": "Point",
        "coordinates": [
          499768.77496100706,
          6966597.852264274
        ]
      },
      "properties": {
        "junction_id": 39568,
        "veh_id": 11389,
        "sim_time_s": 930.6,
        "tier": "track-zone",
        "prearm_status": "",
        "focus_role": "none"
      }
    },
    {
      "type": "Feature",
      "geometry": {
        "type": "Point",
        "coordinates": [
          0.0,
          0.0
        ]
      },
      "properties": {
        "junction_id": 39590,
        "veh_id": 11432,
        "sim_time_s": 934.6,
        "tier": "harmony-ins-local",
        "prearm_status": "action",
        "focus_role": "none"
      }
    },
    {
      "type": "Feature",
      "geometry": {
        "type": "Point",
        "coordinates": [
          500763.89483004727,
          6964284.296368158
        ]
      },
      "properties": {
        "junction_id": 36393,
        "veh_id": 11432,
        "sim_time_s": 937.8,
        "tier": "coord-prearm-harmony/SHOCKWAVE",
        "prearm_status": "fired",
        "focus_role": "none"
      }
    },
    {
      "type": "Feature",
      "geometry": {
        "type": "Point",
        "coordinates": [
          0.0,
          0.0
        ]
      },
      "properties": {
        "junction_id": 36393,
        "veh_id": 11432,
        "sim_time_s": 938.2,
        "tier": "harmony-ge-local",
        "prearm_status": "action",
        "focus_role": "none"
      }
    },
    {
      "type": "Feature",
      "geometry": {
        "type": "Point",
        "coordinates": [
          500684.09878133226,
          6964756.319799705
        ]
      },
      "properties": {
        "junction_id": 36393,
        "veh_id": 11432,
        "sim_time_s": 938.2,
        "tier": "coord-prearm-success/SHOCKWAVE",
        "prearm_status": "success",
        "focus_role": "none"
      }
    },
    {
      "type": "Feature",
      "geometry": {
        "type": "Point",
        "coordinates": [
          499885.9652024922,
          6966541.94880693
        ]
      },
      "properties": {
        "junction_id": 39569,
        "veh_id": 11389,
        "sim_time_s": 940.0,
        "tier": "track-zone",
        "prearm_status": "",
        "focus_role": "none"
      }
    },
    {
      "type": "Feature",
      "geometry": {
        "type": "Point",
        "coordinates": [
          499885.03180040827,
          6966545.712018687
        ]
      },
      "properties": {
        "junction_id": 39569,
        "veh_id": 11396,
        "sim_time_s": 940.0,
        "tier": "track-zone",
        "prearm_status": "",
        "focus_role": "none"
      }
    },
    {
      "type": "Feature",
      "geometry": {
        "type": "Point",
        "coordinates": [
          0.0,
          0.0
        ]
      },
      "properties": {
        "junction_id": 39578,
        "veh_id": 11397,
        "sim_time_s": 940.0,
        "tier": "harmony-no-ge-local",
        "prearm_status": "skip",
        "focus_role": "none"
      }
    },
    {
      "type": "Feature",
      "geometry": {
        "type": "Point",
        "coordinates": [
          500529.55359674717,
          6965939.897231333
        ]
      },
      "properties": {
        "junction_id": 39576,
        "veh_id": 11397,
        "sim_time_s": 942.8,
        "tier": "track-zone",
        "prearm_status": "",
        "focus_role": "none"
      }
    },
    {
      "type": "Feature",
      "geometry": {
        "type": "Point",
        "coordinates": [
          500753.12498350354,
          6964303.294414535
        ]
      },
      "properties": {
        "junction_id": 36385,
        "veh_id": 11432,
        "sim_time_s": 945.0,
        "tier": "coord-prearm-harmony/SHOCKWAVE",
        "prearm_status": "fired",
        "focus_role": "none"
      }
    },
    {
      "type": "Feature",
      "geometry": {
        "type": "Point",
        "coordinates": [
          0.0,
          0.0
        ]
      },
      "properties": {
        "junction_id": 36385,
        "veh_id": 11432,
        "sim_time_s": 945.5,
        "tier": "harmony-ins-local",
        "prearm_status": "action",
        "focus_role": "none"
      }
    },
    {
      "type": "Feature",
      "geometry": {
        "type": "Point",
        "coordinates": [
          500715.9750991549,
          6965021.284129771
        ]
      },
      "properties": {
        "junction_id": 36385,
        "veh_id": 11432,
        "sim_time_s": 945.5,
        "tier": "coord-prearm-success/SHOCKWAVE",
        "prearm_status": "success",
        "focus_role": "none"
      }
    },
    {
      "type": "Feature",
      "geometry": {
        "type": "Point",
        "coordinates": [
          499822.7611453977,
          6966565.469570591
        ]
      },
      "properties": {
        "junction_id": 39572,
        "veh_id": 11409,
        "sim_time_s": 950.9,
        "tier": "IC-detect",
        "prearm_status": "",
        "focus_role": "none"
      }
    },
    {
      "type": "Feature",
      "geometry": {
        "type": "Point",
        "coordinates": [
          500728.85358963074,
          6964990.062997315
        ]
      },
      "properties": {
        "junction_id": 36393,
        "veh_id": 11421,
        "sim_time_s": 952.2,
        "tier": "track-zone",
        "prearm_status": "",
        "focus_role": "none"
      }
    },
    {
      "type": "Feature",
      "geometry": {
        "type": "Point",
        "coordinates": [
          500716.16553968145,
          6965084.079100486
        ]
      },
      "properties": {
        "junction_id": 39593,
        "veh_id": 11384,
        "sim_time_s": 963.0,
        "tier": "track-zone",
        "prearm_status": "",
        "focus_role": "none"
      }
    },
    {
      "type": "Feature",
      "geometry": {
        "type": "Point",
        "coordinates": [
          0.0,
          0.0
        ]
      },
      "properties": {
        "junction_id": 39576,
        "veh_id": 11397,
        "sim_time_s": 963.0,
        "tier": "harmony-ins-local",
        "prearm_status": "action",
        "focus_role": "none"
      }
    },
    {
      "type": "Feature",
      "geometry": {
        "type": "Point",
        "coordinates": [
          500716.16553968145,
          6965084.079100486
        ]
      },
      "properties": {
        "junction_id": 36385,
        "veh_id": 11384,
        "sim_time_s": 967.0,
        "tier": "IC-detect-far",
        "prearm_status": "",
        "focus_role": "none"
      }
    },
    {
      "type": "Feature",
      "geometry": {
        "type": "Point",
        "coordinates": [
          499517.17489504704,
          6966652.564041892
        ]
      },
      "properties": {
        "junction_id": 39572,
        "veh_id": 11414,
        "sim_time_s": 972.9,
        "tier": "IC-detect",
        "prearm_status": "",
        "focus_role": "none"
      }
    },
    {
      "type": "Feature",
      "geometry": {
        "type": "Point",
        "coordinates": [
          500120.0354131916,
          6966429.7104500225
        ]
      },
      "properties": {
        "junction_id": 39572,
        "veh_id": 11431,
        "sim_time_s": 973.8,
        "tier": "track-zone",
        "prearm_status": "",
        "focus_role": "none"
      }
    },
    {
      "type": "Feature",
      "geometry": {
        "type": "Point",
        "coordinates": [
          500697.7924495,
          6964775.5351912
        ]
      },
      "properties": {
        "junction_id": 36385,
        "veh_id": 11413,
        "sim_time_s": 975.1,
        "tier": "track-zone",
        "prearm_status": "",
        "focus_role": "none"
      }
    },
    {
      "type": "Feature",
      "geometry": {
        "type": "Point",
        "coordinates": [
          500698.58340455807,
          6964798.841408035
        ]
      },
      "properties": {
        "junction_id": 36385,
        "veh_id": 11421,
        "sim_time_s": 980.5,
        "tier": "track-zone",
        "prearm_status": "",
        "focus_role": "none"
      }
    },
    {
      "type": "Feature",
      "geometry": {
        "type": "Point",
        "coordinates": [
          500079.8952446689,
          6966482.043442365
        ]
      },
      "properties": {
        "junction_id": 39568,
        "veh_id": 11431,
        "sim_time_s": 981.9,
        "tier": "track-zone",
        "prearm_status": "",
        "focus_role": "none"
      }
    },
    {
      "type": "Feature",
      "geometry": {
        "type": "Point",
        "coordinates": [
          499962.4044603733,
          6967097.988377765
        ]
      },
      "properties": {
        "junction_id": 11118289,
        "veh_id": 11422,
        "sim_time_s": 988.6,
        "tier": "track-zone",
        "prearm_status": "",
        "focus_role": "none"
      }
    },
    {
      "type": "Feature",
      "geometry": {
        "type": "Point",
        "coordinates": [
          0.0,
          0.0
        ]
      },
      "properties": {
        "junction_id": 38339,
        "veh_id": 11422,
        "sim_time_s": 992.7,
        "tier": "harmony-no-ge-local",
        "prearm_status": "skip",
        "focus_role": "none"
      }
    },
    {
      "type": "Feature",
      "geometry": {
        "type": "Point",
        "coordinates": [
          500512.4114209766,
          6965707.812619824
        ]
      },
      "properties": {
        "junction_id": 39587,
        "veh_id": 11397,
        "sim_time_s": 1000.8,
        "tier": "track-zone",
        "prearm_status": "",
        "focus_role": "none"
      }
    },
    {
      "type": "Feature",
      "geometry": {
        "type": "Point",
        "coordinates": [
          0.0,
          0.0
        ]
      },
      "properties": {
        "junction_id": 39572,
        "veh_id": 11431,
        "sim_time_s": 1008.5,
        "tier": "harmony-no-ge-local",
        "prearm_status": "skip",
        "focus_role": "none"
      }
    },
    {
      "type": "Feature",
      "geometry": {
        "type": "Point",
        "coordinates": [
          500519.7654055944,
          6965644.806901764
        ]
      },
      "properties": {
        "junction_id": 1119660,
        "veh_id": 11397,
        "sim_time_s": 1008.9,
        "tier": "track-zone",
        "prearm_status": "",
        "focus_role": "none"
      }
    },
    {
      "type": "Feature",
      "geometry": {
        "type": "Point",
        "coordinates": [
          500555.8813777348,
          6965561.746103333
        ]
      },
      "properties": {
        "junction_id": 10157950,
        "veh_id": 11397,
        "sim_time_s": 1017.0,
        "tier": "track-zone",
        "prearm_status": "",
        "focus_role": "none"
      }
    },
    {
      "type": "Feature",
      "geometry": {
        "type": "Point",
        "coordinates": [
          0.0,
          0.0
        ]
      },
      "properties": {
        "junction_id": 39587,
        "veh_id": 11397,
        "sim_time_s": 1022.4,
        "tier": "harmony-no-ge-local",
        "prearm_status": "skip",
        "focus_role": "none"
      }
    },
    {
      "type": "Feature",
      "geometry": {
        "type": "Point",
        "coordinates": [
          499758.52675051964,
          6966606.118652619
        ]
      },
      "properties": {
        "junction_id": 39568,
        "veh_id": 11414,
        "sim_time_s": 1027.8,
        "tier": "track-zone",
        "prearm_status": "",
        "focus_role": "none"
      }
    },
    {
      "type": "Feature",
      "geometry": {
        "type": "Point",
        "coordinates": [
          500017.7467854066,
          6966618.392921625
        ]
      },
      "properties": {
        "junction_id": 11118289,
        "veh_id": 11431,
        "sim_time_s": 1030.5,
        "tier": "track-zone",
        "prearm_status": "",
        "focus_role": "none"
      }
    },
    {
      "type": "Feature",
      "geometry": {
        "type": "Point",
        "coordinates": [
          499514.2320769479,
          6966650.177374803
        ]
      },
      "properties": {
        "junction_id": 39572,
        "veh_id": 11390,
        "sim_time_s": 1032.8,
        "tier": "IC-detect",
        "prearm_status": "",
        "focus_role": "none"
      }
    },
    {
      "type": "Feature",
      "geometry": {
        "type": "Point",
        "coordinates": [
          500696.8366651302,
          6964752.396293918
        ]
      },
      "properties": {
        "junction_id": 36393,
        "veh_id": 11413,
        "sim_time_s": 1044.0,
        "tier": "IC-detect",
        "prearm_status": "",
        "focus_role": "none"
      }
    },
    {
      "type": "Feature",
      "geometry": {
        "type": "Point",
        "coordinates": [
          0.0,
          0.0
        ]
      },
      "properties": {
        "junction_id": 36393,
        "veh_id": 11413,
        "sim_time_s": 1044.0,
        "tier": "harmony-no-ge-local",
        "prearm_status": "skip",
        "focus_role": "none"
      }
    },
    {
      "type": "Feature",
      "geometry": {
        "type": "Point",
        "coordinates": [
          0.0,
          0.0
        ]
      },
      "properties": {
        "junction_id": 39569,
        "veh_id": 11396,
        "sim_time_s": 1044.0,
        "tier": "harmony-no-ge-local",
        "prearm_status": "skip",
        "focus_role": "none"
      }
    },
    {
      "type": "Feature",
      "geometry": {
        "type": "Point",
        "coordinates": [
          500124.05291393754,
          6966438.189192268
        ]
      },
      "properties": {
        "junction_id": 1043762,
        "veh_id": 11389,
        "sim_time_s": 1048.0,
        "tier": "track-zone",
        "prearm_status": "",
        "focus_role": "none"
      }
    },
    {
      "type": "Feature",
      "geometry": {
        "type": "Point",
        "coordinates": [
          500123.6824543488,
          6966443.6852965895
        ]
      },
      "properties": {
        "junction_id": 1043762,
        "veh_id": 11396,
        "sim_time_s": 1048.0,
        "tier": "track-zone",
        "prearm_status": "",
        "focus_role": "none"
      }
    },
    {
      "type": "Feature",
      "geometry": {
        "type": "Point",
        "coordinates": [
          500611.7301485914,
          6965399.220350498
        ]
      },
      "properties": {
        "junction_id": 39593,
        "veh_id": 11397,
        "sim_time_s": 1048.0,
        "tier": "track-zone",
        "prearm_status": "",
        "focus_role": "none"
      }
    },
    {
      "type": "Feature",
      "geometry": {
        "type": "Point",
        "coordinates": [
          499766.40222846885,
          6966598.995191735
        ]
      },
      "properties": {
        "junction_id": 39568,
        "veh_id": 11390,
        "sim_time_s": 1054.8,
        "tier": "track-zone",
        "prearm_status": "",
        "focus_role": "none"
      }
    },
    {
      "type": "Feature",
      "geometry": {
        "type": "Point",
        "coordinates": [
          499963.98319281376,
          6966780.5348915635
        ]
      },
      "properties": {
        "junction_id": 38339,
        "veh_id": 11431,
        "sim_time_s": 1054.8,
        "tier": "track-zone",
        "prearm_status": "",
        "focus_role": "none"
      }
    },
    {
      "type": "Feature",
      "geometry": {
        "type": "Point",
        "coordinates": [
          500649.697072976,
          6965253.383529237
        ]
      },
      "properties": {
        "junction_id": 36385,
        "veh_id": 11397,
        "sim_time_s": 1057.5,
        "tier": "track-zone",
        "prearm_status": "",
        "focus_role": "none"
      }
    },
    {
      "type": "Feature",
      "geometry": {
        "type": "Point",
        "coordinates": [
          500690.64912515646,
          6964876.603456302
        ]
      },
      "properties": {
        "junction_id": 36393,
        "veh_id": 11432,
        "sim_time_s": 1058.4,
        "tier": "IC-detect",
        "prearm_status": "",
        "focus_role": "none"
      }
    },
    {
      "type": "Feature",
      "geometry": {
        "type": "Point",
        "coordinates": [
          499959.4434508048,
          6966941.723733932
        ]
      },
      "properties": {
        "junction_id": 39568,
        "veh_id": 11422,
        "sim_time_s": 1060.2,
        "tier": "track-zone",
        "prearm_status": "",
        "focus_role": "none"
      }
    },
    {
      "type": "Feature",
      "geometry": {
        "type": "Point",
        "coordinates": [
          500221.65230262105,
          6966281.961263177
        ]
      },
      "properties": {
        "junction_id": 39569,
        "veh_id": 11389,
        "sim_time_s": 1061.5,
        "tier": "track-zone",
        "prearm_status": "",
        "focus_role": "none"
      }
    },
    {
      "type": "Feature",
      "geometry": {
        "type": "Point",
        "coordinates": [
          499877.5270481434,
          6966545.9195770845
        ]
      },
      "properties": {
        "junction_id": 39569,
        "veh_id": 11390,
        "sim_time_s": 1062.9,
        "tier": "track-zone",
        "prearm_status": "",
        "focus_role": "none"
      }
    },
    {
      "type": "Feature",
      "geometry": {
        "type": "Point",
        "coordinates": [
          499962.7884244767,
          6966897.422856997
        ]
      },
      "properties": {
        "junction_id": 39572,
        "veh_id": 11422,
        "sim_time_s": 1062.9,
        "tier": "track-zone",
        "prearm_status": "",
        "focus_role": "none"
      }
    },
    {
      "type": "Feature",
      "geometry": {
        "type": "Point",
        "coordinates": [
          500701.87000672077,
          6964933.232115531
        ]
      },
      "properties": {
        "junction_id": 39593,
        "veh_id": 11432,
        "sim_time_s": 1062.9,
        "tier": "track-zone",
        "prearm_status": "",
        "focus_role": "none"
      }
    },
    {
      "type": "Feature",
      "geometry": {
        "type": "Point",
        "coordinates": [
          0.0,
          0.0
        ]
      },
      "properties": {
        "junction_id": 39593,
        "veh_id": 11397,
        "sim_time_s": 1062.9,
        "tier": "harmony-ins-local",
        "prearm_status": "action",
        "focus_role": "none"
      }
    },
    {
      "type": "Feature",
      "geometry": {
        "type": "Point",
        "coordinates": [
          500704.1809719723,
          6964948.259316381
        ]
      },
      "properties": {
        "junction_id": 36385,
        "veh_id": 11432,
        "sim_time_s": 1065.6,
        "tier": "IC-detect",
        "prearm_status": "",
        "focus_role": "none"
      }
    },
    {
      "type": "Feature",
      "geometry": {
        "type": "Point",
        "coordinates": [
          499888.0047371285,
          6966544.301738905
        ]
      },
      "properties": {
        "junction_id": 39569,
        "veh_id": 11414,
        "sim_time_s": 1069.7,
        "tier": "track-zone",
        "prearm_status": "",
        "focus_role": "none"
      }
    },
    {
      "type": "Feature",
      "geometry": {
        "type": "Point",
        "coordinates": [
          0.0,
          0.0
        ]
      },
      "properties": {
        "junction_id": 36385,
        "veh_id": 11384,
        "sim_time_s": 1069.7,
        "tier": "harmony-no-ge-local",
        "prearm_status": "skip",
        "focus_role": "none"
      }
    },
    {
      "type": "Feature",
      "geometry": {
        "type": "Point",
        "coordinates": [
          0.0,
          0.0
        ]
      },
      "properties": {
        "junction_id": 1043762,
        "veh_id": 11396,
        "sim_time_s": 1069.7,
        "tier": "harmony-no-ge-local",
        "prearm_status": "skip",
        "focus_role": "none"
      }
    },
    {
      "type": "Feature",
      "geometry": {
        "type": "Point",
        "coordinates": [
          0.0,
          0.0
        ]
      },
      "properties": {
        "junction_id": 38339,
        "veh_id": 11431,
        "sim_time_s": 1069.7,
        "tier": "harmony-no-ge-local",
        "prearm_status": "skip",
        "focus_role": "none"
      }
    },
    {
      "type": "Feature",
      "geometry": {
        "type": "Point",
        "coordinates": [
          500728.8001876569,
          6964987.654827704
        ]
      },
      "properties": {
        "junction_id": 36393,
        "veh_id": 11384,
        "sim_time_s": 1072.3,
        "tier": "track-zone",
        "prearm_status": "",
        "focus_role": "none"
      }
    },
    {
      "type": "Feature",
      "geometry": {
        "type": "Point",
        "coordinates": [
          500689.77129130706,
          6964592.298788134
        ]
      },
      "properties": {
        "junction_id": 36393,
        "veh_id": 11421,
        "sim_time_s": 1072.3,
        "tier": "IC-detect",
        "prearm_status": "",
        "focus_role": "none"
      }
    },
    {
      "type": "Feature",
      "geometry": {
        "type": "Point",
        "coordinates": [
          500356.50494849245,
          6966092.888561348
        ]
      },
      "properties": {
        "junction_id": 39578,
        "veh_id": 11389,
        "sim_time_s": 1084.5,
        "tier": "track-section",
        "prearm_status": "",
        "focus_role": "none"
      }
    },
    {
      "type": "Feature",
      "geometry": {
        "type": "Point",
        "coordinates": [
          500358.011877506,
          6966095.391095423
        ]
      },
      "properties": {
        "junction_id": 39578,
        "veh_id": 11396,
        "sim_time_s": 1085.8,
        "tier": "track-section",
        "prearm_status": "",
        "focus_role": "none"
      }
    },
    {
      "type": "Feature",
      "geometry": {
        "type": "Point",
        "coordinates": [
          500689.32775449427,
          6964556.071497778
        ]
      },
      "properties": {
        "junction_id": 39590,
        "veh_id": 11421,
        "sim_time_s": 1091.2,
        "tier": "track-zone",
        "prearm_status": "",
        "focus_role": "none"
      }
    },
    {
      "type": "Feature",
      "geometry": {
        "type": "Point",
        "coordinates": [
          500531.93021475733,
          6965925.732680628
        ]
      },
      "properties": {
        "junction_id": 39576,
        "veh_id": 11389,
        "sim_time_s": 1100.7,
        "tier": "track-zone",
        "prearm_status": "",
        "focus_role": "none"
      }
    },
    {
      "type": "Feature",
      "geometry": {
        "type": "Point",
        "coordinates": [
          0.0,
          0.0
        ]
      },
      "properties": {
        "junction_id": 39578,
        "veh_id": 11396,
        "sim_time_s": 1100.7,
        "tier": "harmony-no-ge-local",
        "prearm_status": "skip",
        "focus_role": "none"
      }
    },
    {
      "type": "Feature",
      "geometry": {
        "type": "Point",
        "coordinates": [
          500531.3829578431,
          6965935.461821369
        ]
      },
      "properties": {
        "junction_id": 39576,
        "veh_id": 11396,
        "sim_time_s": 1102.0,
        "tier": "track-zone",
        "prearm_status": "",
        "focus_role": "none"
      }
    },
    {
      "type": "Feature",
      "geometry": {
        "type": "Point",
        "coordinates": [
          500683.52312982915,
          6965101.443144062
        ]
      },
      "properties": {
        "junction_id": 10157950,
        "veh_id": 11432,
        "sim_time_s": 1103.4,
        "tier": "track-zone",
        "prearm_status": "",
        "focus_role": "none"
      }
    },
    {
      "type": "Feature",
      "geometry": {
        "type": "Point",
        "coordinates": [
          500663.14253838034,
          6965178.419864158
        ]
      },
      "properties": {
        "junction_id": 1119660,
        "veh_id": 11432,
        "sim_time_s": 1108.8,
        "tier": "track-zone",
        "prearm_status": "",
        "focus_role": "none"
      }
    },
    {
      "type": "Feature",
      "geometry": {
        "type": "Point",
        "coordinates": [
          499979.33349895244,
          6966738.738839789
        ]
      },
      "properties": {
        "junction_id": 11118289,
        "veh_id": 11422,
        "sim_time_s": 1110.2,
        "tier": "track-zone",
        "prearm_status": "",
        "focus_role": "none"
      }
    },
    {
      "type": "Feature",
      "geometry": {
        "type": "Point",
        "coordinates": [
          500689.24108291796,
          6964557.612502698
        ]
      },
      "properties": {
        "junction_id": 39590,
        "veh_id": 11413,
        "sim_time_s": 1111.5,
        "tier": "track-zone",
        "prearm_status": "",
        "focus_role": "none"
      }
    },
    {
      "type": "Feature",
      "geometry": {
        "type": "Point",
        "coordinates": [
          500636.2519324694,
          6965239.939157388
        ]
      },
      "properties": {
        "junction_id": 39587,
        "veh_id": 11432,
        "sim_time_s": 1112.8,
        "tier": "track-zone",
        "prearm_status": "",
        "focus_role": "none"
      }
    },
    {
      "type": "Feature",
      "geometry": {
        "type": "Point",
        "coordinates": [
          0.0,
          0.0
        ]
      },
      "properties": {
        "junction_id": 39576,
        "veh_id": 11396,
        "sim_time_s": 1119.6,
        "tier": "harmony-no-ge-local",
        "prearm_status": "skip",
        "focus_role": "none"
      }
    },
    {
      "type": "Feature",
      "geometry": {
        "type": "Point",
        "coordinates": [
          500509.99057643616,
          6965696.363606751
        ]
      },
      "properties": {
        "junction_id": 39587,
        "veh_id": 11389,
        "sim_time_s": 1121.0,
        "tier": "track-zone",
        "prearm_status": "",
        "focus_role": "none"
      }
    },
    {
      "type": "Feature",
      "geometry": {
        "type": "Point",
        "coordinates": [
          500512.9810350428,
          6965694.448417107
        ]
      },
      "properties": {
        "junction_id": 39587,
        "veh_id": 11396,
        "sim_time_s": 1122.3,
        "tier": "track-zone",
        "prearm_status": "",
        "focus_role": "none"
      }
    },
    {
      "type": "Feature",
      "geometry": {
        "type": "Point",
        "coordinates": [
          0.0,
          0.0
        ]
      },
      "properties": {
        "junction_id": 39572,
        "veh_id": 11422,
        "sim_time_s": 1122.3,
        "tier": "harmony-no-ge-local",
        "prearm_status": "skip",
        "focus_role": "none"
      }
    },
    {
      "type": "Feature",
      "geometry": {
        "type": "Point",
        "coordinates": [
          500014.9865688339,
          6966662.241847426
        ]
      },
      "properties": {
        "junction_id": 39569,
        "veh_id": 11422,
        "sim_time_s": 1123.7,
        "tier": "track-zone",
        "prearm_status": "",
        "focus_role": "none"
      }
    },
    {
      "type": "Feature",
      "geometry": {
        "type": "Point",
        "coordinates": [
          500729.45693235827,
          6964411.1114548845
        ]
      },
      "properties": {
        "junction_id": 39606,
        "veh_id": 11421,
        "sim_time_s": 1125.0,
        "tier": "track-zone",
        "prearm_status": "",
        "focus_role": "none"
      }
    },
    {
      "type": "Feature",
      "geometry": {
        "type": "Point",
        "coordinates": [
          500515.90073132835,
          6965647.4048265945
        ]
      },
      "properties": {
        "junction_id": 1119660,
        "veh_id": 11389,
        "sim_time_s": 1126.3,
        "tier": "track-zone",
        "prearm_status": "",
        "focus_role": "none"
      }
    },
    {
      "type": "Feature",
      "geometry": {
        "type": "Point",
        "coordinates": [
          500519.1004624048,
          6965646.679182309
        ]
      },
      "properties": {
        "junction_id": 1119660,
        "veh_id": 11396,
        "sim_time_s": 1126.3,
        "tier": "track-zone",
        "prearm_status": "",
        "focus_role": "none"
      }
    },
    {
      "type": "Feature",
      "geometry": {
        "type": "Point",
        "coordinates": [
          0.0,
          0.0
        ]
      },
      "properties": {
        "junction_id": 36385,
        "veh_id": 11397,
        "sim_time_s": 1131.8,
        "tier": "harmony-ins-local",
        "prearm_status": "action",
        "focus_role": "none"
      }
    },
    {
      "type": "Feature",
      "geometry": {
        "type": "Point",
        "coordinates": [
          500548.05484017933,
          6965571.752006202
        ]
      },
      "properties": {
        "junction_id": 10157950,
        "veh_id": 11389,
        "sim_time_s": 1133.1,
        "tier": "track-zone",
        "prearm_status": "",
        "focus_role": "none"
      }
    },
    {
      "type": "Feature",
      "geometry": {
        "type": "Point",
        "coordinates": [
          500555.6282688283,
          6965562.155222033
        ]
      },
      "properties": {
        "junction_id": 10157950,
        "veh_id": 11396,
        "sim_time_s": 1134.5,
        "tier": "track-zone",
        "prearm_status": "",
        "focus_role": "none"
      }
    },
    {
      "type": "Feature",
      "geometry": {
        "type": "Point",
        "coordinates": [
          500723.8599223999,
          6965034.460565675
        ]
      },
      "properties": {
        "junction_id": 36393,
        "veh_id": 11397,
        "sim_time_s": 1135.8,
        "tier": "coord-prearm-harmony/SHOCKWAVE",
        "prearm_status": "fired",
        "focus_role": "none"
      }
    },
    {
      "type": "Feature",
      "geometry": {
        "type": "Point",
        "coordinates": [
          0.0,
          0.0
        ]
      },
      "properties": {
        "junction_id": 36393,
        "veh_id": 11397,
        "sim_time_s": 1136.2,
        "tier": "harmony-no-ge-local",
        "prearm_status": "skip",
        "focus_role": "none"
      }
    },
    {
      "type": "Feature",
      "geometry": {
        "type": "Point",
        "coordinates": [
          500689.24867174786,
          6964558.1220227005
        ]
      },
      "properties": {
        "junction_id": 39590,
        "veh_id": 11384,
        "sim_time_s": 1139.8,
        "tier": "track-zone",
        "prearm_status": "",
        "focus_role": "none"
      }
    },
    {
      "type": "Feature",
      "geometry": {
        "type": "Point",
        "coordinates": [
          500120.9325728134,
          6966442.352077641
        ]
      },
      "properties": {
        "junction_id": 1043762,
        "veh_id": 11390,
        "sim_time_s": 1149.3,
        "tier": "track-zone",
        "prearm_status": "",
        "focus_role": "none"
      }
    },
    {
      "type": "Feature",
      "geometry": {
        "type": "Point",
        "coordinates": [
          0.0,
          0.0
        ]
      },
      "properties": {
        "junction_id": 39569,
        "veh_id": 11414,
        "sim_time_s": 1149.3,
        "tier": "harmony-no-ge-local",
        "prearm_status": "skip",
        "focus_role": "none"
      }
    },
    {
      "type": "Feature",
      "geometry": {
        "type": "Point",
        "coordinates": [
          500133.9335638002,
          6966434.876516297
        ]
      },
      "properties": {
        "junction_id": 1043762,
        "veh_id": 11414,
        "sim_time_s": 1154.7,
        "tier": "track-zone",
        "prearm_status": "",
        "focus_role": "none"
      }
    },
    {
      "type": "Feature",
      "geometry": {
        "type": "Point",
        "coordinates": [
          0.0,
          0.0
        ]
      },
      "properties": {
        "junction_id": 39587,
        "veh_id": 11432,
        "sim_time_s": 1160.1,
        "tier": "harmony-no-ge-local",
        "prearm_status": "skip",
        "focus_role": "none"
      }
    },
    {
      "type": "Feature",
      "geometry": {
        "type": "Point",
        "coordinates": [
          500573.41546323965,
          6965456.284384935
        ]
      },
      "properties": {
        "junction_id": 39576,
        "veh_id": 11432,
        "sim_time_s": 1162.8,
        "tier": "track-zone",
        "prearm_status": "",
        "focus_role": "none"
      }
    },
    {
      "type": "Feature",
      "geometry": {
        "type": "Point",
        "coordinates": [
          0.0,
          0.0
        ]
      },
      "properties": {
        "junction_id": 1043762,
        "veh_id": 11390,
        "sim_time_s": 1170.9,
        "tier": "harmony-no-ge-local",
        "prearm_status": "skip",
        "focus_role": "none"
      }
    },
    {
      "type": "Feature",
      "geometry": {
        "type": "Point",
        "coordinates": [
          500607.571842519,
          6965403.729196382
        ]
      },
      "properties": {
        "junction_id": 39593,
        "veh_id": 11389,
        "sim_time_s": 1173.6,
        "tier": "track-zone",
        "prearm_status": "",
        "focus_role": "none"
      }
    },
    {
      "type": "Feature",
      "geometry": {
        "type": "Point",
        "coordinates": [
          500610.0280318261,
          6965405.624623167
        ]
      },
      "properties": {
        "junction_id": 39593,
        "veh_id": 11396,
        "sim_time_s": 1179.0,
        "tier": "track-zone",
        "prearm_status": "",
        "focus_role": "none"
      }
    },
    {
      "type": "Feature",
      "geometry": {
        "type": "Point",
        "coordinates": [
          500054.8229954108,
          6966566.036899113
        ]
      },
      "properties": {
        "junction_id": 39568,
        "veh_id": 11422,
        "sim_time_s": 1181.7,
        "tier": "track-zone",
        "prearm_status": "",
        "focus_role": "none"
      }
    },
    {
      "type": "Feature",
      "geometry": {
        "type": "Point",
        "coordinates": [
          500644.6073095719,
          6965257.8991855765
        ]
      },
      "properties": {
        "junction_id": 36385,
        "veh_id": 11389,
        "sim_time_s": 1185.8,
        "tier": "track-zone",
        "prearm_status": "",
        "focus_role": "none"
      }
    },
    {
      "type": "Feature",
      "geometry": {
        "type": "Point",
        "coordinates": [
          500356.2364871177,
          6966088.967205571
        ]
      },
      "properties": {
        "junction_id": 39578,
        "veh_id": 11390,
        "sim_time_s": 1188.5,
        "tier": "track-section",
        "prearm_status": "",
        "focus_role": "none"
      }
    },
    {
      "type": "Feature",
      "geometry": {
        "type": "Point",
        "coordinates": [
          500731.0538655644,
          6964407.080034316
        ]
      },
      "properties": {
        "junction_id": 39606,
        "veh_id": 11413,
        "sim_time_s": 1189.8,
        "tier": "track-zone",
        "prearm_status": "",
        "focus_role": "none"
      }
    },
    {
      "type": "Feature",
      "geometry": {
        "type": "Point",
        "coordinates": [
          500648.6262908928,
          6965255.719507778
        ]
      },
      "properties": {
        "junction_id": 36385,
        "veh_id": 11396,
        "sim_time_s": 1196.5,
        "tier": "track-zone",
        "prearm_status": "",
        "focus_role": "none"
      }
    },
    {
      "type": "Feature",
      "geometry": {
        "type": "Point",
        "coordinates": [
          0.0,
          0.0
        ]
      },
      "properties": {
        "junction_id": 39590,
        "veh_id": 11421,
        "sim_time_s": 1196.5,
        "tier": "harmony-no-ge-local",
        "prearm_status": "skip",
        "focus_role": "none"
      }
    },
    {
      "type": "Feature",
      "geometry": {
        "type": "Point",
        "coordinates": [
          0.0,
          0.0
        ]
      },
      "properties": {
        "junction_id": 1043762,
        "veh_id": 11414,
        "sim_time_s": 1197.9,
        "tier": "harmony-no-ge-local",
        "prearm_status": "skip",
        "focus_role": "none"
      }
    },
    {
      "type": "Feature",
      "geometry": {
        "type": "Point",
        "coordinates": [
          500131.8920641471,
          6965614.8309371555
        ]
      },
      "properties": {
        "junction_id": 39576,
        "veh_id": 11403,
        "sim_time_s": 1200.2,
        "tier": "IC-detect",
        "prearm_status": "",
        "focus_role": "none"
      }
    },
    {
      "type": "Feature",
      "geometry": {
        "type": "Point",
        "coordinates": [
          0.0,
          0.0
        ]
      },
      "properties": {
        "junction_id": 39578,
        "veh_id": 11390,
        "sim_time_s": 1202.0,
        "tier": "harmony-no-ge-local",
        "prearm_status": "skip",
        "focus_role": "none"
      }
    },
    {
      "type": "Feature",
      "geometry": {
        "type": "Point",
        "coordinates": [
          500531.2100059203,
          6965927.19909342
        ]
      },
      "properties": {
        "junction_id": 39576,
        "veh_id": 11390,
        "sim_time_s": 1204.7,
        "tier": "track-zone",
        "prearm_status": "",
        "focus_role": "none"
      }
    },
    {
      "type": "Feature",
      "geometry": {
        "type": "Point",
        "coordinates": [
          500492.5188589045,
          6965683.031798438
        ]
      },
      "properties": {
        "junction_id": 39578,
        "veh_id": 11432,
        "sim_time_s": 1207.3,
        "tier": "track-zone",
        "prearm_status": "",
        "focus_role": "none"
      }
    },
    {
      "type": "Feature",
      "geometry": {
        "type": "Point",
        "coordinates": [
          0.0,
          0.0
        ]
      },
      "properties": {
        "junction_id": 39576,
        "veh_id": 11432,
        "sim_time_s": 1208.7,
        "tier": "harmony-no-ge-local",
        "prearm_status": "skip",
        "focus_role": "none"
      }
    },
    {
      "type": "Feature",
      "geometry": {
        "type": "Point",
        "coordinates": [
          0.0,
          0.0
        ]
      },
      "properties": {
        "junction_id": 39606,
        "veh_id": 11421,
        "sim_time_s": 1211.4,
        "tier": "harmony-ge-local",
        "prearm_status": "action",
        "focus_role": "none"
      }
    },
    {
      "type": "Feature",
      "geometry": {
        "type": "Point",
        "coordinates": [
          0.0,
          0.0
        ]
      },
      "properties": {
        "junction_id": 39569,
        "veh_id": 11422,
        "sim_time_s": 1211.4,
        "tier": "harmony-ins-local",
        "prearm_status": "action",
        "focus_role": "none"
      }
    },
    {
      "type": "Feature",
      "geometry": {
        "type": "Point",
        "coordinates": [
          500123.0313573389,
          6966444.355073837
        ]
      },
      "properties": {
        "junction_id": 1043762,
        "veh_id": 11422,
        "sim_time_s": 1214.1,
        "tier": "track-zone",
        "prearm_status": "",
        "focus_role": "none"
      }
    },
    {
      "type": "Feature",
      "geometry": {
        "type": "Point",
        "coordinates": [
          500734.3453141176,
          6964398.824494247
        ]
      },
      "properties": {
        "junction_id": 39606,
        "veh_id": 11384,
        "sim_time_s": 1218.2,
        "tier": "track-zone",
        "prearm_status": "",
        "focus_role": "none"
      }
    },
    {
      "type": "Feature",
      "geometry": {
        "type": "Point",
        "coordinates": [
          500684.09878133226,
          6964756.319799705
        ]
      },
      "properties": {
        "junction_id": 36393,
        "veh_id": 11397,
        "sim_time_s": 1219.5,
        "tier": "coord-prearm-missed/SHOCKWAVE",
        "prearm_status": "missed",
        "focus_role": "none"
      }
    },
    {
      "type": "Feature",
      "geometry": {
        "type": "Point",
        "coordinates": [
          0.0,
          0.0
        ]
      },
      "properties": {
        "junction_id": 39576,
        "veh_id": 11390,
        "sim_time_s": 1222.2,
        "tier": "harmony-no-ge-local",
        "prearm_status": "skip",
        "focus_role": "none"
      }
    },
    {
      "type": "Feature",
      "geometry": {
        "type": "Point",
        "coordinates": [
          500512.36611865705,
          6965705.28838861
        ]
      },
      "properties": {
        "junction_id": 39587,
        "veh_id": 11390,
        "sim_time_s": 1223.5,
        "tier": "track-zone",
        "prearm_status": "",
        "focus_role": "none"
      }
    },
    {
      "type": "Feature",
      "geometry": {
        "type": "Point",
        "coordinates": [
          0.0,
          0.0
        ]
      },
      "properties": {
        "junction_id": 39593,
        "veh_id": 11389,
        "sim_time_s": 1223.5,
        "tier": "harmony-no-ge-local",
        "prearm_status": "skip",
        "focus_role": "none"
      }
    },
    {
      "type": "Feature",
      "geometry": {
        "type": "Point",
        "coordinates": [
          0.0,
          0.0
        ]
      },
      "properties": {
        "junction_id": 39590,
        "veh_id": 11413,
        "sim_time_s": 1226.2,
        "tier": "harmony-ins-local",
        "prearm_status": "action",
        "focus_role": "none"
      }
    },
    {
      "type": "Feature",
      "geometry": {
        "type": "Point",
        "coordinates": [
          0.0,
          0.0
        ]
      },
      "properties": {
        "junction_id": 1043762,
        "veh_id": 11422,
        "sim_time_s": 1227.6,
        "tier": "harmony-no-ge-local",
        "prearm_status": "skip",
        "focus_role": "none"
      }
    },
    {
      "type": "Feature",
      "geometry": {
        "type": "Point",
        "coordinates": [
          500519.6628829122,
          6965644.734041457
        ]
      },
      "properties": {
        "junction_id": 1119660,
        "veh_id": 11390,
        "sim_time_s": 1229.0,
        "tier": "track-zone",
        "prearm_status": "",
        "focus_role": "none"
      }
    },
    {
      "type": "Feature",
      "geometry": {
        "type": "Point",
        "coordinates": [
          0.0,
          0.0
        ]
      },
      "properties": {
        "junction_id": 39593,
        "veh_id": 11396,
        "sim_time_s": 1230.3,
        "tier": "harmony-no-ge-local",
        "prearm_status": "skip",
        "focus_role": "none"
      }
    },
    {
      "type": "Feature",
      "geometry": {
        "type": "Point",
        "coordinates": [
          500551.693055834,
          6965570.5494349785
        ]
      },
      "properties": {
        "junction_id": 10157950,
        "veh_id": 11390,
        "sim_time_s": 1235.7,
        "tier": "track-zone",
        "prearm_status": "",
        "focus_role": "none"
      }
    },
    {
      "type": "Feature",
      "geometry": {
        "type": "Point",
        "coordinates": [
          500350.447951266,
          6966102.434462179
        ]
      },
      "properties": {
        "junction_id": 39578,
        "veh_id": 11414,
        "sim_time_s": 1237.0,
        "tier": "track-section",
        "prearm_status": "",
        "focus_role": "none"
      }
    },
    {
      "type": "Feature",
      "geometry": {
        "type": "Point",
        "coordinates": [
          500356.2914951103,
          6966092.828857206
        ]
      },
      "properties": {
        "junction_id": 39578,
        "veh_id": 11422,
        "sim_time_s": 1241.1,
        "tier": "track-section",
        "prearm_status": "",
        "focus_role": "none"
      }
    },
    {
      "type": "Feature",
      "geometry": {
        "type": "Point",
        "coordinates": [
          0.0,
          0.0
        ]
      },
      "properties": {
        "junction_id": 39578,
        "veh_id": 11432,
        "sim_time_s": 1251.9,
        "tier": "harmony-no-ge-local",
        "prearm_status": "skip",
        "focus_role": "none"
      }
    },
    {
      "type": "Feature",
      "geometry": {
        "type": "Point",
        "coordinates": [
          0.0,
          0.0
        ]
      },
      "properties": {
        "junction_id": 36385,
        "veh_id": 11389,
        "sim_time_s": 1253.2,
        "tier": "harmony-no-ge-local",
        "prearm_status": "skip",
        "focus_role": "none"
      }
    },
    {
      "type": "Feature",
      "geometry": {
        "type": "Point",
        "coordinates": [
          500528.3202895322,
          6965937.671840616
        ]
      },
      "properties": {
        "junction_id": 39576,
        "veh_id": 11422,
        "sim_time_s": 1256.0,
        "tier": "track-zone",
        "prearm_status": "",
        "focus_role": "none"
      }
    },
    {
      "type": "Feature",
      "geometry": {
        "type": "Point",
        "coordinates": [
          500726.0748188754,
          6964995.2999993265
        ]
      },
      "properties": {
        "junction_id": 36393,
        "veh_id": 11389,
        "sim_time_s": 1258.7,
        "tier": "track-zone",
        "prearm_status": "",
        "focus_role": "none"
      }
    },
    {
      "type": "Feature",
      "geometry": {
        "type": "Point",
        "coordinates": [
          500946.97228876385,
          6964034.668682542
        ]
      },
      "properties": {
        "junction_id": 39606,
        "veh_id": 11386,
        "sim_time_s": 1260.0,
        "tier": "track-section",
        "prearm_status": "",
        "focus_role": "none"
      }
    },
    {
      "type": "Feature",
      "geometry": {
        "type": "Point",
        "coordinates": [
          500818.0371466335,
          6964231.803010624
        ]
      },
      "properties": {
        "junction_id": 39590,
        "veh_id": 11384,
        "sim_time_s": 1261.3,
        "tier": "track-zone",
        "prearm_status": "",
        "focus_role": "none"
      }
    },
    {
      "type": "Feature",
      "geometry": {
        "type": "Point",
        "coordinates": [
          500393.7447801295,
          6966047.274212182
        ]
      },
      "properties": {
        "junction_id": 1043762,
        "veh_id": 11432,
        "sim_time_s": 1264.0,
        "tier": "track-zone",
        "prearm_status": "",
        "focus_role": "none"
      }
    },
    {
      "type": "Feature",
      "geometry": {
        "type": "Point",
        "coordinates": [
          500689.27296907397,
          6964557.577769458
        ]
      },
      "properties": {
        "junction_id": 39590,
        "veh_id": 11397,
        "sim_time_s": 1265.4,
        "tier": "track-zone",
        "prearm_status": "",
        "focus_role": "none"
      }
    },
    {
      "type": "Feature",
      "geometry": {
        "type": "Point",
        "coordinates": [
          500883.60128878657,
          6964124.68198138
        ]
      },
      "properties": {
        "junction_id": 39590,
        "veh_id": 11386,
        "sim_time_s": 1266.8,
        "tier": "track-zone",
        "prearm_status": "",
        "focus_role": "none"
      }
    },
    {
      "type": "Feature",
      "geometry": {
        "type": "Point",
        "coordinates": [
          0.0,
          0.0
        ]
      },
      "properties": {
        "junction_id": 39587,
        "veh_id": 11390,
        "sim_time_s": 1266.8,
        "tier": "harmony-no-ge-local",
        "prearm_status": "skip",
        "focus_role": "none"
      }
    },
    {
      "type": "Feature",
      "geometry": {
        "type": "Point",
        "coordinates": [
          0.0,
          0.0
        ]
      },
      "properties": {
        "junction_id": 39606,
        "veh_id": 11386,
        "sim_time_s": 1271.7,
        "tier": "harmony-no-ge-local",
        "prearm_status": "skip",
        "focus_role": "none"
      }
    },
    {
      "type": "Feature",
      "geometry": {
        "type": "Point",
        "coordinates": [
          0.0,
          0.0
        ]
      },
      "properties": {
        "junction_id": 39578,
        "veh_id": 11414,
        "sim_time_s": 1273.5,
        "tier": "harmony-ins-local",
        "prearm_status": "action",
        "focus_role": "none"
      }
    },
    {
      "type": "Feature",
      "geometry": {
        "type": "Point",
        "coordinates": [
          500531.8815575349,
          6965934.389441006
        ]
      },
      "properties": {
        "junction_id": 39576,
        "veh_id": 11414,
        "sim_time_s": 1276.2,
        "tier": "track-zone",
        "prearm_status": "",
        "focus_role": "none"
      }
    },
    {
      "type": "Feature",
      "geometry": {
        "type": "Point",
        "coordinates": [
          500608.9181850418,
          6965409.334253317
        ]
      },
      "properties": {
        "junction_id": 39593,
        "veh_id": 11390,
        "sim_time_s": 1277.5,
        "tier": "track-zone",
        "prearm_status": "",
        "focus_role": "none"
      }
    },
    {
      "type": "Feature",
      "geometry": {
        "type": "Point",
        "coordinates": [
          0.0,
          0.0
        ]
      },
      "properties": {
        "junction_id": 1043762,
        "veh_id": 11432,
        "sim_time_s": 1277.5,
        "tier": "harmony-ins-local",
        "prearm_status": "action",
        "focus_role": "none"
      }
    },
    {
      "type": "Feature",
      "geometry": {
        "type": "Point",
        "coordinates": [
          500245.51057819714,
          6966217.169247305
        ]
      },
      "properties": {
        "junction_id": 39569,
        "veh_id": 11432,
        "sim_time_s": 1280.7,
        "tier": "coord-prearm-harmony/SHOCKWAVE",
        "prearm_status": "fired",
        "focus_role": "none"
      }
    },
    {
      "type": "Feature",
      "geometry": {
        "type": "Point",
        "coordinates": [
          0.0,
          0.0
        ]
      },
      "properties": {
        "junction_id": 39569,
        "veh_id": 11432,
        "sim_time_s": 1281.2,
        "tier": "harmony-no-ge-local",
        "prearm_status": "skip",
        "focus_role": "none"
      }
    },
    {
      "type": "Feature",
      "geometry": {
        "type": "Point",
        "coordinates": [
          0.0,
          0.0
        ]
      },
      "properties": {
        "junction_id": 39606,
        "veh_id": 11413,
        "sim_time_s": 1281.6,
        "tier": "harmony-no-ge-local",
        "prearm_status": "skip",
        "focus_role": "none"
      }
    },
    {
      "type": "Feature",
      "geometry": {
        "type": "Point",
        "coordinates": [
          500647.91914655117,
          6965257.229028954
        ]
      },
      "properties": {
        "junction_id": 36385,
        "veh_id": 11390,
        "sim_time_s": 1288.3,
        "tier": "track-zone",
        "prearm_status": "",
        "focus_role": "none"
      }
    },
    {
      "type": "Feature",
      "geometry": {
        "type": "Point",
        "coordinates": [
          0.0,
          0.0
        ]
      },
      "properties": {
        "junction_id": 36385,
        "veh_id": 11396,
        "sim_time_s": 1289.7,
        "tier": "harmony-no-ge-local",
        "prearm_status": "skip",
        "focus_role": "none"
      }
    },
    {
      "type": "Feature",
      "geometry": {
        "type": "Point",
        "coordinates": [
          0.0,
          0.0
        ]
      },
      "properties": {
        "junction_id": 39593,
        "veh_id": 11390,
        "sim_time_s": 1292.4,
        "tier": "harmony-no-ge-local",
        "prearm_status": "skip",
        "focus_role": "none"
      }
    },
    {
      "type": "Feature",
      "geometry": {
        "type": "Point",
        "coordinates": [
          500729.0043559363,
          6965000.369110065
        ]
      },
      "properties": {
        "junction_id": 36393,
        "veh_id": 11396,
        "sim_time_s": 1293.8,
        "tier": "track-zone",
        "prearm_status": "",
        "focus_role": "none"
      }
    },
    {
      "type": "Feature",
      "geometry": {
        "type": "Point",
        "coordinates": [
          500454.63087255345,
          6965696.178607745
        ]
      },
      "properties": {
        "junction_id": 39578,
        "veh_id": 11403,
        "sim_time_s": 1295.1,
        "tier": "track-zone",
        "prearm_status": "",
        "focus_role": "none"
      }
    },
    {
      "type": "Feature",
      "geometry": {
        "type": "Point",
        "coordinates": [
          0.0,
          0.0
        ]
      },
      "properties": {
        "junction_id": 36393,
        "veh_id": 11389,
        "sim_time_s": 1295.1,
        "tier": "harmony-ins-local",
        "prearm_status": "action",
        "focus_role": "none"
      }
    },
    {
      "type": "Feature",
      "geometry": {
        "type": "Point",
        "coordinates": [
          500118.6063173641,
          6966431.266298841
        ]
      },
      "properties": {
        "junction_id": 39572,
        "veh_id": 11432,
        "sim_time_s": 1297.8,
        "tier": "track-zone",
        "prearm_status": "",
        "focus_role": "none"
      }
    },
    {
      "type": "Feature",
      "geometry": {
        "type": "Point",
        "coordinates": [
          0.0,
          0.0
        ]
      },
      "properties": {
        "junction_id": 39576,
        "veh_id": 11422,
        "sim_time_s": 1312.7,
        "tier": "harmony-no-ge-local",
        "prearm_status": "skip",
        "focus_role": "none"
      }
    },
    {
      "type": "Feature",
      "geometry": {
        "type": "Point",
        "coordinates": [
          500512.4078156805,
          6965704.4079055395
        ]
      },
      "properties": {
        "junction_id": 39587,
        "veh_id": 11422,
        "sim_time_s": 1315.3,
        "tier": "track-zone",
        "prearm_status": "",
        "focus_role": "none"
      }
    },
    {
      "type": "Feature",
      "geometry": {
        "type": "Point",
        "coordinates": [
          500461.7269529866,
          6965697.5601791935
        ]
      },
      "properties": {
        "junction_id": 39576,
        "veh_id": 11403,
        "sim_time_s": 1320.3,
        "tier": "IC-detect",
        "prearm_status": "",
        "focus_role": "none"
      }
    },
    {
      "type": "Feature",
      "geometry": {
        "type": "Point",
        "coordinates": [
          500521.9043656722,
          6965638.212795985
        ]
      },
      "properties": {
        "junction_id": 1119660,
        "veh_id": 11422,
        "sim_time_s": 1322.1,
        "tier": "track-zone",
        "prearm_status": "",
        "focus_role": "none"
      }
    },
    {
      "type": "Feature",
      "geometry": {
        "type": "Point",
        "coordinates": [
          0.0,
          0.0
        ]
      },
      "properties": {
        "junction_id": 39590,
        "veh_id": 11386,
        "sim_time_s": 1326.2,
        "tier": "harmony-no-ge-local",
        "prearm_status": "skip",
        "focus_role": "none"
      }
    },
    {
      "type": "Feature",
      "geometry": {
        "type": "Point",
        "coordinates": [
          500553.9024869109,
          6965565.777974912
        ]
      },
      "properties": {
        "junction_id": 10157950,
        "veh_id": 11422,
        "sim_time_s": 1328.8,
        "tier": "track-zone",
        "prearm_status": "",
        "focus_role": "none"
      }
    },
    {
      "type": "Feature",
      "geometry": {
        "type": "Point",
        "coordinates": [
          0.0,
          0.0
        ]
      },
      "properties": {
        "junction_id": 39576,
        "veh_id": 11414,
        "sim_time_s": 1330.2,
        "tier": "harmony-no-ge-local",
        "prearm_status": "skip",
        "focus_role": "none"
      }
    },
    {
      "type": "Feature",
      "geometry": {
        "type": "Point",
        "coordinates": [
          500512.76313174673,
          6965699.218306115
        ]
      },
      "properties": {
        "junction_id": 39587,
        "veh_id": 11414,
        "sim_time_s": 1339.7,
        "tier": "track-zone",
        "prearm_status": "",
        "focus_role": "none"
      }
    },
    {
      "type": "Feature",
      "geometry": {
        "type": "Point",
        "coordinates": [
          500675.39658108185,
          6964506.802792124
        ]
      },
      "properties": {
        "junction_id": 36393,
        "veh_id": 11386,
        "sim_time_s": 1342.3,
        "tier": "track-zone",
        "prearm_status": "",
        "focus_role": "none"
      }
    },
    {
      "type": "Feature",
      "geometry": {
        "type": "Point",
        "coordinates": [
          500729.971363905,
          6964409.901791801
        ]
      },
      "properties": {
        "junction_id": 39606,
        "veh_id": 11397,
        "sim_time_s": 1343.7,
        "tier": "track-zone",
        "prearm_status": "",
        "focus_role": "none"
      }
    },
    {
      "type": "Feature",
      "geometry": {
        "type": "Point",
        "coordinates": [
          500520.64786228945,
          6965642.208840147
        ]
      },
      "properties": {
        "junction_id": 1119660,
        "veh_id": 11414,
        "sim_time_s": 1345.0,
        "tier": "track-zone",
        "prearm_status": "",
        "focus_role": "none"
      }
    },
    {
      "type": "Feature",
      "geometry": {
        "type": "Point",
        "coordinates": [
          500946.97228876385,
          6964034.668682542
        ]
      },
      "properties": {
        "junction_id": 39606,
        "veh_id": 11433,
        "sim_time_s": 1350.0,
        "tier": "IC-detect",
        "prearm_status": "",
        "focus_role": "none"
      }
    },
    {
      "type": "Feature",
      "geometry": {
        "type": "Point",
        "coordinates": [
          500105.3249690746,
          6966447.427635935
        ]
      },
      "properties": {
        "junction_id": 39569,
        "veh_id": 11432,
        "sim_time_s": 1352.2,
        "tier": "coord-prearm-missed/SHOCKWAVE",
        "prearm_status": "missed",
        "focus_role": "none"
      }
    },
    {
      "type": "Feature",
      "geometry": {
        "type": "Point",
        "coordinates": [
          500892.1167463792,
          6964115.107420867
        ]
      },
      "properties": {
        "junction_id": 39590,
        "veh_id": 11433,
        "sim_time_s": 1355.8,
        "tier": "track-zone",
        "prearm_status": "",
        "focus_role": "none"
      }
    },
    {
      "type": "Feature",
      "geometry": {
        "type": "Point",
        "coordinates": [
          0.0,
          0.0
        ]
      },
      "properties": {
        "junction_id": 39576,
        "veh_id": 11403,
        "sim_time_s": 1358.5,
        "tier": "harmony-ge-local",
        "prearm_status": "action",
        "focus_role": "none"
      }
    },
    {
      "type": "Feature",
      "geometry": {
        "type": "Point",
        "coordinates": [
          0.0,
          0.0
        ]
      },
      "properties": {
        "junction_id": 39606,
        "veh_id": 11433,
        "sim_time_s": 1359.9,
        "tier": "harmony-no-ge-local",
        "prearm_status": "skip",
        "focus_role": "none"
      }
    },
    {
      "type": "Feature",
      "geometry": {
        "type": "Point",
        "coordinates": [
          0.0,
          0.0
        ]
      },
      "properties": {
        "junction_id": 39587,
        "veh_id": 11422,
        "sim_time_s": 1362.6,
        "tier": "harmony-no-ge-local",
        "prearm_status": "skip",
        "focus_role": "none"
      }
    },
    {
      "type": "Feature",
      "geometry": {
        "type": "Point",
        "coordinates": [
          500076.07720737054,
          6966489.834507088
        ]
      },
      "properties": {
        "junction_id": 39568,
        "veh_id": 11432,
        "sim_time_s": 1368.0,
        "tier": "track-zone",
        "prearm_status": "",
        "focus_role": "none"
      }
    },
    {
      "type": "Feature",
      "geometry": {
        "type": "Point",
        "coordinates": [
          500087.5621151167,
          6967505.674223648
        ]
      },
      "properties": {
        "junction_id": 38339,
        "veh_id": 11423,
        "sim_time_s": 1370.2,
        "tier": "IC-detect",
        "prearm_status": "",
        "focus_role": "none"
      }
    },
    {
      "type": "Feature",
      "geometry": {
        "type": "Point",
        "coordinates": [
          500679.71394357446,
          6964780.035604208
        ]
      },
      "properties": {
        "junction_id": 36385,
        "veh_id": 11386,
        "sim_time_s": 1370.7,
        "tier": "track-zone",
        "prearm_status": "",
        "focus_role": "none"
      }
    },
    {
      "type": "Feature",
      "geometry": {
        "type": "Point",
        "coordinates": [
          0.0,
          0.0
        ]
      },
      "properties": {
        "junction_id": 39590,
        "veh_id": 11433,
        "sim_time_s": 1370.7,
        "tier": "harmony-ins-local",
        "prearm_status": "action",
        "focus_role": "none"
      }
    },
    {
      "type": "Feature",
      "geometry": {
        "type": "Point",
        "coordinates": [
          500610.13134458114,
          6965405.042761933
        ]
      },
      "properties": {
        "junction_id": 39593,
        "veh_id": 11422,
        "sim_time_s": 1372.0,
        "tier": "track-zone",
        "prearm_status": "",
        "focus_role": "none"
      }
    },
    {
      "type": "Feature",
      "geometry": {
        "type": "Point",
        "coordinates": [
          500686.4416621175,
          6964556.013050345
        ]
      },
      "properties": {
        "junction_id": 39590,
        "veh_id": 11389,
        "sim_time_s": 1373.4,
        "tier": "track-zone",
        "prearm_status": "",
        "focus_role": "none"
      }
    },
    {
      "type": "Feature",
      "geometry": {
        "type": "Point",
        "coordinates": [
          500552.9116499557,
          6965568.214923434
        ]
      },
      "properties": {
        "junction_id": 10157950,
        "veh_id": 11414,
        "sim_time_s": 1373.4,
        "tier": "track-zone",
        "prearm_status": "",
        "focus_role": "none"
      }
    },
    {
      "type": "Feature",
      "geometry": {
        "type": "Point",
        "coordinates": [
          500746.05585223605,
          6964319.685882264
        ]
      },
      "properties": {
        "junction_id": 36393,
        "veh_id": 11433,
        "sim_time_s": 1373.8,
        "tier": "coord-prearm-harmony/SHOCKWAVE",
        "prearm_status": "fired",
        "focus_role": "none"
      }
    },
    {
      "type": "Feature",
      "geometry": {
        "type": "Point",
        "coordinates": [
          0.0,
          0.0
        ]
      },
      "properties": {
        "junction_id": 36393,
        "veh_id": 11433,
        "sim_time_s": 1374.3,
        "tier": "harmony-no-ge-local",
        "prearm_status": "skip",
        "focus_role": "none"
      }
    },
    {
      "type": "Feature",
      "geometry": {
        "type": "Point",
        "coordinates": [
          0.0,
          0.0
        ]
      },
      "properties": {
        "junction_id": 39587,
        "veh_id": 11414,
        "sim_time_s": 1380.2,
        "tier": "harmony-ins-local",
        "prearm_status": "action",
        "focus_role": "none"
      }
    },
    {
      "type": "Feature",
      "geometry": {
        "type": "Point",
        "coordinates": [
          500728.5643343782,
          6964405.240324476
        ]
      },
      "properties": {
        "junction_id": 39606,
        "veh_id": 11389,
        "sim_time_s": 1382.8,
        "tier": "track-zone",
        "prearm_status": "",
        "focus_role": "none"
      }
    },
    {
      "type": "Feature",
      "geometry": {
        "type": "Point",
        "coordinates": [
          500647.2874133584,
          6965258.774941208
        ]
      },
      "properties": {
        "junction_id": 36385,
        "veh_id": 11422,
        "sim_time_s": 1382.8,
        "tier": "track-zone",
        "prearm_status": "",
        "focus_role": "none"
      }
    },
    {
      "type": "Feature",
      "geometry": {
        "type": "Point",
        "coordinates": [
          500498.8488823961,
          6965701.935543899
        ]
      },
      "properties": {
        "junction_id": 39587,
        "veh_id": 11403,
        "sim_time_s": 1384.2,
        "tier": "track-zone",
        "prearm_status": "",
        "focus_role": "none"
      }
    },
    {
      "type": "Feature",
      "geometry": {
        "type": "Point",
        "coordinates": [
          0.0,
          0.0
        ]
      },
      "properties": {
        "junction_id": 36393,
        "veh_id": 11396,
        "sim_time_s": 1384.2,
        "tier": "harmony-no-ge-local",
        "prearm_status": "skip",
        "focus_role": "none"
      }
    },
    {
      "type": "Feature",
      "geometry": {
        "type": "Point",
        "coordinates": [
          500778.7461612561,
          6964299.104421591
        ]
      },
      "properties": {
        "junction_id": 39590,
        "veh_id": 11397,
        "sim_time_s": 1385.5,
        "tier": "IC-detect",
        "prearm_status": "",
        "focus_role": "none"
      }
    },
    {
      "type": "Feature",
      "geometry": {
        "type": "Point",
        "coordinates": [
          500701.7963937398,
          6964933.0717606675
        ]
      },
      "properties": {
        "junction_id": 39593,
        "veh_id": 11386,
        "sim_time_s": 1386.9,
        "tier": "track-zone",
        "prearm_status": "",
        "focus_role": "none"
      }
    },
    {
      "type": "Feature",
      "geometry": {
        "type": "Point",
        "coordinates": [
          0.0,
          0.0
        ]
      },
      "properties": {
        "junction_id": 39593,
        "veh_id": 11422,
        "sim_time_s": 1388.2,
        "tier": "harmony-no-ge-local",
        "prearm_status": "skip",
        "focus_role": "none"
      }
    },
    {
      "type": "Feature",
      "geometry": {
        "type": "Point",
        "coordinates": [
          0.0,
          0.0
        ]
      },
      "properties": {
        "junction_id": 39572,
        "veh_id": 11432,
        "sim_time_s": 1389.6,
        "tier": "harmony-ins-local",
        "prearm_status": "action",
        "focus_role": "none"
      }
    },
    {
      "type": "Feature",
      "geometry": {
        "type": "Point",
        "coordinates": [
          500515.35565231234,
          6965648.616339005
        ]
      },
      "properties": {
        "junction_id": 1119660,
        "veh_id": 11403,
        "sim_time_s": 1391.0,
        "tier": "track-zone",
        "prearm_status": "",
        "focus_role": "none"
      }
    },
    {
      "type": "Feature",
      "geometry": {
        "type": "Point",
        "coordinates": [
          500551.2623192136,
          6965571.5089470865
        ]
      },
      "properties": {
        "junction_id": 10157950,
        "veh_id": 11403,
        "sim_time_s": 1405.8,
        "tier": "track-zone",
        "prearm_status": "",
        "focus_role": "none"
      }
    },
    {
      "type": "Feature",
      "geometry": {
        "type": "Point",
        "coordinates": [
          500689.5293436189,
          6964552.75825571
        ]
      },
      "properties": {
        "junction_id": 39590,
        "veh_id": 11396,
        "sim_time_s": 1407.2,
        "tier": "track-zone",
        "prearm_status": "",
        "focus_role": "none"
      }
    },
    {
      "type": "Feature",
      "geometry": {
        "type": "Point",
        "coordinates": [
          500716.04977542924,
          6965084.051689155
        ]
      },
      "properties": {
        "junction_id": 36385,
        "veh_id": 11390,
        "sim_time_s": 1408.5,
        "tier": "IC-detect-far",
        "prearm_status": "",
        "focus_role": "none"
      }
    },
    {
      "type": "Feature",
      "geometry": {
        "type": "Point",
        "coordinates": [
          500018.1422005992,
          6966619.917872384
        ]
      },
      "properties": {
        "junction_id": 11118289,
        "veh_id": 11432,
        "sim_time_s": 1409.8,
        "tier": "track-zone",
        "prearm_status": "",
        "focus_role": "none"
      }
    },
    {
      "type": "Feature",
      "geometry": {
        "type": "Point",
        "coordinates": [
          500611.6853272102,
          6965399.438883044
        ]
      },
      "properties": {
        "junction_id": 39593,
        "veh_id": 11414,
        "sim_time_s": 1412.5,
        "tier": "track-zone",
        "prearm_status": "",
        "focus_role": "none"
      }
    },
    {
      "type": "Feature",
      "geometry": {
        "type": "Point",
        "coordinates": [
          0.0,
          0.0
        ]
      },
      "properties": {
        "junction_id": 39606,
        "veh_id": 11397,
        "sim_time_s": 1420.7,
        "tier": "harmony-no-ge-local",
        "prearm_status": "skip",
        "focus_role": "none"
      }
    },
    {
      "type": "Feature",
      "geometry": {
        "type": "Point",
        "coordinates": [
          500730.669727905,
          6964407.973840839
        ]
      },
      "properties": {
        "junction_id": 39606,
        "veh_id": 11396,
        "sim_time_s": 1422.0,
        "tier": "track-zone",
        "prearm_status": "",
        "focus_role": "none"
      }
    },
    {
      "type": "Feature",
      "geometry": {
        "type": "Point",
        "coordinates": [
          500647.7134808745,
          6965250.620971628
        ]
      },
      "properties": {
        "junction_id": 36385,
        "veh_id": 11414,
        "sim_time_s": 1423.3,
        "tier": "track-zone",
        "prearm_status": "",
        "focus_role": "none"
      }
    },
    {
      "type": "Feature",
      "geometry": {
        "type": "Point",
        "coordinates": [
          500679.7345050096,
          6964778.691101351
        ]
      },
      "properties": {
        "junction_id": 36385,
        "veh_id": 11433,
        "sim_time_s": 1427.4,
        "tier": "track-zone",
        "prearm_status": "",
        "focus_role": "none"
      }
    },
    {
      "type": "Feature",
      "geometry": {
        "type": "Point",
        "coordinates": [
          0.0,
          0.0
        ]
      },
      "properties": {
        "junction_id": 36385,
        "veh_id": 11390,
        "sim_time_s": 1430.1,
        "tier": "harmony-no-ge-local",
        "prearm_status": "skip",
        "focus_role": "none"
      }
    },
    {
      "type": "Feature",
      "geometry": {
        "type": "Point",
        "coordinates": [
          499964.57150159945,
          6967096.201613492
        ]
      },
      "properties": {
        "junction_id": 11118289,
        "veh_id": 11423,
        "sim_time_s": 1434.2,
        "tier": "track-zone",
        "prearm_status": "",
        "focus_role": "none"
      }
    },
    {
      "type": "Feature",
      "geometry": {
        "type": "Point",
        "coordinates": [
          500728.7829774254,
          6964990.40606197
        ]
      },
      "properties": {
        "junction_id": 36393,
        "veh_id": 11390,
        "sim_time_s": 1436.8,
        "tier": "track-zone",
        "prearm_status": "",
        "focus_role": "none"
      }
    },
    {
      "type": "Feature",
      "geometry": {
        "type": "Point",
        "coordinates": [
          0.0,
          0.0
        ]
      },
      "properties": {
        "junction_id": 38339,
        "veh_id": 11423,
        "sim_time_s": 1438.2,
        "tier": "harmony-ins-local",
        "prearm_status": "action",
        "focus_role": "none"
      }
    },
    {
      "type": "Feature",
      "geometry": {
        "type": "Point",
        "coordinates": [
          500702.7164356947,
          6964937.898703386
        ]
      },
      "properties": {
        "junction_id": 39593,
        "veh_id": 11433,
        "sim_time_s": 1442.2,
        "tier": "track-zone",
        "prearm_status": "",
        "focus_role": "none"
      }
    },
    {
      "type": "Feature",
      "geometry": {
        "type": "Point",
        "coordinates": [
          500684.8985293877,
          6965181.6074625915
        ]
      },
      "properties": {
        "junction_id": 1119660,
        "veh_id": 11422,
        "sim_time_s": 1443.6,
        "tier": "track-zone",
        "prearm_status": "",
        "focus_role": "none"
      }
    },
    {
      "type": "Feature",
      "geometry": {
        "type": "Point",
        "coordinates": [
          499961.790300656,
          6966949.653409241
        ]
      },
      "properties": {
        "junction_id": 39568,
        "veh_id": 11423,
        "sim_time_s": 1447.7,
        "tier": "track-zone",
        "prearm_status": "",
        "focus_role": "none"
      }
    },
    {
      "type": "Feature",
      "geometry": {
        "type": "Point",
        "coordinates": [
          500684.8985293877,
          6965181.6074625915
        ]
      },
      "properties": {
        "junction_id": 10157950,
        "veh_id": 11422,
        "sim_time_s": 1450.3,
        "tier": "track-zone",
        "prearm_status": "",
        "focus_role": "none"
      }
    },
    {
      "type": "Feature",
      "geometry": {
        "type": "Point",
        "coordinates": [
          0.0,
          0.0
        ]
      },
      "properties": {
        "junction_id": 36385,
        "veh_id": 11386,
        "sim_time_s": 1450.3,
        "tier": "harmony-no-ge-local",
        "prearm_status": "skip",
        "focus_role": "none"
      }
    },
    {
      "type": "Feature",
      "geometry": {
        "type": "Point",
        "coordinates": [
          499966.5909296628,
          6966887.474087323
        ]
      },
      "properties": {
        "junction_id": 39572,
        "veh_id": 11423,
        "sim_time_s": 1451.7,
        "tier": "track-zone",
        "prearm_status": "",
        "focus_role": "none"
      }
    },
    {
      "type": "Feature",
      "geometry": {
        "type": "Point",
        "coordinates": [
          0.0,
          0.0
        ]
      },
      "properties": {
        "junction_id": 39587,
        "veh_id": 11403,
        "sim_time_s": 1454.4,
        "tier": "harmony-no-ge-local",
        "prearm_status": "skip",
        "focus_role": "none"
      }
    },
    {
      "type": "Feature",
      "geometry": {
        "type": "Point",
        "coordinates": [
          499963.8452675559,
          6966781.741173685
        ]
      },
      "properties": {
        "junction_id": 38339,
        "veh_id": 11432,
        "sim_time_s": 1461.2,
        "tier": "track-zone",
        "prearm_status": "",
        "focus_role": "none"
      }
    },
    {
      "type": "Feature",
      "geometry": {
        "type": "Point",
        "coordinates": [
          500684.09878133226,
          6964756.319799705
        ]
      },
      "properties": {
        "junction_id": 36393,
        "veh_id": 11433,
        "sim_time_s": 1461.6,
        "tier": "coord-prearm-missed/SHOCKWAVE",
        "prearm_status": "missed",
        "focus_role": "none"
      }
    },
    {
      "type": "Feature",
      "geometry": {
        "type": "Point",
        "coordinates": [
          500716.1317679126,
          6964993.580122831
        ]
      },
      "properties": {
        "junction_id": 36393,
        "veh_id": 11386,
        "sim_time_s": 1463.8,
        "tier": "track-zone",
        "prearm_status": "",
        "focus_role": "none"
      }
    },
    {
      "type": "Feature",
      "geometry": {
        "type": "Point",
        "coordinates": [
          500655.7718808014,
          6965232.870385196
        ]
      },
      "properties": {
        "junction_id": 1119660,
        "veh_id": 11414,
        "sim_time_s": 1466.5,
        "tier": "track-zone",
        "prearm_status": "",
        "focus_role": "none"
      }
    },
    {
      "type": "Feature",
      "geometry": {
        "type": "Point",
        "coordinates": [
          0.0,
          0.0
        ]
      },
      "properties": {
        "junction_id": 36385,
        "veh_id": 11433,
        "sim_time_s": 1477.3,
        "tier": "harmony-ins-local",
        "prearm_status": "action",
        "focus_role": "none"
      }
    },
    {
      "type": "Feature",
      "geometry": {
        "type": "Point",
        "coordinates": [
          0.0,
          0.0
        ]
      },
      "properties": {
        "junction_id": 39590,
        "veh_id": 11396,
        "sim_time_s": 1478.7,
        "tier": "harmony-no-ge-local",
        "prearm_status": "skip",
        "focus_role": "none"
      }
    },
    {
      "type": "Feature",
      "geometry": {
        "type": "Point",
        "coordinates": [
          0.0,
          0.0
        ]
      },
      "properties": {
        "junction_id": 39593,
        "veh_id": 11414,
        "sim_time_s": 1485.5,
        "tier": "harmony-no-ge-local",
        "prearm_status": "skip",
        "focus_role": "none"
      }
    },
    {
      "type": "Feature",
      "geometry": {
        "type": "Point",
        "coordinates": [
          500608.3441552636,
          6965411.30676055
        ]
      },
      "properties": {
        "junction_id": 39593,
        "veh_id": 11403,
        "sim_time_s": 1486.8,
        "tier": "track-zone",
        "prearm_status": "",
        "focus_role": "none"
      }
    },
    {
      "type": "Feature",
      "geometry": {
        "type": "Point",
        "coordinates": [
          500682.1587316814,
          6965106.847860238
        ]
      },
      "properties": {
        "junction_id": 10157950,
        "veh_id": 11433,
        "sim_time_s": 1488.2,
        "tier": "track-zone",
        "prearm_status": "",
        "focus_role": "none"
      }
    },
    {
      "type": "Feature",
      "geometry": {
        "type": "Point",
        "coordinates": [
          499963.7146435149,
          6966791.483525981
        ]
      },
      "properties": {
        "junction_id": 39568,
        "veh_id": 11432,
        "sim_time_s": 1489.5,
        "tier": "track-zone",
        "prearm_status": "",
        "focus_role": "none"
      }
    },
    {
      "type": "Feature",
      "geometry": {
        "type": "Point",
        "coordinates": [
          0.0,
          0.0
        ]
      },
      "properties": {
        "junction_id": 39593,
        "veh_id": 11433,
        "sim_time_s": 1490.8,
        "tier": "harmony-no-ge-local",
        "prearm_status": "skip",
        "focus_role": "none"
      }
    },
    {
      "type": "Feature",
      "geometry": {
        "type": "Point",
        "coordinates": [
          500660.4679736627,
          6965185.096277076
        ]
      },
      "properties": {
        "junction_id": 1119660,
        "veh_id": 11433,
        "sim_time_s": 1493.5,
        "tier": "track-zone",
        "prearm_status": "",
        "focus_role": "none"
      }
    },
    {
      "type": "Feature",
      "geometry": {
        "type": "Point",
        "coordinates": [
          500705.5638758141,
          6965114.764084915
        ]
      },
      "properties": {
        "junction_id": 10157950,
        "veh_id": 11414,
        "sim_time_s": 1494.9,
        "tier": "track-zone",
        "prearm_status": "",
        "focus_role": "none"
      }
    },
    {
      "type": "Feature",
      "geometry": {
        "type": "Point",
        "coordinates": [
          0.0,
          0.0
        ]
      },
      "properties": {
        "junction_id": 39606,
        "veh_id": 11396,
        "sim_time_s": 1496.2,
        "tier": "harmony-ins-local",
        "prearm_status": "action",
        "focus_role": "none"
      }
    },
    {
      "type": "Feature",
      "geometry": {
        "type": "Point",
        "coordinates": [
          500636.2416019595,
          6965240.028161485
        ]
      },
      "properties": {
        "junction_id": 39587,
        "veh_id": 11433,
        "sim_time_s": 1497.6,
        "tier": "track-zone",
        "prearm_status": "",
        "focus_role": "none"
      }
    },
    {
      "type": "Feature",
      "geometry": {
        "type": "Point",
        "coordinates": [
          500716.06017481256,
          6965084.053552697
        ]
      },
      "properties": {
        "junction_id": 36385,
        "veh_id": 11422,
        "sim_time_s": 1503.0,
        "tier": "IC-detect-far",
        "prearm_status": "",
        "focus_role": "none"
      }
    },
    {
      "type": "Feature",
      "geometry": {
        "type": "Point",
        "coordinates": [
          500716.1317679126,
          6964993.580122831
        ]
      },
      "properties": {
        "junction_id": 39593,
        "veh_id": 11386,
        "sim_time_s": 1508.4,
        "tier": "track-zone",
        "prearm_status": "",
        "focus_role": "none"
      }
    },
    {
      "type": "Feature",
      "geometry": {
        "type": "Point",
        "coordinates": [
          500651.3053485333,
          6965249.382908518
        ]
      },
      "properties": {
        "junction_id": 36385,
        "veh_id": 11403,
        "sim_time_s": 1511.1,
        "tier": "track-zone",
        "prearm_status": "",
        "focus_role": "none"
      }
    },
    {
      "type": "Feature",
      "geometry": {
        "type": "Point",
        "coordinates": [
          0.0,
          0.0
        ]
      },
      "properties": {
        "junction_id": 39587,
        "veh_id": 11433,
        "sim_time_s": 1511.1,
        "tier": "harmony-no-ge-local",
        "prearm_status": "skip",
        "focus_role": "none"
      }
    },
    {
      "type": "Feature",
      "geometry": {
        "type": "Point",
        "coordinates": [
          500657.9024955495,
          6965234.941969228
        ]
      },
      "properties": {
        "junction_id": 1119660,
        "veh_id": 11403,
        "sim_time_s": 1512.5,
        "tier": "track-zone",
        "prearm_status": "",
        "focus_role": "none"
      }
    },
    {
      "type": "Feature",
      "geometry": {
        "type": "Point",
        "coordinates": [
          0.0,
          0.0
        ]
      },
      "properties": {
        "junction_id": 36393,
        "veh_id": 11390,
        "sim_time_s": 1517.8,
        "tier": "harmony-no-ge-local",
        "prearm_status": "skip",
        "focus_role": "none"
      }
    },
    {
      "type": "Feature",
      "geometry": {
        "type": "Point",
        "coordinates": [
          500578.0501126221,
          6965461.552002448
        ]
      },
      "properties": {
        "junction_id": 39576,
        "veh_id": 11433,
        "sim_time_s": 1519.2,
        "tier": "track-zone",
        "prearm_status": "",
        "focus_role": "none"
      }
    },
    {
      "type": "Feature",
      "geometry": {
        "type": "Point",
        "coordinates": [
          500704.06214247126,
          6965119.649017153
        ]
      },
      "properties": {
        "junction_id": 10157950,
        "veh_id": 11403,
        "sim_time_s": 1527.3,
        "tier": "track-zone",
        "prearm_status": "",
        "focus_role": "none"
      }
    },
    {
      "type": "Feature",
      "geometry": {
        "type": "Point",
        "coordinates": [
          499954.7457310458,
          6966904.926835853
        ]
      },
      "properties": {
        "junction_id": 11118289,
        "veh_id": 11432,
        "sim_time_s": 1531.3,
        "tier": "track-zone",
        "prearm_status": "",
        "focus_role": "none"
      }
    },
    {
      "type": "Feature",
      "geometry": {
        "type": "Point",
        "coordinates": [
          0.0,
          0.0
        ]
      },
      "properties": {
        "junction_id": 39572,
        "veh_id": 11423,
        "sim_time_s": 1534.0,
        "tier": "harmony-ins-local",
        "prearm_status": "action",
        "focus_role": "none"
      }
    },
    {
      "type": "Feature",
      "geometry": {
        "type": "Point",
        "coordinates": [
          500010.7269180466,
          6966672.646869421
        ]
      },
      "properties": {
        "junction_id": 39569,
        "veh_id": 11423,
        "sim_time_s": 1535.4,
        "tier": "track-zone",
        "prearm_status": "",
        "focus_role": "none"
      }
    },
    {
      "type": "Feature",
      "geometry": {
        "type": "Point",
        "coordinates": [
          0.0,
          0.0
        ]
      },
      "properties": {
        "junction_id": 39576,
        "veh_id": 11433,
        "sim_time_s": 1538.1,
        "tier": "harmony-no-ge-local",
        "prearm_status": "skip",
        "focus_role": "none"
      }
    },
    {
      "type": "Feature",
      "geometry": {
        "type": "Point",
        "coordinates": [
          0.0,
          0.0
        ]
      },
      "properties": {
        "junction_id": 38339,
        "veh_id": 11432,
        "sim_time_s": 1538.1,
        "tier": "harmony-no-ge-local",
        "prearm_status": "skip",
        "focus_role": "none"
      }
    },
    {
      "type": "Feature",
      "geometry": {
        "type": "Point",
        "coordinates": [
          500689.3951175572,
          6964553.660142085
        ]
      },
      "properties": {
        "junction_id": 39590,
        "veh_id": 11390,
        "sim_time_s": 1540.8,
        "tier": "track-zone",
        "prearm_status": "",
        "focus_role": "none"
      }
    },
    {
      "type": "Feature",
      "geometry": {
        "type": "Point",
        "coordinates": [
          500492.1510555904,
          6965688.421608099
        ]
      },
      "properties": {
        "junction_id": 39578,
        "veh_id": 11433,
        "sim_time_s": 1540.8,
        "tier": "track-zone",
        "prearm_status": "",
        "focus_role": "none"
      }
    },
    {
      "type": "Feature",
      "geometry": {
        "type": "Point",
        "coordinates": [
          500193.33672775206,
          6965100.856263181
        ]
      },
      "properties": {
        "junction_id": 39593,
        "veh_id": 11407,
        "sim_time_s": 1542.2,
        "tier": "IC-detect",
        "prearm_status": "",
        "focus_role": "none"
      }
    },
    {
      "type": "Feature",
      "geometry": {
        "type": "Point",
        "coordinates": [
          500713.00392560667,
          6965097.202188756
        ]
      },
      "properties": {
        "junction_id": 36385,
        "veh_id": 11414,
        "sim_time_s": 1543.5,
        "tier": "IC-detect-far",
        "prearm_status": "",
        "focus_role": "none"
      }
    },
    {
      "type": "Feature",
      "geometry": {
        "type": "Point",
        "coordinates": [
          500293.9505976339,
          6965084.860886406
        ]
      },
      "properties": {
        "junction_id": 36385,
        "veh_id": 11407,
        "sim_time_s": 1549.8,
        "tier": "IC-detect",
        "prearm_status": "",
        "focus_role": "none"
      }
    },
    {
      "type": "Feature",
      "geometry": {
        "type": "Point",
        "coordinates": [
          500731.1560167813,
          6964406.575822533
        ]
      },
      "properties": {
        "junction_id": 39606,
        "veh_id": 11390,
        "sim_time_s": 1555.7,
        "tier": "track-zone",
        "prearm_status": "",
        "focus_role": "none"
      }
    },
    {
      "type": "Feature",
      "geometry": {
        "type": "Point",
        "coordinates": [
          500036.3276052344,
          6966611.76430237
        ]
      },
      "properties": {
        "junction_id": 39568,
        "veh_id": 11423,
        "sim_time_s": 1569.2,
        "tier": "track-zone",
        "prearm_status": "",
        "focus_role": "none"
      }
    },
    {
      "type": "Feature",
      "geometry": {
        "type": "Point",
        "coordinates": [
          500716.0240791368,
          6965013.090446022
        ]
      },
      "properties": {
        "junction_id": 36385,
        "veh_id": 11386,
        "sim_time_s": 1570.5,
        "tier": "IC-detect",
        "prearm_status": "",
        "focus_role": "none"
      }
    },
    {
      "type": "Feature",
      "geometry": {
        "type": "Point",
        "coordinates": [
          0.0,
          0.0
        ]
      },
      "properties": {
        "junction_id": 39578,
        "veh_id": 11433,
        "sim_time_s": 1581.3,
        "tier": "harmony-ins-local",
        "prearm_status": "action",
        "focus_role": "none"
      }
    },
    {
      "type": "Feature",
      "geometry": {
        "type": "Point",
        "coordinates": [
          500391.35522369435,
          6966045.409309567
        ]
      },
      "properties": {
        "junction_id": 1043762,
        "veh_id": 11433,
        "sim_time_s": 1593.5,
        "tier": "track-zone",
        "prearm_status": "",
        "focus_role": "none"
      }
    },
    {
      "type": "Feature",
      "geometry": {
        "type": "Point",
        "coordinates": [
          0.0,
          0.0
        ]
      },
      "properties": {
        "junction_id": 36385,
        "veh_id": 11422,
        "sim_time_s": 1598.8,
        "tier": "harmony-no-ge-local",
        "prearm_status": "skip",
        "focus_role": "none"
      }
    },
    {
      "type": "Feature",
      "geometry": {
        "type": "Point",
        "coordinates": [
          0.0,
          0.0
        ]
      },
      "properties": {
        "junction_id": 39569,
        "veh_id": 11423,
        "sim_time_s": 1604.2,
        "tier": "harmony-ins-local",
        "prearm_status": "action",
        "focus_role": "none"
      }
    },
    {
      "type": "Feature",
      "geometry": {
        "type": "Point",
        "coordinates": [
          500728.8440977379,
          6964992.836440238
        ]
      },
      "properties": {
        "junction_id": 36393,
        "veh_id": 11422,
        "sim_time_s": 1605.6,
        "tier": "track-zone",
        "prearm_status": "",
        "focus_role": "none"
      }
    },
    {
      "type": "Feature",
      "geometry": {
        "type": "Point",
        "coordinates": [
          0.0,
          0.0
        ]
      },
      "properties": {
        "junction_id": 1043762,
        "veh_id": 11433,
        "sim_time_s": 1607.0,
        "tier": "harmony-ins-local",
        "prearm_status": "action",
        "focus_role": "none"
      }
    },
    {
      "type": "Feature",
      "geometry": {
        "type": "Point",
        "coordinates": [
          500715.8442176883,
          6965084.924651929
        ]
      },
      "properties": {
        "junction_id": 39593,
        "veh_id": 11403,
        "sim_time_s": 1608.3,
        "tier": "track-zone",
        "prearm_status": "",
        "focus_role": "none"
      }
    },
    {
      "type": "Feature",
      "geometry": {
        "type": "Point",
        "coordinates": [
          500134.00794022396,
          6966429.354061764
        ]
      },
      "properties": {
        "junction_id": 1043762,
        "veh_id": 11423,
        "sim_time_s": 1608.3,
        "tier": "track-zone",
        "prearm_status": "",
        "focus_role": "none"
      }
    },
    {
      "type": "Feature",
      "geometry": {
        "type": "Point",
        "coordinates": [
          500250.9037597956,
          6966203.511649237
        ]
      },
      "properties": {
        "junction_id": 39569,
        "veh_id": 11433,
        "sim_time_s": 1609.2,
        "tier": "coord-prearm-harmony/SHOCKWAVE",
        "prearm_status": "fired",
        "focus_role": "none"
      }
    },
    {
      "type": "Feature",
      "geometry": {
        "type": "Point",
        "coordinates": [
          0.0,
          0.0
        ]
      },
      "properties": {
        "junction_id": 39590,
        "veh_id": 11390,
        "sim_time_s": 1611.0,
        "tier": "harmony-no-ge-local",
        "prearm_status": "skip",
        "focus_role": "none"
      }
    },
    {
      "type": "Feature",
      "geometry": {
        "type": "Point",
        "coordinates": [
          500729.1151101438,
          6964998.110206724
        ]
      },
      "properties": {
        "junction_id": 36393,
        "veh_id": 11414,
        "sim_time_s": 1612.3,
        "tier": "track-zone",
        "prearm_status": "",
        "focus_role": "none"
      }
    },
    {
      "type": "Feature",
      "geometry": {
        "type": "Point",
        "coordinates": [
          0.0,
          0.0
        ]
      },
      "properties": {
        "junction_id": 39606,
        "veh_id": 11390,
        "sim_time_s": 1623.2,
        "tier": "harmony-no-ge-local",
        "prearm_status": "skip",
        "focus_role": "none"
      }
    },
    {
      "type": "Feature",
      "geometry": {
        "type": "Point",
        "coordinates": [
          500716.06032876857,
          6965084.052047813
        ]
      },
      "properties": {
        "junction_id": 36385,
        "veh_id": 11403,
        "sim_time_s": 1631.2,
        "tier": "IC-detect-far",
        "prearm_status": "",
        "focus_role": "none"
      }
    },
    {
      "type": "Feature",
      "geometry": {
        "type": "Point",
        "coordinates": [
          0.0,
          0.0
        ]
      },
      "properties": {
        "junction_id": 36385,
        "veh_id": 11407,
        "sim_time_s": 1631.2,
        "tier": "harmony-no-ge-local",
        "prearm_status": "skip",
        "focus_role": "none"
      }
    },
    {
      "type": "Feature",
      "geometry": {
        "type": "Point",
        "coordinates": [
          500359.7319100229,
          6966093.861534126
        ]
      },
      "properties": {
        "junction_id": 39578,
        "veh_id": 11423,
        "sim_time_s": 1642.0,
        "tier": "track-section",
        "prearm_status": "",
        "focus_role": "none"
      }
    },
    {
      "type": "Feature",
      "geometry": {
        "type": "Point",
        "coordinates": [
          0.0,
          0.0
        ]
      },
      "properties": {
        "junction_id": 39578,
        "veh_id": 11423,
        "sim_time_s": 1658.2,
        "tier": "harmony-ins-local",
        "prearm_status": "action",
        "focus_role": "none"
      }
    },
    {
      "type": "Feature",
      "geometry": {
        "type": "Point",
        "coordinates": [
          500532.5703599092,
          6965932.50786009
        ]
      },
      "properties": {
        "junction_id": 39576,
        "veh_id": 11423,
        "sim_time_s": 1661.0,
        "tier": "track-zone",
        "prearm_status": "",
        "focus_role": "none"
      }
    },
    {
      "type": "Feature",
      "geometry": {
        "type": "Point",
        "coordinates": [
          500704.4590787513,
          6964858.36155899
        ]
      },
      "properties": {
        "junction_id": 36385,
        "veh_id": 11414,
        "sim_time_s": 1666.3,
        "tier": "track-zone",
        "prearm_status": "",
        "focus_role": "none"
      }
    },
    {
      "type": "Feature",
      "geometry": {
        "type": "Point",
        "coordinates": [
          0.0,
          0.0
        ]
      },
      "properties": {
        "junction_id": 39569,
        "veh_id": 11433,
        "sim_time_s": 1666.3,
        "tier": "harmony-ins-local",
        "prearm_status": "action",
        "focus_role": "none"
      }
    },
    {
      "type": "Feature",
      "geometry": {
        "type": "Point",
        "coordinates": [
          500105.3249690746,
          6966447.427635935
        ]
      },
      "properties": {
        "junction_id": 39569,
        "veh_id": 11433,
        "sim_time_s": 1666.3,
        "tier": "coord-prearm-success/SHOCKWAVE",
        "prearm_status": "success",
        "focus_role": "none"
      }
    },
    {
      "type": "Feature",
      "geometry": {
        "type": "Point",
        "coordinates": [
          500116.25569207367,
          6966433.948223893
        ]
      },
      "properties": {
        "junction_id": 39572,
        "veh_id": 11433,
        "sim_time_s": 1667.7,
        "tier": "track-zone",
        "prearm_status": "",
        "focus_role": "none"
      }
    },
    {
      "type": "Feature",
      "geometry": {
        "type": "Point",
        "coordinates": [
          500722.96807335183,
          6964998.248074013
        ]
      },
      "properties": {
        "junction_id": 36393,
        "veh_id": 11407,
        "sim_time_s": 1673.1,
        "tier": "track-zone",
        "prearm_status": "",
        "focus_role": "none"
      }
    },
    {
      "type": "Feature",
      "geometry": {
        "type": "Point",
        "coordinates": [
          0.0,
          0.0
        ]
      },
      "properties": {
        "junction_id": 36393,
        "veh_id": 11422,
        "sim_time_s": 1679.8,
        "tier": "harmony-no-ge-local",
        "prearm_status": "skip",
        "focus_role": "none"
      }
    },
    {
      "type": "Feature",
      "geometry": {
        "type": "Point",
        "coordinates": [
          500922.0155415484,
          6965247.527854867
        ]
      },
      "properties": {
        "junction_id": 39593,
        "veh_id": 11418,
        "sim_time_s": 1680.3,
        "tier": "IC-detect",
        "prearm_status": "",
        "focus_role": "none"
      }
    },
    {
      "type": "Feature",
      "geometry": {
        "type": "Point",
        "coordinates": [
          0.0,
          0.0
        ]
      },
      "properties": {
        "junction_id": 39576,
        "veh_id": 11423,
        "sim_time_s": 1681.2,
        "tier": "harmony-ge-local",
        "prearm_status": "action",
        "focus_role": "none"
      }
    },
    {
      "type": "Feature",
      "geometry": {
        "type": "Point",
        "coordinates": [
          500858.9360012236,
          6965224.286152667
        ]
      },
      "properties": {
        "junction_id": 36385,
        "veh_id": 11418,
        "sim_time_s": 1685.2,
        "tier": "track-zone",
        "prearm_status": "",
        "focus_role": "none"
      }
    },
    {
      "type": "Feature",
      "geometry": {
        "type": "Point",
        "coordinates": [
          500832.58989132044,
          6965212.493915604
        ]
      },
      "properties": {
        "junction_id": 10157950,
        "veh_id": 11418,
        "sim_time_s": 1692.0,
        "tier": "track-zone",
        "prearm_status": "",
        "focus_role": "none"
      }
    },
    {
      "type": "Feature",
      "geometry": {
        "type": "Point",
        "coordinates": [
          499516.6649367667,
          6966649.601881014
        ]
      },
      "properties": {
        "junction_id": 39572,
        "veh_id": 11391,
        "sim_time_s": 1692.9,
        "tier": "IC-detect",
        "prearm_status": "",
        "focus_role": "none"
      }
    },
    {
      "type": "Feature",
      "geometry": {
        "type": "Point",
        "coordinates": [
          500689.41553421295,
          6964553.538190886
        ]
      },
      "properties": {
        "junction_id": 39590,
        "veh_id": 11422,
        "sim_time_s": 1704.2,
        "tier": "track-zone",
        "prearm_status": "",
        "focus_role": "none"
      }
    },
    {
      "type": "Feature",
      "geometry": {
        "type": "Point",
        "coordinates": [
          499764.9245922887,
          6966599.706957997
        ]
      },
      "properties": {
        "junction_id": 39568,
        "veh_id": 11391,
        "sim_time_s": 1708.2,
        "tier": "track-zone",
        "prearm_status": "",
        "focus_role": "none"
      }
    },
    {
      "type": "Feature",
      "geometry": {
        "type": "Point",
        "coordinates": [
          500076.59193467326,
          6966488.659442789
        ]
      },
      "properties": {
        "junction_id": 39568,
        "veh_id": 11433,
        "sim_time_s": 1720.3,
        "tier": "track-zone",
        "prearm_status": "",
        "focus_role": "none"
      }
    },
    {
      "type": "Feature",
      "geometry": {
        "type": "Point",
        "coordinates": [
          499875.8913708833,
          6966546.681681724
        ]
      },
      "properties": {
        "junction_id": 39569,
        "veh_id": 11391,
        "sim_time_s": 1729.8,
        "tier": "track-zone",
        "prearm_status": "",
        "focus_role": "none"
      }
    },
    {
      "type": "Feature",
      "geometry": {
        "type": "Point",
        "coordinates": [
          500715.48575366294,
          6965073.78642732
        ]
      },
      "properties": {
        "junction_id": 39593,
        "veh_id": 11403,
        "sim_time_s": 1729.8,
        "tier": "track-zone",
        "prearm_status": "",
        "focus_role": "none"
      }
    },
    {
      "type": "Feature",
      "geometry": {
        "type": "Point",
        "coordinates": [
          500697.41667560517,
          6964685.0785249155
        ]
      },
      "properties": {
        "junction_id": 36393,
        "veh_id": 11414,
        "sim_time_s": 1732.5,
        "tier": "IC-detect-far",
        "prearm_status": "",
        "focus_role": "none"
      }
    },
    {
      "type": "Feature",
      "geometry": {
        "type": "Point",
        "coordinates": [
          0.0,
          0.0
        ]
      },
      "properties": {
        "junction_id": 39572,
        "veh_id": 11433,
        "sim_time_s": 1732.5,
        "tier": "harmony-no-ge-local",
        "prearm_status": "skip",
        "focus_role": "none"
      }
    },
    {
      "type": "Feature",
      "geometry": {
        "type": "Point",
        "coordinates": [
          0.0,
          0.0
        ]
      },
      "properties": {
        "junction_id": 36385,
        "veh_id": 11403,
        "sim_time_s": 1733.8,
        "tier": "harmony-no-ge-local",
        "prearm_status": "skip",
        "focus_role": "none"
      }
    },
    {
      "type": "Feature",
      "geometry": {
        "type": "Point",
        "coordinates": [
          500512.49028414336,
          6965704.585395257
        ]
      },
      "properties": {
        "junction_id": 39587,
        "veh_id": 11423,
        "sim_time_s": 1736.5,
        "tier": "track-zone",
        "prearm_status": "",
        "focus_role": "none"
      }
    },
    {
      "type": "Feature",
      "geometry": {
        "type": "Point",
        "coordinates": [
          500728.9287530481,
          6964998.672504801
        ]
      },
      "properties": {
        "junction_id": 36393,
        "veh_id": 11403,
        "sim_time_s": 1739.2,
        "tier": "track-zone",
        "prearm_status": "",
        "focus_role": "none"
      }
    },
    {
      "type": "Feature",
      "geometry": {
        "type": "Point",
        "coordinates": [
          0.0,
          0.0
        ]
      },
      "properties": {
        "junction_id": 39576,
        "veh_id": 11423,
        "sim_time_s": 1741.5,
        "tier": "harmony-no-ge-local",
        "prearm_status": "skip",
        "focus_role": "none"
      }
    },
    {
      "type": "Feature",
      "geometry": {
        "type": "Point",
        "coordinates": [
          500518.33516823174,
          6965649.430353329
        ]
      },
      "properties": {
        "junction_id": 1119660,
        "veh_id": 11423,
        "sim_time_s": 1743.3,
        "tier": "track-zone",
        "prearm_status": "",
        "focus_role": "none"
      }
    },
    {
      "type": "Feature",
      "geometry": {
        "type": "Point",
        "coordinates": [
          500729.0483316883,
          6964411.953788241
        ]
      },
      "properties": {
        "junction_id": 39606,
        "veh_id": 11422,
        "sim_time_s": 1746.0,
        "tier": "track-zone",
        "prearm_status": "",
        "focus_role": "none"
      }
    },
    {
      "type": "Feature",
      "geometry": {
        "type": "Point",
        "coordinates": [
          500689.4228332201,
          6964556.511492816
        ]
      },
      "properties": {
        "junction_id": 39590,
        "veh_id": 11414,
        "sim_time_s": 1754.1,
        "tier": "track-zone",
        "prearm_status": "",
        "focus_role": "none"
      }
    },
    {
      "type": "Feature",
      "geometry": {
        "type": "Point",
        "coordinates": [
          0.0,
          0.0
        ]
      },
      "properties": {
        "junction_id": 36393,
        "veh_id": 11403,
        "sim_time_s": 1759.5,
        "tier": "harmony-ins-local",
        "prearm_status": "action",
        "focus_role": "none"
      }
    },
    {
      "type": "Feature",
      "geometry": {
        "type": "Point",
        "coordinates": [
          500018.1494705162,
          6966619.9349877145
        ]
      },
      "properties": {
        "junction_id": 11118289,
        "veh_id": 11433,
        "sim_time_s": 1764.9,
        "tier": "track-zone",
        "prearm_status": "",
        "focus_role": "none"
      }
    },
    {
      "type": "Feature",
      "geometry": {
        "type": "Point",
        "coordinates": [
          500551.6123742876,
          6965570.960519559
        ]
      },
      "properties": {
        "junction_id": 10157950,
        "veh_id": 11423,
        "sim_time_s": 1766.2,
        "tier": "track-zone",
        "prearm_status": "",
        "focus_role": "none"
      }
    },
    {
      "type": "Feature",
      "geometry": {
        "type": "Point",
        "coordinates": [
          0.0,
          0.0
        ]
      },
      "properties": {
        "junction_id": 39569,
        "veh_id": 11391,
        "sim_time_s": 1769.0,
        "tier": "harmony-no-ge-local",
        "prearm_status": "skip",
        "focus_role": "none"
      }
    },
    {
      "type": "Feature",
      "geometry": {
        "type": "Point",
        "coordinates": [
          500127.6868782821,
          6966438.40377315
        ]
      },
      "properties": {
        "junction_id": 1043762,
        "veh_id": 11391,
        "sim_time_s": 1773.0,
        "tier": "track-zone",
        "prearm_status": "",
        "focus_role": "none"
      }
    },
    {
      "type": "Feature",
      "geometry": {
        "type": "Point",
        "coordinates": [
          499960.86998811876,
          6966781.834660734
        ]
      },
      "properties": {
        "junction_id": 38339,
        "veh_id": 11433,
        "sim_time_s": 1785.2,
        "tier": "track-zone",
        "prearm_status": "",
        "focus_role": "none"
      }
    },
    {
      "type": "Feature",
      "geometry": {
        "type": "Point",
        "coordinates": [
          0.0,
          0.0
        ]
      },
      "properties": {
        "junction_id": 39590,
        "veh_id": 11422,
        "sim_time_s": 1786.5,
        "tier": "harmony-ge-local",
        "prearm_status": "action",
        "focus_role": "none"
      }
    },
    {
      "type": "Feature",
      "geometry": {
        "type": "Point",
        "coordinates": [
          0.0,
          0.0
        ]
      },
      "properties": {
        "junction_id": 1043762,
        "veh_id": 11391,
        "sim_time_s": 1786.5,
        "tier": "harmony-ge-local",
        "prearm_status": "action",
        "focus_role": "none"
      }
    },
    {
      "type": "Feature",
      "geometry": {
        "type": "Point",
        "coordinates": [
          500685.74370629963,
          6964640.983105113
        ]
      },
      "properties": {
        "junction_id": 36393,
        "veh_id": 11407,
        "sim_time_s": 1793.2,
        "tier": "IC-detect",
        "prearm_status": "",
        "focus_role": "none"
      }
    },
    {
      "type": "Feature",
      "geometry": {
        "type": "Point",
        "coordinates": [
          500363.44077151845,
          6966090.545301377
        ]
      },
      "properties": {
        "junction_id": 39578,
        "veh_id": 11391,
        "sim_time_s": 1800.0,
        "tier": "track-section",
        "prearm_status": "",
        "focus_role": "none"
      }
    },
    {
      "type": "Feature",
      "geometry": {
        "type": "Point",
        "coordinates": [
          500946.97228876385,
          6964034.668682542
        ]
      },
      "properties": {
        "junction_id": 39606,
        "veh_id": 11434,
        "sim_time_s": 1800.0,
        "tier": "track-section",
        "prearm_status": "",
        "focus_role": "none"
      }
    },
    {
      "type": "Feature",
      "geometry": {
        "type": "Point",
        "coordinates": [
          500749.4543823864,
          6965182.447441392
        ]
      },
      "properties": {
        "junction_id": 39593,
        "veh_id": 11418,
        "sim_time_s": 1800.5,
        "tier": "IC-detect",
        "prearm_status": "",
        "focus_role": "none"
      }
    },
    {
      "type": "Feature",
      "geometry": {
        "type": "Point",
        "coordinates": [
          500085.5295036957,
          6967503.47278067
        ]
      },
      "properties": {
        "junction_id": 38339,
        "veh_id": 11424,
        "sim_time_s": 1805.4,
        "tier": "IC-detect",
        "prearm_status": "",
        "focus_role": "none"
      }
    },
    {
      "type": "Feature",
      "geometry": {
        "type": "Point",
        "coordinates": [
          500749.4543823864,
          6965182.447441392
        ]
      },
      "properties": {
        "junction_id": 36385,
        "veh_id": 11418,
        "sim_time_s": 1806.8,
        "tier": "track-zone",
        "prearm_status": "",
        "focus_role": "none"
      }
    },
    {
      "type": "Feature",
      "geometry": {
        "type": "Point",
        "coordinates": [
          500891.680345867,
          6964115.598098328
        ]
      },
      "properties": {
        "junction_id": 39590,
        "veh_id": 11434,
        "sim_time_s": 1806.8,
        "tier": "track-zone",
        "prearm_status": "",
        "focus_role": "none"
      }
    },
    {
      "type": "Feature",
      "geometry": {
        "type": "Point",
        "coordinates": [
          500729.5800925215,
          6964411.13045438
        ]
      },
      "properties": {
        "junction_id": 39606,
        "veh_id": 11414,
        "sim_time_s": 1808.1,
        "tier": "track-zone",
        "prearm_status": "",
        "focus_role": "none"
      }
    },
    {
      "type": "Feature",
      "geometry": {
        "type": "Point",
        "coordinates": [
          500749.4543823864,
          6965182.447441392
        ]
      },
      "properties": {
        "junction_id": 10157950,
        "veh_id": 11418,
        "sim_time_s": 1813.5,
        "tier": "track-zone",
        "prearm_status": "",
        "focus_role": "none"
      }
    },
    {
      "type": "Feature",
      "geometry": {
        "type": "Point",
        "coordinates": [
          0.0,
          0.0
        ]
      },
      "properties": {
        "junction_id": 39578,
        "veh_id": 11391,
        "sim_time_s": 1813.5,
        "tier": "harmony-no-ge-local",
        "prearm_status": "skip",
        "focus_role": "none"
      }
    },
    {
      "type": "Feature",
      "geometry": {
        "type": "Point",
        "coordinates": [
          500529.583205696,
          6965932.107937722
        ]
      },
      "properties": {
        "junction_id": 39576,
        "veh_id": 11391,
        "sim_time_s": 1814.8,
        "tier": "track-zone",
        "prearm_status": "",
        "focus_role": "none"
      }
    },
    {
      "type": "Feature",
      "geometry": {
        "type": "Point",
        "coordinates": [
          500683.24200922,
          6964557.063636743
        ]
      },
      "properties": {
        "junction_id": 39590,
        "veh_id": 11407,
        "sim_time_s": 1814.8,
        "tier": "track-zone",
        "prearm_status": "",
        "focus_role": "none"
      }
    },
    {
      "type": "Feature",
      "geometry": {
        "type": "Point",
        "coordinates": [
          500683.3975791617,
          6964553.537971888
        ]
      },
      "properties": {
        "junction_id": 39590,
        "veh_id": 11403,
        "sim_time_s": 1818.9,
        "tier": "track-zone",
        "prearm_status": "",
        "focus_role": "none"
      }
    },
    {
      "type": "Feature",
      "geometry": {
        "type": "Point",
        "coordinates": [
          0.0,
          0.0
        ]
      },
      "properties": {
        "junction_id": 39593,
        "veh_id": 11418,
        "sim_time_s": 1821.6,
        "tier": "harmony-ins-local",
        "prearm_status": "action",
        "focus_role": "none"
      }
    },
    {
      "type": "Feature",
      "geometry": {
        "type": "Point",
        "coordinates": [
          0.0,
          0.0
        ]
      },
      "properties": {
        "junction_id": 38339,
        "veh_id": 11433,
        "sim_time_s": 1824.3,
        "tier": "harmony-no-ge-local",
        "prearm_status": "skip",
        "focus_role": "none"
      }
    },
    {
      "type": "Feature",
      "geometry": {
        "type": "Point",
        "coordinates": [
          0.0,
          0.0
        ]
      },
      "properties": {
        "junction_id": 39587,
        "veh_id": 11423,
        "sim_time_s": 1825.7,
        "tier": "harmony-no-ge-local",
        "prearm_status": "skip",
        "focus_role": "none"
      }
    },
    {
      "type": "Feature",
      "geometry": {
        "type": "Point",
        "coordinates": [
          0.0,
          0.0
        ]
      },
      "properties": {
        "junction_id": 39606,
        "veh_id": 11434,
        "sim_time_s": 1827.0,
        "tier": "harmony-no-ge-local",
        "prearm_status": "skip",
        "focus_role": "none"
      }
    },
    {
      "type": "Feature",
      "geometry": {
        "type": "Point",
        "coordinates": [
          500723.356813825,
          6964401.161504419
        ]
      },
      "properties": {
        "junction_id": 39606,
        "veh_id": 11407,
        "sim_time_s": 1831.0,
        "tier": "track-zone",
        "prearm_status": "",
        "focus_role": "none"
      }
    },
    {
      "type": "Feature",
      "geometry": {
        "type": "Point",
        "coordinates": [
          500609.3735910561,
          6965408.113369489
        ]
      },
      "properties": {
        "junction_id": 39593,
        "veh_id": 11423,
        "sim_time_s": 1833.8,
        "tier": "track-zone",
        "prearm_status": "",
        "focus_role": "none"
      }
    },
    {
      "type": "Feature",
      "geometry": {
        "type": "Point",
        "coordinates": [
          0.0,
          0.0
        ]
      },
      "properties": {
        "junction_id": 39576,
        "veh_id": 11391,
        "sim_time_s": 1836.5,
        "tier": "harmony-no-ge-local",
        "prearm_status": "skip",
        "focus_role": "none"
      }
    },
    {
      "type": "Feature",
      "geometry": {
        "type": "Point",
        "coordinates": [
          500512.44551425835,
          6965708.358117587
        ]
      },
      "properties": {
        "junction_id": 39587,
        "veh_id": 11391,
        "sim_time_s": 1839.2,
        "tier": "track-zone",
        "prearm_status": "",
        "focus_role": "none"
      }
    },
    {
      "type": "Feature",
      "geometry": {
        "type": "Point",
        "coordinates": [
          0.0,
          0.0
        ]
      },
      "properties": {
        "junction_id": 39606,
        "veh_id": 11422,
        "sim_time_s": 1843.2,
        "tier": "harmony-no-ge-local",
        "prearm_status": "skip",
        "focus_role": "none"
      }
    },
    {
      "type": "Feature",
      "geometry": {
        "type": "Point",
        "coordinates": [
          500649.7808379025,
          6965253.135701699
        ]
      },
      "properties": {
        "junction_id": 36385,
        "veh_id": 11423,
        "sim_time_s": 1845.9,
        "tier": "track-zone",
        "prearm_status": "",
        "focus_role": "none"
      }
    },
    {
      "type": "Feature",
      "geometry": {
        "type": "Point",
        "coordinates": [
          500518.4222800534,
          6965649.372622377
        ]
      },
      "properties": {
        "junction_id": 1119660,
        "veh_id": 11391,
        "sim_time_s": 1850.0,
        "tier": "track-zone",
        "prearm_status": "",
        "focus_role": "none"
      }
    },
    {
      "type": "Feature",
      "geometry": {
        "type": "Point",
        "coordinates": [
          500944.51358507737,
          6964038.69291645
        ]
      },
      "properties": {
        "junction_id": 39606,
        "veh_id": 11410,
        "sim_time_s": 1860.3,
        "tier": "IC-detect",
        "prearm_status": "",
        "focus_role": "none"
      }
    },
    {
      "type": "Feature",
      "geometry": {
        "type": "Point",
        "coordinates": [
          499963.4971969095,
          6967110.7182124825
        ]
      },
      "properties": {
        "junction_id": 11118289,
        "veh_id": 11424,
        "sim_time_s": 1867.5,
        "tier": "track-zone",
        "prearm_status": "",
        "focus_role": "none"
      }
    },
    {
      "type": "Feature",
      "geometry": {
        "type": "Point",
        "coordinates": [
          500753.4523390124,
          6964359.345137255
        ]
      },
      "properties": {
        "junction_id": 39590,
        "veh_id": 11414,
        "sim_time_s": 1874.2,
        "tier": "IC-detect",
        "prearm_status": "",
        "focus_role": "none"
      }
    },
    {
      "type": "Feature",
      "geometry": {
        "type": "Point",
        "coordinates": [
          500726.7489485802,
          6964409.326275114
        ]
      },
      "properties": {
        "junction_id": 39606,
        "veh_id": 11403,
        "sim_time_s": 1877.0,
        "tier": "track-zone",
        "prearm_status": "",
        "focus_role": "none"
      }
    },
    {
      "type": "Feature",
      "geometry": {
        "type": "Point",
        "coordinates": [
          500884.4952616959,
          6964123.678462389
        ]
      },
      "properties": {
        "junction_id": 39590,
        "veh_id": 11410,
        "sim_time_s": 1904.0,
        "tier": "track-zone",
        "prearm_status": "",
        "focus_role": "none"
      }
    },
    {
      "type": "Feature",
      "geometry": {
        "type": "Point",
        "coordinates": [
          0.0,
          0.0
        ]
      },
      "properties": {
        "junction_id": 39590,
        "veh_id": 11434,
        "sim_time_s": 1904.0,
        "tier": "harmony-no-ge-local",
        "prearm_status": "skip",
        "focus_role": "none"
      }
    },
    {
      "type": "Feature",
      "geometry": {
        "type": "Point",
        "coordinates": [
          0.0,
          0.0
        ]
      },
      "properties": {
        "junction_id": 39606,
        "veh_id": 11410,
        "sim_time_s": 1908.0,
        "tier": "harmony-ins-local",
        "prearm_status": "action",
        "focus_role": "none"
      }
    },
    {
      "type": "Feature",
      "geometry": {
        "type": "Point",
        "coordinates": [
          500551.6185552312,
          6965571.108972309
        ]
      },
      "properties": {
        "junction_id": 10157950,
        "veh_id": 11391,
        "sim_time_s": 1918.8,
        "tier": "track-zone",
        "prearm_status": "",
        "focus_role": "none"
      }
    },
    {
      "type": "Feature",
      "geometry": {
        "type": "Point",
        "coordinates": [
          0.0,
          0.0
        ]
      },
      "properties": {
        "junction_id": 39590,
        "veh_id": 11410,
        "sim_time_s": 1920.2,
        "tier": "harmony-no-ge-local",
        "prearm_status": "skip",
        "focus_role": "none"
      }
    },
    {
      "type": "Feature",
      "geometry": {
        "type": "Point",
        "coordinates": [
          0.0,
          0.0
        ]
      },
      "properties": {
        "junction_id": 36385,
        "veh_id": 11423,
        "sim_time_s": 1925.5,
        "tier": "harmony-no-ge-local",
        "prearm_status": "skip",
        "focus_role": "none"
      }
    },
    {
      "type": "Feature",
      "geometry": {
        "type": "Point",
        "coordinates": [
          499957.3202655275,
          6967067.96793443
        ]
      },
      "properties": {
        "junction_id": 38339,
        "veh_id": 11424,
        "sim_time_s": 1925.5,
        "tier": "IC-detect",
        "prearm_status": "",
        "focus_role": "none"
      }
    },
    {
      "type": "Feature",
      "geometry": {
        "type": "Point",
        "coordinates": [
          500724.068824993,
          6964948.3740371
        ]
      },
      "properties": {
        "junction_id": 36385,
        "veh_id": 11418,
        "sim_time_s": 1926.9,
        "tier": "IC-detect",
        "prearm_status": "",
        "focus_role": "none"
      }
    },
    {
      "type": "Feature",
      "geometry": {
        "type": "Point",
        "coordinates": [
          500910.4365048892,
          6964142.178138889
        ]
      },
      "properties": {
        "junction_id": 39606,
        "veh_id": 11414,
        "sim_time_s": 1928.2,
        "tier": "IC-detect-far",
        "prearm_status": "",
        "focus_role": "none"
      }
    },
    {
      "type": "Feature",
      "geometry": {
        "type": "Point",
        "coordinates": [
          0.0,
          0.0
        ]
      },
      "properties": {
        "junction_id": 39587,
        "veh_id": 11391,
        "sim_time_s": 1928.2,
        "tier": "harmony-no-ge-local",
        "prearm_status": "skip",
        "focus_role": "none"
      }
    },
    {
      "type": "Feature",
      "geometry": {
        "type": "Point",
        "coordinates": [
          500728.9478986744,
          6964993.907862754
        ]
      },
      "properties": {
        "junction_id": 36393,
        "veh_id": 11423,
        "sim_time_s": 1929.6,
        "tier": "track-zone",
        "prearm_status": "",
        "focus_role": "none"
      }
    },
    {
      "type": "Feature",
      "geometry": {
        "type": "Point",
        "coordinates": [
          500710.9168419358,
          6964887.412402651
        ]
      },
      "properties": {
        "junction_id": 36393,
        "veh_id": 11418,
        "sim_time_s": 1931.0,
        "tier": "IC-detect",
        "prearm_status": "",
        "focus_role": "none"
      }
    },
    {
      "type": "Feature",
      "geometry": {
        "type": "Point",
        "coordinates": [
          500742.9626213136,
          6964351.87302599
        ]
      },
      "properties": {
        "junction_id": 39590,
        "veh_id": 11407,
        "sim_time_s": 1935.0,
        "tier": "IC-detect",
        "prearm_status": "",
        "focus_role": "none"
      }
    },
    {
      "type": "Feature",
      "geometry": {
        "type": "Point",
        "coordinates": [
          0.0,
          0.0
        ]
      },
      "properties": {
        "junction_id": 39590,
        "veh_id": 11407,
        "sim_time_s": 1937.7,
        "tier": "harmony-no-ge-local",
        "prearm_status": "skip",
        "focus_role": "none"
      }
    },
    {
      "type": "Feature",
      "geometry": {
        "type": "Point",
        "coordinates": [
          500753.2360264341,
          6964359.2612663405
        ]
      },
      "properties": {
        "junction_id": 39590,
        "veh_id": 11403,
        "sim_time_s": 1939.0,
        "tier": "IC-detect",
        "prearm_status": "",
        "focus_role": "none"
      }
    },
    {
      "type": "Feature",
      "geometry": {
        "type": "Point",
        "coordinates": [
          500674.90969618404,
          6964509.739637811
        ]
      },
      "properties": {
        "junction_id": 36393,
        "veh_id": 11434,
        "sim_time_s": 1948.5,
        "tier": "track-zone",
        "prearm_status": "",
        "focus_role": "none"
      }
    },
    {
      "type": "Feature",
      "geometry": {
        "type": "Point",
        "coordinates": [
          0.0,
          0.0
        ]
      },
      "properties": {
        "junction_id": 38339,
        "veh_id": 11424,
        "sim_time_s": 1951.2,
        "tier": "harmony-no-ge-local",
        "prearm_status": "skip",
        "focus_role": "none"
      }
    },
    {
      "type": "Feature",
      "geometry": {
        "type": "Point",
        "coordinates": [
          500742.9626213136,
          6964351.87302599
        ]
      },
      "properties": {
        "junction_id": 39606,
        "veh_id": 11407,
        "sim_time_s": 1952.5,
        "tier": "track-zone",
        "prearm_status": "",
        "focus_role": "none"
      }
    },
    {
      "type": "Feature",
      "geometry": {
        "type": "Point",
        "coordinates": [
          499959.41805027035,
          6966944.3823232055
        ]
      },
      "properties": {
        "junction_id": 39568,
        "veh_id": 11424,
        "sim_time_s": 1962.0,
        "tier": "track-zone",
        "prearm_status": "",
        "focus_role": "none"
      }
    },
    {
      "type": "Feature",
      "geometry": {
        "type": "Point",
        "coordinates": [
          499963.47424976906,
          6966890.706730939
        ]
      },
      "properties": {
        "junction_id": 39572,
        "veh_id": 11424,
        "sim_time_s": 1966.0,
        "tier": "track-zone",
        "prearm_status": "",
        "focus_role": "none"
      }
    },
    {
      "type": "Feature",
      "geometry": {
        "type": "Point",
        "coordinates": [
          500672.92562102637,
          6964523.801331919
        ]
      },
      "properties": {
        "junction_id": 36393,
        "veh_id": 11410,
        "sim_time_s": 1967.4,
        "tier": "track-zone",
        "prearm_status": "",
        "focus_role": "none"
      }
    },
    {
      "type": "Feature",
      "geometry": {
        "type": "Point",
        "coordinates": [
          500583.64520732476,
          6965478.236435625
        ]
      },
      "properties": {
        "junction_id": 1119660,
        "veh_id": 11391,
        "sim_time_s": 1971.5,
        "tier": "track-zone",
        "prearm_status": "",
        "focus_role": "none"
      }
    },
    {
      "type": "Feature",
      "geometry": {
        "type": "Point",
        "coordinates": [
          500607.3849570599,
          6965404.305972632
        ]
      },
      "properties": {
        "junction_id": 39593,
        "veh_id": 11391,
        "sim_time_s": 1985.0,
        "tier": "track-zone",
        "prearm_status": "",
        "focus_role": "none"
      }
    },
    {
      "type": "Feature",
      "geometry": {
        "type": "Point",
        "coordinates": [
          0.0,
          0.0
        ]
      },
      "properties": {
        "junction_id": 39606,
        "veh_id": 11403,
        "sim_time_s": 1987.7,
        "tier": "harmony-no-ge-local",
        "prearm_status": "skip",
        "focus_role": "none"
      }
    },
    {
      "type": "Feature",
      "geometry": {
        "type": "Point",
        "coordinates": [
          499966.60620399914,
          6966825.535657694
        ]
      },
      "properties": {
        "junction_id": 11118289,
        "veh_id": 11424,
        "sim_time_s": 1989.0,
        "tier": "track-zone",
        "prearm_status": "",
        "focus_role": "none"
      }
    },
    {
      "type": "Feature",
      "geometry": {
        "type": "Point",
        "coordinates": [
          500647.3829786691,
          6965258.952509616
        ]
      },
      "properties": {
        "junction_id": 36385,
        "veh_id": 11391,
        "sim_time_s": 1995.8,
        "tier": "track-zone",
        "prearm_status": "",
        "focus_role": "none"
      }
    },
    {
      "type": "Feature",
      "geometry": {
        "type": "Point",
        "coordinates": [
          0.0,
          0.0
        ]
      },
      "properties": {
        "junction_id": 36393,
        "veh_id": 11434,
        "sim_time_s": 1998.5,
        "tier": "harmony-no-ge-local",
        "prearm_status": "skip",
        "focus_role": "none"
      }
    },
    {
      "type": "Feature",
      "geometry": {
        "type": "Point",
        "coordinates": [
          0.0,
          0.0
        ]
      },
      "properties": {
        "junction_id": 39593,
        "veh_id": 11391,
        "sim_time_s": 1999.8,
        "tier": "harmony-no-ge-local",
        "prearm_status": "skip",
        "focus_role": "none"
      }
    },
    {
      "type": "Feature",
      "geometry": {
        "type": "Point",
        "coordinates": [
          500679.9584631828,
          6964783.518112909
        ]
      },
      "properties": {
        "junction_id": 36385,
        "veh_id": 11434,
        "sim_time_s": 2006.5,
        "tier": "track-zone",
        "prearm_status": "",
        "focus_role": "none"
      }
    },
    {
      "type": "Feature",
      "geometry": {
        "type": "Point",
        "coordinates": [
          500689.3138414643,
          6964557.068119422
        ]
      },
      "properties": {
        "junction_id": 39590,
        "veh_id": 11418,
        "sim_time_s": 2017.3,
        "tier": "track-zone",
        "prearm_status": "",
        "focus_role": "none"
      }
    },
    {
      "type": "Feature",
      "geometry": {
        "type": "Point",
        "coordinates": [
          500680.0051934651,
          6964787.261609753
        ]
      },
      "properties": {
        "junction_id": 36385,
        "veh_id": 11410,
        "sim_time_s": 2018.7,
        "tier": "track-zone",
        "prearm_status": "",
        "focus_role": "none"
      }
    },
    {
      "type": "Feature",
      "geometry": {
        "type": "Point",
        "coordinates": [
          500686.1926170099,
          6964558.924554505
        ]
      },
      "properties": {
        "junction_id": 39590,
        "veh_id": 11423,
        "sim_time_s": 2020.0,
        "tier": "track-zone",
        "prearm_status": "",
        "focus_role": "none"
      }
    },
    {
      "type": "Feature",
      "geometry": {
        "type": "Point",
        "coordinates": [
          500701.11368574254,
          6964928.546163237
        ]
      },
      "properties": {
        "junction_id": 39593,
        "veh_id": 11434,
        "sim_time_s": 2026.8,
        "tier": "track-zone",
        "prearm_status": "",
        "focus_role": "none"
      }
    },
    {
      "type": "Feature",
      "geometry": {
        "type": "Point",
        "coordinates": [
          0.0,
          0.0
        ]
      },
      "properties": {
        "junction_id": 39572,
        "veh_id": 11424,
        "sim_time_s": 2029.5,
        "tier": "harmony-no-ge-local",
        "prearm_status": "skip",
        "focus_role": "none"
      }
    },
    {
      "type": "Feature",
      "geometry": {
        "type": "Point",
        "coordinates": [
          500009.49302066554,
          6966675.91130826
        ]
      },
      "properties": {
        "junction_id": 39569,
        "veh_id": 11424,
        "sim_time_s": 2041.7,
        "tier": "track-zone",
        "prearm_status": "",
        "focus_role": "none"
      }
    },
    {
      "type": "Feature",
      "geometry": {
        "type": "Point",
        "coordinates": [
          499456.69302451186,
          6967099.051579941
        ]
      },
      "properties": {
        "junction_id": 38339,
        "veh_id": 11398,
        "sim_time_s": 2046.2,
        "tier": "IC-detect",
        "prearm_status": "",
        "focus_role": "none"
      }
    },
    {
      "type": "Feature",
      "geometry": {
        "type": "Point",
        "coordinates": [
          500695.6800620053,
          6964517.892848843
        ]
      },
      "properties": {
        "junction_id": 36393,
        "veh_id": 11423,
        "sim_time_s": 2051.1,
        "tier": "track-zone",
        "prearm_status": "",
        "focus_role": "none"
      }
    },
    {
      "type": "Feature",
      "geometry": {
        "type": "Point",
        "coordinates": [
          0.0,
          0.0
        ]
      },
      "properties": {
        "junction_id": 36385,
        "veh_id": 11391,
        "sim_time_s": 2055.2,
        "tier": "harmony-no-ge-local",
        "prearm_status": "skip",
        "focus_role": "none"
      }
    },
    {
      "type": "Feature",
      "geometry": {
        "type": "Point",
        "coordinates": [
          500726.044486583,
          6964995.3272802895
        ]
      },
      "properties": {
        "junction_id": 36393,
        "veh_id": 11391,
        "sim_time_s": 2059.2,
        "tier": "track-zone",
        "prearm_status": "",
        "focus_role": "none"
      }
    },
    {
      "type": "Feature",
      "geometry": {
        "type": "Point",
        "coordinates": [
          0.0,
          0.0
        ]
      },
      "properties": {
        "junction_id": 36385,
        "veh_id": 11434,
        "sim_time_s": 2060.6,
        "tier": "harmony-no-ge-local",
        "prearm_status": "skip",
        "focus_role": "none"
      }
    },
    {
      "type": "Feature",
      "geometry": {
        "type": "Point",
        "coordinates": [
          500700.9970114231,
          6964928.444432787
        ]
      },
      "properties": {
        "junction_id": 39593,
        "veh_id": 11410,
        "sim_time_s": 2061.9,
        "tier": "track-zone",
        "prearm_status": "",
        "focus_role": "none"
      }
    },
    {
      "type": "Feature",
      "geometry": {
        "type": "Point",
        "coordinates": [
          500685.6458566815,
          6965106.920261049
        ]
      },
      "properties": {
        "junction_id": 10157950,
        "veh_id": 11434,
        "sim_time_s": 2068.7,
        "tier": "track-zone",
        "prearm_status": "",
        "focus_role": "none"
      }
    },
    {
      "type": "Feature",
      "geometry": {
        "type": "Point",
        "coordinates": [
          0.0,
          0.0
        ]
      },
      "properties": {
        "junction_id": 39593,
        "veh_id": 11434,
        "sim_time_s": 2071.3,
        "tier": "harmony-no-ge-local",
        "prearm_status": "skip",
        "focus_role": "none"
      }
    },
    {
      "type": "Feature",
      "geometry": {
        "type": "Point",
        "coordinates": [
          500667.9004343923,
          6965184.580691004
        ]
      },
      "properties": {
        "junction_id": 1119660,
        "veh_id": 11434,
        "sim_time_s": 2074.1,
        "tier": "track-zone",
        "prearm_status": "",
        "focus_role": "none"
      }
    },
    {
      "type": "Feature",
      "geometry": {
        "type": "Point",
        "coordinates": [
          500641.64190122834,
          6965244.323660582
        ]
      },
      "properties": {
        "junction_id": 39587,
        "veh_id": 11434,
        "sim_time_s": 2078.1,
        "tier": "track-zone",
        "prearm_status": "",
        "focus_role": "none"
      }
    },
    {
      "type": "Feature",
      "geometry": {
        "type": "Point",
        "coordinates": [
          500054.650616123,
          6966566.808898166
        ]
      },
      "properties": {
        "junction_id": 39568,
        "veh_id": 11424,
        "sim_time_s": 2083.5,
        "tier": "track-zone",
        "prearm_status": "",
        "focus_role": "none"
      }
    },
    {
      "type": "Feature",
      "geometry": {
        "type": "Point",
        "coordinates": [
          500705.0929558421,
          6964955.435109786
        ]
      },
      "properties": {
        "junction_id": 36393,
        "veh_id": 11410,
        "sim_time_s": 2088.9,
        "tier": "track-zone",
        "prearm_status": "",
        "focus_role": "none"
      }
    },
    {
      "type": "Feature",
      "geometry": {
        "type": "Point",
        "coordinates": [
          500728.33570316876,
          6964405.661310815
        ]
      },
      "properties": {
        "junction_id": 39606,
        "veh_id": 11418,
        "sim_time_s": 2088.9,
        "tier": "track-zone",
        "prearm_status": "",
        "focus_role": "none"
      }
    },
    {
      "type": "Feature",
      "geometry": {
        "type": "Point",
        "coordinates": [
          0.0,
          0.0
        ]
      },
      "properties": {
        "junction_id": 39587,
        "veh_id": 11434,
        "sim_time_s": 2091.6,
        "tier": "harmony-no-ge-local",
        "prearm_status": "skip",
        "focus_role": "none"
      }
    },
    {
      "type": "Feature",
      "geometry": {
        "type": "Point",
        "coordinates": [
          500577.253711496,
          6965464.336054262
        ]
      },
      "properties": {
        "junction_id": 39576,
        "veh_id": 11434,
        "sim_time_s": 2092.9,
        "tier": "track-zone",
        "prearm_status": "",
        "focus_role": "none"
      }
    },
    {
      "type": "Feature",
      "geometry": {
        "type": "Point",
        "coordinates": [
          0.0,
          0.0
        ]
      },
      "properties": {
        "junction_id": 36393,
        "veh_id": 11391,
        "sim_time_s": 2092.9,
        "tier": "harmony-no-ge-local",
        "prearm_status": "skip",
        "focus_role": "none"
      }
    },
    {
      "type": "Feature",
      "geometry": {
        "type": "Point",
        "coordinates": [
          0.0,
          0.0
        ]
      },
      "properties": {
        "junction_id": 36385,
        "veh_id": 11410,
        "sim_time_s": 2094.3,
        "tier": "harmony-ins-local",
        "prearm_status": "action",
        "focus_role": "none"
      }
    },
    {
      "type": "Feature",
      "geometry": {
        "type": "Point",
        "coordinates": [
          500729.6430510305,
          6964410.679530591
        ]
      },
      "properties": {
        "junction_id": 39606,
        "veh_id": 11423,
        "sim_time_s": 2098.3,
        "tier": "track-zone",
        "prearm_status": "",
        "focus_role": "none"
      }
    },
    {
      "type": "Feature",
      "geometry": {
        "type": "Point",
        "coordinates": [
          499809.08951413713,
          6967046.842948443
        ]
      },
      "properties": {
        "junction_id": 11118289,
        "veh_id": 11398,
        "sim_time_s": 2105.1,
        "tier": "track-zone",
        "prearm_status": "",
        "focus_role": "none"
      }
    },
    {
      "type": "Feature",
      "geometry": {
        "type": "Point",
        "coordinates": [
          0.0,
          0.0
        ]
      },
      "properties": {
        "junction_id": 39569,
        "veh_id": 11424,
        "sim_time_s": 2105.1,
        "tier": "harmony-no-ge-local",
        "prearm_status": "skip",
        "focus_role": "none"
      }
    },
    {
      "type": "Feature",
      "geometry": {
        "type": "Point",
        "coordinates": [
          500684.3115419351,
          6965091.6437302595
        ]
      },
      "properties": {
        "junction_id": 10157950,
        "veh_id": 11410,
        "sim_time_s": 2107.8,
        "tier": "track-zone",
        "prearm_status": "",
        "focus_role": "none"
      }
    },
    {
      "type": "Feature",
      "geometry": {
        "type": "Point",
        "coordinates": [
          0.0,
          0.0
        ]
      },
      "properties": {
        "junction_id": 39593,
        "veh_id": 11410,
        "sim_time_s": 2129.4,
        "tier": "harmony-ins-local",
        "prearm_status": "action",
        "focus_role": "none"
      }
    },
    {
      "type": "Feature",
      "geometry": {
        "type": "Point",
        "coordinates": [
          500664.80358953343,
          6965173.299228563
        ]
      },
      "properties": {
        "junction_id": 1119660,
        "veh_id": 11410,
        "sim_time_s": 2130.8,
        "tier": "track-zone",
        "prearm_status": "",
        "focus_role": "none"
      }
    },
    {
      "type": "Feature",
      "geometry": {
        "type": "Point",
        "coordinates": [
          0.0,
          0.0
        ]
      },
      "properties": {
        "junction_id": 39576,
        "veh_id": 11434,
        "sim_time_s": 2132.1,
        "tier": "harmony-no-ge-local",
        "prearm_status": "skip",
        "focus_role": "none"
      }
    },
    {
      "type": "Feature",
      "geometry": {
        "type": "Point",
        "coordinates": [
          500638.52310899,
          6965234.879599423
        ]
      },
      "properties": {
        "junction_id": 39587,
        "veh_id": 11410,
        "sim_time_s": 2134.8,
        "tier": "track-zone",
        "prearm_status": "",
        "focus_role": "none"
      }
    },
    {
      "type": "Feature",
      "geometry": {
        "type": "Point",
        "coordinates": [
          500491.97907801275,
          6965694.600260221
        ]
      },
      "properties": {
        "junction_id": 39578,
        "veh_id": 11434,
        "sim_time_s": 2136.2,
        "tier": "track-zone",
        "prearm_status": "",
        "focus_role": "none"
      }
    },
    {
      "type": "Feature",
      "geometry": {
        "type": "Point",
        "coordinates": [
          500739.4914263687,
          6964377.415483806
        ]
      },
      "properties": {
        "junction_id": 39590,
        "veh_id": 11418,
        "sim_time_s": 2137.5,
        "tier": "IC-detect-far",
        "prearm_status": "",
        "focus_role": "none"
      }
    },
    {
      "type": "Feature",
      "geometry": {
        "type": "Point",
        "coordinates": [
          500753.33201653976,
          6964359.304986186
        ]
      },
      "properties": {
        "junction_id": 39590,
        "veh_id": 11423,
        "sim_time_s": 2140.2,
        "tier": "IC-detect",
        "prearm_status": "",
        "focus_role": "none"
      }
    },
    {
      "type": "Feature",
      "geometry": {
        "type": "Point",
        "coordinates": [
          500134.77352372324,
          6966428.318323596
        ]
      },
      "properties": {
        "junction_id": 1043762,
        "veh_id": 11424,
        "sim_time_s": 2141.6,
        "tier": "track-zone",
        "prearm_status": "",
        "focus_role": "none"
      }
    },
    {
      "type": "Feature",
      "geometry": {
        "type": "Point",
        "coordinates": [
          499902.6732481189,
          6967031.256900991
        ]
      },
      "properties": {
        "junction_id": 38339,
        "veh_id": 11398,
        "sim_time_s": 2166.3,
        "tier": "IC-detect",
        "prearm_status": "",
        "focus_role": "none"
      }
    },
    {
      "type": "Feature",
      "geometry": {
        "type": "Point",
        "coordinates": [
          0.0,
          0.0
        ]
      },
      "properties": {
        "junction_id": 39590,
        "veh_id": 11423,
        "sim_time_s": 2167.2,
        "tier": "harmony-no-ge-local",
        "prearm_status": "skip",
        "focus_role": "none"
      }
    },
    {
      "type": "Feature",
      "geometry": {
        "type": "Point",
        "coordinates": [
          0.0,
          0.0
        ]
      },
      "properties": {
        "junction_id": 39587,
        "veh_id": 11410,
        "sim_time_s": 2169.9,
        "tier": "harmony-no-ge-local",
        "prearm_status": "skip",
        "focus_role": "none"
      }
    },
    {
      "type": "Feature",
      "geometry": {
        "type": "Point",
        "coordinates": [
          0.0,
          0.0
        ]
      },
      "properties": {
        "junction_id": 1043762,
        "veh_id": 11424,
        "sim_time_s": 2169.9,
        "tier": "harmony-no-ge-local",
        "prearm_status": "skip",
        "focus_role": "none"
      }
    },
    {
      "type": "Feature",
      "geometry": {
        "type": "Point",
        "coordinates": [
          500571.5564286662,
          6965461.949858274
        ]
      },
      "properties": {
        "junction_id": 39576,
        "veh_id": 11410,
        "sim_time_s": 2171.2,
        "tier": "track-zone",
        "prearm_status": "",
        "focus_role": "none"
      }
    },
    {
      "type": "Feature",
      "geometry": {
        "type": "Point",
        "coordinates": [
          500686.3189846286,
          6964557.55154442
        ]
      },
      "properties": {
        "junction_id": 39590,
        "veh_id": 11391,
        "sim_time_s": 2173.9,
        "tier": "track-zone",
        "prearm_status": "",
        "focus_role": "none"
      }
    },
    {
      "type": "Feature",
      "geometry": {
        "type": "Point",
        "coordinates": [
          0.0,
          0.0
        ]
      },
      "properties": {
        "junction_id": 39578,
        "veh_id": 11434,
        "sim_time_s": 2175.3,
        "tier": "harmony-no-ge-local",
        "prearm_status": "skip",
        "focus_role": "none"
      }
    },
    {
      "type": "Feature",
      "geometry": {
        "type": "Point",
        "coordinates": [
          0.0,
          0.0
        ]
      },
      "properties": {
        "junction_id": 38339,
        "veh_id": 11398,
        "sim_time_s": 2178.0,
        "tier": "harmony-no-ge-local",
        "prearm_status": "skip",
        "focus_role": "none"
      }
    },
    {
      "type": "Feature",
      "geometry": {
        "type": "Point",
        "coordinates": [
          0.0,
          0.0
        ]
      },
      "properties": {
        "junction_id": 39606,
        "veh_id": 11423,
        "sim_time_s": 2186.1,
        "tier": "harmony-ins-local",
        "prearm_status": "action",
        "focus_role": "none"
      }
    },
    {
      "type": "Feature",
      "geometry": {
        "type": "Point",
        "coordinates": [
          0.0,
          0.0
        ]
      },
      "properties": {
        "junction_id": 39576,
        "veh_id": 11410,
        "sim_time_s": 2186.1,
        "tier": "harmony-no-ge-local",
        "prearm_status": "skip",
        "focus_role": "none"
      }
    },
    {
      "type": "Feature",
      "geometry": {
        "type": "Point",
        "coordinates": [
          500397.5494593871,
          6966044.083520768
        ]
      },
      "properties": {
        "junction_id": 1043762,
        "veh_id": 11434,
        "sim_time_s": 2187.4,
        "tier": "track-zone",
        "prearm_status": "",
        "focus_role": "none"
      }
    },
    {
      "type": "Feature",
      "geometry": {
        "type": "Point",
        "coordinates": [
          499961.84891392663,
          6966949.003521091
        ]
      },
      "properties": {
        "junction_id": 39568,
        "veh_id": 11398,
        "sim_time_s": 2188.8,
        "tier": "track-zone",
        "prearm_status": "",
        "focus_role": "none"
      }
    },
    {
      "type": "Feature",
      "geometry": {
        "type": "Point",
        "coordinates": [
          500363.0165074007,
          6966090.900970161
        ]
      },
      "properties": {
        "junction_id": 39578,
        "veh_id": 11424,
        "sim_time_s": 2190.2,
        "tier": "track-section",
        "prearm_status": "",
        "focus_role": "none"
      }
    },
    {
      "type": "Feature",
      "geometry": {
        "type": "Point",
        "coordinates": [
          499968.84497274325,
          6966899.110373325
        ]
      },
      "properties": {
        "junction_id": 39572,
        "veh_id": 11398,
        "sim_time_s": 2194.2,
        "tier": "track-zone",
        "prearm_status": "",
        "focus_role": "none"
      }
    },
    {
      "type": "Feature",
      "geometry": {
        "type": "Point",
        "coordinates": [
          500492.47858888714,
          6965683.140494238
        ]
      },
      "properties": {
        "junction_id": 39578,
        "veh_id": 11410,
        "sim_time_s": 2194.2,
        "tier": "track-zone",
        "prearm_status": "",
        "focus_role": "none"
      }
    },
    {
      "type": "Feature",
      "geometry": {
        "type": "Point",
        "coordinates": [
          0.0,
          0.0
        ]
      },
      "properties": {
        "junction_id": 1043762,
        "veh_id": 11434,
        "sim_time_s": 2200.9,
        "tier": "harmony-no-ge-local",
        "prearm_status": "skip",
        "focus_role": "none"
      }
    },
    {
      "type": "Feature",
      "geometry": {
        "type": "Point",
        "coordinates": [
          500229.5522266609,
          6966238.580047338
        ]
      },
      "properties": {
        "junction_id": 39569,
        "veh_id": 11434,
        "sim_time_s": 2203.7,
        "tier": "track-zone",
        "prearm_status": "",
        "focus_role": "none"
      }
    },
    {
      "type": "Feature",
      "geometry": {
        "type": "Point",
        "coordinates": [
          0.0,
          0.0
        ]
      },
      "properties": {
        "junction_id": 39578,
        "veh_id": 11424,
        "sim_time_s": 2207.7,
        "tier": "harmony-ins-local",
        "prearm_status": "action",
        "focus_role": "none"
      }
    },
    {
      "type": "Feature",
      "geometry": {
        "type": "Point",
        "coordinates": [
          500531.20916482207,
          6965936.105063565
        ]
      },
      "properties": {
        "junction_id": 39576,
        "veh_id": 11424,
        "sim_time_s": 2219.8,
        "tier": "track-zone",
        "prearm_status": "",
        "focus_role": "none"
      }
    },
    {
      "type": "Feature",
      "geometry": {
        "type": "Point",
        "coordinates": [
          500946.50642625254,
          6964035.431173656
        ]
      },
      "properties": {
        "junction_id": 39606,
        "veh_id": 11400,
        "sim_time_s": 2220.3,
        "tier": "IC-detect",
        "prearm_status": "",
        "focus_role": "none"
      }
    },
    {
      "type": "Feature",
      "geometry": {
        "type": "Point",
        "coordinates": [
          499967.15369656385,
          6966886.469347835
        ]
      },
      "properties": {
        "junction_id": 11118289,
        "veh_id": 11398,
        "sim_time_s": 2226.6,
        "tier": "track-zone",
        "prearm_status": "",
        "focus_role": "none"
      }
    },
    {
      "type": "Feature",
      "geometry": {
        "type": "Point",
        "coordinates": [
          500728.9817001312,
          6964404.099820148
        ]
      },
      "properties": {
        "junction_id": 39606,
        "veh_id": 11391,
        "sim_time_s": 2230.7,
        "tier": "track-zone",
        "prearm_status": "",
        "focus_role": "none"
      }
    },
    {
      "type": "Feature",
      "geometry": {
        "type": "Point",
        "coordinates": [
          0.0,
          0.0
        ]
      },
      "properties": {
        "junction_id": 39569,
        "veh_id": 11434,
        "sim_time_s": 2230.7,
        "tier": "harmony-no-ge-local",
        "prearm_status": "skip",
        "focus_role": "none"
      }
    },
    {
      "type": "Feature",
      "geometry": {
        "type": "Point",
        "coordinates": [
          0.0,
          0.0
        ]
      },
      "properties": {
        "junction_id": 39590,
        "veh_id": 11391,
        "sim_time_s": 2238.8,
        "tier": "harmony-ins-local",
        "prearm_status": "action",
        "focus_role": "none"
      }
    },
    {
      "type": "Feature",
      "geometry": {
        "type": "Point",
        "coordinates": [
          0.0,
          0.0
        ]
      },
      "properties": {
        "junction_id": 39576,
        "veh_id": 11424,
        "sim_time_s": 2240.1,
        "tier": "harmony-no-ge-local",
        "prearm_status": "skip",
        "focus_role": "none"
      }
    },
    {
      "type": "Feature",
      "geometry": {
        "type": "Point",
        "coordinates": [
          500949.53229003365,
          6964036.232777647
        ]
      },
      "properties": {
        "junction_id": 39606,
        "veh_id": 11435,
        "sim_time_s": 2250.0,
        "tier": "IC-detect",
        "prearm_status": "",
        "focus_role": "none"
      }
    },
    {
      "type": "Feature",
      "geometry": {
        "type": "Point",
        "coordinates": [
          500889.73017343215,
          6964122.305016703
        ]
      },
      "properties": {
        "junction_id": 39590,
        "veh_id": 11435,
        "sim_time_s": 2256.3,
        "tier": "track-zone",
        "prearm_status": "",
        "focus_role": "none"
      }
    },
    {
      "type": "Feature",
      "geometry": {
        "type": "Point",
        "coordinates": [
          0.0,
          0.0
        ]
      },
      "properties": {
        "junction_id": 39606,
        "veh_id": 11435,
        "sim_time_s": 2260.3,
        "tier": "harmony-no-ge-local",
        "prearm_status": "skip",
        "focus_role": "none"
      }
    },
    {
      "type": "Feature",
      "geometry": {
        "type": "Point",
        "coordinates": [
          500885.01848098845,
          6964123.006739364
        ]
      },
      "properties": {
        "junction_id": 39590,
        "veh_id": 11400,
        "sim_time_s": 2264.4,
        "tier": "track-zone",
        "prearm_status": "",
        "focus_role": "none"
      }
    },
    {
      "type": "Feature",
      "geometry": {
        "type": "Point",
        "coordinates": [
          0.0,
          0.0
        ]
      },
      "properties": {
        "junction_id": 39606,
        "veh_id": 11400,
        "sim_time_s": 2269.8,
        "tier": "harmony-no-ge-local",
        "prearm_status": "skip",
        "focus_role": "none"
      }
    },
    {
      "type": "Feature",
      "geometry": {
        "type": "Point",
        "coordinates": [
          0.0,
          0.0
        ]
      },
      "properties": {
        "junction_id": 39578,
        "veh_id": 11410,
        "sim_time_s": 2269.8,
        "tier": "harmony-no-ge-local",
        "prearm_status": "skip",
        "focus_role": "none"
      }
    },
    {
      "type": "Feature",
      "geometry": {
        "type": "Point",
        "coordinates": [
          500512.39255480806,
          6965709.701734695
        ]
      },
      "properties": {
        "junction_id": 39587,
        "veh_id": 11424,
        "sim_time_s": 2272.5,
        "tier": "track-zone",
        "prearm_status": "",
        "focus_role": "none"
      }
    },
    {
      "type": "Feature",
      "geometry": {
        "type": "Point",
        "coordinates": [
          0.0,
          0.0
        ]
      },
      "properties": {
        "junction_id": 39572,
        "veh_id": 11398,
        "sim_time_s": 2276.6,
        "tier": "harmony-no-ge-local",
        "prearm_status": "skip",
        "focus_role": "none"
      }
    },
    {
      "type": "Feature",
      "geometry": {
        "type": "Point",
        "coordinates": [
          500014.23403296026,
          6966664.051689061
        ]
      },
      "properties": {
        "junction_id": 39569,
        "veh_id": 11398,
        "sim_time_s": 2277.9,
        "tier": "track-zone",
        "prearm_status": "",
        "focus_role": "none"
      }
    },
    {
      "type": "Feature",
      "geometry": {
        "type": "Point",
        "coordinates": [
          500087.25921997585,
          6967505.346169611
        ]
      },
      "properties": {
        "junction_id": 38339,
        "veh_id": 11425,
        "sim_time_s": 2277.9,
        "tier": "IC-detect",
        "prearm_status": "",
        "focus_role": "none"
      }
    },
    {
      "type": "Feature",
      "geometry": {
        "type": "Point",
        "coordinates": [
          500518.6635220048,
          6965638.805030906
        ]
      },
      "properties": {
        "junction_id": 1119660,
        "veh_id": 11424,
        "sim_time_s": 2279.2,
        "tier": "track-zone",
        "prearm_status": "",
        "focus_role": "none"
      }
    },
    {
      "type": "Feature",
      "geometry": {
        "type": "Point",
        "coordinates": [
          0.0,
          0.0
        ]
      },
      "properties": {
        "junction_id": 39606,
        "veh_id": 11391,
        "sim_time_s": 2280.6,
        "tier": "harmony-no-ge-local",
        "prearm_status": "skip",
        "focus_role": "none"
      }
    },
    {
      "type": "Feature",
      "geometry": {
        "type": "Point",
        "coordinates": [
          500549.98370431224,
          6965560.258875454
        ]
      },
      "properties": {
        "junction_id": 10157950,
        "veh_id": 11424,
        "sim_time_s": 2287.3,
        "tier": "track-zone",
        "prearm_status": "",
        "focus_role": "none"
      }
    },
    {
      "type": "Feature",
      "geometry": {
        "type": "Point",
        "coordinates": [
          499514.2320769479,
          6966650.177374803
        ]
      },
      "properties": {
        "junction_id": 39572,
        "veh_id": 11392,
        "sim_time_s": 2292.8,
        "tier": "IC-detect",
        "prearm_status": "",
        "focus_role": "none"
      }
    },
    {
      "type": "Feature",
      "geometry": {
        "type": "Point",
        "coordinates": [
          500123.6991090062,
          6966429.98163594
        ]
      },
      "properties": {
        "junction_id": 39572,
        "veh_id": 11434,
        "sim_time_s": 2294.1,
        "tier": "track-zone",
        "prearm_status": "",
        "focus_role": "none"
      }
    },
    {
      "type": "Feature",
      "geometry": {
        "type": "Point",
        "coordinates": [
          500077.3626956282,
          6966486.943540709
        ]
      },
      "properties": {
        "junction_id": 39568,
        "veh_id": 11434,
        "sim_time_s": 2303.6,
        "tier": "track-zone",
        "prearm_status": "",
        "focus_role": "none"
      }
    },
    {
      "type": "Feature",
      "geometry": {
        "type": "Point",
        "coordinates": [
          499774.2824615899,
          6966595.199342565
        ]
      },
      "properties": {
        "junction_id": 39568,
        "veh_id": 11392,
        "sim_time_s": 2308.9,
        "tier": "track-zone",
        "prearm_status": "",
        "focus_role": "none"
      }
    },
    {
      "type": "Feature",
      "geometry": {
        "type": "Point",
        "coordinates": [
          500036.3176516017,
          6966611.76088711
        ]
      },
      "properties": {
        "junction_id": 39568,
        "veh_id": 11398,
        "sim_time_s": 2310.3,
        "tier": "track-zone",
        "prearm_status": "",
        "focus_role": "none"
      }
    },
    {
      "type": "Feature",
      "geometry": {
        "type": "Point",
        "coordinates": [
          499880.83350100904,
          6966544.379014572
        ]
      },
      "properties": {
        "junction_id": 39569,
        "veh_id": 11392,
        "sim_time_s": 2317.1,
        "tier": "track-zone",
        "prearm_status": "",
        "focus_role": "none"
      }
    },
    {
      "type": "Feature",
      "geometry": {
        "type": "Point",
        "coordinates": [
          500397.69408434496,
          6966039.870983557
        ]
      },
      "properties": {
        "junction_id": 1043762,
        "veh_id": 11410,
        "sim_time_s": 2317.1,
        "tier": "track-zone",
        "prearm_status": "",
        "focus_role": "none"
      }
    },
    {
      "type": "Feature",
      "geometry": {
        "type": "Point",
        "coordinates": [
          0.0,
          0.0
        ]
      },
      "properties": {
        "junction_id": 39572,
        "veh_id": 11434,
        "sim_time_s": 2326.5,
        "tier": "harmony-ins-local",
        "prearm_status": "action",
        "focus_role": "none"
      }
    },
    {
      "type": "Feature",
      "geometry": {
        "type": "Point",
        "coordinates": [
          0.0,
          0.0
        ]
      },
      "properties": {
        "junction_id": 39569,
        "veh_id": 11398,
        "sim_time_s": 2330.6,
        "tier": "harmony-ins-local",
        "prearm_status": "action",
        "focus_role": "none"
      }
    },
    {
      "type": "Feature",
      "geometry": {
        "type": "Point",
        "coordinates": [
          500137.62596240465,
          6966429.27635365
        ]
      },
      "properties": {
        "junction_id": 1043762,
        "veh_id": 11398,
        "sim_time_s": 2334.6,
        "tier": "track-zone",
        "prearm_status": "",
        "focus_role": "none"
      }
    },
    {
      "type": "Feature",
      "geometry": {
        "type": "Point",
        "coordinates": [
          499966.53351935325,
          6967109.127382497
        ]
      },
      "properties": {
        "junction_id": 11118289,
        "veh_id": 11425,
        "sim_time_s": 2337.3,
        "tier": "track-zone",
        "prearm_status": "",
        "focus_role": "none"
      }
    },
    {
      "type": "Feature",
      "geometry": {
        "type": "Point",
        "coordinates": [
          500017.8123376876,
          6966618.241581756
        ]
      },
      "properties": {
        "junction_id": 11118289,
        "veh_id": 11434,
        "sim_time_s": 2344.1,
        "tier": "track-zone",
        "prearm_status": "",
        "focus_role": "none"
      }
    },
    {
      "type": "Feature",
      "geometry": {
        "type": "Point",
        "coordinates": [
          0.0,
          0.0
        ]
      },
      "properties": {
        "junction_id": 39590,
        "veh_id": 11435,
        "sim_time_s": 2348.1,
        "tier": "harmony-no-ge-local",
        "prearm_status": "skip",
        "focus_role": "none"
      }
    },
    {
      "type": "Feature",
      "geometry": {
        "type": "Point",
        "coordinates": [
          0.0,
          0.0
        ]
      },
      "properties": {
        "junction_id": 39587,
        "veh_id": 11424,
        "sim_time_s": 2350.8,
        "tier": "harmony-no-ge-local",
        "prearm_status": "skip",
        "focus_role": "none"
      }
    },
    {
      "type": "Feature",
      "geometry": {
        "type": "Point",
        "coordinates": [
          0.0,
          0.0
        ]
      },
      "properties": {
        "junction_id": 1043762,
        "veh_id": 11410,
        "sim_time_s": 2353.5,
        "tier": "harmony-ge-local",
        "prearm_status": "action",
        "focus_role": "none"
      }
    },
    {
      "type": "Feature",
      "geometry": {
        "type": "Point",
        "coordinates": [
          500231.6913614996,
          6966228.840276755
        ]
      },
      "properties": {
        "junction_id": 39569,
        "veh_id": 11410,
        "sim_time_s": 2356.7,
        "tier": "coord-prearm-harmony/SHOCKWAVE",
        "prearm_status": "fired",
        "focus_role": "none"
      }
    },
    {
      "type": "Feature",
      "geometry": {
        "type": "Point",
        "coordinates": [
          500602.54835615185,
          6965410.201096596
        ]
      },
      "properties": {
        "junction_id": 39593,
        "veh_id": 11424,
        "sim_time_s": 2361.6,
        "tier": "track-zone",
        "prearm_status": "",
        "focus_role": "none"
      }
    },
    {
      "type": "Feature",
      "geometry": {
        "type": "Point",
        "coordinates": [
          500640.9996220519,
          6965258.640451746
        ]
      },
      "properties": {
        "junction_id": 36385,
        "veh_id": 11424,
        "sim_time_s": 2375.1,
        "tier": "track-zone",
        "prearm_status": "",
        "focus_role": "none"
      }
    },
    {
      "type": "Feature",
      "geometry": {
        "type": "Point",
        "coordinates": [
          500132.2724465034,
          6966426.640937224
        ]
      },
      "properties": {
        "junction_id": 1043762,
        "veh_id": 11392,
        "sim_time_s": 2377.8,
        "tier": "track-zone",
        "prearm_status": "",
        "focus_role": "none"
      }
    },
    {
      "type": "Feature",
      "geometry": {
        "type": "Point",
        "coordinates": [
          500719.4354714212,
          6964376.746483406
        ]
      },
      "properties": {
        "junction_id": 39590,
        "veh_id": 11400,
        "sim_time_s": 2384.6,
        "tier": "IC-detect-far",
        "prearm_status": "",
        "focus_role": "none"
      }
    },
    {
      "type": "Feature",
      "geometry": {
        "type": "Point",
        "coordinates": [
          500673.71384300943,
          6964518.484791622
        ]
      },
      "properties": {
        "junction_id": 36393,
        "veh_id": 11435,
        "sim_time_s": 2390.8,
        "tier": "IC-detect",
        "prearm_status": "",
        "focus_role": "none"
      }
    },
    {
      "type": "Feature",
      "geometry": {
        "type": "Point",
        "coordinates": [
          0.0,
          0.0
        ]
      },
      "properties": {
        "junction_id": 39593,
        "veh_id": 11424,
        "sim_time_s": 2392.7,
        "tier": "harmony-no-ge-local",
        "prearm_status": "skip",
        "focus_role": "none"
      }
    },
    {
      "type": "Feature",
      "geometry": {
        "type": "Point",
        "coordinates": [
          499960.8175316302,
          6966787.241388302
        ]
      },
      "properties": {
        "junction_id": 38339,
        "veh_id": 11434,
        "sim_time_s": 2396.7,
        "tier": "track-zone",
        "prearm_status": "",
        "focus_role": "none"
      }
    },
    {
      "type": "Feature",
      "geometry": {
        "type": "Point",
        "coordinates": [
          0.0,
          0.0
        ]
      },
      "properties": {
        "junction_id": 38339,
        "veh_id": 11425,
        "sim_time_s": 2396.7,
        "tier": "harmony-no-ge-local",
        "prearm_status": "skip",
        "focus_role": "none"
      }
    },
    {
      "type": "Feature",
      "geometry": {
        "type": "Point",
        "coordinates": [
          500134.35896903847,
          6965615.236375507
        ]
      },
      "properties": {
        "junction_id": 39576,
        "veh_id": 11404,
        "sim_time_s": 2400.3,
        "tier": "IC-detect",
        "prearm_status": "",
        "focus_role": "none"
      }
    },
    {
      "type": "Feature",
      "geometry": {
        "type": "Point",
        "coordinates": [
          500674.05173269607,
          6964514.851180915
        ]
      },
      "properties": {
        "junction_id": 36393,
        "veh_id": 11400,
        "sim_time_s": 2400.8,
        "tier": "track-zone",
        "prearm_status": "",
        "focus_role": "none"
      }
    },
    {
      "type": "Feature",
      "geometry": {
        "type": "Point",
        "coordinates": [
          499961.0345901497,
          6966955.216960001
        ]
      },
      "properties": {
        "junction_id": 39568,
        "veh_id": 11425,
        "sim_time_s": 2404.8,
        "tier": "track-zone",
        "prearm_status": "",
        "focus_role": "none"
      }
    },
    {
      "type": "Feature",
      "geometry": {
        "type": "Point",
        "coordinates": [
          499965.977560148,
          6966894.960648842
        ]
      },
      "properties": {
        "junction_id": 39572,
        "veh_id": 11425,
        "sim_time_s": 2408.8,
        "tier": "track-zone",
        "prearm_status": "",
        "focus_role": "none"
      }
    },
    {
      "type": "Feature",
      "geometry": {
        "type": "Point",
        "coordinates": [
          0.0,
          0.0
        ]
      },
      "properties": {
        "junction_id": 39569,
        "veh_id": 11410,
        "sim_time_s": 2408.8,
        "tier": "harmony-no-ge-local",
        "prearm_status": "skip",
        "focus_role": "none"
      }
    },
    {
      "type": "Feature",
      "geometry": {
        "type": "Point",
        "coordinates": [
          0.0,
          0.0
        ]
      },
      "properties": {
        "junction_id": 38339,
        "veh_id": 11434,
        "sim_time_s": 2410.2,
        "tier": "harmony-no-ge-local",
        "prearm_status": "skip",
        "focus_role": "none"
      }
    },
    {
      "type": "Feature",
      "geometry": {
        "type": "Point",
        "coordinates": [
          0.0,
          0.0
        ]
      },
      "properties": {
        "junction_id": 1043762,
        "veh_id": 11392,
        "sim_time_s": 2419.7,
        "tier": "harmony-no-ge-local",
        "prearm_status": "skip",
        "focus_role": "none"
      }
    },
    {
      "type": "Feature",
      "geometry": {
        "type": "Point",
        "coordinates": [
          500113.5830009749,
          6966425.384376506
        ]
      },
      "properties": {
        "junction_id": 39572,
        "veh_id": 11410,
        "sim_time_s": 2422.3,
        "tier": "track-zone",
        "prearm_status": "",
        "focus_role": "none"
      }
    },
    {
      "type": "Feature",
      "geometry": {
        "type": "Point",
        "coordinates": [
          500008.4734273971,
          6966677.8189330315
        ]
      },
      "properties": {
        "junction_id": 39569,
        "veh_id": 11425,
        "sim_time_s": 2423.7,
        "tier": "track-zone",
        "prearm_status": "",
        "focus_role": "none"
      }
    },
    {
      "type": "Feature",
      "geometry": {
        "type": "Point",
        "coordinates": [
          0.0,
          0.0
        ]
      },
      "properties": {
        "junction_id": 39572,
        "veh_id": 11425,
        "sim_time_s": 2423.7,
        "tier": "harmony-no-ge-local",
        "prearm_status": "skip",
        "focus_role": "none"
      }
    },
    {
      "type": "Feature",
      "geometry": {
        "type": "Point",
        "coordinates": [
          500105.3249690746,
          6966447.427635935
        ]
      },
      "properties": {
        "junction_id": 39569,
        "veh_id": 11410,
        "sim_time_s": 2428.2,
        "tier": "coord-prearm-missed/SHOCKWAVE",
        "prearm_status": "missed",
        "focus_role": "none"
      }
    },
    {
      "type": "Feature",
      "geometry": {
        "type": "Point",
        "coordinates": [
          500358.01499387383,
          6966087.332989887
        ]
      },
      "properties": {
        "junction_id": 39578,
        "veh_id": 11392,
        "sim_time_s": 2430.4,
        "tier": "track-section",
        "prearm_status": "",
        "focus_role": "none"
      }
    },
    {
      "type": "Feature",
      "geometry": {
        "type": "Point",
        "coordinates": [
          500030.27477991325,
          6966466.017011482
        ]
      },
      "properties": {
        "junction_id": 39568,
        "veh_id": 11410,
        "sim_time_s": 2433.2,
        "tier": "track-zone",
        "prearm_status": "",
        "focus_role": "none"
      }
    },
    {
      "type": "Feature",
      "geometry": {
        "type": "Point",
        "coordinates": [
          500355.97843683325,
          6966097.246721136
        ]
      },
      "properties": {
        "junction_id": 39578,
        "veh_id": 11398,
        "sim_time_s": 2439.9,
        "tier": "track-section",
        "prearm_status": "",
        "focus_role": "none"
      }
    },
    {
      "type": "Feature",
      "geometry": {
        "type": "Point",
        "coordinates": [
          500532.19940341223,
          6965924.969683321
        ]
      },
      "properties": {
        "junction_id": 39576,
        "veh_id": 11392,
        "sim_time_s": 2445.3,
        "tier": "track-zone",
        "prearm_status": "",
        "focus_role": "none"
      }
    },
    {
      "type": "Feature",
      "geometry": {
        "type": "Point",
        "coordinates": [
          500458.7809303745,
          6965697.0012850445
        ]
      },
      "properties": {
        "junction_id": 39578,
        "veh_id": 11404,
        "sim_time_s": 2464.2,
        "tier": "track-zone",
        "prearm_status": "",
        "focus_role": "none"
      }
    },
    {
      "type": "Feature",
      "geometry": {
        "type": "Point",
        "coordinates": [
          0.0,
          0.0
        ]
      },
      "properties": {
        "junction_id": 39576,
        "veh_id": 11404,
        "sim_time_s": 2464.2,
        "tier": "harmony-no-ge-local",
        "prearm_status": "skip",
        "focus_role": "none"
      }
    },
    {
      "type": "Feature",
      "geometry": {
        "type": "Point",
        "coordinates": [
          0.0,
          0.0
        ]
      },
      "properties": {
        "junction_id": 36393,
        "veh_id": 11435,
        "sim_time_s": 2469.6,
        "tier": "harmony-no-ge-local",
        "prearm_status": "skip",
        "focus_role": "none"
      }
    },
    {
      "type": "Feature",
      "geometry": {
        "type": "Point",
        "coordinates": [
          0.0,
          0.0
        ]
      },
      "properties": {
        "junction_id": 39578,
        "veh_id": 11398,
        "sim_time_s": 2473.7,
        "tier": "harmony-no-ge-local",
        "prearm_status": "skip",
        "focus_role": "none"
      }
    },
    {
      "type": "Feature",
      "geometry": {
        "type": "Point",
        "coordinates": [
          500509.5058343937,
          6965707.686903865
        ]
      },
      "properties": {
        "junction_id": 39587,
        "veh_id": 11392,
        "sim_time_s": 2476.3,
        "tier": "track-zone",
        "prearm_status": "",
        "focus_role": "none"
      }
    },
    {
      "type": "Feature",
      "geometry": {
        "type": "Point",
        "coordinates": [
          500535.2772686804,
          6965924.720221205
        ]
      },
      "properties": {
        "junction_id": 39576,
        "veh_id": 11398,
        "sim_time_s": 2476.3,
        "tier": "track-zone",
        "prearm_status": "",
        "focus_role": "none"
      }
    },
    {
      "type": "Feature",
      "geometry": {
        "type": "Point",
        "coordinates": [
          500679.8221521169,
          6964779.7668192955
        ]
      },
      "properties": {
        "junction_id": 36385,
        "veh_id": 11435,
        "sim_time_s": 2477.7,
        "tier": "track-zone",
        "prearm_status": "",
        "focus_role": "none"
      }
    },
    {
      "type": "Feature",
      "geometry": {
        "type": "Point",
        "coordinates": [
          500516.0754227979,
          6965646.845806502
        ]
      },
      "properties": {
        "junction_id": 1119660,
        "veh_id": 11392,
        "sim_time_s": 2484.4,
        "tier": "track-zone",
        "prearm_status": "",
        "focus_role": "none"
      }
    },
    {
      "type": "Feature",
      "geometry": {
        "type": "Point",
        "coordinates": [
          500679.54019765713,
          6964776.624785164
        ]
      },
      "properties": {
        "junction_id": 36385,
        "veh_id": 11400,
        "sim_time_s": 2487.2,
        "tier": "track-zone",
        "prearm_status": "",
        "focus_role": "none"
      }
    },
    {
      "type": "Feature",
      "geometry": {
        "type": "Point",
        "coordinates": [
          0.0,
          0.0
        ]
      },
      "properties": {
        "junction_id": 39569,
        "veh_id": 11425,
        "sim_time_s": 2489.8,
        "tier": "harmony-no-ge-local",
        "prearm_status": "skip",
        "focus_role": "none"
      }
    },
    {
      "type": "Feature",
      "geometry": {
        "type": "Point",
        "coordinates": [
          500716.18830884685,
          6965084.079398082
        ]
      },
      "properties": {
        "junction_id": 36385,
        "veh_id": 11424,
        "sim_time_s": 2495.2,
        "tier": "IC-detect-far",
        "prearm_status": "",
        "focus_role": "none"
      }
    },
    {
      "type": "Feature",
      "geometry": {
        "type": "Point",
        "coordinates": [
          500701.7178658641,
          6964931.939680886
        ]
      },
      "properties": {
        "junction_id": 39593,
        "veh_id": 11435,
        "sim_time_s": 2497.9,
        "tier": "track-zone",
        "prearm_status": "",
        "focus_role": "none"
      }
    },
    {
      "type": "Feature",
      "geometry": {
        "type": "Point",
        "coordinates": [
          500129.2886469473,
          6966430.879427234
        ]
      },
      "properties": {
        "junction_id": 1043762,
        "veh_id": 11425,
        "sim_time_s": 2512.8,
        "tier": "track-zone",
        "prearm_status": "",
        "focus_role": "none"
      }
    },
    {
      "type": "Feature",
      "geometry": {
        "type": "Point",
        "coordinates": [
          500548.0706770189,
          6965571.749183471
        ]
      },
      "properties": {
        "junction_id": 10157950,
        "veh_id": 11392,
        "sim_time_s": 2514.2,
        "tier": "track-zone",
        "prearm_status": "",
        "focus_role": "none"
      }
    },
    {
      "type": "Feature",
      "geometry": {
        "type": "Point",
        "coordinates": [
          500728.8395304607,
          6964988.118309198
        ]
      },
      "properties": {
        "junction_id": 36393,
        "veh_id": 11424,
        "sim_time_s": 2516.8,
        "tier": "track-zone",
        "prearm_status": "",
        "focus_role": "none"
      }
    },
    {
      "type": "Feature",
      "geometry": {
        "type": "Point",
        "coordinates": [
          500678.44971992343,
          6964822.714776866
        ]
      },
      "properties": {
        "junction_id": 36393,
        "veh_id": 11400,
        "sim_time_s": 2520.9,
        "tier": "IC-detect-far",
        "prearm_status": "",
        "focus_role": "none"
      }
    },
    {
      "type": "Feature",
      "geometry": {
        "type": "Point",
        "coordinates": [
          500489.8227263492,
          6965703.083552528
        ]
      },
      "properties": {
        "junction_id": 39587,
        "veh_id": 11404,
        "sim_time_s": 2531.7,
        "tier": "track-zone",
        "prearm_status": "",
        "focus_role": "none"
      }
    },
    {
      "type": "Feature",
      "geometry": {
        "type": "Point",
        "coordinates": [
          0.0,
          0.0
        ]
      },
      "properties": {
        "junction_id": 1043762,
        "veh_id": 11425,
        "sim_time_s": 2533.1,
        "tier": "harmony-no-ge-local",
        "prearm_status": "skip",
        "focus_role": "none"
      }
    },
    {
      "type": "Feature",
      "geometry": {
        "type": "Point",
        "coordinates": [
          499516.36614574556,
          6966652.755351805
        ]
      },
      "properties": {
        "junction_id": 39572,
        "veh_id": 11415,
        "sim_time_s": 2533.9,
        "tier": "IC-detect",
        "prearm_status": "",
        "focus_role": "none"
      }
    },
    {
      "type": "Feature",
      "geometry": {
        "type": "Point",
        "coordinates": [
          500700.8622935015,
          6964927.997857128
        ]
      },
      "properties": {
        "junction_id": 39593,
        "veh_id": 11400,
        "sim_time_s": 2535.8,
        "tier": "track-zone",
        "prearm_status": "",
        "focus_role": "none"
      }
    },
    {
      "type": "Feature",
      "geometry": {
        "type": "Point",
        "coordinates": [
          0.0,
          0.0
        ]
      },
      "properties": {
        "junction_id": 36385,
        "veh_id": 11435,
        "sim_time_s": 2535.8,
        "tier": "harmony-no-ge-local",
        "prearm_status": "skip",
        "focus_role": "none"
      }
    },
    {
      "type": "Feature",
      "geometry": {
        "type": "Point",
        "coordinates": [
          500519.6266102082,
          6965644.957303535
        ]
      },
      "properties": {
        "junction_id": 1119660,
        "veh_id": 11404,
        "sim_time_s": 2539.8,
        "tier": "track-zone",
        "prearm_status": "",
        "focus_role": "none"
      }
    },
    {
      "type": "Feature",
      "geometry": {
        "type": "Point",
        "coordinates": [
          499559.6746489875,
          6966632.997660889
        ]
      },
      "properties": {
        "junction_id": 39572,
        "veh_id": 11410,
        "sim_time_s": 2542.5,
        "tier": "IC-detect-far",
        "prearm_status": "",
        "focus_role": "none"
      }
    },
    {
      "type": "Feature",
      "geometry": {
        "type": "Point",
        "coordinates": [
          500681.52779883036,
          6965109.481304302
        ]
      },
      "properties": {
        "junction_id": 10157950,
        "veh_id": 11435,
        "sim_time_s": 2543.8,
        "tier": "track-zone",
        "prearm_status": "",
        "focus_role": "none"
      }
    },
    {
      "type": "Feature",
      "geometry": {
        "type": "Point",
        "coordinates": [
          0.0,
          0.0
        ]
      },
      "properties": {
        "junction_id": 39587,
        "veh_id": 11392,
        "sim_time_s": 2545.2,
        "tier": "harmony-ge-local",
        "prearm_status": "action",
        "focus_role": "none"
      }
    },
    {
      "type": "Feature",
      "geometry": {
        "type": "Point",
        "coordinates": [
          0.0,
          0.0
        ]
      },
      "properties": {
        "junction_id": 39593,
        "veh_id": 11435,
        "sim_time_s": 2546.6,
        "tier": "harmony-no-ge-local",
        "prearm_status": "skip",
        "focus_role": "none"
      }
    },
    {
      "type": "Feature",
      "geometry": {
        "type": "Point",
        "coordinates": [
          0.0,
          0.0
        ]
      },
      "properties": {
        "junction_id": 39576,
        "veh_id": 11398,
        "sim_time_s": 2546.6,
        "tier": "harmony-no-ge-local",
        "prearm_status": "skip",
        "focus_role": "none"
      }
    },
    {
      "type": "Feature",
      "geometry": {
        "type": "Point",
        "coordinates": [
          500664.78317068657,
          6965173.740833429
        ]
      },
      "properties": {
        "junction_id": 1119660,
        "veh_id": 11435,
        "sim_time_s": 2547.9,
        "tier": "track-zone",
        "prearm_status": "",
        "focus_role": "none"
      }
    },
    {
      "type": "Feature",
      "geometry": {
        "type": "Point",
        "coordinates": [
          500357.8226753731,
          6966091.429152456
        ]
      },
      "properties": {
        "junction_id": 39578,
        "veh_id": 11425,
        "sim_time_s": 2549.2,
        "tier": "track-section",
        "prearm_status": "",
        "focus_role": "none"
      }
    },
    {
      "type": "Feature",
      "geometry": {
        "type": "Point",
        "coordinates": [
          500512.62747666327,
          6965700.32712614
        ]
      },
      "properties": {
        "junction_id": 39587,
        "veh_id": 11398,
        "sim_time_s": 2550.6,
        "tier": "track-zone",
        "prearm_status": "",
        "focus_role": "none"
      }
    },
    {
      "type": "Feature",
      "geometry": {
        "type": "Point",
        "coordinates": [
          500638.25065247767,
          6965235.730306665
        ]
      },
      "properties": {
        "junction_id": 39587,
        "veh_id": 11435,
        "sim_time_s": 2551.9,
        "tier": "track-zone",
        "prearm_status": "",
        "focus_role": "none"
      }
    },
    {
      "type": "Feature",
      "geometry": {
        "type": "Point",
        "coordinates": [
          500608.9441899466,
          6965398.375988989
        ]
      },
      "properties": {
        "junction_id": 39593,
        "veh_id": 11392,
        "sim_time_s": 2554.7,
        "tier": "track-zone",
        "prearm_status": "",
        "focus_role": "none"
      }
    },
    {
      "type": "Feature",
      "geometry": {
        "type": "Point",
        "coordinates": [
          500521.30617709976,
          6965640.0687779635
        ]
      },
      "properties": {
        "junction_id": 1119660,
        "veh_id": 11398,
        "sim_time_s": 2556.0,
        "tier": "track-zone",
        "prearm_status": "",
        "focus_role": "none"
      }
    },
    {
      "type": "Feature",
      "geometry": {
        "type": "Point",
        "coordinates": [
          500550.80312667263,
          6965572.561973285
        ]
      },
      "properties": {
        "junction_id": 10157950,
        "veh_id": 11404,
        "sim_time_s": 2560.1,
        "tier": "track-zone",
        "prearm_status": "",
        "focus_role": "none"
      }
    },
    {
      "type": "Feature",
      "geometry": {
        "type": "Point",
        "coordinates": [
          0.0,
          0.0
        ]
      },
      "properties": {
        "junction_id": 39578,
        "veh_id": 11425,
        "sim_time_s": 2562.8,
        "tier": "harmony-no-ge-local",
        "prearm_status": "skip",
        "focus_role": "none"
      }
    },
    {
      "type": "Feature",
      "geometry": {
        "type": "Point",
        "coordinates": [
          500647.00171079533,
          6965252.290682569
        ]
      },
      "properties": {
        "junction_id": 36385,
        "veh_id": 11392,
        "sim_time_s": 2565.4,
        "tier": "track-zone",
        "prearm_status": "",
        "focus_role": "none"
      }
    },
    {
      "type": "Feature",
      "geometry": {
        "type": "Point",
        "coordinates": [
          500551.00181586784,
          6965572.173414525
        ]
      },
      "properties": {
        "junction_id": 10157950,
        "veh_id": 11398,
        "sim_time_s": 2565.4,
        "tier": "track-zone",
        "prearm_status": "",
        "focus_role": "none"
      }
    },
    {
      "type": "Feature",
      "geometry": {
        "type": "Point",
        "coordinates": [
          500530.8106172424,
          6965928.3585862145
        ]
      },
      "properties": {
        "junction_id": 39576,
        "veh_id": 11425,
        "sim_time_s": 2565.4,
        "tier": "track-zone",
        "prearm_status": "",
        "focus_role": "none"
      }
    },
    {
      "type": "Feature",
      "geometry": {
        "type": "Point",
        "coordinates": [
          0.0,
          0.0
        ]
      },
      "properties": {
        "junction_id": 39593,
        "veh_id": 11392,
        "sim_time_s": 2569.5,
        "tier": "harmony-no-ge-local",
        "prearm_status": "skip",
        "focus_role": "none"
      }
    },
    {
      "type": "Feature",
      "geometry": {
        "type": "Point",
        "coordinates": [
          0.0,
          0.0
        ]
      },
      "properties": {
        "junction_id": 36385,
        "veh_id": 11400,
        "sim_time_s": 2570.8,
        "tier": "harmony-ins-local",
        "prearm_status": "action",
        "focus_role": "none"
      }
    },
    {
      "type": "Feature",
      "geometry": {
        "type": "Point",
        "coordinates": [
          500683.4222474442,
          6965092.658199769
        ]
      },
      "properties": {
        "junction_id": 10157950,
        "veh_id": 11400,
        "sim_time_s": 2584.3,
        "tier": "track-zone",
        "prearm_status": "",
        "focus_role": "none"
      }
    },
    {
      "type": "Feature",
      "geometry": {
        "type": "Point",
        "coordinates": [
          0.0,
          0.0
        ]
      },
      "properties": {
        "junction_id": 39576,
        "veh_id": 11425,
        "sim_time_s": 2587.1,
        "tier": "harmony-no-ge-local",
        "prearm_status": "skip",
        "focus_role": "none"
      }
    },
    {
      "type": "Feature",
      "geometry": {
        "type": "Point",
        "coordinates": [
          499758.2434417203,
          6966606.255120343
        ]
      },
      "properties": {
        "junction_id": 39568,
        "veh_id": 11415,
        "sim_time_s": 2591.1,
        "tier": "track-zone",
        "prearm_status": "",
        "focus_role": "none"
      }
    },
    {
      "type": "Feature",
      "geometry": {
        "type": "Point",
        "coordinates": [
          0.0,
          0.0
        ]
      },
      "properties": {
        "junction_id": 39593,
        "veh_id": 11400,
        "sim_time_s": 2603.2,
        "tier": "harmony-ins-local",
        "prearm_status": "action",
        "focus_role": "none"
      }
    },
    {
      "type": "Feature",
      "geometry": {
        "type": "Point",
        "coordinates": [
          500662.3271367634,
          6965180.117268041
        ]
      },
      "properties": {
        "junction_id": 1119660,
        "veh_id": 11400,
        "sim_time_s": 2604.6,
        "tier": "track-zone",
        "prearm_status": "",
        "focus_role": "none"
      }
    },
    {
      "type": "Feature",
      "geometry": {
        "type": "Point",
        "coordinates": [
          500570.8683411956,
          6965464.446625349
        ]
      },
      "properties": {
        "junction_id": 39576,
        "veh_id": 11435,
        "sim_time_s": 2604.6,
        "tier": "track-zone",
        "prearm_status": "",
        "focus_role": "none"
      }
    },
    {
      "type": "Feature",
      "geometry": {
        "type": "Point",
        "coordinates": [
          0.0,
          0.0
        ]
      },
      "properties": {
        "junction_id": 39587,
        "veh_id": 11435,
        "sim_time_s": 2605.5,
        "tier": "harmony-no-ge-local",
        "prearm_status": "skip",
        "focus_role": "none"
      }
    },
    {
      "type": "Feature",
      "geometry": {
        "type": "Point",
        "coordinates": [
          0.0,
          0.0
        ]
      },
      "properties": {
        "junction_id": 39587,
        "veh_id": 11404,
        "sim_time_s": 2615.4,
        "tier": "harmony-no-ge-local",
        "prearm_status": "skip",
        "focus_role": "none"
      }
    },
    {
      "type": "Feature",
      "geometry": {
        "type": "Point",
        "coordinates": [
          500698.2453298943,
          6964787.09880929
        ]
      },
      "properties": {
        "junction_id": 36385,
        "veh_id": 11424,
        "sim_time_s": 2618.1,
        "tier": "track-zone",
        "prearm_status": "",
        "focus_role": "none"
      }
    },
    {
      "type": "Feature",
      "geometry": {
        "type": "Point",
        "coordinates": [
          500512.7072657195,
          6965698.160186049
        ]
      },
      "properties": {
        "junction_id": 39587,
        "veh_id": 11425,
        "sim_time_s": 2618.1,
        "tier": "track-zone",
        "prearm_status": "",
        "focus_role": "none"
      }
    },
    {
      "type": "Feature",
      "geometry": {
        "type": "Point",
        "coordinates": [
          0.0,
          0.0
        ]
      },
      "properties": {
        "junction_id": 36393,
        "veh_id": 11424,
        "sim_time_s": 2618.1,
        "tier": "harmony-no-ge-local",
        "prearm_status": "skip",
        "focus_role": "none"
      }
    },
    {
      "type": "Feature",
      "geometry": {
        "type": "Point",
        "coordinates": [
          500517.98299263563,
          6965650.399244069
        ]
      },
      "properties": {
        "junction_id": 1119660,
        "veh_id": 11425,
        "sim_time_s": 2622.2,
        "tier": "track-zone",
        "prearm_status": "",
        "focus_role": "none"
      }
    },
    {
      "type": "Feature",
      "geometry": {
        "type": "Point",
        "coordinates": [
          0.0,
          0.0
        ]
      },
      "properties": {
        "junction_id": 39576,
        "veh_id": 11435,
        "sim_time_s": 2622.2,
        "tier": "harmony-ge-local",
        "prearm_status": "action",
        "focus_role": "none"
      }
    },
    {
      "type": "Feature",
      "geometry": {
        "type": "Point",
        "coordinates": [
          500491.93955193507,
          6965698.39056657
        ]
      },
      "properties": {
        "junction_id": 39578,
        "veh_id": 11435,
        "sim_time_s": 2626.2,
        "tier": "track-zone",
        "prearm_status": "",
        "focus_role": "none"
      }
    },
    {
      "type": "Feature",
      "geometry": {
        "type": "Point",
        "coordinates": [
          499881.93910684704,
          6966547.1734311
        ]
      },
      "properties": {
        "junction_id": 39569,
        "veh_id": 11415,
        "sim_time_s": 2631.6,
        "tier": "track-zone",
        "prearm_status": "",
        "focus_role": "none"
      }
    },
    {
      "type": "Feature",
      "geometry": {
        "type": "Point",
        "coordinates": [
          0.0,
          0.0
        ]
      },
      "properties": {
        "junction_id": 36385,
        "veh_id": 11392,
        "sim_time_s": 2632.9,
        "tier": "harmony-ins-local",
        "prearm_status": "action",
        "focus_role": "none"
      }
    },
    {
      "type": "Feature",
      "geometry": {
        "type": "Point",
        "coordinates": [
          500548.6859983261,
          6965569.944792251
        ]
      },
      "properties": {
        "junction_id": 10157950,
        "veh_id": 11425,
        "sim_time_s": 2639.7,
        "tier": "track-zone",
        "prearm_status": "",
        "focus_role": "none"
      }
    },
    {
      "type": "Feature",
      "geometry": {
        "type": "Point",
        "coordinates": [
          500922.1688693233,
          6965247.583490348
        ]
      },
      "properties": {
        "junction_id": 39593,
        "veh_id": 11385,
        "sim_time_s": 2640.2,
        "tier": "IC-detect",
        "prearm_status": "",
        "focus_role": "none"
      }
    },
    {
      "type": "Feature",
      "geometry": {
        "type": "Point",
        "coordinates": [
          500580.82421631727,
          6965432.919929034
        ]
      },
      "properties": {
        "junction_id": 39587,
        "veh_id": 11400,
        "sim_time_s": 2642.4,
        "tier": "IC-detect",
        "prearm_status": "",
        "focus_role": "none"
      }
    },
    {
      "type": "Feature",
      "geometry": {
        "type": "Point",
        "coordinates": [
          500856.06707121746,
          6965223.1183912065
        ]
      },
      "properties": {
        "junction_id": 36385,
        "veh_id": 11385,
        "sim_time_s": 2645.1,
        "tier": "track-zone",
        "prearm_status": "",
        "focus_role": "none"
      }
    },
    {
      "type": "Feature",
      "geometry": {
        "type": "Point",
        "coordinates": [
          500607.5391662276,
          6965414.01808806
        ]
      },
      "properties": {
        "junction_id": 39593,
        "veh_id": 11404,
        "sim_time_s": 2645.1,
        "tier": "track-zone",
        "prearm_status": "",
        "focus_role": "none"
      }
    },
    {
      "type": "Feature",
      "geometry": {
        "type": "Point",
        "coordinates": [
          500572.844956928,
          6965457.667566023
        ]
      },
      "properties": {
        "junction_id": 39576,
        "veh_id": 11400,
        "sim_time_s": 2647.8,
        "tier": "track-zone",
        "prearm_status": "",
        "focus_role": "none"
      }
    },
    {
      "type": "Feature",
      "geometry": {
        "type": "Point",
        "coordinates": [
          500831.624069976,
          6965211.986592333
        ]
      },
      "properties": {
        "junction_id": 10157950,
        "veh_id": 11385,
        "sim_time_s": 2649.2,
        "tier": "track-zone",
        "prearm_status": "",
        "focus_role": "none"
      }
    },
    {
      "type": "Feature",
      "geometry": {
        "type": "Point",
        "coordinates": [
          500610.52899572504,
          6965403.698480316
        ]
      },
      "properties": {
        "junction_id": 39593,
        "veh_id": 11398,
        "sim_time_s": 2651.8,
        "tier": "track-zone",
        "prearm_status": "",
        "focus_role": "none"
      }
    },
    {
      "type": "Feature",
      "geometry": {
        "type": "Point",
        "coordinates": [
          500650.68273032864,
          6965250.879603528
        ]
      },
      "properties": {
        "junction_id": 36385,
        "veh_id": 11404,
        "sim_time_s": 2655.9,
        "tier": "track-zone",
        "prearm_status": "",
        "focus_role": "none"
      }
    },
    {
      "type": "Feature",
      "geometry": {
        "type": "Point",
        "coordinates": [
          0.0,
          0.0
        ]
      },
      "properties": {
        "junction_id": 39587,
        "veh_id": 11400,
        "sim_time_s": 2657.2,
        "tier": "harmony-ins-local",
        "prearm_status": "action",
        "focus_role": "none"
      }
    },
    {
      "type": "Feature",
      "geometry": {
        "type": "Point",
        "coordinates": [
          500648.58482502453,
          6965255.791820709
        ]
      },
      "properties": {
        "junction_id": 36385,
        "veh_id": 11398,
        "sim_time_s": 2661.3,
        "tier": "track-zone",
        "prearm_status": "",
        "focus_role": "none"
      }
    },
    {
      "type": "Feature",
      "geometry": {
        "type": "Point",
        "coordinates": [
          0.0,
          0.0
        ]
      },
      "properties": {
        "junction_id": 39593,
        "veh_id": 11404,
        "sim_time_s": 2663.6,
        "tier": "harmony-no-ge-local",
        "prearm_status": "skip",
        "focus_role": "none"
      }
    },
    {
      "type": "Feature",
      "geometry": {
        "type": "Point",
        "coordinates": [
          0.0,
          0.0
        ]
      },
      "properties": {
        "junction_id": 39578,
        "veh_id": 11435,
        "sim_time_s": 2666.7,
        "tier": "harmony-no-ge-local",
        "prearm_status": "skip",
        "focus_role": "none"
      }
    },
    {
      "type": "Feature",
      "geometry": {
        "type": "Point",
        "coordinates": [
          0.0,
          0.0
        ]
      },
      "properties": {
        "junction_id": 39593,
        "veh_id": 11398,
        "sim_time_s": 2670.8,
        "tier": "harmony-no-ge-local",
        "prearm_status": "skip",
        "focus_role": "none"
      }
    },
    {
      "type": "Feature",
      "geometry": {
        "type": "Point",
        "coordinates": [
          500402.99195500405,
          6966039.406170821
        ]
      },
      "properties": {
        "junction_id": 1043762,
        "veh_id": 11435,
        "sim_time_s": 2677.5,
        "tier": "track-zone",
        "prearm_status": "",
        "focus_role": "none"
      }
    },
    {
      "type": "Feature",
      "geometry": {
        "type": "Point",
        "coordinates": [
          500481.58813392656,
          6965687.506180423
        ]
      },
      "properties": {
        "junction_id": 39578,
        "veh_id": 11400,
        "sim_time_s": 2680.2,
        "tier": "track-zone",
        "prearm_status": "",
        "focus_role": "none"
      }
    },
    {
      "type": "Feature",
      "geometry": {
        "type": "Point",
        "coordinates": [
          500702.28818848426,
          6965126.926021878
        ]
      },
      "properties": {
        "junction_id": 10157950,
        "veh_id": 11404,
        "sim_time_s": 2681.6,
        "tier": "track-zone",
        "prearm_status": "",
        "focus_role": "none"
      }
    },
    {
      "type": "Feature",
      "geometry": {
        "type": "Point",
        "coordinates": [
          0.0,
          0.0
        ]
      },
      "properties": {
        "junction_id": 39576,
        "veh_id": 11400,
        "sim_time_s": 2682.4,
        "tier": "harmony-no-ge-local",
        "prearm_status": "skip",
        "focus_role": "none"
      }
    },
    {
      "type": "Feature",
      "geometry": {
        "type": "Point",
        "coordinates": [
          500702.81622196507,
          6965112.767953093
        ]
      },
      "properties": {
        "junction_id": 10157950,
        "veh_id": 11398,
        "sim_time_s": 2686.9,
        "tier": "track-zone",
        "prearm_status": "",
        "focus_role": "none"
      }
    },
    {
      "type": "Feature",
      "geometry": {
        "type": "Point",
        "coordinates": [
          500689.24925240804,
          6964558.643530649
        ]
      },
      "properties": {
        "junction_id": 39590,
        "veh_id": 11424,
        "sim_time_s": 2689.7,
        "tier": "track-zone",
        "prearm_status": "",
        "focus_role": "none"
      }
    },
    {
      "type": "Feature",
      "geometry": {
        "type": "Point",
        "coordinates": [
          500712.89467098075,
          6964895.601875907
        ]
      },
      "properties": {
        "junction_id": 36393,
        "veh_id": 11392,
        "sim_time_s": 2691.0,
        "tier": "IC-detect",
        "prearm_status": "",
        "focus_role": "none"
      }
    },
    {
      "type": "Feature",
      "geometry": {
        "type": "Point",
        "coordinates": [
          0.0,
          0.0
        ]
      },
      "properties": {
        "junction_id": 1043762,
        "veh_id": 11435,
        "sim_time_s": 2691.0,
        "tier": "harmony-ins-local",
        "prearm_status": "action",
        "focus_role": "none"
      }
    },
    {
      "type": "Feature",
      "geometry": {
        "type": "Point",
        "coordinates": [
          500252.70904230926,
          6966201.0549601205
        ]
      },
      "properties": {
        "junction_id": 39569,
        "veh_id": 11435,
        "sim_time_s": 2693.2,
        "tier": "coord-prearm-harmony/SHOCKWAVE",
        "prearm_status": "fired",
        "focus_role": "none"
      }
    },
    {
      "type": "Feature",
      "geometry": {
        "type": "Point",
        "coordinates": [
          0.0,
          0.0
        ]
      },
      "properties": {
        "junction_id": 39569,
        "veh_id": 11435,
        "sim_time_s": 2693.7,
        "tier": "harmony-no-ge-local",
        "prearm_status": "skip",
        "focus_role": "none"
      }
    },
    {
      "type": "Feature",
      "geometry": {
        "type": "Point",
        "coordinates": [
          0.0,
          0.0
        ]
      },
      "properties": {
        "junction_id": 36385,
        "veh_id": 11398,
        "sim_time_s": 2696.4,
        "tier": "harmony-no-ge-local",
        "prearm_status": "skip",
        "focus_role": "none"
      }
    },
    {
      "type": "Feature",
      "geometry": {
        "type": "Point",
        "coordinates": [
          500949.53229003365,
          6964036.232777647
        ]
      },
      "properties": {
        "junction_id": 39606,
        "veh_id": 11436,
        "sim_time_s": 2700.0,
        "tier": "IC-detect",
        "prearm_status": "",
        "focus_role": "none"
      }
    },
    {
      "type": "Feature",
      "geometry": {
        "type": "Point",
        "coordinates": [
          500726.00108849106,
          6964999.503641381
        ]
      },
      "properties": {
        "junction_id": 36393,
        "veh_id": 11398,
        "sim_time_s": 2704.5,
        "tier": "track-zone",
        "prearm_status": "",
        "focus_role": "none"
      }
    },
    {
      "type": "Feature",
      "geometry": {
        "type": "Point",
        "coordinates": [
          500892.0279266159,
          6964115.028426022
        ]
      },
      "properties": {
        "junction_id": 39590,
        "veh_id": 11436,
        "sim_time_s": 2705.8,
        "tier": "track-zone",
        "prearm_status": "",
        "focus_role": "none"
      }
    },
    {
      "type": "Feature",
      "geometry": {
        "type": "Point",
        "coordinates": [
          500085.841844579,
          6967503.811065026
        ]
      },
      "properties": {
        "junction_id": 38339,
        "veh_id": 11426,
        "sim_time_s": 2705.8,
        "tier": "IC-detect",
        "prearm_status": "",
        "focus_role": "none"
      }
    },
    {
      "type": "Feature",
      "geometry": {
        "type": "Point",
        "coordinates": [
          0.0,
          0.0
        ]
      },
      "properties": {
        "junction_id": 39606,
        "veh_id": 11436,
        "sim_time_s": 2709.9,
        "tier": "harmony-no-ge-local",
        "prearm_status": "skip",
        "focus_role": "none"
      }
    },
    {
      "type": "Feature",
      "geometry": {
        "type": "Point",
        "coordinates": [
          500041.9065966373,
          6966471.018436923
        ]
      },
      "properties": {
        "junction_id": 39568,
        "veh_id": 11415,
        "sim_time_s": 2712.6,
        "tier": "track-zone",
        "prearm_status": "",
        "focus_role": "none"
      }
    },
    {
      "type": "Feature",
      "geometry": {
        "type": "Point",
        "coordinates": [
          500120.0042583821,
          6966429.722511935
        ]
      },
      "properties": {
        "junction_id": 39572,
        "veh_id": 11435,
        "sim_time_s": 2713.9,
        "tier": "track-zone",
        "prearm_status": "",
        "focus_role": "none"
      }
    },
    {
      "type": "Feature",
      "geometry": {
        "type": "Point",
        "coordinates": [
          0.0,
          0.0
        ]
      },
      "properties": {
        "junction_id": 39587,
        "veh_id": 11425,
        "sim_time_s": 2717.6,
        "tier": "harmony-no-ge-local",
        "prearm_status": "skip",
        "focus_role": "none"
      }
    },
    {
      "type": "Feature",
      "geometry": {
        "type": "Point",
        "coordinates": [
          0.0,
          0.0
        ]
      },
      "properties": {
        "junction_id": 36385,
        "veh_id": 11404,
        "sim_time_s": 2723.4,
        "tier": "harmony-ge-local",
        "prearm_status": "action",
        "focus_role": "none"
      }
    },
    {
      "type": "Feature",
      "geometry": {
        "type": "Point",
        "coordinates": [
          500728.84513969783,
          6964991.298295854
        ]
      },
      "properties": {
        "junction_id": 36393,
        "veh_id": 11404,
        "sim_time_s": 2728.8,
        "tier": "track-zone",
        "prearm_status": "",
        "focus_role": "none"
      }
    },
    {
      "type": "Feature",
      "geometry": {
        "type": "Point",
        "coordinates": [
          500609.14079011197,
          6965396.791179201
        ]
      },
      "properties": {
        "junction_id": 39593,
        "veh_id": 11425,
        "sim_time_s": 2735.6,
        "tier": "track-zone",
        "prearm_status": "",
        "focus_role": "none"
      }
    },
    {
      "type": "Feature",
      "geometry": {
        "type": "Point",
        "coordinates": [
          500638.8062956444,
          6965272.558328374
        ]
      },
      "properties": {
        "junction_id": 1119660,
        "veh_id": 11425,
        "sim_time_s": 2743.7,
        "tier": "track-zone",
        "prearm_status": "",
        "focus_role": "none"
      }
    },
    {
      "type": "Feature",
      "geometry": {
        "type": "Point",
        "coordinates": [
          500057.0525603742,
          6966464.411541371
        ]
      },
      "properties": {
        "junction_id": 39572,
        "veh_id": 11415,
        "sim_time_s": 2745.0,
        "tier": "track-zone",
        "prearm_status": "",
        "focus_role": "none"
      }
    },
    {
      "type": "Feature",
      "geometry": {
        "type": "Point",
        "coordinates": [
          500646.9034063283,
          6965252.022954773
        ]
      },
      "properties": {
        "junction_id": 36385,
        "veh_id": 11425,
        "sim_time_s": 2745.0,
        "tier": "track-zone",
        "prearm_status": "",
        "focus_role": "none"
      }
    },
    {
      "type": "Feature",
      "geometry": {
        "type": "Point",
        "coordinates": [
          0.0,
          0.0
        ]
      },
      "properties": {
        "junction_id": 39593,
        "veh_id": 11425,
        "sim_time_s": 2749.1,
        "tier": "harmony-no-ge-local",
        "prearm_status": "skip",
        "focus_role": "none"
      }
    },
    {
      "type": "Feature",
      "geometry": {
        "type": "Point",
        "coordinates": [
          500063.15762216086,
          6966461.906998249
        ]
      },
      "properties": {
        "junction_id": 39569,
        "veh_id": 11415,
        "sim_time_s": 2751.8,
        "tier": "IC-detect",
        "prearm_status": "",
        "focus_role": "none"
      }
    },
    {
      "type": "Feature",
      "geometry": {
        "type": "Point",
        "coordinates": [
          500105.3249690746,
          6966447.427635935
        ]
      },
      "properties": {
        "junction_id": 39569,
        "veh_id": 11435,
        "sim_time_s": 2754.9,
        "tier": "coord-prearm-missed/SHOCKWAVE",
        "prearm_status": "missed",
        "focus_role": "none"
      }
    },
    {
      "type": "Feature",
      "geometry": {
        "type": "Point",
        "coordinates": [
          500739.0436932043,
          6965179.823120013
        ]
      },
      "properties": {
        "junction_id": 39593,
        "veh_id": 11385,
        "sim_time_s": 2760.3,
        "tier": "IC-detect",
        "prearm_status": "",
        "focus_role": "none"
      }
    },
    {
      "type": "Feature",
      "geometry": {
        "type": "Point",
        "coordinates": [
          500079.8103682039,
          6966482.174199891
        ]
      },
      "properties": {
        "junction_id": 39568,
        "veh_id": 11435,
        "sim_time_s": 2762.6,
        "tier": "track-zone",
        "prearm_status": "",
        "focus_role": "none"
      }
    },
    {
      "type": "Feature",
      "geometry": {
        "type": "Point",
        "coordinates": [
          0.0,
          0.0
        ]
      },
      "properties": {
        "junction_id": 39590,
        "veh_id": 11436,
        "sim_time_s": 2762.6,
        "tier": "harmony-no-ge-local",
        "prearm_status": "skip",
        "focus_role": "none"
      }
    },
    {
      "type": "Feature",
      "geometry": {
        "type": "Point",
        "coordinates": [
          500739.0436932043,
          6965179.823120013
        ]
      },
      "properties": {
        "junction_id": 36385,
        "veh_id": 11385,
        "sim_time_s": 2766.6,
        "tier": "track-zone",
        "prearm_status": "",
        "focus_role": "none"
      }
    },
    {
      "type": "Feature",
      "geometry": {
        "type": "Point",
        "coordinates": [
          499963.6041998736,
          6967111.875327987
        ]
      },
      "properties": {
        "junction_id": 11118289,
        "veh_id": 11426,
        "sim_time_s": 2769.3,
        "tier": "track-zone",
        "prearm_status": "",
        "focus_role": "none"
      }
    },
    {
      "type": "Feature",
      "geometry": {
        "type": "Point",
        "coordinates": [
          500739.0436932043,
          6965179.823120013
        ]
      },
      "properties": {
        "junction_id": 10157950,
        "veh_id": 11385,
        "sim_time_s": 2770.7,
        "tier": "track-zone",
        "prearm_status": "",
        "focus_role": "none"
      }
    },
    {
      "type": "Feature",
      "geometry": {
        "type": "Point",
        "coordinates": [
          500729.7963516396,
          6964410.404838497
        ]
      },
      "properties": {
        "junction_id": 39606,
        "veh_id": 11424,
        "sim_time_s": 2778.8,
        "tier": "track-zone",
        "prearm_status": "",
        "focus_role": "none"
      }
    },
    {
      "type": "Feature",
      "geometry": {
        "type": "Point",
        "coordinates": [
          0.0,
          0.0
        ]
      },
      "properties": {
        "junction_id": 39572,
        "veh_id": 11435,
        "sim_time_s": 2785.5,
        "tier": "harmony-no-ge-local",
        "prearm_status": "skip",
        "focus_role": "none"
      }
    },
    {
      "type": "Feature",
      "geometry": {
        "type": "Point",
        "coordinates": [
          0.0,
          0.0
        ]
      },
      "properties": {
        "junction_id": 38339,
        "veh_id": 11426,
        "sim_time_s": 2790.9,
        "tier": "harmony-no-ge-local",
        "prearm_status": "skip",
        "focus_role": "none"
      }
    },
    {
      "type": "Feature",
      "geometry": {
        "type": "Point",
        "coordinates": [
          499958.12757945294,
          6966955.72791629
        ]
      },
      "properties": {
        "junction_id": 39568,
        "veh_id": 11426,
        "sim_time_s": 2797.7,
        "tier": "track-zone",
        "prearm_status": "",
        "focus_role": "none"
      }
    },
    {
      "type": "Feature",
      "geometry": {
        "type": "Point",
        "coordinates": [
          499966.21137312276,
          6966894.285826774
        ]
      },
      "properties": {
        "junction_id": 39572,
        "veh_id": 11426,
        "sim_time_s": 2801.7,
        "tier": "track-zone",
        "prearm_status": "",
        "focus_role": "none"
      }
    },
    {
      "type": "Feature",
      "geometry": {
        "type": "Point",
        "coordinates": [
          500017.79233654944,
          6966618.28762003
        ]
      },
      "properties": {
        "junction_id": 11118289,
        "veh_id": 11435,
        "sim_time_s": 2804.4,
        "tier": "track-zone",
        "prearm_status": "",
        "focus_role": "none"
      }
    },
    {
      "type": "Feature",
      "geometry": {
        "type": "Point",
        "coordinates": [
          500674.6948321556,
          6964509.70722975
        ]
      },
      "properties": {
        "junction_id": 36393,
        "veh_id": 11436,
        "sim_time_s": 2809.8,
        "tier": "track-zone",
        "prearm_status": "",
        "focus_role": "none"
      }
    },
    {
      "type": "Feature",
      "geometry": {
        "type": "Point",
        "coordinates": [
          500753.3800202828,
          6964359.321168247
        ]
      },
      "properties": {
        "junction_id": 39590,
        "veh_id": 11424,
        "sim_time_s": 2809.8,
        "tier": "IC-detect",
        "prearm_status": "",
        "focus_role": "none"
      }
    },
    {
      "type": "Feature",
      "geometry": {
        "type": "Point",
        "coordinates": [
          500691.1225377697,
          6964616.101774334
        ]
      },
      "properties": {
        "junction_id": 36393,
        "veh_id": 11392,
        "sim_time_s": 2811.2,
        "tier": "IC-detect-far",
        "prearm_status": "",
        "focus_role": "none"
      }
    },
    {
      "type": "Feature",
      "geometry": {
        "type": "Point",
        "coordinates": [
          0.0,
          0.0
        ]
      },
      "properties": {
        "junction_id": 39590,
        "veh_id": 11424,
        "sim_time_s": 2812.5,
        "tier": "harmony-no-ge-local",
        "prearm_status": "skip",
        "focus_role": "none"
      }
    },
    {
      "type": "Feature",
      "geometry": {
        "type": "Point",
        "coordinates": [
          0.0,
          0.0
        ]
      },
      "properties": {
        "junction_id": 39569,
        "veh_id": 11415,
        "sim_time_s": 2820.6,
        "tier": "harmony-no-ge-local",
        "prearm_status": "skip",
        "focus_role": "none"
      }
    },
    {
      "type": "Feature",
      "geometry": {
        "type": "Point",
        "coordinates": [
          0.0,
          0.0
        ]
      },
      "properties": {
        "junction_id": 36393,
        "veh_id": 11436,
        "sim_time_s": 2823.3,
        "tier": "harmony-no-ge-local",
        "prearm_status": "skip",
        "focus_role": "none"
      }
    },
    {
      "type": "Feature",
      "geometry": {
        "type": "Point",
        "coordinates": [
          0.0,
          0.0
        ]
      },
      "properties": {
        "junction_id": 39606,
        "veh_id": 11424,
        "sim_time_s": 2824.7,
        "tier": "harmony-no-ge-local",
        "prearm_status": "skip",
        "focus_role": "none"
      }
    },
    {
      "type": "Feature",
      "geometry": {
        "type": "Point",
        "coordinates": [
          500696.02251358196,
          6964727.890651034
        ]
      },
      "properties": {
        "junction_id": 36393,
        "veh_id": 11398,
        "sim_time_s": 2824.7,
        "tier": "IC-detect",
        "prearm_status": "",
        "focus_role": "none"
      }
    },
    {
      "type": "Feature",
      "geometry": {
        "type": "Point",
        "coordinates": [
          0.0,
          0.0
        ]
      },
      "properties": {
        "junction_id": 36393,
        "veh_id": 11398,
        "sim_time_s": 2824.7,
        "tier": "harmony-no-ge-local",
        "prearm_status": "skip",
        "focus_role": "none"
      }
    },
    {
      "type": "Feature",
      "geometry": {
        "type": "Point",
        "coordinates": [
          500126.3282544362,
          6966445.157371874
        ]
      },
      "properties": {
        "junction_id": 1043762,
        "veh_id": 11415,
        "sim_time_s": 2826.0,
        "tier": "track-zone",
        "prearm_status": "",
        "focus_role": "none"
      }
    },
    {
      "type": "Feature",
      "geometry": {
        "type": "Point",
        "coordinates": [
          0.0,
          0.0
        ]
      },
      "properties": {
        "junction_id": 39593,
        "veh_id": 11385,
        "sim_time_s": 2827.3,
        "tier": "harmony-no-ge-local",
        "prearm_status": "skip",
        "focus_role": "none"
      }
    },
    {
      "type": "Feature",
      "geometry": {
        "type": "Point",
        "coordinates": [
          500679.7474614644,
          6964783.68527335
        ]
      },
      "properties": {
        "junction_id": 36385,
        "veh_id": 11436,
        "sim_time_s": 2828.7,
        "tier": "track-zone",
        "prearm_status": "",
        "focus_role": "none"
      }
    },
    {
      "type": "Feature",
      "geometry": {
        "type": "Point",
        "coordinates": [
          0.0,
          0.0
        ]
      },
      "properties": {
        "junction_id": 39572,
        "veh_id": 11426,
        "sim_time_s": 2834.1,
        "tier": "harmony-no-ge-local",
        "prearm_status": "skip",
        "focus_role": "none"
      }
    },
    {
      "type": "Feature",
      "geometry": {
        "type": "Point",
        "coordinates": [
          500009.32010653435,
          6966676.229123815
        ]
      },
      "properties": {
        "junction_id": 39569,
        "veh_id": 11426,
        "sim_time_s": 2835.4,
        "tier": "track-zone",
        "prearm_status": "",
        "focus_role": "none"
      }
    },
    {
      "type": "Feature",
      "geometry": {
        "type": "Point",
        "coordinates": [
          0.0,
          0.0
        ]
      },
      "properties": {
        "junction_id": 36385,
        "veh_id": 11425,
        "sim_time_s": 2835.4,
        "tier": "harmony-no-ge-local",
        "prearm_status": "skip",
        "focus_role": "none"
      }
    },
    {
      "type": "Feature",
      "geometry": {
        "type": "Point",
        "coordinates": [
          0.0,
          0.0
        ]
      },
      "properties": {
        "junction_id": 36393,
        "veh_id": 11404,
        "sim_time_s": 2839.5,
        "tier": "harmony-no-ge-local",
        "prearm_status": "skip",
        "focus_role": "none"
      }
    },
    {
      "type": "Feature",
      "geometry": {
        "type": "Point",
        "coordinates": [
          500728.9236768611,
          6964997.941671772
        ]
      },
      "properties": {
        "junction_id": 36393,
        "veh_id": 11425,
        "sim_time_s": 2842.2,
        "tier": "track-zone",
        "prearm_status": "",
        "focus_role": "none"
      }
    },
    {
      "type": "Feature",
      "geometry": {
        "type": "Point",
        "coordinates": [
          500701.3018542835,
          6964930.873817567
        ]
      },
      "properties": {
        "junction_id": 39593,
        "veh_id": 11436,
        "sim_time_s": 2842.2,
        "tier": "track-zone",
        "prearm_status": "",
        "focus_role": "none"
      }
    },
    {
      "type": "Feature",
      "geometry": {
        "type": "Point",
        "coordinates": [
          500689.4146629742,
          6964556.766104612
        ]
      },
      "properties": {
        "junction_id": 39590,
        "veh_id": 11392,
        "sim_time_s": 2847.6,
        "tier": "track-zone",
        "prearm_status": "",
        "focus_role": "none"
      }
    },
    {
      "type": "Feature",
      "geometry": {
        "type": "Point",
        "coordinates": [
          0.0,
          0.0
        ]
      },
      "properties": {
        "junction_id": 1043762,
        "veh_id": 11415,
        "sim_time_s": 2870.6,
        "tier": "harmony-no-ge-local",
        "prearm_status": "skip",
        "focus_role": "none"
      }
    },
    {
      "type": "Feature",
      "geometry": {
        "type": "Point",
        "coordinates": [
          0.0,
          0.0
        ]
      },
      "properties": {
        "junction_id": 36385,
        "veh_id": 11436,
        "sim_time_s": 2874.6,
        "tier": "harmony-ge-local",
        "prearm_status": "action",
        "focus_role": "none"
      }
    },
    {
      "type": "Feature",
      "geometry": {
        "type": "Point",
        "coordinates": [
          500683.1778056989,
          6965102.175344481
        ]
      },
      "properties": {
        "junction_id": 10157950,
        "veh_id": 11436,
        "sim_time_s": 2881.3,
        "tier": "track-zone",
        "prearm_status": "",
        "focus_role": "none"
      }
    },
    {
      "type": "Feature",
      "geometry": {
        "type": "Point",
        "coordinates": [
          499961.1814002115,
          6966776.4325999245
        ]
      },
      "properties": {
        "junction_id": 39568,
        "veh_id": 11435,
        "sim_time_s": 2884.1,
        "tier": "track-zone",
        "prearm_status": "",
        "focus_role": "none"
      }
    },
    {
      "type": "Feature",
      "geometry": {
        "type": "Point",
        "coordinates": [
          0.0,
          0.0
        ]
      },
      "properties": {
        "junction_id": 39593,
        "veh_id": 11436,
        "sim_time_s": 2884.1,
        "tier": "harmony-no-ge-local",
        "prearm_status": "skip",
        "focus_role": "none"
      }
    },
    {
      "type": "Feature",
      "geometry": {
        "type": "Point",
        "coordinates": [
          500659.4629878903,
          6965187.100165918
        ]
      },
      "properties": {
        "junction_id": 1119660,
        "veh_id": 11436,
        "sim_time_s": 2886.8,
        "tier": "track-zone",
        "prearm_status": "",
        "focus_role": "none"
      }
    },
    {
      "type": "Feature",
      "geometry": {
        "type": "Point",
        "coordinates": [
          500716.1345827911,
          6965084.073481134
        ]
      },
      "properties": {
        "junction_id": 36385,
        "veh_id": 11385,
        "sim_time_s": 2886.8,
        "tier": "IC-detect-far",
        "prearm_status": "",
        "focus_role": "none"
      }
    },
    {
      "type": "Feature",
      "geometry": {
        "type": "Point",
        "coordinates": [
          0.0,
          0.0
        ]
      },
      "properties": {
        "junction_id": 39569,
        "veh_id": 11426,
        "sim_time_s": 2886.8,
        "tier": "harmony-no-ge-local",
        "prearm_status": "skip",
        "focus_role": "none"
      }
    },
    {
      "type": "Feature",
      "geometry": {
        "type": "Point",
        "coordinates": [
          500126.60744509706,
          6966439.731966037
        ]
      },
      "properties": {
        "junction_id": 1043762,
        "veh_id": 11426,
        "sim_time_s": 2889.4,
        "tier": "track-zone",
        "prearm_status": "",
        "focus_role": "none"
      }
    },
    {
      "type": "Feature",
      "geometry": {
        "type": "Point",
        "coordinates": [
          500641.4004769359,
          6965228.273793956
        ]
      },
      "properties": {
        "junction_id": 39587,
        "veh_id": 11436,
        "sim_time_s": 2889.4,
        "tier": "track-zone",
        "prearm_status": "",
        "focus_role": "none"
      }
    },
    {
      "type": "Feature",
      "geometry": {
        "type": "Point",
        "coordinates": [
          499517.8636733574,
          6966652.401111157
        ]
      },
      "properties": {
        "junction_id": 39572,
        "veh_id": 11393,
        "sim_time_s": 2893.5,
        "tier": "IC-detect",
        "prearm_status": "",
        "focus_role": "none"
      }
    },
    {
      "type": "Feature",
      "geometry": {
        "type": "Point",
        "coordinates": [
          499961.15737608453,
          6966776.797099156
        ]
      },
      "properties": {
        "junction_id": 38339,
        "veh_id": 11435,
        "sim_time_s": 2896.2,
        "tier": "track-zone",
        "prearm_status": "",
        "focus_role": "none"
      }
    },
    {
      "type": "Feature",
      "geometry": {
        "type": "Point",
        "coordinates": [
          499761.00270385103,
          6966604.926004476
        ]
      },
      "properties": {
        "junction_id": 39568,
        "veh_id": 11393,
        "sim_time_s": 2909.7,
        "tier": "track-zone",
        "prearm_status": "",
        "focus_role": "none"
      }
    },
    {
      "type": "Feature",
      "geometry": {
        "type": "Point",
        "coordinates": [
          500364.4934610104,
          6966089.5284711085
        ]
      },
      "properties": {
        "junction_id": 39578,
        "veh_id": 11415,
        "sim_time_s": 2909.7,
        "tier": "track-section",
        "prearm_status": "",
        "focus_role": "none"
      }
    },
    {
      "type": "Feature",
      "geometry": {
        "type": "Point",
        "coordinates": [
          0.0,
          0.0
        ]
      },
      "properties": {
        "junction_id": 38339,
        "veh_id": 11435,
        "sim_time_s": 2913.8,
        "tier": "harmony-no-ge-local",
        "prearm_status": "skip",
        "focus_role": "none"
      }
    },
    {
      "type": "Feature",
      "geometry": {
        "type": "Point",
        "coordinates": [
          500686.1365558928,
          6964558.712236619
        ]
      },
      "properties": {
        "junction_id": 39590,
        "veh_id": 11404,
        "sim_time_s": 2917.8,
        "tier": "track-zone",
        "prearm_status": "",
        "focus_role": "none"
      }
    },
    {
      "type": "Feature",
      "geometry": {
        "type": "Point",
        "coordinates": [
          499880.3582295551,
          6966547.909946742
        ]
      },
      "properties": {
        "junction_id": 39569,
        "veh_id": 11393,
        "sim_time_s": 2919.2,
        "tier": "track-zone",
        "prearm_status": "",
        "focus_role": "none"
      }
    },
    {
      "type": "Feature",
      "geometry": {
        "type": "Point",
        "coordinates": [
          500689.1489002962,
          6964559.066548729
        ]
      },
      "properties": {
        "junction_id": 39590,
        "veh_id": 11398,
        "sim_time_s": 2924.6,
        "tier": "track-zone",
        "prearm_status": "",
        "focus_role": "none"
      }
    },
    {
      "type": "Feature",
      "geometry": {
        "type": "Point",
        "coordinates": [
          0.0,
          0.0
        ]
      },
      "properties": {
        "junction_id": 1043762,
        "veh_id": 11426,
        "sim_time_s": 2927.2,
        "tier": "harmony-no-ge-local",
        "prearm_status": "skip",
        "focus_role": "none"
      }
    },
    {
      "type": "Feature",
      "geometry": {
        "type": "Point",
        "coordinates": [
          0.0,
          0.0
        ]
      },
      "properties": {
        "junction_id": 36385,
        "veh_id": 11385,
        "sim_time_s": 2934.9,
        "tier": "harmony-ins-local",
        "prearm_status": "action",
        "focus_role": "none"
      }
    },
    {
      "type": "Feature",
      "geometry": {
        "type": "Point",
        "coordinates": [
          500348.23095768323,
          6966096.281649131
        ]
      },
      "properties": {
        "junction_id": 39578,
        "veh_id": 11426,
        "sim_time_s": 2940.8,
        "tier": "track-section",
        "prearm_status": "",
        "focus_role": "none"
      }
    },
    {
      "type": "Feature",
      "geometry": {
        "type": "Point",
        "coordinates": [
          500729.3282871747,
          6964411.79218636
        ]
      },
      "properties": {
        "junction_id": 39606,
        "veh_id": 11392,
        "sim_time_s": 2943.4,
        "tier": "track-zone",
        "prearm_status": "",
        "focus_role": "none"
      }
    },
    {
      "type": "Feature",
      "geometry": {
        "type": "Point",
        "coordinates": [
          0.0,
          0.0
        ]
      },
      "properties": {
        "junction_id": 39587,
        "veh_id": 11436,
        "sim_time_s": 2943.4,
        "tier": "harmony-no-ge-local",
        "prearm_status": "skip",
        "focus_role": "none"
      }
    },
    {
      "type": "Feature",
      "geometry": {
        "type": "Point",
        "coordinates": [
          500690.41705032263,
          6964543.999626123
        ]
      },
      "properties": {
        "junction_id": 36393,
        "veh_id": 11398,
        "sim_time_s": 2944.8,
        "tier": "IC-detect-far",
        "prearm_status": "",
        "focus_role": "none"
      }
    },
    {
      "type": "Feature",
      "geometry": {
        "type": "Point",
        "coordinates": [
          500572.9398560472,
          6965457.265195666
        ]
      },
      "properties": {
        "junction_id": 39576,
        "veh_id": 11436,
        "sim_time_s": 2946.2,
        "tier": "track-zone",
        "prearm_status": "",
        "focus_role": "none"
      }
    },
    {
      "type": "Feature",
      "geometry": {
        "type": "Point",
        "coordinates": [
          499517.1733110374,
          6966652.550263302
        ]
      },
      "properties": {
        "junction_id": 39572,
        "veh_id": 11416,
        "sim_time_s": 2952.9,
        "tier": "IC-detect",
        "prearm_status": "",
        "focus_role": "none"
      }
    },
    {
      "type": "Feature",
      "geometry": {
        "type": "Point",
        "coordinates": [
          500688.7114732278,
          6964535.166666591
        ]
      },
      "properties": {
        "junction_id": 36393,
        "veh_id": 11404,
        "sim_time_s": 2959.7,
        "tier": "IC-detect",
        "prearm_status": "",
        "focus_role": "none"
      }
    },
    {
      "type": "Feature",
      "geometry": {
        "type": "Point",
        "coordinates": [
          500699.77669126354,
          6964822.387361138
        ]
      },
      "properties": {
        "junction_id": 36393,
        "veh_id": 11425,
        "sim_time_s": 2962.3,
        "tier": "IC-detect",
        "prearm_status": "",
        "focus_role": "none"
      }
    },
    {
      "type": "Feature",
      "geometry": {
        "type": "Point",
        "coordinates": [
          500532.1951578135,
          6965933.580922599
        ]
      },
      "properties": {
        "junction_id": 39576,
        "veh_id": 11415,
        "sim_time_s": 2963.7,
        "tier": "track-zone",
        "prearm_status": "",
        "focus_role": "none"
      }
    },
    {
      "type": "Feature",
      "geometry": {
        "type": "Point",
        "coordinates": [
          0.0,
          0.0
        ]
      },
      "properties": {
        "junction_id": 39578,
        "veh_id": 11415,
        "sim_time_s": 2963.7,
        "tier": "harmony-no-ge-local",
        "prearm_status": "skip",
        "focus_role": "none"
      }
    },
    {
      "type": "Feature",
      "geometry": {
        "type": "Point",
        "coordinates": [
          0.0,
          0.0
        ]
      },
      "properties": {
        "junction_id": 36393,
        "veh_id": 11425,
        "sim_time_s": 2966.4,
        "tier": "harmony-no-ge-local",
        "prearm_status": "skip",
        "focus_role": "none"
      }
    },
    {
      "type": "Feature",
      "geometry": {
        "type": "Point",
        "coordinates": [
          0.0,
          0.0
        ]
      },
      "properties": {
        "junction_id": 39576,
        "veh_id": 11436,
        "sim_time_s": 2966.4,
        "tier": "harmony-no-ge-local",
        "prearm_status": "skip",
        "focus_role": "none"
      }
    },
    {
      "type": "Feature",
      "geometry": {
        "type": "Point",
        "coordinates": [
          500828.653830322,
          6964213.345098997
        ]
      },
      "properties": {
        "junction_id": 39590,
        "veh_id": 11392,
        "sim_time_s": 2969.1,
        "tier": "track-zone",
        "prearm_status": "",
        "focus_role": "none"
      }
    },
    {
      "type": "Feature",
      "geometry": {
        "type": "Point",
        "coordinates": [
          500491.89226233185,
          6965690.0738849435
        ]
      },
      "properties": {
        "junction_id": 39578,
        "veh_id": 11436,
        "sim_time_s": 2969.1,
        "tier": "track-zone",
        "prearm_status": "",
        "focus_role": "none"
      }
    },
    {
      "type": "Feature",
      "geometry": {
        "type": "Point",
        "coordinates": [
          0.0,
          0.0
        ]
      },
      "properties": {
        "junction_id": 39606,
        "veh_id": 11392,
        "sim_time_s": 2969.1,
        "tier": "harmony-no-ge-local",
        "prearm_status": "skip",
        "focus_role": "none"
      }
    },
    {
      "type": "Feature",
      "geometry": {
        "type": "Point",
        "coordinates": [
          0.0,
          0.0
        ]
      },
      "properties": {
        "junction_id": 39578,
        "veh_id": 11426,
        "sim_time_s": 2974.5,
        "tier": "harmony-no-ge-local",
        "prearm_status": "skip",
        "focus_role": "none"
      }
    },
    {
      "type": "Feature",
      "geometry": {
        "type": "Point",
        "coordinates": [
          500523.4691462969,
          6965938.674291622
        ]
      },
      "properties": {
        "junction_id": 39576,
        "veh_id": 11426,
        "sim_time_s": 2975.8,
        "tier": "track-zone",
        "prearm_status": "",
        "focus_role": "none"
      }
    },
    {
      "type": "Feature",
      "geometry": {
        "type": "Point",
        "coordinates": [
          0.0,
          0.0
        ]
      },
      "properties": {
        "junction_id": 39576,
        "veh_id": 11415,
        "sim_time_s": 2985.3,
        "tier": "harmony-no-ge-local",
        "prearm_status": "skip",
        "focus_role": "none"
      }
    },
    {
      "type": "Feature",
      "geometry": {
        "type": "Point",
        "coordinates": [
          500728.9687505161,
          6964996.111655035
        ]
      },
      "properties": {
        "junction_id": 36393,
        "veh_id": 11385,
        "sim_time_s": 2993.4,
        "tier": "track-zone",
        "prearm_status": "",
        "focus_role": "none"
      }
    },
    {
      "type": "Feature",
      "geometry": {
        "type": "Point",
        "coordinates": [
          500729.6456782595,
          6964410.562299555
        ]
      },
      "properties": {
        "junction_id": 39606,
        "veh_id": 11398,
        "sim_time_s": 2997.4,
        "tier": "track-zone",
        "prearm_status": "",
        "focus_role": "none"
      }
    },
    {
      "type": "Feature",
      "geometry": {
        "type": "Point",
        "coordinates": [
          500733.3330008858,
          6964401.156209389
        ]
      },
      "properties": {
        "junction_id": 39606,
        "veh_id": 11404,
        "sim_time_s": 3001.5,
        "tier": "track-zone",
        "prearm_status": "",
        "focus_role": "none"
      }
    },
    {
      "type": "Feature",
      "geometry": {
        "type": "Point",
        "coordinates": [
          499759.2516318788,
          6966605.754194918
        ]
      },
      "properties": {
        "junction_id": 39568,
        "veh_id": 11416,
        "sim_time_s": 3008.2,
        "tier": "track-zone",
        "prearm_status": "",
        "focus_role": "none"
      }
    },
    {
      "type": "Feature",
      "geometry": {
        "type": "Point",
        "coordinates": [
          0.0,
          0.0
        ]
      },
      "properties": {
        "junction_id": 39578,
        "veh_id": 11436,
        "sim_time_s": 3010.9,
        "tier": "harmony-no-ge-local",
        "prearm_status": "skip",
        "focus_role": "none"
      }
    },
    {
      "type": "Feature",
      "geometry": {
        "type": "Point",
        "coordinates": [
          500401.9417531985,
          6966038.745781357
        ]
      },
      "properties": {
        "junction_id": 1043762,
        "veh_id": 11436,
        "sim_time_s": 3021.8,
        "tier": "track-zone",
        "prearm_status": "",
        "focus_role": "none"
      }
    },
    {
      "type": "Feature",
      "geometry": {
        "type": "Point",
        "coordinates": [
          500689.5445857949,
          6964552.005177896
        ]
      },
      "properties": {
        "junction_id": 39590,
        "veh_id": 11425,
        "sim_time_s": 3029.8,
        "tier": "track-zone",
        "prearm_status": "",
        "focus_role": "none"
      }
    },
    {
      "type": "Feature",
      "geometry": {
        "type": "Point",
        "coordinates": [
          500034.88962207065,
          6966474.192178422
        ]
      },
      "properties": {
        "junction_id": 39568,
        "veh_id": 11393,
        "sim_time_s": 3031.2,
        "tier": "track-zone",
        "prearm_status": "",
        "focus_role": "none"
      }
    },
    {
      "type": "Feature",
      "geometry": {
        "type": "Point",
        "coordinates": [
          500034.88962207065,
          6966474.192178422
        ]
      },
      "properties": {
        "junction_id": 39572,
        "veh_id": 11393,
        "sim_time_s": 3032.6,
        "tier": "track-zone",
        "prearm_status": "",
        "focus_role": "none"
      }
    },
    {
      "type": "Feature",
      "geometry": {
        "type": "Point",
        "coordinates": [
          500748.2392184053,
          6964371.803153773
        ]
      },
      "properties": {
        "junction_id": 39590,
        "veh_id": 11404,
        "sim_time_s": 3037.9,
        "tier": "IC-detect-far",
        "prearm_status": "",
        "focus_role": "none"
      }
    },
    {
      "type": "Feature",
      "geometry": {
        "type": "Point",
        "coordinates": [
          500034.88962207065,
          6966474.192178422
        ]
      },
      "properties": {
        "junction_id": 39569,
        "veh_id": 11393,
        "sim_time_s": 3039.3,
        "tier": "IC-detect-far",
        "prearm_status": "",
        "focus_role": "none"
      }
    },
    {
      "type": "Feature",
      "geometry": {
        "type": "Point",
        "coordinates": [
          0.0,
          0.0
        ]
      },
      "properties": {
        "junction_id": 1043762,
        "veh_id": 11436,
        "sim_time_s": 3040.7,
        "tier": "harmony-no-ge-local",
        "prearm_status": "skip",
        "focus_role": "none"
      }
    },
    {
      "type": "Feature",
      "geometry": {
        "type": "Point",
        "coordinates": [
          0.0,
          0.0
        ]
      },
      "properties": {
        "junction_id": 36393,
        "veh_id": 11385,
        "sim_time_s": 3042.0,
        "tier": "harmony-no-ge-local",
        "prearm_status": "skip",
        "focus_role": "none"
      }
    },
    {
      "type": "Feature",
      "geometry": {
        "type": "Point",
        "coordinates": [
          500232.27137307276,
          6966239.4654514445
        ]
      },
      "properties": {
        "junction_id": 39569,
        "veh_id": 11436,
        "sim_time_s": 3043.3,
        "tier": "track-zone",
        "prearm_status": "",
        "focus_role": "none"
      }
    },
    {
      "type": "Feature",
      "geometry": {
        "type": "Point",
        "coordinates": [
          500753.2916366748,
          6964359.276794053
        ]
      },
      "properties": {
        "junction_id": 39590,
        "veh_id": 11398,
        "sim_time_s": 3044.7,
        "tier": "IC-detect",
        "prearm_status": "",
        "focus_role": "none"
      }
    },
    {
      "type": "Feature",
      "geometry": {
        "type": "Point",
        "coordinates": [
          0.0,
          0.0
        ]
      },
      "properties": {
        "junction_id": 39569,
        "veh_id": 11436,
        "sim_time_s": 3056.8,
        "tier": "harmony-no-ge-local",
        "prearm_status": "skip",
        "focus_role": "none"
      }
    },
    {
      "type": "Feature",
      "geometry": {
        "type": "Point",
        "coordinates": [
          500122.65426700504,
          6966430.883860457
        ]
      },
      "properties": {
        "junction_id": 39572,
        "veh_id": 11436,
        "sim_time_s": 3059.6,
        "tier": "track-zone",
        "prearm_status": "",
        "focus_role": "none"
      }
    },
    {
      "type": "Feature",
      "geometry": {
        "type": "Point",
        "coordinates": [
          500512.5213443737,
          6965704.5859494945
        ]
      },
      "properties": {
        "junction_id": 39587,
        "veh_id": 11415,
        "sim_time_s": 3064.9,
        "tier": "track-zone",
        "prearm_status": "",
        "focus_role": "none"
      }
    },
    {
      "type": "Feature",
      "geometry": {
        "type": "Point",
        "coordinates": [
          0.0,
          0.0
        ]
      },
      "properties": {
        "junction_id": 39576,
        "veh_id": 11426,
        "sim_time_s": 3071.7,
        "tier": "harmony-no-ge-local",
        "prearm_status": "skip",
        "focus_role": "none"
      }
    },
    {
      "type": "Feature",
      "geometry": {
        "type": "Point",
        "coordinates": [
          500518.54304579814,
          6965648.820614528
        ]
      },
      "properties": {
        "junction_id": 1119660,
        "veh_id": 11415,
        "sim_time_s": 3073.1,
        "tier": "track-zone",
        "prearm_status": "",
        "focus_role": "none"
      }
    },
    {
      "type": "Feature",
      "geometry": {
        "type": "Point",
        "coordinates": [
          499787.33559799776,
          6966592.2263591485
        ]
      },
      "properties": {
        "junction_id": 39572,
        "veh_id": 11416,
        "sim_time_s": 3073.1,
        "tier": "IC-detect",
        "prearm_status": "",
        "focus_role": "none"
      }
    },
    {
      "type": "Feature",
      "geometry": {
        "type": "Point",
        "coordinates": [
          500512.5266710527,
          6965703.635969297
        ]
      },
      "properties": {
        "junction_id": 39587,
        "veh_id": 11426,
        "sim_time_s": 3075.8,
        "tier": "track-zone",
        "prearm_status": "",
        "focus_role": "none"
      }
    },
    {
      "type": "Feature",
      "geometry": {
        "type": "Point",
        "coordinates": [
          0.0,
          0.0
        ]
      },
      "properties": {
        "junction_id": 39590,
        "veh_id": 11404,
        "sim_time_s": 3075.8,
        "tier": "harmony-no-ge-local",
        "prearm_status": "skip",
        "focus_role": "none"
      }
    },
    {
      "type": "Feature",
      "geometry": {
        "type": "Point",
        "coordinates": [
          500137.0587293801,
          6966428.555229172
        ]
      },
      "properties": {
        "junction_id": 1043762,
        "veh_id": 11393,
        "sim_time_s": 3085.2,
        "tier": "track-zone",
        "prearm_status": "",
        "focus_role": "none"
      }
    },
    {
      "type": "Feature",
      "geometry": {
        "type": "Point",
        "coordinates": [
          499877.42828332953,
          6966549.259786122
        ]
      },
      "properties": {
        "junction_id": 39569,
        "veh_id": 11416,
        "sim_time_s": 3086.6,
        "tier": "track-zone",
        "prearm_status": "",
        "focus_role": "none"
      }
    },
    {
      "type": "Feature",
      "geometry": {
        "type": "Point",
        "coordinates": [
          0.0,
          0.0
        ]
      },
      "properties": {
        "junction_id": 39606,
        "veh_id": 11404,
        "sim_time_s": 3093.3,
        "tier": "harmony-no-ge-local",
        "prearm_status": "skip",
        "focus_role": "none"
      }
    },
    {
      "type": "Feature",
      "geometry": {
        "type": "Point",
        "coordinates": [
          500733.45118761325,
          6964400.80777809
        ]
      },
      "properties": {
        "junction_id": 39606,
        "veh_id": 11425,
        "sim_time_s": 3096.0,
        "tier": "track-zone",
        "prearm_status": "",
        "focus_role": "none"
      }
    },
    {
      "type": "Feature",
      "geometry": {
        "type": "Point",
        "coordinates": [
          0.0,
          0.0
        ]
      },
      "properties": {
        "junction_id": 1043762,
        "veh_id": 11393,
        "sim_time_s": 3097.3,
        "tier": "harmony-no-ge-local",
        "prearm_status": "skip",
        "focus_role": "none"
      }
    },
    {
      "type": "Feature",
      "geometry": {
        "type": "Point",
        "coordinates": [
          500518.1962429014,
          6965649.914430972
        ]
      },
      "properties": {
        "junction_id": 1119660,
        "veh_id": 11426,
        "sim_time_s": 3102.8,
        "tier": "track-zone",
        "prearm_status": "",
        "focus_role": "none"
      }
    },
    {
      "type": "Feature",
      "geometry": {
        "type": "Point",
        "coordinates": [
          500544.5169002398,
          6965586.43404199
        ]
      },
      "properties": {
        "junction_id": 39576,
        "veh_id": 11415,
        "sim_time_s": 3105.4,
        "tier": "IC-detect",
        "prearm_status": "",
        "focus_role": "none"
      }
    },
    {
      "type": "Feature",
      "geometry": {
        "type": "Point",
        "coordinates": [
          500350.2329077063,
          6966102.738403284
        ]
      },
      "properties": {
        "junction_id": 39578,
        "veh_id": 11393,
        "sim_time_s": 3109.5,
        "tier": "track-section",
        "prearm_status": "",
        "focus_role": "none"
      }
    },
    {
      "type": "Feature",
      "geometry": {
        "type": "Point",
        "coordinates": [
          500551.3270856123,
          6965571.6539021535
        ]
      },
      "properties": {
        "junction_id": 10157950,
        "veh_id": 11415,
        "sim_time_s": 3112.2,
        "tier": "track-zone",
        "prearm_status": "",
        "focus_role": "none"
      }
    },
    {
      "type": "Feature",
      "geometry": {
        "type": "Point",
        "coordinates": [
          500690.0680639506,
          6964547.184736295
        ]
      },
      "properties": {
        "junction_id": 39590,
        "veh_id": 11385,
        "sim_time_s": 3117.6,
        "tier": "track-zone",
        "prearm_status": "",
        "focus_role": "none"
      }
    },
    {
      "type": "Feature",
      "geometry": {
        "type": "Point",
        "coordinates": [
          501028.185595823,
          6964258.127127105
        ]
      },
      "properties": {
        "junction_id": 39606,
        "veh_id": 11398,
        "sim_time_s": 3117.6,
        "tier": "IC-detect-far",
        "prearm_status": "",
        "focus_role": "none"
      }
    },
    {
      "type": "Feature",
      "geometry": {
        "type": "Point",
        "coordinates": [
          0.0,
          0.0
        ]
      },
      "properties": {
        "junction_id": 39578,
        "veh_id": 11393,
        "sim_time_s": 3124.3,
        "tier": "harmony-ge-local",
        "prearm_status": "action",
        "focus_role": "none"
      }
    },
    {
      "type": "Feature",
      "geometry": {
        "type": "Point",
        "coordinates": [
          500532.48120142857,
          6965933.05414246
        ]
      },
      "properties": {
        "junction_id": 39576,
        "veh_id": 11393,
        "sim_time_s": 3125.7,
        "tier": "track-zone",
        "prearm_status": "",
        "focus_role": "none"
      }
    },
    {
      "type": "Feature",
      "geometry": {
        "type": "Point",
        "coordinates": [
          499996.9678345499,
          6966491.861558981
        ]
      },
      "properties": {
        "junction_id": 39568,
        "veh_id": 11416,
        "sim_time_s": 3129.8,
        "tier": "track-zone",
        "prearm_status": "",
        "focus_role": "none"
      }
    },
    {
      "type": "Feature",
      "geometry": {
        "type": "Point",
        "coordinates": [
          500730.7865115581,
          6964399.2885632375
        ]
      },
      "properties": {
        "junction_id": 39606,
        "veh_id": 11385,
        "sim_time_s": 3132.4,
        "tier": "track-zone",
        "prearm_status": "",
        "focus_role": "none"
      }
    },
    {
      "type": "Feature",
      "geometry": {
        "type": "Point",
        "coordinates": [
          0.0,
          0.0
        ]
      },
      "properties": {
        "junction_id": 39590,
        "veh_id": 11425,
        "sim_time_s": 3132.4,
        "tier": "harmony-no-ge-local",
        "prearm_status": "skip",
        "focus_role": "none"
      }
    },
    {
      "type": "Feature",
      "geometry": {
        "type": "Point",
        "coordinates": [
          500075.33368699317,
          6966491.219376656
        ]
      },
      "properties": {
        "junction_id": 39568,
        "veh_id": 11436,
        "sim_time_s": 3137.8,
        "tier": "track-zone",
        "prearm_status": "",
        "focus_role": "none"
      }
    },
    {
      "type": "Feature",
      "geometry": {
        "type": "Point",
        "coordinates": [
          500946.97228876385,
          6964034.668682542
        ]
      },
      "properties": {
        "junction_id": 39606,
        "veh_id": 11437,
        "sim_time_s": 3150.0,
        "tier": "track-section",
        "prearm_status": "",
        "focus_role": "none"
      }
    },
    {
      "type": "Feature",
      "geometry": {
        "type": "Point",
        "coordinates": [
          0.0,
          0.0
        ]
      },
      "properties": {
        "junction_id": 39572,
        "veh_id": 11436,
        "sim_time_s": 3150.0,
        "tier": "harmony-no-ge-local",
        "prearm_status": "skip",
        "focus_role": "none"
      }
    },
    {
      "type": "Feature",
      "geometry": {
        "type": "Point",
        "coordinates": [
          0.0,
          0.0
        ]
      },
      "properties": {
        "junction_id": 39590,
        "veh_id": 11385,
        "sim_time_s": 3152.7,
        "tier": "harmony-no-ge-local",
        "prearm_status": "skip",
        "focus_role": "none"
      }
    },
    {
      "type": "Feature",
      "geometry": {
        "type": "Point",
        "coordinates": [
          500882.84629394254,
          6964125.530878076
        ]
      },
      "properties": {
        "junction_id": 39590,
        "veh_id": 11437,
        "sim_time_s": 3156.8,
        "tier": "track-zone",
        "prearm_status": "",
        "focus_role": "none"
      }
    },
    {
      "type": "Feature",
      "geometry": {
        "type": "Point",
        "coordinates": [
          500084.5156972597,
          6967502.374766049
        ]
      },
      "properties": {
        "junction_id": 38339,
        "veh_id": 11427,
        "sim_time_s": 3157.7,
        "tier": "IC-detect",
        "prearm_status": "",
        "focus_role": "none"
      }
    },
    {
      "type": "Feature",
      "geometry": {
        "type": "Point",
        "coordinates": [
          0.0,
          0.0
        ]
      },
      "properties": {
        "junction_id": 39606,
        "veh_id": 11437,
        "sim_time_s": 3162.2,
        "tier": "harmony-ins-local",
        "prearm_status": "action",
        "focus_role": "none"
      }
    },
    {
      "type": "Feature",
      "geometry": {
        "type": "Point",
        "coordinates": [
          500018.2823020491,
          6966620.581434282
        ]
      },
      "properties": {
        "junction_id": 11118289,
        "veh_id": 11436,
        "sim_time_s": 3179.7,
        "tier": "track-zone",
        "prearm_status": "",
        "focus_role": "none"
      }
    },
    {
      "type": "Feature",
      "geometry": {
        "type": "Point",
        "coordinates": [
          500950.7888787157,
          6964039.930207144
        ]
      },
      "properties": {
        "junction_id": 39606,
        "veh_id": 11387,
        "sim_time_s": 3180.2,
        "tier": "IC-detect",
        "prearm_status": "",
        "focus_role": "none"
      }
    },
    {
      "type": "Feature",
      "geometry": {
        "type": "Point",
        "coordinates": [
          500575.6853413382,
          6965509.205577258
        ]
      },
      "properties": {
        "junction_id": 39587,
        "veh_id": 11415,
        "sim_time_s": 3185.1,
        "tier": "IC-detect",
        "prearm_status": "",
        "focus_role": "none"
      }
    },
    {
      "type": "Feature",
      "geometry": {
        "type": "Point",
        "coordinates": [
          0.0,
          0.0
        ]
      },
      "properties": {
        "junction_id": 39587,
        "veh_id": 11415,
        "sim_time_s": 3185.1,
        "tier": "harmony-no-ge-local",
        "prearm_status": "skip",
        "focus_role": "none"
      }
    },
    {
      "type": "Feature",
      "geometry": {
        "type": "Point",
        "coordinates": [
          500889.1564906786,
          6964123.044550869
        ]
      },
      "properties": {
        "junction_id": 39590,
        "veh_id": 11387,
        "sim_time_s": 3186.4,
        "tier": "track-zone",
        "prearm_status": "",
        "focus_role": "none"
      }
    },
    {
      "type": "Feature",
      "geometry": {
        "type": "Point",
        "coordinates": [
          500554.1950983139,
          6965565.356269538
        ]
      },
      "properties": {
        "junction_id": 10157950,
        "veh_id": 11426,
        "sim_time_s": 3186.4,
        "tier": "track-zone",
        "prearm_status": "",
        "focus_role": "none"
      }
    },
    {
      "type": "Feature",
      "geometry": {
        "type": "Point",
        "coordinates": [
          499960.4196959947,
          6966797.599959539
        ]
      },
      "properties": {
        "junction_id": 38339,
        "veh_id": 11436,
        "sim_time_s": 3193.2,
        "tier": "track-zone",
        "prearm_status": "",
        "focus_role": "none"
      }
    },
    {
      "type": "Feature",
      "geometry": {
        "type": "Point",
        "coordinates": [
          500598.61964596086,
          6965441.932482848
        ]
      },
      "properties": {
        "junction_id": 1119660,
        "veh_id": 11415,
        "sim_time_s": 3194.6,
        "tier": "track-zone",
        "prearm_status": "",
        "focus_role": "none"
      }
    },
    {
      "type": "Feature",
      "geometry": {
        "type": "Point",
        "coordinates": [
          0.0,
          0.0
        ]
      },
      "properties": {
        "junction_id": 39587,
        "veh_id": 11426,
        "sim_time_s": 3194.6,
        "tier": "harmony-no-ge-local",
        "prearm_status": "skip",
        "focus_role": "none"
      }
    },
    {
      "type": "Feature",
      "geometry": {
        "type": "Point",
        "coordinates": [
          0.0,
          0.0
        ]
      },
      "properties": {
        "junction_id": 39576,
        "veh_id": 11393,
        "sim_time_s": 3205.3,
        "tier": "harmony-no-ge-local",
        "prearm_status": "skip",
        "focus_role": "none"
      }
    },
    {
      "type": "Feature",
      "geometry": {
        "type": "Point",
        "coordinates": [
          500012.04347057466,
          6966484.753523614
        ]
      },
      "properties": {
        "junction_id": 39569,
        "veh_id": 11416,
        "sim_time_s": 3206.7,
        "tier": "IC-detect",
        "prearm_status": "",
        "focus_role": "none"
      }
    },
    {
      "type": "Feature",
      "geometry": {
        "type": "Point",
        "coordinates": [
          0.0,
          0.0
        ]
      },
      "properties": {
        "junction_id": 38339,
        "veh_id": 11436,
        "sim_time_s": 3208.1,
        "tier": "harmony-ins-local",
        "prearm_status": "action",
        "focus_role": "none"
      }
    },
    {
      "type": "Feature",
      "geometry": {
        "type": "Point",
        "coordinates": [
          500509.74812860385,
          6965700.9950602455
        ]
      },
      "properties": {
        "junction_id": 39587,
        "veh_id": 11393,
        "sim_time_s": 3216.2,
        "tier": "track-zone",
        "prearm_status": "",
        "focus_role": "none"
      }
    },
    {
      "type": "Feature",
      "geometry": {
        "type": "Point",
        "coordinates": [
          500611.02281812346,
          6965402.07051212
        ]
      },
      "properties": {
        "junction_id": 39593,
        "veh_id": 11415,
        "sim_time_s": 3218.8,
        "tier": "track-zone",
        "prearm_status": "",
        "focus_role": "none"
      }
    },
    {
      "type": "Feature",
      "geometry": {
        "type": "Point",
        "coordinates": [
          500583.1983814151,
          6965488.168963703
        ]
      },
      "properties": {
        "junction_id": 39576,
        "veh_id": 11426,
        "sim_time_s": 3218.8,
        "tier": "track-zone",
        "prearm_status": "",
        "focus_role": "none"
      }
    },
    {
      "type": "Feature",
      "geometry": {
        "type": "Point",
        "coordinates": [
          499967.04556129774,
          6967111.799985467
        ]
      },
      "properties": {
        "junction_id": 11118289,
        "veh_id": 11427,
        "sim_time_s": 3218.8,
        "tier": "track-zone",
        "prearm_status": "",
        "focus_role": "none"
      }
    },
    {
      "type": "Feature",
      "geometry": {
        "type": "Point",
        "coordinates": [
          0.0,
          0.0
        ]
      },
      "properties": {
        "junction_id": 39590,
        "veh_id": 11437,
        "sim_time_s": 3218.8,
        "tier": "harmony-no-ge-local",
        "prearm_status": "skip",
        "focus_role": "none"
      }
    },
    {
      "type": "Feature",
      "geometry": {
        "type": "Point",
        "coordinates": [
          500516.01915623463,
          6965647.026731069
        ]
      },
      "properties": {
        "junction_id": 1119660,
        "veh_id": 11393,
        "sim_time_s": 3222.9,
        "tier": "track-zone",
        "prearm_status": "",
        "focus_role": "none"
      }
    },
    {
      "type": "Feature",
      "geometry": {
        "type": "Point",
        "coordinates": [
          500583.1983814151,
          6965488.168963703
        ]
      },
      "properties": {
        "junction_id": 1119660,
        "veh_id": 11426,
        "sim_time_s": 3224.2,
        "tier": "track-zone",
        "prearm_status": "",
        "focus_role": "none"
      }
    },
    {
      "type": "Feature",
      "geometry": {
        "type": "Point",
        "coordinates": [
          500643.71609064535,
          6965268.12232722
        ]
      },
      "properties": {
        "junction_id": 10157950,
        "veh_id": 11415,
        "sim_time_s": 3233.7,
        "tier": "track-zone",
        "prearm_status": "",
        "focus_role": "none"
      }
    },
    {
      "type": "Feature",
      "geometry": {
        "type": "Point",
        "coordinates": [
          500673.6649462127,
          6964518.519444067
        ]
      },
      "properties": {
        "junction_id": 36393,
        "veh_id": 11387,
        "sim_time_s": 3244.1,
        "tier": "IC-detect",
        "prearm_status": "",
        "focus_role": "none"
      }
    },
    {
      "type": "Feature",
      "geometry": {
        "type": "Point",
        "coordinates": [
          500647.32529551705,
          6965258.996243393
        ]
      },
      "properties": {
        "junction_id": 36385,
        "veh_id": 11415,
        "sim_time_s": 3256.7,
        "tier": "track-zone",
        "prearm_status": "",
        "focus_role": "none"
      }
    },
    {
      "type": "Feature",
      "geometry": {
        "type": "Point",
        "coordinates": [
          500672.8663253512,
          6964524.458138068
        ]
      },
      "properties": {
        "junction_id": 36393,
        "veh_id": 11437,
        "sim_time_s": 3262.1,
        "tier": "track-zone",
        "prearm_status": "",
        "focus_role": "none"
      }
    },
    {
      "type": "Feature",
      "geometry": {
        "type": "Point",
        "coordinates": [
          0.0,
          0.0
        ]
      },
      "properties": {
        "junction_id": 39593,
        "veh_id": 11415,
        "sim_time_s": 3263.4,
        "tier": "harmony-no-ge-local",
        "prearm_status": "skip",
        "focus_role": "none"
      }
    },
    {
      "type": "Feature",
      "geometry": {
        "type": "Point",
        "coordinates": [
          500682.80467845645,
          6964780.391498563
        ]
      },
      "properties": {
        "junction_id": 36385,
        "veh_id": 11387,
        "sim_time_s": 3270.2,
        "tier": "track-zone",
        "prearm_status": "",
        "focus_role": "none"
      }
    },
    {
      "type": "Feature",
      "geometry": {
        "type": "Point",
        "coordinates": [
          499960.93141346285,
          6966956.860203426
        ]
      },
      "properties": {
        "junction_id": 39568,
        "veh_id": 11427,
        "sim_time_s": 3270.2,
        "tier": "track-zone",
        "prearm_status": "",
        "focus_role": "none"
      }
    },
    {
      "type": "Feature",
      "geometry": {
        "type": "Point",
        "coordinates": [
          0.0,
          0.0
        ]
      },
      "properties": {
        "junction_id": 36393,
        "veh_id": 11437,
        "sim_time_s": 3275.6,
        "tier": "harmony-no-ge-local",
        "prearm_status": "skip",
        "focus_role": "none"
      }
    },
    {
      "type": "Feature",
      "geometry": {
        "type": "Point",
        "coordinates": [
          499966.2803451838,
          6966891.116747133
        ]
      },
      "properties": {
        "junction_id": 39572,
        "veh_id": 11427,
        "sim_time_s": 3276.9,
        "tier": "track-zone",
        "prearm_status": "",
        "focus_role": "none"
      }
    },
    {
      "type": "Feature",
      "geometry": {
        "type": "Point",
        "coordinates": [
          500610.6642339716,
          6965403.360393323
        ]
      },
      "properties": {
        "junction_id": 39593,
        "veh_id": 11426,
        "sim_time_s": 3278.2,
        "tier": "track-zone",
        "prearm_status": "",
        "focus_role": "none"
      }
    },
    {
      "type": "Feature",
      "geometry": {
        "type": "Point",
        "coordinates": [
          500679.6962176799,
          6964778.642150663
        ]
      },
      "properties": {
        "junction_id": 36385,
        "veh_id": 11437,
        "sim_time_s": 3279.6,
        "tier": "track-zone",
        "prearm_status": "",
        "focus_role": "none"
      }
    },
    {
      "type": "Feature",
      "geometry": {
        "type": "Point",
        "coordinates": [
          500059.52246900654,
          6966463.362066736
        ]
      },
      "properties": {
        "junction_id": 39572,
        "veh_id": 11416,
        "sim_time_s": 3283.7,
        "tier": "track-zone",
        "prearm_status": "",
        "focus_role": "none"
      }
    },
    {
      "type": "Feature",
      "geometry": {
        "type": "Point",
        "coordinates": [
          500653.70724980376,
          6965244.252863231
        ]
      },
      "properties": {
        "junction_id": 36385,
        "veh_id": 11426,
        "sim_time_s": 3289.1,
        "tier": "track-zone",
        "prearm_status": "",
        "focus_role": "none"
      }
    },
    {
      "type": "Feature",
      "geometry": {
        "type": "Point",
        "coordinates": [
          0.0,
          0.0
        ]
      },
      "properties": {
        "junction_id": 39593,
        "veh_id": 11426,
        "sim_time_s": 3291.8,
        "tier": "harmony-no-ge-local",
        "prearm_status": "skip",
        "focus_role": "none"
      }
    },
    {
      "type": "Feature",
      "geometry": {
        "type": "Point",
        "coordinates": [
          0.0,
          0.0
        ]
      },
      "properties": {
        "junction_id": 39572,
        "veh_id": 11427,
        "sim_time_s": 3291.8,
        "tier": "harmony-no-ge-local",
        "prearm_status": "skip",
        "focus_role": "none"
      }
    },
    {
      "type": "Feature",
      "geometry": {
        "type": "Point",
        "coordinates": [
          500015.3682243789,
          6966661.319993848
        ]
      },
      "properties": {
        "junction_id": 39569,
        "veh_id": 11427,
        "sim_time_s": 3293.1,
        "tier": "track-zone",
        "prearm_status": "",
        "focus_role": "none"
      }
    },
    {
      "type": "Feature",
      "geometry": {
        "type": "Point",
        "coordinates": [
          500708.2721418801,
          6964934.825772951
        ]
      },
      "properties": {
        "junction_id": 39593,
        "veh_id": 11387,
        "sim_time_s": 3297.2,
        "tier": "track-zone",
        "prearm_status": "",
        "focus_role": "none"
      }
    },
    {
      "type": "Feature",
      "geometry": {
        "type": "Point",
        "coordinates": [
          500701.3579051649,
          6964930.367357701
        ]
      },
      "properties": {
        "junction_id": 39593,
        "veh_id": 11437,
        "sim_time_s": 3298.5,
        "tier": "track-zone",
        "prearm_status": "",
        "focus_role": "none"
      }
    },
    {
      "type": "Feature",
      "geometry": {
        "type": "Point",
        "coordinates": [
          500134.35896903847,
          6965615.236375507
        ]
      },
      "properties": {
        "junction_id": 39576,
        "veh_id": 11405,
        "sim_time_s": 3300.3,
        "tier": "IC-detect",
        "prearm_status": "",
        "focus_role": "none"
      }
    },
    {
      "type": "Feature",
      "geometry": {
        "type": "Point",
        "coordinates": [
          500553.65716178954,
          6965559.61525342
        ]
      },
      "properties": {
        "junction_id": 10157950,
        "veh_id": 11393,
        "sim_time_s": 3303.9,
        "tier": "track-zone",
        "prearm_status": "",
        "focus_role": "none"
      }
    },
    {
      "type": "Feature",
      "geometry": {
        "type": "Point",
        "coordinates": [
          0.0,
          0.0
        ]
      },
      "properties": {
        "junction_id": 36385,
        "veh_id": 11387,
        "sim_time_s": 3305.2,
        "tier": "harmony-no-ge-local",
        "prearm_status": "skip",
        "focus_role": "none"
      }
    },
    {
      "type": "Feature",
      "geometry": {
        "type": "Point",
        "coordinates": [
          500693.3591378167,
          6965163.027663282
        ]
      },
      "properties": {
        "junction_id": 10157950,
        "veh_id": 11426,
        "sim_time_s": 3307.9,
        "tier": "track-zone",
        "prearm_status": "",
        "focus_role": "none"
      }
    },
    {
      "type": "Feature",
      "geometry": {
        "type": "Point",
        "coordinates": [
          0.0,
          0.0
        ]
      },
      "properties": {
        "junction_id": 39587,
        "veh_id": 11393,
        "sim_time_s": 3312.0,
        "tier": "harmony-no-ge-local",
        "prearm_status": "skip",
        "focus_role": "none"
      }
    },
    {
      "type": "Feature",
      "geometry": {
        "type": "Point",
        "coordinates": [
          500059.52246900654,
          6966463.362066736
        ]
      },
      "properties": {
        "junction_id": 39569,
        "veh_id": 11416,
        "sim_time_s": 3326.8,
        "tier": "IC-detect",
        "prearm_status": "",
        "focus_role": "none"
      }
    },
    {
      "type": "Feature",
      "geometry": {
        "type": "Point",
        "coordinates": [
          0.0,
          0.0
        ]
      },
      "properties": {
        "junction_id": 36385,
        "veh_id": 11437,
        "sim_time_s": 3329.6,
        "tier": "harmony-no-ge-local",
        "prearm_status": "skip",
        "focus_role": "none"
      }
    },
    {
      "type": "Feature",
      "geometry": {
        "type": "Point",
        "coordinates": [
          0.0,
          0.0
        ]
      },
      "properties": {
        "junction_id": 39569,
        "veh_id": 11416,
        "sim_time_s": 3332.2,
        "tier": "harmony-no-ge-local",
        "prearm_status": "skip",
        "focus_role": "none"
      }
    },
    {
      "type": "Feature",
      "geometry": {
        "type": "Point",
        "coordinates": [
          500130.9338977663,
          6966438.972723562
        ]
      },
      "properties": {
        "junction_id": 1043762,
        "veh_id": 11416,
        "sim_time_s": 3337.7,
        "tier": "track-zone",
        "prearm_status": "",
        "focus_role": "none"
      }
    },
    {
      "type": "Feature",
      "geometry": {
        "type": "Point",
        "coordinates": [
          500681.8918460113,
          6965107.737734856
        ]
      },
      "properties": {
        "junction_id": 10157950,
        "veh_id": 11437,
        "sim_time_s": 3337.7,
        "tier": "track-zone",
        "prearm_status": "",
        "focus_role": "none"
      }
    },
    {
      "type": "Feature",
      "geometry": {
        "type": "Point",
        "coordinates": [
          0.0,
          0.0
        ]
      },
      "properties": {
        "junction_id": 39593,
        "veh_id": 11437,
        "sim_time_s": 3343.1,
        "tier": "harmony-no-ge-local",
        "prearm_status": "skip",
        "focus_role": "none"
      }
    },
    {
      "type": "Feature",
      "geometry": {
        "type": "Point",
        "coordinates": [
          500577.33866149024,
          6965495.942576885
        ]
      },
      "properties": {
        "junction_id": 1119660,
        "veh_id": 11393,
        "sim_time_s": 3344.4,
        "tier": "track-zone",
        "prearm_status": "",
        "focus_role": "none"
      }
    },
    {
      "type": "Feature",
      "geometry": {
        "type": "Point",
        "coordinates": [
          500658.9101664774,
          6965188.845406258
        ]
      },
      "properties": {
        "junction_id": 1119660,
        "veh_id": 11437,
        "sim_time_s": 3364.7,
        "tier": "track-zone",
        "prearm_status": "",
        "focus_role": "none"
      }
    },
    {
      "type": "Feature",
      "geometry": {
        "type": "Point",
        "coordinates": [
          500716.12955687667,
          6964998.973896815
        ]
      },
      "properties": {
        "junction_id": 36393,
        "veh_id": 11387,
        "sim_time_s": 3366.0,
        "tier": "track-zone",
        "prearm_status": "",
        "focus_role": "none"
      }
    },
    {
      "type": "Feature",
      "geometry": {
        "type": "Point",
        "coordinates": [
          0.0,
          0.0
        ]
      },
      "properties": {
        "junction_id": 36385,
        "veh_id": 11426,
        "sim_time_s": 3367.3,
        "tier": "harmony-no-ge-local",
        "prearm_status": "skip",
        "focus_role": "none"
      }
    },
    {
      "type": "Feature",
      "geometry": {
        "type": "Point",
        "coordinates": [
          500577.33866149024,
          6965495.942576885
        ]
      },
      "properties": {
        "junction_id": 39576,
        "veh_id": 11393,
        "sim_time_s": 3368.7,
        "tier": "track-zone",
        "prearm_status": "",
        "focus_role": "none"
      }
    },
    {
      "type": "Feature",
      "geometry": {
        "type": "Point",
        "coordinates": [
          500633.12039354176,
          6965246.790566509
        ]
      },
      "properties": {
        "junction_id": 39587,
        "veh_id": 11437,
        "sim_time_s": 3368.7,
        "tier": "track-zone",
        "prearm_status": "",
        "focus_role": "none"
      }
    },
    {
      "type": "Feature",
      "geometry": {
        "type": "Point",
        "coordinates": [
          0.0,
          0.0
        ]
      },
      "properties": {
        "junction_id": 1043762,
        "veh_id": 11416,
        "sim_time_s": 3372.8,
        "tier": "harmony-no-ge-local",
        "prearm_status": "skip",
        "focus_role": "none"
      }
    },
    {
      "type": "Feature",
      "geometry": {
        "type": "Point",
        "coordinates": [
          500723.0830393521,
          6965038.546545217
        ]
      },
      "properties": {
        "junction_id": 36385,
        "veh_id": 11415,
        "sim_time_s": 3376.8,
        "tier": "IC-detect",
        "prearm_status": "",
        "focus_role": "none"
      }
    },
    {
      "type": "Feature",
      "geometry": {
        "type": "Point",
        "coordinates": [
          0.0,
          0.0
        ]
      },
      "properties": {
        "junction_id": 36385,
        "veh_id": 11415,
        "sim_time_s": 3376.8,
        "tier": "harmony-no-ge-local",
        "prearm_status": "skip",
        "focus_role": "none"
      }
    },
    {
      "type": "Feature",
      "geometry": {
        "type": "Point",
        "coordinates": [
          0.0,
          0.0
        ]
      },
      "properties": {
        "junction_id": 39569,
        "veh_id": 11427,
        "sim_time_s": 3382.2,
        "tier": "harmony-no-ge-local",
        "prearm_status": "skip",
        "focus_role": "none"
      }
    },
    {
      "type": "Feature",
      "geometry": {
        "type": "Point",
        "coordinates": [
          500122.16068764107,
          6966440.584316345
        ]
      },
      "properties": {
        "junction_id": 1043762,
        "veh_id": 11427,
        "sim_time_s": 3386.2,
        "tier": "track-zone",
        "prearm_status": "",
        "focus_role": "none"
      }
    },
    {
      "type": "Feature",
      "geometry": {
        "type": "Point",
        "coordinates": [
          500604.80447152426,
          6965413.296875766
        ]
      },
      "properties": {
        "junction_id": 39593,
        "veh_id": 11393,
        "sim_time_s": 3390.3,
        "tier": "track-zone",
        "prearm_status": "",
        "focus_role": "none"
      }
    },
    {
      "type": "Feature",
      "geometry": {
        "type": "Point",
        "coordinates": [
          0.0,
          0.0
        ]
      },
      "properties": {
        "junction_id": 1043762,
        "veh_id": 11427,
        "sim_time_s": 3401.1,
        "tier": "harmony-no-ge-local",
        "prearm_status": "skip",
        "focus_role": "none"
      }
    },
    {
      "type": "Feature",
      "geometry": {
        "type": "Point",
        "coordinates": [
          500648.50065645017,
          6965248.803007832
        ]
      },
      "properties": {
        "junction_id": 36385,
        "veh_id": 11393,
        "sim_time_s": 3402.4,
        "tier": "track-zone",
        "prearm_status": "",
        "focus_role": "none"
      }
    },
    {
      "type": "Feature",
      "geometry": {
        "type": "Point",
        "coordinates": [
          0.0,
          0.0
        ]
      },
      "properties": {
        "junction_id": 39587,
        "veh_id": 11437,
        "sim_time_s": 3405.2,
        "tier": "harmony-no-ge-local",
        "prearm_status": "skip",
        "focus_role": "none"
      }
    },
    {
      "type": "Feature",
      "geometry": {
        "type": "Point",
        "coordinates": [
          0.0,
          0.0
        ]
      },
      "properties": {
        "junction_id": 39593,
        "veh_id": 11393,
        "sim_time_s": 3406.5,
        "tier": "harmony-no-ge-local",
        "prearm_status": "skip",
        "focus_role": "none"
      }
    },
    {
      "type": "Feature",
      "geometry": {
        "type": "Point",
        "coordinates": [
          500575.4221675873,
          6965459.830360095
        ]
      },
      "properties": {
        "junction_id": 39576,
        "veh_id": 11437,
        "sim_time_s": 3407.8,
        "tier": "track-zone",
        "prearm_status": "",
        "focus_role": "none"
      }
    },
    {
      "type": "Feature",
      "geometry": {
        "type": "Point",
        "coordinates": [
          500356.1518436246,
          6966097.17462445
        ]
      },
      "properties": {
        "junction_id": 39578,
        "veh_id": 11416,
        "sim_time_s": 3410.6,
        "tier": "track-section",
        "prearm_status": "",
        "focus_role": "none"
      }
    },
    {
      "type": "Feature",
      "geometry": {
        "type": "Point",
        "coordinates": [
          500346.9064609541,
          6966097.434948809
        ]
      },
      "properties": {
        "junction_id": 39578,
        "veh_id": 11427,
        "sim_time_s": 3413.2,
        "tier": "track-section",
        "prearm_status": "",
        "focus_role": "none"
      }
    },
    {
      "type": "Feature",
      "geometry": {
        "type": "Point",
        "coordinates": [
          500819.8260027402,
          6965054.926789825
        ]
      },
      "properties": {
        "junction_id": 39593,
        "veh_id": 11387,
        "sim_time_s": 3418.7,
        "tier": "track-zone",
        "prearm_status": "",
        "focus_role": "none"
      }
    },
    {
      "type": "Feature",
      "geometry": {
        "type": "Point",
        "coordinates": [
          500398.31688078574,
          6965682.886053764
        ]
      },
      "properties": {
        "junction_id": 39576,
        "veh_id": 11405,
        "sim_time_s": 3420.4,
        "tier": "IC-detect",
        "prearm_status": "",
        "focus_role": "none"
      }
    },
    {
      "type": "Feature",
      "geometry": {
        "type": "Point",
        "coordinates": [
          500946.0468479706,
          6964036.183379185
        ]
      },
      "properties": {
        "junction_id": 39606,
        "veh_id": 11411,
        "sim_time_s": 3420.9,
        "tier": "IC-detect",
        "prearm_status": "",
        "focus_role": "none"
      }
    },
    {
      "type": "Feature",
      "geometry": {
        "type": "Point",
        "coordinates": [
          500697.1552583211,
          6965135.913566532
        ]
      },
      "properties": {
        "junction_id": 10157950,
        "veh_id": 11393,
        "sim_time_s": 3425.4,
        "tier": "track-zone",
        "prearm_status": "",
        "focus_role": "none"
      }
    },
    {
      "type": "Feature",
      "geometry": {
        "type": "Point",
        "coordinates": [
          500832.33867567586,
          6965061.019251894
        ]
      },
      "properties": {
        "junction_id": 36385,
        "veh_id": 11387,
        "sim_time_s": 3425.4,
        "tier": "IC-detect-far",
        "prearm_status": "",
        "focus_role": "none"
      }
    },
    {
      "type": "Feature",
      "geometry": {
        "type": "Point",
        "coordinates": [
          0.0,
          0.0
        ]
      },
      "properties": {
        "junction_id": 39578,
        "veh_id": 11427,
        "sim_time_s": 3426.8,
        "tier": "harmony-no-ge-local",
        "prearm_status": "skip",
        "focus_role": "none"
      }
    },
    {
      "type": "Feature",
      "geometry": {
        "type": "Point",
        "coordinates": [
          500524.64065414976,
          6965935.992503862
        ]
      },
      "properties": {
        "junction_id": 39576,
        "veh_id": 11427,
        "sim_time_s": 3428.1,
        "tier": "track-zone",
        "prearm_status": "",
        "focus_role": "none"
      }
    },
    {
      "type": "Feature",
      "geometry": {
        "type": "Point",
        "coordinates": [
          0.0,
          0.0
        ]
      },
      "properties": {
        "junction_id": 39576,
        "veh_id": 11437,
        "sim_time_s": 3437.6,
        "tier": "harmony-no-ge-local",
        "prearm_status": "skip",
        "focus_role": "none"
      }
    },
    {
      "type": "Feature",
      "geometry": {
        "type": "Point",
        "coordinates": [
          500729.14002560393,
          6965001.301874957
        ]
      },
      "properties": {
        "junction_id": 36393,
        "veh_id": 11415,
        "sim_time_s": 3438.9,
        "tier": "track-zone",
        "prearm_status": "",
        "focus_role": "none"
      }
    },
    {
      "type": "Feature",
      "geometry": {
        "type": "Point",
        "coordinates": [
          500491.92318418203,
          6965693.679469036
        ]
      },
      "properties": {
        "junction_id": 39578,
        "veh_id": 11437,
        "sim_time_s": 3440.2,
        "tier": "track-zone",
        "prearm_status": "",
        "focus_role": "none"
      }
    },
    {
      "type": "Feature",
      "geometry": {
        "type": "Point",
        "coordinates": [
          500725.85730089626,
          6964989.787991887
        ]
      },
      "properties": {
        "junction_id": 36393,
        "veh_id": 11426,
        "sim_time_s": 3441.6,
        "tier": "track-zone",
        "prearm_status": "",
        "focus_role": "none"
      }
    },
    {
      "type": "Feature",
      "geometry": {
        "type": "Point",
        "coordinates": [
          0.0,
          0.0
        ]
      },
      "properties": {
        "junction_id": 39578,
        "veh_id": 11416,
        "sim_time_s": 3447.0,
        "tier": "harmony-ge-local",
        "prearm_status": "action",
        "focus_role": "none"
      }
    },
    {
      "type": "Feature",
      "geometry": {
        "type": "Point",
        "coordinates": [
          500532.62983771303,
          6965932.399151629
        ]
      },
      "properties": {
        "junction_id": 39576,
        "veh_id": 11416,
        "sim_time_s": 3449.7,
        "tier": "track-zone",
        "prearm_status": "",
        "focus_role": "none"
      }
    },
    {
      "type": "Feature",
      "geometry": {
        "type": "Point",
        "coordinates": [
          0.0,
          0.0
        ]
      },
      "properties": {
        "junction_id": 36393,
        "veh_id": 11426,
        "sim_time_s": 3460.5,
        "tier": "harmony-no-ge-local",
        "prearm_status": "skip",
        "focus_role": "none"
      }
    },
    {
      "type": "Feature",
      "geometry": {
        "type": "Point",
        "coordinates": [
          500892.86475089594,
          6964114.17079445
        ]
      },
      "properties": {
        "junction_id": 39590,
        "veh_id": 11411,
        "sim_time_s": 3464.6,
        "tier": "track-zone",
        "prearm_status": "",
        "focus_role": "none"
      }
    },
    {
      "type": "Feature",
      "geometry": {
        "type": "Point",
        "coordinates": [
          0.0,
          0.0
        ]
      },
      "properties": {
        "junction_id": 39606,
        "veh_id": 11411,
        "sim_time_s": 3468.6,
        "tier": "harmony-no-ge-local",
        "prearm_status": "skip",
        "focus_role": "none"
      }
    },
    {
      "type": "Feature",
      "geometry": {
        "type": "Point",
        "coordinates": [
          500690.0346603158,
          6964547.63120762
        ]
      },
      "properties": {
        "junction_id": 39590,
        "veh_id": 11426,
        "sim_time_s": 3480.8,
        "tier": "track-zone",
        "prearm_status": "",
        "focus_role": "none"
      }
    },
    {
      "type": "Feature",
      "geometry": {
        "type": "Point",
        "coordinates": [
          499517.39046187786,
          6966652.513049488
        ]
      },
      "properties": {
        "junction_id": 39572,
        "veh_id": 11394,
        "sim_time_s": 3492.9,
        "tier": "IC-detect",
        "prearm_status": "",
        "focus_role": "none"
      }
    },
    {
      "type": "Feature",
      "geometry": {
        "type": "Point",
        "coordinates": [
          500689.9450978443,
          6964549.355636968
        ]
      },
      "properties": {
        "junction_id": 39590,
        "veh_id": 11415,
        "sim_time_s": 3494.2,
        "tier": "track-zone",
        "prearm_status": "",
        "focus_role": "none"
      }
    },
    {
      "type": "Feature",
      "geometry": {
        "type": "Point",
        "coordinates": [
          500394.387622833,
          6966046.708770865
        ]
      },
      "properties": {
        "junction_id": 1043762,
        "veh_id": 11437,
        "sim_time_s": 3499.7,
        "tier": "track-zone",
        "prearm_status": "",
        "focus_role": "none"
      }
    },
    {
      "type": "Feature",
      "geometry": {
        "type": "Point",
        "coordinates": [
          0.0,
          0.0
        ]
      },
      "properties": {
        "junction_id": 39590,
        "veh_id": 11411,
        "sim_time_s": 3509.1,
        "tier": "harmony-no-ge-local",
        "prearm_status": "skip",
        "focus_role": "none"
      }
    },
    {
      "type": "Feature",
      "geometry": {
        "type": "Point",
        "coordinates": [
          499757.9064457811,
          6966606.417448757
        ]
      },
      "properties": {
        "junction_id": 39568,
        "veh_id": 11394,
        "sim_time_s": 3511.8,
        "tier": "track-zone",
        "prearm_status": "",
        "focus_role": "none"
      }
    },
    {
      "type": "Feature",
      "geometry": {
        "type": "Point",
        "coordinates": [
          0.0,
          0.0
        ]
      },
      "properties": {
        "junction_id": 1043762,
        "veh_id": 11437,
        "sim_time_s": 3513.2,
        "tier": "harmony-no-ge-local",
        "prearm_status": "skip",
        "focus_role": "none"
      }
    },
    {
      "type": "Feature",
      "geometry": {
        "type": "Point",
        "coordinates": [
          500729.82641385065,
          6964410.213376198
        ]
      },
      "properties": {
        "junction_id": 39606,
        "veh_id": 11426,
        "sim_time_s": 3515.8,
        "tier": "track-zone",
        "prearm_status": "",
        "focus_role": "none"
      }
    },
    {
      "type": "Feature",
      "geometry": {
        "type": "Point",
        "coordinates": [
          500228.62301362085,
          6966239.961781112
        ]
      },
      "properties": {
        "junction_id": 39569,
        "veh_id": 11437,
        "sim_time_s": 3515.8,
        "tier": "track-zone",
        "prearm_status": "",
        "focus_role": "none"
      }
    },
    {
      "type": "Feature",
      "geometry": {
        "type": "Point",
        "coordinates": [
          500716.25187075697,
          6965084.101401036
        ]
      },
      "properties": {
        "junction_id": 36385,
        "veh_id": 11393,
        "sim_time_s": 3522.6,
        "tier": "IC-detect-far",
        "prearm_status": "",
        "focus_role": "none"
      }
    },
    {
      "type": "Feature",
      "geometry": {
        "type": "Point",
        "coordinates": [
          500729.72034137417,
          6964410.714149201
        ]
      },
      "properties": {
        "junction_id": 39606,
        "veh_id": 11415,
        "sim_time_s": 3526.7,
        "tier": "track-zone",
        "prearm_status": "",
        "focus_role": "none"
      }
    },
    {
      "type": "Feature",
      "geometry": {
        "type": "Point",
        "coordinates": [
          0.0,
          0.0
        ]
      },
      "properties": {
        "junction_id": 39569,
        "veh_id": 11437,
        "sim_time_s": 3536.1,
        "tier": "harmony-ins-local",
        "prearm_status": "action",
        "focus_role": "none"
      }
    },
    {
      "type": "Feature",
      "geometry": {
        "type": "Point",
        "coordinates": [
          500115.26214633486,
          6966437.118901478
        ]
      },
      "properties": {
        "junction_id": 39572,
        "veh_id": 11437,
        "sim_time_s": 3537.4,
        "tier": "track-zone",
        "prearm_status": "",
        "focus_role": "none"
      }
    },
    {
      "type": "Feature",
      "geometry": {
        "type": "Point",
        "coordinates": [
          500101.7213604878,
          6966449.16642312
        ]
      },
      "properties": {
        "junction_id": 39572,
        "veh_id": 11437,
        "sim_time_s": 3539.2,
        "tier": "coord-prearm-harmony/SHOCKWAVE",
        "prearm_status": "fired",
        "focus_role": "none"
      }
    },
    {
      "type": "Feature",
      "geometry": {
        "type": "Point",
        "coordinates": [
          0.0,
          0.0
        ]
      },
      "properties": {
        "junction_id": 39572,
        "veh_id": 11437,
        "sim_time_s": 3539.7,
        "tier": "harmony-no-ge-local",
        "prearm_status": "skip",
        "focus_role": "none"
      }
    },
    {
      "type": "Feature",
      "geometry": {
        "type": "Point",
        "coordinates": [
          500451.6071123139,
          6965692.581049738
        ]
      },
      "properties": {
        "junction_id": 39576,
        "veh_id": 11405,
        "sim_time_s": 3540.6,
        "tier": "IC-detect",
        "prearm_status": "",
        "focus_role": "none"
      }
    },
    {
      "type": "Feature",
      "geometry": {
        "type": "Point",
        "coordinates": [
          500080.1862881693,
          6966481.257593447
        ]
      },
      "properties": {
        "junction_id": 39568,
        "veh_id": 11437,
        "sim_time_s": 3541.5,
        "tier": "track-zone",
        "prearm_status": "",
        "focus_role": "none"
      }
    },
    {
      "type": "Feature",
      "geometry": {
        "type": "Point",
        "coordinates": [
          0.0,
          0.0
        ]
      },
      "properties": {
        "junction_id": 39590,
        "veh_id": 11426,
        "sim_time_s": 3546.9,
        "tier": "harmony-no-ge-local",
        "prearm_status": "skip",
        "focus_role": "none"
      }
    },
    {
      "type": "Feature",
      "geometry": {
        "type": "Point",
        "coordinates": [
          500511.55577230325,
          6965757.154782667
        ]
      },
      "properties": {
        "junction_id": 39576,
        "veh_id": 11427,
        "sim_time_s": 3548.2,
        "tier": "IC-detect-far",
        "prearm_status": "",
        "focus_role": "none"
      }
    },
    {
      "type": "Feature",
      "geometry": {
        "type": "Point",
        "coordinates": [
          500672.78021121013,
          6964524.441883911
        ]
      },
      "properties": {
        "junction_id": 36393,
        "veh_id": 11411,
        "sim_time_s": 3556.3,
        "tier": "track-zone",
        "prearm_status": "",
        "focus_role": "none"
      }
    },
    {
      "type": "Feature",
      "geometry": {
        "type": "Point",
        "coordinates": [
          0.0,
          0.0
        ]
      },
      "properties": {
        "junction_id": 39576,
        "veh_id": 11427,
        "sim_time_s": 3557.7,
        "tier": "harmony-ge-local",
        "prearm_status": "action",
        "focus_role": "none"
      }
    },
    {
      "type": "Feature",
      "geometry": {
        "type": "Point",
        "coordinates": [
          0.0,
          0.0
        ]
      },
      "properties": {
        "junction_id": 39590,
        "veh_id": 11415,
        "sim_time_s": 3560.4,
        "tier": "harmony-no-ge-local",
        "prearm_status": "skip",
        "focus_role": "none"
      }
    },
    {
      "type": "Feature",
      "geometry": {
        "type": "Point",
        "coordinates": [
          0.0,
          0.0
        ]
      },
      "properties": {
        "junction_id": 39606,
        "veh_id": 11426,
        "sim_time_s": 3568.5,
        "tier": "harmony-no-ge-local",
        "prearm_status": "skip",
        "focus_role": "none"
      }
    },
    {
      "type": "Feature",
      "geometry": {
        "type": "Point",
        "coordinates": [
          500511.9651936068,
          6965735.183071393
        ]
      },
      "properties": {
        "junction_id": 39576,
        "veh_id": 11416,
        "sim_time_s": 3569.8,
        "tier": "IC-detect",
        "prearm_status": "",
        "focus_role": "none"
      }
    },
    {
      "type": "Feature",
      "geometry": {
        "type": "Point",
        "coordinates": [
          499886.8983629189,
          6966544.826572537
        ]
      },
      "properties": {
        "junction_id": 39569,
        "veh_id": 11394,
        "sim_time_s": 3573.9,
        "tier": "track-zone",
        "prearm_status": "",
        "focus_role": "none"
      }
    },
    {
      "type": "Feature",
      "geometry": {
        "type": "Point",
        "coordinates": [
          500512.3784694283,
          6965706.542034231
        ]
      },
      "properties": {
        "junction_id": 39587,
        "veh_id": 11427,
        "sim_time_s": 3583.3,
        "tier": "track-zone",
        "prearm_status": "",
        "focus_role": "none"
      }
    },
    {
      "type": "Feature",
      "geometry": {
        "type": "Point",
        "coordinates": [
          500452.04259376775,
          6965695.714094119
        ]
      },
      "properties": {
        "junction_id": 39578,
        "veh_id": 11405,
        "sim_time_s": 3590.1,
        "tier": "track-zone",
        "prearm_status": "",
        "focus_role": "none"
      }
    },
    {
      "type": "Feature",
      "geometry": {
        "type": "Point",
        "coordinates": [
          500017.93898080074,
          6966619.142396551
        ]
      },
      "properties": {
        "junction_id": 11118289,
        "veh_id": 11437,
        "sim_time_s": 3592.8,
        "tier": "track-zone",
        "prearm_status": "",
        "focus_role": "none"
      }
    },
    {
      "type": "Feature",
      "geometry": {
        "type": "Point",
        "coordinates": [
          0.0,
          0.0
        ]
      },
      "properties": {
        "junction_id": 36393,
        "veh_id": 11411,
        "sim_time_s": 3592.8,
        "tier": "harmony-no-ge-local",
        "prearm_status": "skip",
        "focus_role": "none"
      }
    },
    {
      "type": "Feature",
      "geometry": {
        "type": "Point",
        "coordinates": [
          500679.9310814736,
          6964787.016213036
        ]
      },
      "properties": {
        "junction_id": 36385,
        "veh_id": 11411,
        "sim_time_s": 3598.2,
        "tier": "track-zone",
        "prearm_status": "",
        "focus_role": "none"
      }
    },
    {
      "type": "Feature",
      "geometry": {
        "type": "Point",
        "coordinates": [
          500946.97228876385,
          6964034.668682542
        ]
      },
      "properties": {
        "junction_id": 39606,
        "veh_id": 11438,
        "sim_time_s": 3600.0,
        "tier": "IC-detect",
        "prearm_status": "",
        "focus_role": "none"
      }
    },
    {
      "type": "Feature",
      "geometry": {
        "type": "Point",
        "coordinates": [
          0.0,
          0.0
        ]
      },
      "properties": {
        "junction_id": 36385,
        "veh_id": 11393,
        "sim_time_s": 3600.9,
        "tier": "harmony-no-ge-local",
        "prearm_status": "skip",
        "focus_role": "none"
      }
    },
    {
      "type": "Feature",
      "geometry": {
        "type": "Point",
        "coordinates": [
          499461.3430569066,
          6967098.372132457
        ]
      },
      "properties": {
        "junction_id": 38339,
        "veh_id": 11399,
        "sim_time_s": 3603.2,
        "tier": "IC-detect",
        "prearm_status": "",
        "focus_role": "none"
      }
    },
    {
      "type": "Feature",
      "geometry": {
        "type": "Point",
        "coordinates": [
          500729.12485652557,
          6964998.555136717
        ]
      },
      "properties": {
        "junction_id": 36393,
        "veh_id": 11393,
        "sim_time_s": 3606.3,
        "tier": "track-zone",
        "prearm_status": "",
        "focus_role": "none"
      }
    },
    {
      "type": "Feature",
      "geometry": {
        "type": "Point",
        "coordinates": [
          500887.1324688646,
          6964120.711613731
        ]
      },
      "properties": {
        "junction_id": 39590,
        "veh_id": 11438,
        "sim_time_s": 3606.3,
        "tier": "track-zone",
        "prearm_status": "",
        "focus_role": "none"
      }
    },
    {
      "type": "Feature",
      "geometry": {
        "type": "Point",
        "coordinates": [
          0.0,
          0.0
        ]
      },
      "properties": {
        "junction_id": 39606,
        "veh_id": 11438,
        "sim_time_s": 3610.3,
        "tier": "harmony-no-ge-local",
        "prearm_status": "skip",
        "focus_role": "none"
      }
    },
    {
      "type": "Feature",
      "geometry": {
        "type": "Point",
        "coordinates": [
          499909.7195765171,
          6966534.031726804
        ]
      },
      "properties": {
        "junction_id": 39572,
        "veh_id": 11394,
        "sim_time_s": 3613.1,
        "tier": "IC-detect",
        "prearm_status": "",
        "focus_role": "none"
      }
    },
    {
      "type": "Feature",
      "geometry": {
        "type": "Point",
        "coordinates": [
          0.0,
          0.0
        ]
      },
      "properties": {
        "junction_id": 39576,
        "veh_id": 11427,
        "sim_time_s": 3618.0,
        "tier": "harmony-no-ge-local",
        "prearm_status": "skip",
        "focus_role": "none"
      }
    },
    {
      "type": "Feature",
      "geometry": {
        "type": "Point",
        "coordinates": [
          500012.255683675,
          6966653.44887729
        ]
      },
      "properties": {
        "junction_id": 39572,
        "veh_id": 11437,
        "sim_time_s": 3618.9,
        "tier": "coord-prearm-missed/SHOCKWAVE",
        "prearm_status": "missed",
        "focus_role": "none"
      }
    },
    {
      "type": "Feature",
      "geometry": {
        "type": "Point",
        "coordinates": [
          500083.98075190734,
          6967501.795387385
        ]
      },
      "properties": {
        "junction_id": 38339,
        "veh_id": 11428,
        "sim_time_s": 3627.0,
        "tier": "IC-detect",
        "prearm_status": "",
        "focus_role": "none"
      }
    },
    {
      "type": "Feature",
      "geometry": {
        "type": "Point",
        "coordinates": [
          500006.7174105898,
          6966487.272256166
        ]
      },
      "properties": {
        "junction_id": 39568,
        "veh_id": 11394,
        "sim_time_s": 3633.3,
        "tier": "track-zone",
        "prearm_status": "",
        "focus_role": "none"
      }
    },
    {
      "type": "Feature",
      "geometry": {
        "type": "Point",
        "coordinates": [
          0.0,
          0.0
        ]
      },
      "properties": {
        "junction_id": 39590,
        "veh_id": 11438,
        "sim_time_s": 3640.1,
        "tier": "harmony-no-ge-local",
        "prearm_status": "skip",
        "focus_role": "none"
      }
    },
    {
      "type": "Feature",
      "geometry": {
        "type": "Point",
        "coordinates": [
          0.0,
          0.0
        ]
      },
      "properties": {
        "junction_id": 36393,
        "veh_id": 11393,
        "sim_time_s": 3640.1,
        "tier": "harmony-no-ge-local",
        "prearm_status": "skip",
        "focus_role": "none"
      }
    },
    {
      "type": "Feature",
      "geometry": {
        "type": "Point",
        "coordinates": [
          500702.0164972225,
          6964934.623256918
        ]
      },
      "properties": {
        "junction_id": 39593,
        "veh_id": 11411,
        "sim_time_s": 3642.8,
        "tier": "track-zone",
        "prearm_status": "",
        "focus_role": "none"
      }
    },
    {
      "type": "Feature",
      "geometry": {
        "type": "Point",
        "coordinates": [
          500518.4937630324,
          6965648.71145208
        ]
      },
      "properties": {
        "junction_id": 1119660,
        "veh_id": 11427,
        "sim_time_s": 3648.2,
        "tier": "track-zone",
        "prearm_status": "",
        "focus_role": "none"
      }
    },
    {
      "type": "Feature",
      "geometry": {
        "type": "Point",
        "coordinates": [
          500512.38696362753,
          6965708.71148003
        ]
      },
      "properties": {
        "junction_id": 39587,
        "veh_id": 11416,
        "sim_time_s": 3650.8,
        "tier": "track-zone",
        "prearm_status": "",
        "focus_role": "none"
      }
    },
    {
      "type": "Feature",
      "geometry": {
        "type": "Point",
        "coordinates": [
          500513.53435181716,
          6965687.742154616
        ]
      },
      "properties": {
        "junction_id": 39578,
        "veh_id": 11416,
        "sim_time_s": 3653.6,
        "tier": "track-zone",
        "prearm_status": "",
        "focus_role": "none"
      }
    },
    {
      "type": "Feature",
      "geometry": {
        "type": "Point",
        "coordinates": [
          500518.83404179243,
          6965647.760150239
        ]
      },
      "properties": {
        "junction_id": 1119660,
        "veh_id": 11416,
        "sim_time_s": 3660.3,
        "tier": "track-zone",
        "prearm_status": "",
        "focus_role": "none"
      }
    },
    {
      "type": "Feature",
      "geometry": {
        "type": "Point",
        "coordinates": [
          500462.99561063066,
          6965697.8297273535
        ]
      },
      "properties": {
        "junction_id": 39576,
        "veh_id": 11405,
        "sim_time_s": 3660.8,
        "tier": "IC-detect",
        "prearm_status": "",
        "focus_role": "none"
      }
    },
    {
      "type": "Feature",
      "geometry": {
        "type": "Point",
        "coordinates": [
          500683.3661663962,
          6964557.315939688
        ]
      },
      "properties": {
        "junction_id": 39590,
        "veh_id": 11393,
        "sim_time_s": 3661.7,
        "tier": "track-zone",
        "prearm_status": "",
        "focus_role": "none"
      }
    },
    {
      "type": "Feature",
      "geometry": {
        "type": "Point",
        "coordinates": [
          499969.6229205307,
          6966745.216185585
        ]
      },
      "properties": {
        "junction_id": 39568,
        "veh_id": 11437,
        "sim_time_s": 3663.0,
        "tier": "track-zone",
        "prearm_status": "",
        "focus_role": "none"
      }
    },
    {
      "type": "Feature",
      "geometry": {
        "type": "Point",
        "coordinates": [
          499801.4545277417,
          6967044.949337085
        ]
      },
      "properties": {
        "junction_id": 11118289,
        "veh_id": 11399,
        "sim_time_s": 3664.3,
        "tier": "track-zone",
        "prearm_status": "",
        "focus_role": "none"
      }
    },
    {
      "type": "Feature",
      "geometry": {
        "type": "Point",
        "coordinates": [
          0.0,
          0.0
        ]
      },
      "properties": {
        "junction_id": 36385,
        "veh_id": 11411,
        "sim_time_s": 3667.1,
        "tier": "harmony-ins-local",
        "prearm_status": "action",
        "focus_role": "none"
      }
    },
    {
      "type": "Feature",
      "geometry": {
        "type": "Point",
        "coordinates": [
          500551.0920910225,
          6965571.978568539
        ]
      },
      "properties": {
        "junction_id": 10157950,
        "veh_id": 11427,
        "sim_time_s": 3669.8,
        "tier": "track-zone",
        "prearm_status": "",
        "focus_role": "none"
      }
    },
    {
      "type": "Feature",
      "geometry": {
        "type": "Point",
        "coordinates": [
          0.0,
          0.0
        ]
      },
      "properties": {
        "junction_id": 39576,
        "veh_id": 11405,
        "sim_time_s": 3676.5,
        "tier": "harmony-ge-local",
        "prearm_status": "action",
        "focus_role": "none"
      }
    },
    {
      "type": "Feature",
      "geometry": {
        "type": "Point",
        "coordinates": [
          500672.9893827449,
          6964524.065879146
        ]
      },
      "properties": {
        "junction_id": 36393,
        "veh_id": 11438,
        "sim_time_s": 3684.6,
        "tier": "track-zone",
        "prearm_status": "",
        "focus_role": "none"
      }
    },
    {
      "type": "Feature",
      "geometry": {
        "type": "Point",
        "coordinates": [
          500540.9817742001,
          6965594.073410753
        ]
      },
      "properties": {
        "junction_id": 39576,
        "veh_id": 11416,
        "sim_time_s": 3690.0,
        "tier": "IC-detect-far",
        "prearm_status": "",
        "focus_role": "none"
      }
    },
    {
      "type": "Feature",
      "geometry": {
        "type": "Point",
        "coordinates": [
          499962.76207796624,
          6967106.26110174
        ]
      },
      "properties": {
        "junction_id": 11118289,
        "veh_id": 11428,
        "sim_time_s": 3691.3,
        "tier": "track-zone",
        "prearm_status": "",
        "focus_role": "none"
      }
    },
    {
      "type": "Feature",
      "geometry": {
        "type": "Point",
        "coordinates": [
          500022.6703625556,
          6966479.815889745
        ]
      },
      "properties": {
        "junction_id": 39569,
        "veh_id": 11394,
        "sim_time_s": 3694.1,
        "tier": "IC-detect-far",
        "prearm_status": "",
        "focus_role": "none"
      }
    },
    {
      "type": "Feature",
      "geometry": {
        "type": "Point",
        "coordinates": [
          500726.8437117586,
          6964401.182817303
        ]
      },
      "properties": {
        "junction_id": 39606,
        "veh_id": 11393,
        "sim_time_s": 3695.4,
        "tier": "track-zone",
        "prearm_status": "",
        "focus_role": "none"
      }
    },
    {
      "type": "Feature",
      "geometry": {
        "type": "Point",
        "coordinates": [
          0.0,
          0.0
        ]
      },
      "properties": {
        "junction_id": 39590,
        "veh_id": 11393,
        "sim_time_s": 3702.2,
        "tier": "harmony-no-ge-local",
        "prearm_status": "skip",
        "focus_role": "none"
      }
    },
    {
      "type": "Feature",
      "geometry": {
        "type": "Point",
        "coordinates": [
          500553.09870502265,
          6965567.623615789
        ]
      },
      "properties": {
        "junction_id": 39587,
        "veh_id": 11427,
        "sim_time_s": 3703.5,
        "tier": "IC-detect-far",
        "prearm_status": "",
        "focus_role": "none"
      }
    },
    {
      "type": "Feature",
      "geometry": {
        "type": "Point",
        "coordinates": [
          0.0,
          0.0
        ]
      },
      "properties": {
        "junction_id": 39569,
        "veh_id": 11394,
        "sim_time_s": 3703.5,
        "tier": "harmony-no-ge-local",
        "prearm_status": "skip",
        "focus_role": "none"
      }
    },
    {
      "type": "Feature",
      "geometry": {
        "type": "Point",
        "coordinates": [
          500124.3478299358,
          6966442.797610856
        ]
      },
      "properties": {
        "junction_id": 1043762,
        "veh_id": 11394,
        "sim_time_s": 3707.6,
        "tier": "track-zone",
        "prearm_status": "",
        "focus_role": "none"
      }
    },
    {
      "type": "Feature",
      "geometry": {
        "type": "Point",
        "coordinates": [
          500477.07855163806,
          6965700.616520005
        ]
      },
      "properties": {
        "junction_id": 39578,
        "veh_id": 11405,
        "sim_time_s": 3711.6,
        "tier": "track-zone",
        "prearm_status": "",
        "focus_role": "none"
      }
    },
    {
      "type": "Feature",
      "geometry": {
        "type": "Point",
        "coordinates": [
          499969.6229205307,
          6966745.216185585
        ]
      },
      "properties": {
        "junction_id": 11118289,
        "veh_id": 11437,
        "sim_time_s": 3714.3,
        "tier": "track-zone",
        "prearm_status": "",
        "focus_role": "none"
      }
    },
    {
      "type": "Feature",
      "geometry": {
        "type": "Point",
        "coordinates": [
          0.0,
          0.0
        ]
      },
      "properties": {
        "junction_id": 36393,
        "veh_id": 11438,
        "sim_time_s": 3721.1,
        "tier": "harmony-no-ge-local",
        "prearm_status": "skip",
        "focus_role": "none"
      }
    },
    {
      "type": "Feature",
      "geometry": {
        "type": "Point",
        "coordinates": [
          0.0,
          0.0
        ]
      },
      "properties": {
        "junction_id": 1043762,
        "veh_id": 11394,
        "sim_time_s": 3721.1,
        "tier": "harmony-no-ge-local",
        "prearm_status": "skip",
        "focus_role": "none"
      }
    },
    {
      "type": "Feature",
      "geometry": {
        "type": "Point",
        "coordinates": [
          499903.2533852185,
          6967034.300079315
        ]
      },
      "properties": {
        "junction_id": 38339,
        "veh_id": 11399,
        "sim_time_s": 3723.3,
        "tier": "IC-detect",
        "prearm_status": "",
        "focus_role": "none"
      }
    },
    {
      "type": "Feature",
      "geometry": {
        "type": "Point",
        "coordinates": [
          500679.61988324526,
          6964774.753609404
        ]
      },
      "properties": {
        "junction_id": 36385,
        "veh_id": 11438,
        "sim_time_s": 3726.4,
        "tier": "track-zone",
        "prearm_status": "",
        "focus_role": "none"
      }
    },
    {
      "type": "Feature",
      "geometry": {
        "type": "Point",
        "coordinates": [
          500362.17635837576,
          6966091.68946862
        ]
      },
      "properties": {
        "junction_id": 39578,
        "veh_id": 11394,
        "sim_time_s": 3734.6,
        "tier": "track-section",
        "prearm_status": "",
        "focus_role": "none"
      }
    },
    {
      "type": "Feature",
      "geometry": {
        "type": "Point",
        "coordinates": [
          500684.4479453064,
          6965090.910261387
        ]
      },
      "properties": {
        "junction_id": 10157950,
        "veh_id": 11411,
        "sim_time_s": 3734.6,
        "tier": "track-zone",
        "prearm_status": "",
        "focus_role": "none"
      }
    },
    {
      "type": "Feature",
      "geometry": {
        "type": "Point",
        "coordinates": [
          0.0,
          0.0
        ]
      },
      "properties": {
        "junction_id": 39576,
        "veh_id": 11405,
        "sim_time_s": 3736.8,
        "tier": "harmony-no-ge-local",
        "prearm_status": "skip",
        "focus_role": "none"
      }
    },
    {
      "type": "Feature",
      "geometry": {
        "type": "Point",
        "coordinates": [
          0.0,
          0.0
        ]
      },
      "properties": {
        "junction_id": 39606,
        "veh_id": 11393,
        "sim_time_s": 3737.2,
        "tier": "harmony-no-ge-local",
        "prearm_status": "skip",
        "focus_role": "none"
      }
    },
    {
      "type": "Feature",
      "geometry": {
        "type": "Point",
        "coordinates": [
          0.0,
          0.0
        ]
      },
      "properties": {
        "junction_id": 39587,
        "veh_id": 11427,
        "sim_time_s": 3739.9,
        "tier": "harmony-ge-local",
        "prearm_status": "action",
        "focus_role": "none"
      }
    },
    {
      "type": "Feature",
      "geometry": {
        "type": "Point",
        "coordinates": [
          500552.64128714957,
          6965568.768779177
        ]
      },
      "properties": {
        "junction_id": 10157950,
        "veh_id": 11416,
        "sim_time_s": 3741.3,
        "tier": "track-zone",
        "prearm_status": "",
        "focus_role": "none"
      }
    },
    {
      "type": "Feature",
      "geometry": {
        "type": "Point",
        "coordinates": [
          0.0,
          0.0
        ]
      },
      "properties": {
        "junction_id": 38339,
        "veh_id": 11428,
        "sim_time_s": 3741.3,
        "tier": "harmony-no-ge-local",
        "prearm_status": "skip",
        "focus_role": "none"
      }
    },
    {
      "type": "Feature",
      "geometry": {
        "type": "Point",
        "coordinates": [
          500702.5376198076,
          6964936.661115874
        ]
      },
      "properties": {
        "junction_id": 39593,
        "veh_id": 11438,
        "sim_time_s": 3744.0,
        "tier": "track-zone",
        "prearm_status": "",
        "focus_role": "none"
      }
    },
    {
      "type": "Feature",
      "geometry": {
        "type": "Point",
        "coordinates": [
          0.0,
          0.0
        ]
      },
      "properties": {
        "junction_id": 39578,
        "veh_id": 11394,
        "sim_time_s": 3748.1,
        "tier": "harmony-no-ge-local",
        "prearm_status": "skip",
        "focus_role": "none"
      }
    },
    {
      "type": "Feature",
      "geometry": {
        "type": "Point",
        "coordinates": [
          500611.87932804466,
          6965398.350564007
        ]
      },
      "properties": {
        "junction_id": 39593,
        "veh_id": 11427,
        "sim_time_s": 3749.4,
        "tier": "track-zone",
        "prearm_status": "",
        "focus_role": "none"
      }
    },
    {
      "type": "Feature",
      "geometry": {
        "type": "Point",
        "coordinates": [
          499958.7850071697,
          6966950.312815054
        ]
      },
      "properties": {
        "junction_id": 39568,
        "veh_id": 11428,
        "sim_time_s": 3750.8,
        "tier": "track-zone",
        "prearm_status": "",
        "focus_role": "none"
      }
    },
    {
      "type": "Feature",
      "geometry": {
        "type": "Point",
        "coordinates": [
          500532.34029150615,
          6965933.268483918
        ]
      },
      "properties": {
        "junction_id": 39576,
        "veh_id": 11394,
        "sim_time_s": 3752.1,
        "tier": "track-zone",
        "prearm_status": "",
        "focus_role": "none"
      }
    },
    {
      "type": "Feature",
      "geometry": {
        "type": "Point",
        "coordinates": [
          0.0,
          0.0
        ]
      },
      "properties": {
        "junction_id": 39593,
        "veh_id": 11411,
        "sim_time_s": 3757.5,
        "tier": "harmony-no-ge-local",
        "prearm_status": "skip",
        "focus_role": "none"
      }
    },
    {
      "type": "Feature",
      "geometry": {
        "type": "Point",
        "coordinates": [
          500664.3192005278,
          6965174.5785854
        ]
      },
      "properties": {
        "junction_id": 1119660,
        "veh_id": 11411,
        "sim_time_s": 3760.2,
        "tier": "track-zone",
        "prearm_status": "",
        "focus_role": "none"
      }
    },
    {
      "type": "Feature",
      "geometry": {
        "type": "Point",
        "coordinates": [
          500652.45550805994,
          6965246.92483505
        ]
      },
      "properties": {
        "junction_id": 36385,
        "veh_id": 11427,
        "sim_time_s": 3760.2,
        "tier": "track-zone",
        "prearm_status": "",
        "focus_role": "none"
      }
    },
    {
      "type": "Feature",
      "geometry": {
        "type": "Point",
        "coordinates": [
          0.0,
          0.0
        ]
      },
      "properties": {
        "junction_id": 39593,
        "veh_id": 11427,
        "sim_time_s": 3764.2,
        "tier": "harmony-no-ge-local",
        "prearm_status": "skip",
        "focus_role": "none"
      }
    },
    {
      "type": "Feature",
      "geometry": {
        "type": "Point",
        "coordinates": [
          500633.38300929416,
          6965245.914858671
        ]
      },
      "properties": {
        "junction_id": 39587,
        "veh_id": 11411,
        "sim_time_s": 3765.6,
        "tier": "track-zone",
        "prearm_status": "",
        "focus_role": "none"
      }
    },
    {
      "type": "Feature",
      "geometry": {
        "type": "Point",
        "coordinates": [
          500584.62813020323,
          6965484.232830182
        ]
      },
      "properties": {
        "junction_id": 39587,
        "veh_id": 11416,
        "sim_time_s": 3771.0,
        "tier": "IC-detect",
        "prearm_status": "",
        "focus_role": "none"
      }
    },
    {
      "type": "Feature",
      "geometry": {
        "type": "Point",
        "coordinates": [
          0.0,
          0.0
        ]
      },
      "properties": {
        "junction_id": 36385,
        "veh_id": 11438,
        "sim_time_s": 3779.1,
        "tier": "harmony-no-ge-local",
        "prearm_status": "skip",
        "focus_role": "none"
      }
    },
    {
      "type": "Feature",
      "geometry": {
        "type": "Point",
        "coordinates": [
          499969.6229205307,
          6966745.216185585
        ]
      },
      "properties": {
        "junction_id": 39572,
        "veh_id": 11437,
        "sim_time_s": 3780.4,
        "tier": "track-zone",
        "prearm_status": "",
        "focus_role": "none"
      }
    },
    {
      "type": "Feature",
      "geometry": {
        "type": "Point",
        "coordinates": [
          500584.62813020323,
          6965484.232830182
        ]
      },
      "properties": {
        "junction_id": 1119660,
        "veh_id": 11416,
        "sim_time_s": 3781.8,
        "tier": "track-zone",
        "prearm_status": "",
        "focus_role": "none"
      }
    },
    {
      "type": "Feature",
      "geometry": {
        "type": "Point",
        "coordinates": [
          499969.6229205307,
          6966745.216185585
        ]
      },
      "properties": {
        "junction_id": 39568,
        "veh_id": 11437,
        "sim_time_s": 3784.5,
        "tier": "track-zone",
        "prearm_status": "",
        "focus_role": "none"
      }
    },
    {
      "type": "Feature",
      "geometry": {
        "type": "Point",
        "coordinates": [
          499903.2533852185,
          6967034.300079315
        ]
      },
      "properties": {
        "junction_id": 11118289,
        "veh_id": 11399,
        "sim_time_s": 3785.8,
        "tier": "track-zone",
        "prearm_status": "",
        "focus_role": "none"
      }
    },
    {
      "type": "Feature",
      "geometry": {
        "type": "Point",
        "coordinates": [
          500681.3920086679,
          6965109.971139211
        ]
      },
      "properties": {
        "junction_id": 10157950,
        "veh_id": 11438,
        "sim_time_s": 3787.2,
        "tier": "track-zone",
        "prearm_status": "",
        "focus_role": "none"
      }
    },
    {
      "type": "Feature",
      "geometry": {
        "type": "Point",
        "coordinates": [
          0.0,
          0.0
        ]
      },
      "properties": {
        "junction_id": 39593,
        "veh_id": 11438,
        "sim_time_s": 3789.9,
        "tier": "harmony-no-ge-local",
        "prearm_status": "skip",
        "focus_role": "none"
      }
    },
    {
      "type": "Feature",
      "geometry": {
        "type": "Point",
        "coordinates": [
          500664.6443509209,
          6965174.177470764
        ]
      },
      "properties": {
        "junction_id": 1119660,
        "veh_id": 11438,
        "sim_time_s": 3791.2,
        "tier": "track-zone",
        "prearm_status": "",
        "focus_role": "none"
      }
    },
    {
      "type": "Feature",
      "geometry": {
        "type": "Point",
        "coordinates": [
          500638.0533788525,
          6965236.140938696
        ]
      },
      "properties": {
        "junction_id": 39587,
        "veh_id": 11438,
        "sim_time_s": 3795.3,
        "tier": "track-zone",
        "prearm_status": "",
        "focus_role": "none"
      }
    },
    {
      "type": "Feature",
      "geometry": {
        "type": "Point",
        "coordinates": [
          0.0,
          0.0
        ]
      },
      "properties": {
        "junction_id": 39587,
        "veh_id": 11416,
        "sim_time_s": 3800.2,
        "tier": "harmony-ins-local",
        "prearm_status": "action",
        "focus_role": "none"
      }
    },
    {
      "type": "Feature",
      "geometry": {
        "type": "Point",
        "coordinates": [
          0.0,
          0.0
        ]
      },
      "properties": {
        "junction_id": 38339,
        "veh_id": 11399,
        "sim_time_s": 3807.4,
        "tier": "harmony-ins-local",
        "prearm_status": "action",
        "focus_role": "none"
      }
    },
    {
      "type": "Feature",
      "geometry": {
        "type": "Point",
        "coordinates": [
          500497.0160913324,
          6965702.579385471
        ]
      },
      "properties": {
        "junction_id": 39587,
        "veh_id": 11405,
        "sim_time_s": 3810.2,
        "tier": "track-zone",
        "prearm_status": "",
        "focus_role": "none"
      }
    },
    {
      "type": "Feature",
      "geometry": {
        "type": "Point",
        "coordinates": [
          0.0,
          0.0
        ]
      },
      "properties": {
        "junction_id": 36385,
        "veh_id": 11427,
        "sim_time_s": 3810.2,
        "tier": "harmony-ins-local",
        "prearm_status": "action",
        "focus_role": "none"
      }
    },
    {
      "type": "Feature",
      "geometry": {
        "type": "Point",
        "coordinates": [
          499960.5459098304,
          6966931.949615148
        ]
      },
      "properties": {
        "junction_id": 11118289,
        "veh_id": 11428,
        "sim_time_s": 3812.8,
        "tier": "track-zone",
        "prearm_status": "",
        "focus_role": "none"
      }
    },
    {
      "type": "Feature",
      "geometry": {
        "type": "Point",
        "coordinates": [
          500571.16688372137,
          6965462.831922665
        ]
      },
      "properties": {
        "junction_id": 39576,
        "veh_id": 11411,
        "sim_time_s": 3827.7,
        "tier": "track-zone",
        "prearm_status": "",
        "focus_role": "none"
      }
    },
    {
      "type": "Feature",
      "geometry": {
        "type": "Point",
        "coordinates": [
          500575.24903823517,
          6965460.67516071
        ]
      },
      "properties": {
        "junction_id": 39576,
        "veh_id": 11438,
        "sim_time_s": 3827.7,
        "tier": "track-zone",
        "prearm_status": "",
        "focus_role": "none"
      }
    },
    {
      "type": "Feature",
      "geometry": {
        "type": "Point",
        "coordinates": [
          499969.6229205307,
          6966745.216185585
        ]
      },
      "properties": {
        "junction_id": 11118289,
        "veh_id": 11437,
        "sim_time_s": 3835.8,
        "tier": "track-zone",
        "prearm_status": "",
        "focus_role": "none"
      }
    },
    {
      "type": "Feature",
      "geometry": {
        "type": "Point",
        "coordinates": [
          500610.3004473041,
          6965404.822662179
        ]
      },
      "properties": {
        "junction_id": 39593,
        "veh_id": 11416,
        "sim_time_s": 3838.5,
        "tier": "track-zone",
        "prearm_status": "",
        "focus_role": "none"
      }
    },
    {
      "type": "Feature",
      "geometry": {
        "type": "Point",
        "coordinates": [
          500647.1382334611,
          6965259.410470867
        ]
      },
      "properties": {
        "junction_id": 36385,
        "veh_id": 11416,
        "sim_time_s": 3850.7,
        "tier": "track-zone",
        "prearm_status": "",
        "focus_role": "none"
      }
    },
    {
      "type": "Feature",
      "geometry": {
        "type": "Point",
        "coordinates": [
          500514.6924842153,
          6965651.275157392
        ]
      },
      "properties": {
        "junction_id": 39576,
        "veh_id": 11405,
        "sim_time_s": 3856.9,
        "tier": "IC-detect",
        "prearm_status": "",
        "focus_role": "none"
      }
    },
    {
      "type": "Feature",
      "geometry": {
        "type": "Point",
        "coordinates": [
          500516.1844952861,
          6965645.84011843
        ]
      },
      "properties": {
        "junction_id": 1119660,
        "veh_id": 11405,
        "sim_time_s": 3857.4,
        "tier": "track-zone",
        "prearm_status": "",
        "focus_role": "none"
      }
    },
    {
      "type": "Feature",
      "geometry": {
        "type": "Point",
        "coordinates": [
          500659.67424375855,
          6965231.446338406
        ]
      },
      "properties": {
        "junction_id": 10157950,
        "veh_id": 11416,
        "sim_time_s": 3862.8,
        "tier": "track-zone",
        "prearm_status": "",
        "focus_role": "none"
      }
    },
    {
      "type": "Feature",
      "geometry": {
        "type": "Point",
        "coordinates": [
          500492.1894064689,
          6965685.410680607
        ]
      },
      "properties": {
        "junction_id": 39578,
        "veh_id": 11411,
        "sim_time_s": 3864.2,
        "tier": "track-zone",
        "prearm_status": "",
        "focus_role": "none"
      }
    },
    {
      "type": "Feature",
      "geometry": {
        "type": "Point",
        "coordinates": [
          0.0,
          0.0
        ]
      },
      "properties": {
        "junction_id": 39576,
        "veh_id": 11438,
        "sim_time_s": 3864.2,
        "tier": "harmony-no-ge-local",
        "prearm_status": "skip",
        "focus_role": "none"
      }
    },
    {
      "type": "Feature",
      "geometry": {
        "type": "Point",
        "coordinates": [
          0.0,
          0.0
        ]
      },
      "properties": {
        "junction_id": 39593,
        "veh_id": 11416,
        "sim_time_s": 3866.8,
        "tier": "harmony-no-ge-local",
        "prearm_status": "skip",
        "focus_role": "none"
      }
    },
    {
      "type": "Feature",
      "geometry": {
        "type": "Point",
        "coordinates": [
          500491.9899659134,
          6965693.969124266
        ]
      },
      "properties": {
        "junction_id": 39578,
        "veh_id": 11438,
        "sim_time_s": 3868.2,
        "tier": "track-zone",
        "prearm_status": "",
        "focus_role": "none"
      }
    },
    {
      "type": "Feature",
      "geometry": {
        "type": "Point",
        "coordinates": [
          499960.5459098304,
          6966931.949615148
        ]
      },
      "properties": {
        "junction_id": 39568,
        "veh_id": 11428,
        "sim_time_s": 3872.2,
        "tier": "track-zone",
        "prearm_status": "",
        "focus_role": "none"
      }
    },
    {
      "type": "Feature",
      "geometry": {
        "type": "Point",
        "coordinates": [
          500512.7216660285,
          6965790.271586237
        ]
      },
      "properties": {
        "junction_id": 39576,
        "veh_id": 11394,
        "sim_time_s": 3872.2,
        "tier": "IC-detect",
        "prearm_status": "",
        "focus_role": "none"
      }
    },
    {
      "type": "Feature",
      "geometry": {
        "type": "Point",
        "coordinates": [
          500712.16108353,
          6964893.138595367
        ]
      },
      "properties": {
        "junction_id": 36393,
        "veh_id": 11427,
        "sim_time_s": 3888.4,
        "tier": "IC-detect",
        "prearm_status": "",
        "focus_role": "none"
      }
    },
    {
      "type": "Feature",
      "geometry": {
        "type": "Point",
        "coordinates": [
          0.0,
          0.0
        ]
      },
      "properties": {
        "junction_id": 36393,
        "veh_id": 11427,
        "sim_time_s": 3899.2,
        "tier": "harmony-no-ge-local",
        "prearm_status": "skip",
        "focus_role": "none"
      }
    },
    {
      "type": "Feature",
      "geometry": {
        "type": "Point",
        "coordinates": [
          499969.6229205307,
          6966745.216185585
        ]
      },
      "properties": {
        "junction_id": 39572,
        "veh_id": 11437,
        "sim_time_s": 3901.9,
        "tier": "track-zone",
        "prearm_status": "",
        "focus_role": "none"
      }
    },
    {
      "type": "Feature",
      "geometry": {
        "type": "Point",
        "coordinates": [
          499969.6229205307,
          6966745.216185585
        ]
      },
      "properties": {
        "junction_id": 39568,
        "veh_id": 11437,
        "sim_time_s": 3906.0,
        "tier": "track-zone",
        "prearm_status": "",
        "focus_role": "none"
      }
    },
    {
      "type": "Feature",
      "geometry": {
        "type": "Point",
        "coordinates": [
          499957.0032493924,
          6966995.946738393
        ]
      },
      "properties": {
        "junction_id": 11118289,
        "veh_id": 11399,
        "sim_time_s": 3907.3,
        "tier": "track-zone",
        "prearm_status": "",
        "focus_role": "none"
      }
    },
    {
      "type": "Feature",
      "geometry": {
        "type": "Point",
        "coordinates": [
          0.0,
          0.0
        ]
      },
      "properties": {
        "junction_id": 39578,
        "veh_id": 11438,
        "sim_time_s": 3911.4,
        "tier": "harmony-no-ge-local",
        "prearm_status": "skip",
        "focus_role": "none"
      }
    },
    {
      "type": "Feature",
      "geometry": {
        "type": "Point",
        "coordinates": [
          500689.26901836647,
          6964556.526984047
        ]
      },
      "properties": {
        "junction_id": 39590,
        "veh_id": 11427,
        "sim_time_s": 3920.8,
        "tier": "track-zone",
        "prearm_status": "",
        "focus_role": "none"
      }
    },
    {
      "type": "Feature",
      "geometry": {
        "type": "Point",
        "coordinates": [
          499960.5459098304,
          6966931.949615148
        ]
      },
      "properties": {
        "junction_id": 38339,
        "veh_id": 11428,
        "sim_time_s": 3922.2,
        "tier": "track-zone",
        "prearm_status": "",
        "focus_role": "none"
      }
    },
    {
      "type": "Feature",
      "geometry": {
        "type": "Point",
        "coordinates": [
          500401.75599297753,
          6966039.053168976
        ]
      },
      "properties": {
        "junction_id": 1043762,
        "veh_id": 11438,
        "sim_time_s": 3922.2,
        "tier": "track-zone",
        "prearm_status": "",
        "focus_role": "none"
      }
    },
    {
      "type": "Feature",
      "geometry": {
        "type": "Point",
        "coordinates": [
          499957.0032493924,
          6966995.946738393
        ]
      },
      "properties": {
        "junction_id": 38339,
        "veh_id": 11399,
        "sim_time_s": 3927.6,
        "tier": "IC-detect",
        "prearm_status": "",
        "focus_role": "none"
      }
    },
    {
      "type": "Feature",
      "geometry": {
        "type": "Point",
        "coordinates": [
          500537.4169504249,
          6965601.980912658
        ]
      },
      "properties": {
        "junction_id": 39587,
        "veh_id": 11405,
        "sim_time_s": 3931.7,
        "tier": "track-zone",
        "prearm_status": "",
        "focus_role": "none"
      }
    },
    {
      "type": "Feature",
      "geometry": {
        "type": "Point",
        "coordinates": [
          499960.5459098304,
          6966931.949615148
        ]
      },
      "properties": {
        "junction_id": 11118289,
        "veh_id": 11428,
        "sim_time_s": 3934.3,
        "tier": "track-zone",
        "prearm_status": "",
        "focus_role": "none"
      }
    },
    {
      "type": "Feature",
      "geometry": {
        "type": "Point",
        "coordinates": [
          0.0,
          0.0
        ]
      },
      "properties": {
        "junction_id": 1043762,
        "veh_id": 11438,
        "sim_time_s": 3935.7,
        "tier": "harmony-no-ge-local",
        "prearm_status": "skip",
        "focus_role": "none"
      }
    },
    {
      "type": "Feature",
      "geometry": {
        "type": "Point",
        "coordinates": [
          500233.0939903093,
          6966232.61035468
        ]
      },
      "properties": {
        "junction_id": 39569,
        "veh_id": 11438,
        "sim_time_s": 3938.4,
        "tier": "track-zone",
        "prearm_status": "",
        "focus_role": "none"
      }
    },
    {
      "type": "Feature",
      "geometry": {
        "type": "Point",
        "coordinates": [
          500393.37389388116,
          6966043.458646897
        ]
      },
      "properties": {
        "junction_id": 1043762,
        "veh_id": 11411,
        "sim_time_s": 3955.9,
        "tier": "track-zone",
        "prearm_status": "",
        "focus_role": "none"
      }
    },
    {
      "type": "Feature",
      "geometry": {
        "type": "Point",
        "coordinates": [
          499969.6229205307,
          6966745.216185585
        ]
      },
      "properties": {
        "junction_id": 11118289,
        "veh_id": 11437,
        "sim_time_s": 3957.3,
        "tier": "track-zone",
        "prearm_status": "",
        "focus_role": "none"
      }
    },
    {
      "type": "Feature",
      "geometry": {
        "type": "Point",
        "coordinates": [
          0.0,
          0.0
        ]
      },
      "properties": {
        "junction_id": 39569,
        "veh_id": 11438,
        "sim_time_s": 3962.7,
        "tier": "harmony-no-ge-local",
        "prearm_status": "skip",
        "focus_role": "none"
      }
    },
    {
      "type": "Feature",
      "geometry": {
        "type": "Point",
        "coordinates": [
          0.0,
          0.0
        ]
      },
      "properties": {
        "junction_id": 36385,
        "veh_id": 11416,
        "sim_time_s": 3964.1,
        "tier": "harmony-ins-local",
        "prearm_status": "action",
        "focus_role": "none"
      }
    },
    {
      "type": "Feature",
      "geometry": {
        "type": "Point",
        "coordinates": [
          500554.6215600991,
          6965564.261757779
        ]
      },
      "properties": {
        "junction_id": 10157950,
        "veh_id": 11405,
        "sim_time_s": 3965.4,
        "tier": "track-zone",
        "prearm_status": "",
        "focus_role": "none"
      }
    },
    {
      "type": "Feature",
      "geometry": {
        "type": "Point",
        "coordinates": [
          500123.253335123,
          6966430.508591342
        ]
      },
      "properties": {
        "junction_id": 39572,
        "veh_id": 11438,
        "sim_time_s": 3965.4,
        "tier": "track-zone",
        "prearm_status": "",
        "focus_role": "none"
      }
    },
    {
      "type": "Feature",
      "geometry": {
        "type": "Point",
        "coordinates": [
          500082.8955897147,
          6966482.709661794
        ]
      },
      "properties": {
        "junction_id": 39568,
        "veh_id": 11438,
        "sim_time_s": 3974.8,
        "tier": "track-zone",
        "prearm_status": "",
        "focus_role": "none"
      }
    },
    {
      "type": "Feature",
      "geometry": {
        "type": "Point",
        "coordinates": [
          0.0,
          0.0
        ]
      },
      "properties": {
        "junction_id": 39587,
        "veh_id": 11405,
        "sim_time_s": 3976.2,
        "tier": "harmony-no-ge-local",
        "prearm_status": "skip",
        "focus_role": "none"
      }
    },
    {
      "type": "Feature",
      "geometry": {
        "type": "Point",
        "coordinates": [
          500511.8889317447,
          6965742.399410708
        ]
      },
      "properties": {
        "junction_id": 39578,
        "veh_id": 11394,
        "sim_time_s": 3977.6,
        "tier": "track-zone",
        "prearm_status": "",
        "focus_role": "none"
      }
    },
    {
      "type": "Feature",
      "geometry": {
        "type": "Point",
        "coordinates": [
          500577.218112081,
          6965504.632167082
        ]
      },
      "properties": {
        "junction_id": 1119660,
        "veh_id": 11405,
        "sim_time_s": 3978.9,
        "tier": "track-zone",
        "prearm_status": "",
        "focus_role": "none"
      }
    },
    {
      "type": "Feature",
      "geometry": {
        "type": "Point",
        "coordinates": [
          0.0,
          0.0
        ]
      },
      "properties": {
        "junction_id": 39576,
        "veh_id": 11394,
        "sim_time_s": 3984.3,
        "tier": "harmony-no-ge-local",
        "prearm_status": "skip",
        "focus_role": "none"
      }
    },
    {
      "type": "Feature",
      "geometry": {
        "type": "Point",
        "coordinates": [
          500512.5183835169,
          6965705.322919917
        ]
      },
      "properties": {
        "junction_id": 39587,
        "veh_id": 11394,
        "sim_time_s": 3987.0,
        "tier": "track-zone",
        "prearm_status": "",
        "focus_role": "none"
      }
    },
    {
      "type": "Feature",
      "geometry": {
        "type": "Point",
        "coordinates": [
          500731.6854762906,
          6964405.377496134
        ]
      },
      "properties": {
        "junction_id": 39606,
        "veh_id": 11427,
        "sim_time_s": 3987.0,
        "tier": "track-zone",
        "prearm_status": "",
        "focus_role": "none"
      }
    },
    {
      "type": "Feature",
      "geometry": {
        "type": "Point",
        "coordinates": [
          0.0,
          0.0
        ]
      },
      "properties": {
        "junction_id": 1043762,
        "veh_id": 11411,
        "sim_time_s": 3992.4,
        "tier": "harmony-no-ge-local",
        "prearm_status": "skip",
        "focus_role": "none"
      }
    },
    {
      "type": "Feature",
      "geometry": {
        "type": "Point",
        "coordinates": [
          499960.5459098304,
          6966931.949615148
        ]
      },
      "properties": {
        "junction_id": 39568,
        "veh_id": 11428,
        "sim_time_s": 3993.8,
        "tier": "track-zone",
        "prearm_status": "",
        "focus_role": "none"
      }
    },
    {
      "type": "Feature",
      "geometry": {
        "type": "Point",
        "coordinates": [
          500518.6262130217,
          6965648.61660985
        ]
      },
      "properties": {
        "junction_id": 1119660,
        "veh_id": 11394,
        "sim_time_s": 3996.4,
        "tier": "track-zone",
        "prearm_status": "",
        "focus_role": "none"
      }
    },
    {
      "type": "Feature",
      "geometry": {
        "type": "Point",
        "coordinates": [
          500229.61858945707,
          6966232.221129769
        ]
      },
      "properties": {
        "junction_id": 39569,
        "veh_id": 11411,
        "sim_time_s": 4019.4,
        "tier": "track-zone",
        "prearm_status": "",
        "focus_role": "none"
      }
    },
    {
      "type": "Feature",
      "geometry": {
        "type": "Point",
        "coordinates": [
          499969.6229205307,
          6966745.216185585
        ]
      },
      "properties": {
        "junction_id": 39572,
        "veh_id": 11437,
        "sim_time_s": 4023.4,
        "tier": "track-zone",
        "prearm_status": "",
        "focus_role": "none"
      }
    },
    {
      "type": "Feature",
      "geometry": {
        "type": "Point",
        "coordinates": [
          499969.6229205307,
          6966745.216185585
        ]
      },
      "properties": {
        "junction_id": 39568,
        "veh_id": 11437,
        "sim_time_s": 4027.5,
        "tier": "track-zone",
        "prearm_status": "",
        "focus_role": "none"
      }
    },
    {
      "type": "Feature",
      "geometry": {
        "type": "Point",
        "coordinates": [
          499957.0032493924,
          6966995.946738393
        ]
      },
      "properties": {
        "junction_id": 11118289,
        "veh_id": 11399,
        "sim_time_s": 4028.8,
        "tier": "track-zone",
        "prearm_status": "",
        "focus_role": "none"
      }
    },
    {
      "type": "Feature",
      "geometry": {
        "type": "Point",
        "coordinates": [
          500729.0769535061,
          6965001.593655392
        ]
      },
      "properties": {
        "junction_id": 36393,
        "veh_id": 11416,
        "sim_time_s": 4036.9,
        "tier": "track-zone",
        "prearm_status": "",
        "focus_role": "none"
      }
    },
    {
      "type": "Feature",
      "geometry": {
        "type": "Point",
        "coordinates": [
          500753.2849613316,
          6964359.273814563
        ]
      },
      "properties": {
        "junction_id": 39590,
        "veh_id": 11427,
        "sim_time_s": 4041.0,
        "tier": "IC-detect",
        "prearm_status": "",
        "focus_role": "none"
      }
    },
    {
      "type": "Feature",
      "geometry": {
        "type": "Point",
        "coordinates": [
          499960.5459098304,
          6966931.949615148
        ]
      },
      "properties": {
        "junction_id": 38339,
        "veh_id": 11428,
        "sim_time_s": 4043.7,
        "tier": "track-zone",
        "prearm_status": "",
        "focus_role": "none"
      }
    },
    {
      "type": "Feature",
      "geometry": {
        "type": "Point",
        "coordinates": [
          499957.0032493924,
          6966995.946738393
        ]
      },
      "properties": {
        "junction_id": 38339,
        "veh_id": 11399,
        "sim_time_s": 4047.8,
        "tier": "IC-detect",
        "prearm_status": "",
        "focus_role": "none"
      }
    },
    {
      "type": "Feature",
      "geometry": {
        "type": "Point",
        "coordinates": [
          500946.97228876385,
          6964034.668682542
        ]
      },
      "properties": {
        "junction_id": 39606,
        "veh_id": 11439,
        "sim_time_s": 4050.0,
        "tier": "IC-detect",
        "prearm_status": "",
        "focus_role": "none"
      }
    },
    {
      "type": "Feature",
      "geometry": {
        "type": "Point",
        "coordinates": [
          499960.5459098304,
          6966931.949615148
        ]
      },
      "properties": {
        "junction_id": 11118289,
        "veh_id": 11428,
        "sim_time_s": 4055.8,
        "tier": "track-zone",
        "prearm_status": "",
        "focus_role": "none"
      }
    },
    {
      "type": "Feature",
      "geometry": {
        "type": "Point",
        "coordinates": [
          500892.1167463792,
          6964115.107420867
        ]
      },
      "properties": {
        "junction_id": 39590,
        "veh_id": 11439,
        "sim_time_s": 4055.8,
        "tier": "track-zone",
        "prearm_status": "",
        "focus_role": "none"
      }
    },
    {
      "type": "Feature",
      "geometry": {
        "type": "Point",
        "coordinates": [
          0.0,
          0.0
        ]
      },
      "properties": {
        "junction_id": 36393,
        "veh_id": 11416,
        "sim_time_s": 4055.8,
        "tier": "harmony-no-ge-local",
        "prearm_status": "skip",
        "focus_role": "none"
      }
    },
    {
      "type": "Feature",
      "geometry": {
        "type": "Point",
        "coordinates": [
          0.0,
          0.0
        ]
      },
      "properties": {
        "junction_id": 39606,
        "veh_id": 11439,
        "sim_time_s": 4059.9,
        "tier": "harmony-no-ge-local",
        "prearm_status": "skip",
        "focus_role": "none"
      }
    },
    {
      "type": "Feature",
      "geometry": {
        "type": "Point",
        "coordinates": [
          0.0,
          0.0
        ]
      },
      "properties": {
        "junction_id": 39590,
        "veh_id": 11427,
        "sim_time_s": 4066.7,
        "tier": "harmony-no-ge-local",
        "prearm_status": "skip",
        "focus_role": "none"
      }
    },
    {
      "type": "Feature",
      "geometry": {
        "type": "Point",
        "coordinates": [
          500551.7595716443,
          6965570.771377624
        ]
      },
      "properties": {
        "junction_id": 10157950,
        "veh_id": 11394,
        "sim_time_s": 4074.8,
        "tier": "track-zone",
        "prearm_status": "",
        "focus_role": "none"
      }
    },
    {
      "type": "Feature",
      "geometry": {
        "type": "Point",
        "coordinates": [
          500610.1651370506,
          6965404.988634239
        ]
      },
      "properties": {
        "junction_id": 39593,
        "veh_id": 11405,
        "sim_time_s": 4077.4,
        "tier": "track-zone",
        "prearm_status": "",
        "focus_role": "none"
      }
    },
    {
      "type": "Feature",
      "geometry": {
        "type": "Point",
        "coordinates": [
          499969.6229205307,
          6966745.216185585
        ]
      },
      "properties": {
        "junction_id": 11118289,
        "veh_id": 11437,
        "sim_time_s": 4078.8,
        "tier": "track-zone",
        "prearm_status": "",
        "focus_role": "none"
      }
    },
    {
      "type": "Feature",
      "geometry": {
        "type": "Point",
        "coordinates": [
          0.0,
          0.0
        ]
      },
      "properties": {
        "junction_id": 39590,
        "veh_id": 11439,
        "sim_time_s": 4080.2,
        "tier": "harmony-no-ge-local",
        "prearm_status": "skip",
        "focus_role": "none"
      }
    },
    {
      "type": "Feature",
      "geometry": {
        "type": "Point",
        "coordinates": [
          0.0,
          0.0
        ]
      },
      "properties": {
        "junction_id": 39606,
        "veh_id": 11427,
        "sim_time_s": 4081.5,
        "tier": "harmony-no-ge-local",
        "prearm_status": "skip",
        "focus_role": "none"
      }
    },
    {
      "type": "Feature",
      "geometry": {
        "type": "Point",
        "coordinates": [
          500110.61436790234,
          6966427.639689168
        ]
      },
      "properties": {
        "junction_id": 39572,
        "veh_id": 11411,
        "sim_time_s": 4082.8,
        "tier": "track-zone",
        "prearm_status": "",
        "focus_role": "none"
      }
    },
    {
      "type": "Feature",
      "geometry": {
        "type": "Point",
        "coordinates": [
          500063.65037113806,
          6966527.976531492
        ]
      },
      "properties": {
        "junction_id": 39569,
        "veh_id": 11438,
        "sim_time_s": 4082.8,
        "tier": "IC-detect",
        "prearm_status": "",
        "focus_role": "none"
      }
    },
    {
      "type": "Feature",
      "geometry": {
        "type": "Point",
        "coordinates": [
          500637.10870620044,
          6965288.740973165
        ]
      },
      "properties": {
        "junction_id": 10157950,
        "veh_id": 11405,
        "sim_time_s": 4086.9,
        "tier": "track-zone",
        "prearm_status": "",
        "focus_role": "none"
      }
    },
    {
      "type": "Feature",
      "geometry": {
        "type": "Point",
        "coordinates": [
          500063.65037113806,
          6966527.976531492
        ]
      },
      "properties": {
        "junction_id": 39572,
        "veh_id": 11438,
        "sim_time_s": 4086.9,
        "tier": "track-zone",
        "prearm_status": "",
        "focus_role": "none"
      }
    },
    {
      "type": "Feature",
      "geometry": {
        "type": "Point",
        "coordinates": [
          500648.9573240373,
          6965254.868709082
        ]
      },
      "properties": {
        "junction_id": 36385,
        "veh_id": 11405,
        "sim_time_s": 4090.9,
        "tier": "track-zone",
        "prearm_status": "",
        "focus_role": "none"
      }
    },
    {
      "type": "Feature",
      "geometry": {
        "type": "Point",
        "coordinates": [
          500032.10331467784,
          6966465.048027538
        ]
      },
      "properties": {
        "junction_id": 39568,
        "veh_id": 11411,
        "sim_time_s": 4092.3,
        "tier": "track-zone",
        "prearm_status": "",
        "focus_role": "none"
      }
    },
    {
      "type": "Feature",
      "geometry": {
        "type": "Point",
        "coordinates": [
          500063.65037113806,
          6966527.976531492
        ]
      },
      "properties": {
        "junction_id": 39568,
        "veh_id": 11438,
        "sim_time_s": 4096.4,
        "tier": "track-zone",
        "prearm_status": "",
        "focus_role": "none"
      }
    },
    {
      "type": "Feature",
      "geometry": {
        "type": "Point",
        "coordinates": [
          500086.6337452833,
          6967504.668742114
        ]
      },
      "properties": {
        "junction_id": 38339,
        "veh_id": 11429,
        "sim_time_s": 4096.8,
        "tier": "IC-detect",
        "prearm_status": "",
        "focus_role": "none"
      }
    },
    {
      "type": "Feature",
      "geometry": {
        "type": "Point",
        "coordinates": [
          500659.5604281764,
          6965231.481265844
        ]
      },
      "properties": {
        "junction_id": 1119660,
        "veh_id": 11405,
        "sim_time_s": 4100.4,
        "tier": "track-zone",
        "prearm_status": "",
        "focus_role": "none"
      }
    },
    {
      "type": "Feature",
      "geometry": {
        "type": "Point",
        "coordinates": [
          500564.78572772344,
          6965539.6625729455
        ]
      },
      "properties": {
        "junction_id": 39587,
        "veh_id": 11394,
        "sim_time_s": 4107.1,
        "tier": "IC-detect-far",
        "prearm_status": "",
        "focus_role": "none"
      }
    },
    {
      "type": "Feature",
      "geometry": {
        "type": "Point",
        "coordinates": [
          0.0,
          0.0
        ]
      },
      "properties": {
        "junction_id": 38339,
        "veh_id": 11399,
        "sim_time_s": 4113.4,
        "tier": "harmony-no-ge-local",
        "prearm_status": "skip",
        "focus_role": "none"
      }
    },
    {
      "type": "Feature",
      "geometry": {
        "type": "Point",
        "coordinates": [
          499960.5459098304,
          6966931.949615148
        ]
      },
      "properties": {
        "junction_id": 39568,
        "veh_id": 11428,
        "sim_time_s": 4115.2,
        "tier": "track-zone",
        "prearm_status": "",
        "focus_role": "none"
      }
    },
    {
      "type": "Feature",
      "geometry": {
        "type": "Point",
        "coordinates": [
          500564.78572772344,
          6965539.6625729455
        ]
      },
      "properties": {
        "junction_id": 39576,
        "veh_id": 11394,
        "sim_time_s": 4116.6,
        "tier": "track-zone",
        "prearm_status": "",
        "focus_role": "none"
      }
    },
    {
      "type": "Feature",
      "geometry": {
        "type": "Point",
        "coordinates": [
          500564.78572772344,
          6965539.6625729455
        ]
      },
      "properties": {
        "junction_id": 1119660,
        "veh_id": 11394,
        "sim_time_s": 4117.9,
        "tier": "track-zone",
        "prearm_status": "",
        "focus_role": "none"
      }
    },
    {
      "type": "Feature",
      "geometry": {
        "type": "Point",
        "coordinates": [
          500672.87565894926,
          6964523.938120649
        ]
      },
      "properties": {
        "junction_id": 36393,
        "veh_id": 11439,
        "sim_time_s": 4122.0,
        "tier": "track-zone",
        "prearm_status": "",
        "focus_role": "none"
      }
    },
    {
      "type": "Feature",
      "geometry": {
        "type": "Point",
        "coordinates": [
          500689.2088846628,
          6964559.01163727
        ]
      },
      "properties": {
        "junction_id": 39590,
        "veh_id": 11416,
        "sim_time_s": 4123.4,
        "tier": "track-zone",
        "prearm_status": "",
        "focus_role": "none"
      }
    },
    {
      "type": "Feature",
      "geometry": {
        "type": "Point",
        "coordinates": [
          0.0,
          0.0
        ]
      },
      "properties": {
        "junction_id": 39593,
        "veh_id": 11405,
        "sim_time_s": 4132.8,
        "tier": "harmony-no-ge-local",
        "prearm_status": "skip",
        "focus_role": "none"
      }
    },
    {
      "type": "Feature",
      "geometry": {
        "type": "Point",
        "coordinates": [
          499874.5112522854,
          6966540.610467893
        ]
      },
      "properties": {
        "junction_id": 39569,
        "veh_id": 11411,
        "sim_time_s": 4140.9,
        "tier": "track-zone",
        "prearm_status": "",
        "focus_role": "none"
      }
    },
    {
      "type": "Feature",
      "geometry": {
        "type": "Point",
        "coordinates": [
          499969.6229205307,
          6966745.216185585
        ]
      },
      "properties": {
        "junction_id": 39572,
        "veh_id": 11437,
        "sim_time_s": 4144.9,
        "tier": "track-zone",
        "prearm_status": "",
        "focus_role": "none"
      }
    },
    {
      "type": "Feature",
      "geometry": {
        "type": "Point",
        "coordinates": [
          499969.6229205307,
          6966745.216185585
        ]
      },
      "properties": {
        "junction_id": 39568,
        "veh_id": 11437,
        "sim_time_s": 4149.0,
        "tier": "track-zone",
        "prearm_status": "",
        "focus_role": "none"
      }
    },
    {
      "type": "Feature",
      "geometry": {
        "type": "Point",
        "coordinates": [
          499957.0032493924,
          6966995.946738393
        ]
      },
      "properties": {
        "junction_id": 11118289,
        "veh_id": 11399,
        "sim_time_s": 4150.4,
        "tier": "track-zone",
        "prearm_status": "",
        "focus_role": "none"
      }
    },
    {
      "type": "Feature",
      "geometry": {
        "type": "Point",
        "coordinates": [
          499512.512419305,
          6966653.6669520615
        ]
      },
      "properties": {
        "junction_id": 39572,
        "veh_id": 11417,
        "sim_time_s": 4152.6,
        "tier": "IC-detect",
        "prearm_status": "",
        "focus_role": "none"
      }
    },
    {
      "type": "Feature",
      "geometry": {
        "type": "Point",
        "coordinates": [
          499960.5459098304,
          6966931.949615148
        ]
      },
      "properties": {
        "junction_id": 38339,
        "veh_id": 11428,
        "sim_time_s": 4165.2,
        "tier": "track-zone",
        "prearm_status": "",
        "focus_role": "none"
      }
    },
    {
      "type": "Feature",
      "geometry": {
        "type": "Point",
        "coordinates": [
          0.0,
          0.0
        ]
      },
      "properties": {
        "junction_id": 39587,
        "veh_id": 11394,
        "sim_time_s": 4170.6,
        "tier": "harmony-no-ge-local",
        "prearm_status": "skip",
        "focus_role": "none"
      }
    },
    {
      "type": "Feature",
      "geometry": {
        "type": "Point",
        "coordinates": [
          499960.5459098304,
          6966931.949615148
        ]
      },
      "properties": {
        "junction_id": 11118289,
        "veh_id": 11428,
        "sim_time_s": 4177.4,
        "tier": "track-zone",
        "prearm_status": "",
        "focus_role": "none"
      }
    },
    {
      "type": "Feature",
      "geometry": {
        "type": "Point",
        "coordinates": [
          0.0,
          0.0
        ]
      },
      "properties": {
        "junction_id": 36393,
        "veh_id": 11439,
        "sim_time_s": 4177.4,
        "tier": "harmony-no-ge-local",
        "prearm_status": "skip",
        "focus_role": "none"
      }
    },
    {
      "type": "Feature",
      "geometry": {
        "type": "Point",
        "coordinates": [
          500608.5996453141,
          6965410.953939118
        ]
      },
      "properties": {
        "junction_id": 39593,
        "veh_id": 11394,
        "sim_time_s": 4178.7,
        "tier": "track-zone",
        "prearm_status": "",
        "focus_role": "none"
      }
    },
    {
      "type": "Feature",
      "geometry": {
        "type": "Point",
        "coordinates": [
          500679.52595858305,
          6964775.660136425
        ]
      },
      "properties": {
        "junction_id": 36385,
        "veh_id": 11439,
        "sim_time_s": 4182.8,
        "tier": "track-zone",
        "prearm_status": "",
        "focus_role": "none"
      }
    },
    {
      "type": "Feature",
      "geometry": {
        "type": "Point",
        "coordinates": [
          500652.4455668112,
          6965247.193539627
        ]
      },
      "properties": {
        "junction_id": 36385,
        "veh_id": 11394,
        "sim_time_s": 4190.9,
        "tier": "track-zone",
        "prearm_status": "",
        "focus_role": "none"
      }
    },
    {
      "type": "Feature",
      "geometry": {
        "type": "Point",
        "coordinates": [
          0.0,
          0.0
        ]
      },
      "properties": {
        "junction_id": 39593,
        "veh_id": 11394,
        "sim_time_s": 4194.9,
        "tier": "harmony-ins-local",
        "prearm_status": "action",
        "focus_role": "none"
      }
    },
    {
      "type": "Feature",
      "geometry": {
        "type": "Point",
        "coordinates": [
          500673.4897195517,
          6965203.588296311
        ]
      },
      "properties": {
        "junction_id": 10157950,
        "veh_id": 11394,
        "sim_time_s": 4196.2,
        "tier": "track-zone",
        "prearm_status": "",
        "focus_role": "none"
      }
    },
    {
      "type": "Feature",
      "geometry": {
        "type": "Point",
        "coordinates": [
          500919.818795253,
          6965246.730758348
        ]
      },
      "properties": {
        "junction_id": 39593,
        "veh_id": 11419,
        "sim_time_s": 4200.3,
        "tier": "track-zone",
        "prearm_status": "",
        "focus_role": "none"
      }
    },
    {
      "type": "Feature",
      "geometry": {
        "type": "Point",
        "coordinates": [
          499969.6229205307,
          6966745.216185585
        ]
      },
      "properties": {
        "junction_id": 11118289,
        "veh_id": 11437,
        "sim_time_s": 4200.3,
        "tier": "track-zone",
        "prearm_status": "",
        "focus_role": "none"
      }
    },
    {
      "type": "Feature",
      "geometry": {
        "type": "Point",
        "coordinates": [
          500702.35769714945,
          6964936.3808274
        ]
      },
      "properties": {
        "junction_id": 39593,
        "veh_id": 11439,
        "sim_time_s": 4200.3,
        "tier": "track-zone",
        "prearm_status": "",
        "focus_role": "none"
      }
    },
    {
      "type": "Feature",
      "geometry": {
        "type": "Point",
        "coordinates": [
          500133.05569332093,
          6965615.022180805
        ]
      },
      "properties": {
        "junction_id": 39576,
        "veh_id": 11406,
        "sim_time_s": 4201.6,
        "tier": "IC-detect",
        "prearm_status": "",
        "focus_role": "none"
      }
    },
    {
      "type": "Feature",
      "geometry": {
        "type": "Point",
        "coordinates": [
          500063.65037113806,
          6966527.976531492
        ]
      },
      "properties": {
        "junction_id": 39569,
        "veh_id": 11438,
        "sim_time_s": 4203.0,
        "tier": "IC-detect",
        "prearm_status": "",
        "focus_role": "none"
      }
    },
    {
      "type": "Feature",
      "geometry": {
        "type": "Point",
        "coordinates": [
          499563.3237869735,
          6966632.036631566
        ]
      },
      "properties": {
        "junction_id": 39572,
        "veh_id": 11411,
        "sim_time_s": 4203.0,
        "tier": "IC-detect-far",
        "prearm_status": "",
        "focus_role": "none"
      }
    },
    {
      "type": "Feature",
      "geometry": {
        "type": "Point",
        "coordinates": [
          500856.5235567912,
          6965223.302602034
        ]
      },
      "properties": {
        "junction_id": 36385,
        "veh_id": 11419,
        "sim_time_s": 4204.4,
        "tier": "track-zone",
        "prearm_status": "",
        "focus_role": "none"
      }
    },
    {
      "type": "Feature",
      "geometry": {
        "type": "Point",
        "coordinates": [
          500728.85962196806,
          6964992.670426268
        ]
      },
      "properties": {
        "junction_id": 36393,
        "veh_id": 11405,
        "sim_time_s": 4205.7,
        "tier": "track-zone",
        "prearm_status": "",
        "focus_role": "none"
      }
    },
    {
      "type": "Feature",
      "geometry": {
        "type": "Point",
        "coordinates": [
          500818.0317329092,
          6965205.395415272
        ]
      },
      "properties": {
        "junction_id": 10157950,
        "veh_id": 11419,
        "sim_time_s": 4207.1,
        "tier": "track-zone",
        "prearm_status": "",
        "focus_role": "none"
      }
    },
    {
      "type": "Feature",
      "geometry": {
        "type": "Point",
        "coordinates": [
          499759.15480099106,
          6966605.816125419
        ]
      },
      "properties": {
        "junction_id": 39568,
        "veh_id": 11417,
        "sim_time_s": 4208.4,
        "tier": "track-zone",
        "prearm_status": "",
        "focus_role": "none"
      }
    },
    {
      "type": "Feature",
      "geometry": {
        "type": "Point",
        "coordinates": [
          500063.65037113806,
          6966527.976531492
        ]
      },
      "properties": {
        "junction_id": 39572,
        "veh_id": 11438,
        "sim_time_s": 4208.4,
        "tier": "track-zone",
        "prearm_status": "",
        "focus_role": "none"
      }
    },
    {
      "type": "Feature",
      "geometry": {
        "type": "Point",
        "coordinates": [
          500721.6498058998,
          6964936.709178865
        ]
      },
      "properties": {
        "junction_id": 36385,
        "veh_id": 11405,
        "sim_time_s": 4211.1,
        "tier": "IC-detect",
        "prearm_status": "",
        "focus_role": "none"
      }
    },
    {
      "type": "Feature",
      "geometry": {
        "type": "Point",
        "coordinates": [
          500002.19468265044,
          6967310.708379088
        ]
      },
      "properties": {
        "junction_id": 38339,
        "veh_id": 11429,
        "sim_time_s": 4216.9,
        "tier": "IC-detect-far",
        "prearm_status": "",
        "focus_role": "none"
      }
    },
    {
      "type": "Feature",
      "geometry": {
        "type": "Point",
        "coordinates": [
          500063.65037113806,
          6966527.976531492
        ]
      },
      "properties": {
        "junction_id": 39568,
        "veh_id": 11438,
        "sim_time_s": 4217.9,
        "tier": "track-zone",
        "prearm_status": "",
        "focus_role": "none"
      }
    },
    {
      "type": "Feature",
      "geometry": {
        "type": "Point",
        "coordinates": [
          499960.68551657646,
          6966793.220192307
        ]
      },
      "properties": {
        "junction_id": 38339,
        "veh_id": 11437,
        "sim_time_s": 4221.9,
        "tier": "track-zone",
        "prearm_status": "",
        "focus_role": "none"
      }
    },
    {
      "type": "Feature",
      "geometry": {
        "type": "Point",
        "coordinates": [
          0.0,
          0.0
        ]
      },
      "properties": {
        "junction_id": 36393,
        "veh_id": 11405,
        "sim_time_s": 4225.9,
        "tier": "harmony-no-ge-local",
        "prearm_status": "skip",
        "focus_role": "none"
      }
    },
    {
      "type": "Feature",
      "geometry": {
        "type": "Point",
        "coordinates": [
          0.0,
          0.0
        ]
      },
      "properties": {
        "junction_id": 36385,
        "veh_id": 11439,
        "sim_time_s": 4228.6,
        "tier": "harmony-no-ge-local",
        "prearm_status": "skip",
        "focus_role": "none"
      }
    },
    {
      "type": "Feature",
      "geometry": {
        "type": "Point",
        "coordinates": [
          499957.0032493924,
          6966995.946738393
        ]
      },
      "properties": {
        "junction_id": 38339,
        "veh_id": 11399,
        "sim_time_s": 4233.6,
        "tier": "IC-detect",
        "prearm_status": "",
        "focus_role": "none"
      }
    },
    {
      "type": "Feature",
      "geometry": {
        "type": "Point",
        "coordinates": [
          499963.18388926814,
          6966895.482223619
        ]
      },
      "properties": {
        "junction_id": 39572,
        "veh_id": 11428,
        "sim_time_s": 4234.1,
        "tier": "track-zone",
        "prearm_status": "",
        "focus_role": "none"
      }
    },
    {
      "type": "Feature",
      "geometry": {
        "type": "Point",
        "coordinates": [
          500683.60969875753,
          6965100.849608928
        ]
      },
      "properties": {
        "junction_id": 10157950,
        "veh_id": 11439,
        "sim_time_s": 4235.4,
        "tier": "track-zone",
        "prearm_status": "",
        "focus_role": "none"
      }
    },
    {
      "type": "Feature",
      "geometry": {
        "type": "Point",
        "coordinates": [
          499963.8310183697,
          6966884.31330651
        ]
      },
      "properties": {
        "junction_id": 39568,
        "veh_id": 11428,
        "sim_time_s": 4236.8,
        "tier": "track-zone",
        "prearm_status": "",
        "focus_role": "none"
      }
    },
    {
      "type": "Feature",
      "geometry": {
        "type": "Point",
        "coordinates": [
          500679.97079959017,
          6965191.096218499
        ]
      },
      "properties": {
        "junction_id": 1119660,
        "veh_id": 11394,
        "sim_time_s": 4239.4,
        "tier": "track-zone",
        "prearm_status": "",
        "focus_role": "none"
      }
    },
    {
      "type": "Feature",
      "geometry": {
        "type": "Point",
        "coordinates": [
          500663.2818007847,
          6965177.90480639
        ]
      },
      "properties": {
        "junction_id": 1119660,
        "veh_id": 11439,
        "sim_time_s": 4240.8,
        "tier": "track-zone",
        "prearm_status": "",
        "focus_role": "none"
      }
    },
    {
      "type": "Feature",
      "geometry": {
        "type": "Point",
        "coordinates": [
          0.0,
          0.0
        ]
      },
      "properties": {
        "junction_id": 36385,
        "veh_id": 11419,
        "sim_time_s": 4242.1,
        "tier": "harmony-ge-local",
        "prearm_status": "action",
        "focus_role": "none"
      }
    },
    {
      "type": "Feature",
      "geometry": {
        "type": "Point",
        "coordinates": [
          500727.6857165641,
          6964415.715540209
        ]
      },
      "properties": {
        "junction_id": 39590,
        "veh_id": 11416,
        "sim_time_s": 4243.5,
        "tier": "IC-detect",
        "prearm_status": "",
        "focus_role": "none"
      }
    },
    {
      "type": "Feature",
      "geometry": {
        "type": "Point",
        "coordinates": [
          500636.3711193506,
          6965239.52253451
        ]
      },
      "properties": {
        "junction_id": 39587,
        "veh_id": 11439,
        "sim_time_s": 4244.9,
        "tier": "track-zone",
        "prearm_status": "",
        "focus_role": "none"
      }
    },
    {
      "type": "Feature",
      "geometry": {
        "type": "Point",
        "coordinates": [
          500725.9849011383,
          6964989.874390425
        ]
      },
      "properties": {
        "junction_id": 36393,
        "veh_id": 11419,
        "sim_time_s": 4246.2,
        "tier": "track-zone",
        "prearm_status": "",
        "focus_role": "none"
      }
    },
    {
      "type": "Feature",
      "geometry": {
        "type": "Point",
        "coordinates": [
          499961.1348311982,
          6966956.41563796
        ]
      },
      "properties": {
        "junction_id": 39568,
        "veh_id": 11399,
        "sim_time_s": 4251.6,
        "tier": "track-zone",
        "prearm_status": "",
        "focus_role": "none"
      }
    },
    {
      "type": "Feature",
      "geometry": {
        "type": "Point",
        "coordinates": [
          0.0,
          0.0
        ]
      },
      "properties": {
        "junction_id": 36393,
        "veh_id": 11419,
        "sim_time_s": 4262.4,
        "tier": "harmony-no-ge-local",
        "prearm_status": "skip",
        "focus_role": "none"
      }
    },
    {
      "type": "Feature",
      "geometry": {
        "type": "Point",
        "coordinates": [
          499963.3083870914,
          6966935.1005015215
        ]
      },
      "properties": {
        "junction_id": 11118289,
        "veh_id": 11399,
        "sim_time_s": 4271.9,
        "tier": "track-zone",
        "prearm_status": "",
        "focus_role": "none"
      }
    },
    {
      "type": "Feature",
      "geometry": {
        "type": "Point",
        "coordinates": [
          499787.34157909616,
          6966592.238765887
        ]
      },
      "properties": {
        "junction_id": 39572,
        "veh_id": 11417,
        "sim_time_s": 4272.8,
        "tier": "IC-detect",
        "prearm_status": "",
        "focus_role": "none"
      }
    },
    {
      "type": "Feature",
      "geometry": {
        "type": "Point",
        "coordinates": [
          0.0,
          0.0
        ]
      },
      "properties": {
        "junction_id": 38339,
        "veh_id": 11437,
        "sim_time_s": 4273.2,
        "tier": "harmony-no-ge-local",
        "prearm_status": "skip",
        "focus_role": "none"
      }
    },
    {
      "type": "Feature",
      "geometry": {
        "type": "Point",
        "coordinates": [
          0.0,
          0.0
        ]
      },
      "properties": {
        "junction_id": 39587,
        "veh_id": 11439,
        "sim_time_s": 4275.9,
        "tier": "harmony-no-ge-local",
        "prearm_status": "skip",
        "focus_role": "none"
      }
    },
    {
      "type": "Feature",
      "geometry": {
        "type": "Point",
        "coordinates": [
          500572.01000930043,
          6965470.188352863
        ]
      },
      "properties": {
        "junction_id": 39576,
        "veh_id": 11439,
        "sim_time_s": 4278.6,
        "tier": "track-zone",
        "prearm_status": "",
        "focus_role": "none"
      }
    },
    {
      "type": "Feature",
      "geometry": {
        "type": "Point",
        "coordinates": [
          0.0,
          0.0
        ]
      },
      "properties": {
        "junction_id": 39590,
        "veh_id": 11416,
        "sim_time_s": 4281.3,
        "tier": "harmony-no-ge-local",
        "prearm_status": "skip",
        "focus_role": "none"
      }
    },
    {
      "type": "Feature",
      "geometry": {
        "type": "Point",
        "coordinates": [
          499879.16120254743,
          6966548.4676302
        ]
      },
      "properties": {
        "junction_id": 39569,
        "veh_id": 11417,
        "sim_time_s": 4286.7,
        "tier": "track-zone",
        "prearm_status": "",
        "focus_role": "none"
      }
    },
    {
      "type": "Feature",
      "geometry": {
        "type": "Point",
        "coordinates": [
          499964.1759159897,
          6966873.266787086
        ]
      },
      "properties": {
        "junction_id": 38339,
        "veh_id": 11428,
        "sim_time_s": 4286.7,
        "tier": "track-zone",
        "prearm_status": "",
        "focus_role": "none"
      }
    },
    {
      "type": "Feature",
      "geometry": {
        "type": "Point",
        "coordinates": [
          499964.1759159897,
          6966873.266787086
        ]
      },
      "properties": {
        "junction_id": 11118289,
        "veh_id": 11428,
        "sim_time_s": 4298.9,
        "tier": "track-zone",
        "prearm_status": "",
        "focus_role": "none"
      }
    },
    {
      "type": "Feature",
      "geometry": {
        "type": "Point",
        "coordinates": [
          0.0,
          0.0
        ]
      },
      "properties": {
        "junction_id": 39576,
        "veh_id": 11439,
        "sim_time_s": 4298.9,
        "tier": "harmony-no-ge-local",
        "prearm_status": "skip",
        "focus_role": "none"
      }
    },
    {
      "type": "Feature",
      "geometry": {
        "type": "Point",
        "coordinates": [
          500683.1662371441,
          6964557.801733718
        ]
      },
      "properties": {
        "junction_id": 39590,
        "veh_id": 11405,
        "sim_time_s": 4301.6,
        "tier": "track-zone",
        "prearm_status": "",
        "focus_role": "none"
      }
    },
    {
      "type": "Feature",
      "geometry": {
        "type": "Point",
        "coordinates": [
          500492.4218681923,
          6965683.421157376
        ]
      },
      "properties": {
        "junction_id": 39578,
        "veh_id": 11439,
        "sim_time_s": 4301.6,
        "tier": "track-zone",
        "prearm_status": "",
        "focus_role": "none"
      }
    },
    {
      "type": "Feature",
      "geometry": {
        "type": "Point",
        "coordinates": [
          500716.2005814076,
          6965084.0804181695
        ]
      },
      "properties": {
        "junction_id": 36385,
        "veh_id": 11394,
        "sim_time_s": 4311.0,
        "tier": "IC-detect-far",
        "prearm_status": "",
        "focus_role": "none"
      }
    },
    {
      "type": "Feature",
      "geometry": {
        "type": "Point",
        "coordinates": [
          500946.97228876385,
          6964034.668682542
        ]
      },
      "properties": {
        "junction_id": 39606,
        "veh_id": 11412,
        "sim_time_s": 4320.0,
        "tier": "IC-detect",
        "prearm_status": "",
        "focus_role": "none"
      }
    },
    {
      "type": "Feature",
      "geometry": {
        "type": "Point",
        "coordinates": [
          500296.4527739846,
          6965646.003554777
        ]
      },
      "properties": {
        "junction_id": 39576,
        "veh_id": 11406,
        "sim_time_s": 4321.8,
        "tier": "IC-detect-far",
        "prearm_status": "",
        "focus_role": "none"
      }
    },
    {
      "type": "Feature",
      "geometry": {
        "type": "Point",
        "coordinates": [
          500041.1292391748,
          6966582.081616851
        ]
      },
      "properties": {
        "junction_id": 39572,
        "veh_id": 11438,
        "sim_time_s": 4328.6,
        "tier": "IC-detect-far",
        "prearm_status": "",
        "focus_role": "none"
      }
    },
    {
      "type": "Feature",
      "geometry": {
        "type": "Point",
        "coordinates": [
          499937.45040811005,
          6966520.539643232
        ]
      },
      "properties": {
        "junction_id": 39568,
        "veh_id": 11417,
        "sim_time_s": 4329.9,
        "tier": "track-zone",
        "prearm_status": "",
        "focus_role": "none"
      }
    },
    {
      "type": "Feature",
      "geometry": {
        "type": "Point",
        "coordinates": [
          499999.5489829707,
          6967278.613191892
        ]
      },
      "properties": {
        "junction_id": 38339,
        "veh_id": 11429,
        "sim_time_s": 4337.1,
        "tier": "IC-detect-far",
        "prearm_status": "",
        "focus_role": "none"
      }
    },
    {
      "type": "Feature",
      "geometry": {
        "type": "Point",
        "coordinates": [
          500041.1292391748,
          6966582.081616851
        ]
      },
      "properties": {
        "junction_id": 39568,
        "veh_id": 11438,
        "sim_time_s": 4339.4,
        "tier": "track-zone",
        "prearm_status": "",
        "focus_role": "none"
      }
    },
    {
      "type": "Feature",
      "geometry": {
        "type": "Point",
        "coordinates": [
          0.0,
          0.0
        ]
      },
      "properties": {
        "junction_id": 39578,
        "veh_id": 11439,
        "sim_time_s": 4342.1,
        "tier": "harmony-no-ge-local",
        "prearm_status": "skip",
        "focus_role": "none"
      }
    },
    {
      "type": "Feature",
      "geometry": {
        "type": "Point",
        "coordinates": [
          500686.8336189121,
          6964550.827020611
        ]
      },
      "properties": {
        "junction_id": 39590,
        "veh_id": 11419,
        "sim_time_s": 4346.1,
        "tier": "track-zone",
        "prearm_status": "",
        "focus_role": "none"
      }
    },
    {
      "type": "Feature",
      "geometry": {
        "type": "Point",
        "coordinates": [
          500400.85783275065,
          6966037.102822873
        ]
      },
      "properties": {
        "junction_id": 1043762,
        "veh_id": 11439,
        "sim_time_s": 4352.9,
        "tier": "track-zone",
        "prearm_status": "",
        "focus_role": "none"
      }
    },
    {
      "type": "Feature",
      "geometry": {
        "type": "Point",
        "coordinates": [
          500800.2111330316,
          6964260.618210299
        ]
      },
      "properties": {
        "junction_id": 39606,
        "veh_id": 11416,
        "sim_time_s": 4352.9,
        "tier": "IC-detect",
        "prearm_status": "",
        "focus_role": "none"
      }
    },
    {
      "type": "Feature",
      "geometry": {
        "type": "Point",
        "coordinates": [
          499963.3083870914,
          6966935.1005015215
        ]
      },
      "properties": {
        "junction_id": 38339,
        "veh_id": 11399,
        "sim_time_s": 4353.8,
        "tier": "IC-detect",
        "prearm_status": "",
        "focus_role": "none"
      }
    },
    {
      "type": "Feature",
      "geometry": {
        "type": "Point",
        "coordinates": [
          499964.1759159897,
          6966873.266787086
        ]
      },
      "properties": {
        "junction_id": 39572,
        "veh_id": 11428,
        "sim_time_s": 4355.6,
        "tier": "track-zone",
        "prearm_status": "",
        "focus_role": "none"
      }
    },
    {
      "type": "Feature",
      "geometry": {
        "type": "Point",
        "coordinates": [
          0.0,
          0.0
        ]
      },
      "properties": {
        "junction_id": 36385,
        "veh_id": 11394,
        "sim_time_s": 4356.9,
        "tier": "harmony-no-ge-local",
        "prearm_status": "skip",
        "focus_role": "none"
      }
    },
    {
      "type": "Feature",
      "geometry": {
        "type": "Point",
        "coordinates": [
          499964.1759159897,
          6966873.266787086
        ]
      },
      "properties": {
        "junction_id": 39568,
        "veh_id": 11428,
        "sim_time_s": 4358.2,
        "tier": "track-zone",
        "prearm_status": "",
        "focus_role": "none"
      }
    },
    {
      "type": "Feature",
      "geometry": {
        "type": "Point",
        "coordinates": [
          0.0,
          0.0
        ]
      },
      "properties": {
        "junction_id": 39606,
        "veh_id": 11416,
        "sim_time_s": 4358.2,
        "tier": "harmony-no-ge-local",
        "prearm_status": "skip",
        "focus_role": "none"
      }
    },
    {
      "type": "Feature",
      "geometry": {
        "type": "Point",
        "coordinates": [
          500728.9471501091,
          6964990.697255803
        ]
      },
      "properties": {
        "junction_id": 36393,
        "veh_id": 11394,
        "sim_time_s": 4363.6,
        "tier": "track-zone",
        "prearm_status": "",
        "focus_role": "none"
      }
    },
    {
      "type": "Feature",
      "geometry": {
        "type": "Point",
        "coordinates": [
          500884.9553390637,
          6964123.192510837
        ]
      },
      "properties": {
        "junction_id": 39590,
        "veh_id": 11412,
        "sim_time_s": 4365.0,
        "tier": "track-zone",
        "prearm_status": "",
        "focus_role": "none"
      }
    },
    {
      "type": "Feature",
      "geometry": {
        "type": "Point",
        "coordinates": [
          0.0,
          0.0
        ]
      },
      "properties": {
        "junction_id": 1043762,
        "veh_id": 11439,
        "sim_time_s": 4367.7,
        "tier": "harmony-no-ge-local",
        "prearm_status": "skip",
        "focus_role": "none"
      }
    },
    {
      "type": "Feature",
      "geometry": {
        "type": "Point",
        "coordinates": [
          499963.3083870914,
          6966935.1005015215
        ]
      },
      "properties": {
        "junction_id": 39568,
        "veh_id": 11399,
        "sim_time_s": 4373.1,
        "tier": "track-zone",
        "prearm_status": "",
        "focus_role": "none"
      }
    },
    {
      "type": "Feature",
      "geometry": {
        "type": "Point",
        "coordinates": [
          500227.3555857949,
          6966247.700212404
        ]
      },
      "properties": {
        "junction_id": 39569,
        "veh_id": 11439,
        "sim_time_s": 4377.1,
        "tier": "track-zone",
        "prearm_status": "",
        "focus_role": "none"
      }
    },
    {
      "type": "Feature",
      "geometry": {
        "type": "Point",
        "coordinates": [
          500944.51358507737,
          6964038.69291645
        ]
      },
      "properties": {
        "junction_id": 39606,
        "veh_id": 11401,
        "sim_time_s": 4380.3,
        "tier": "IC-detect",
        "prearm_status": "",
        "focus_role": "none"
      }
    },
    {
      "type": "Feature",
      "geometry": {
        "type": "Point",
        "coordinates": [
          0.0,
          0.0
        ]
      },
      "properties": {
        "junction_id": 36393,
        "veh_id": 11394,
        "sim_time_s": 4383.9,
        "tier": "harmony-no-ge-local",
        "prearm_status": "skip",
        "focus_role": "none"
      }
    },
    {
      "type": "Feature",
      "geometry": {
        "type": "Point",
        "coordinates": [
          499939.5370845727,
          6966519.524397327
        ]
      },
      "properties": {
        "junction_id": 39572,
        "veh_id": 11417,
        "sim_time_s": 4392.9,
        "tier": "IC-detect",
        "prearm_status": "",
        "focus_role": "none"
      }
    },
    {
      "type": "Feature",
      "geometry": {
        "type": "Point",
        "coordinates": [
          499963.3083870914,
          6966935.1005015215
        ]
      },
      "properties": {
        "junction_id": 11118289,
        "veh_id": 11399,
        "sim_time_s": 4393.4,
        "tier": "track-zone",
        "prearm_status": "",
        "focus_role": "none"
      }
    },
    {
      "type": "Feature",
      "geometry": {
        "type": "Point",
        "coordinates": [
          500008.7116346541,
          6966677.869633591
        ]
      },
      "properties": {
        "junction_id": 39569,
        "veh_id": 11428,
        "sim_time_s": 4402.8,
        "tier": "track-zone",
        "prearm_status": "",
        "focus_role": "none"
      }
    },
    {
      "type": "Feature",
      "geometry": {
        "type": "Point",
        "coordinates": [
          499969.0607645832,
          6966897.159973103
        ]
      },
      "properties": {
        "junction_id": 39572,
        "veh_id": 11399,
        "sim_time_s": 4406.9,
        "tier": "track-zone",
        "prearm_status": "",
        "focus_role": "none"
      }
    },
    {
      "type": "Feature",
      "geometry": {
        "type": "Point",
        "coordinates": [
          499986.06979810033,
          6966497.025346635
        ]
      },
      "properties": {
        "junction_id": 39569,
        "veh_id": 11417,
        "sim_time_s": 4406.9,
        "tier": "IC-detect",
        "prearm_status": "",
        "focus_role": "none"
      }
    },
    {
      "type": "Feature",
      "geometry": {
        "type": "Point",
        "coordinates": [
          500723.3539274815,
          6964411.178371709
        ]
      },
      "properties": {
        "junction_id": 39590,
        "veh_id": 11405,
        "sim_time_s": 4421.7,
        "tier": "IC-detect",
        "prearm_status": "",
        "focus_role": "none"
      }
    },
    {
      "type": "Feature",
      "geometry": {
        "type": "Point",
        "coordinates": [
          0.0,
          0.0
        ]
      },
      "properties": {
        "junction_id": 39590,
        "veh_id": 11412,
        "sim_time_s": 4423.1,
        "tier": "harmony-no-ge-local",
        "prearm_status": "skip",
        "focus_role": "none"
      }
    },
    {
      "type": "Feature",
      "geometry": {
        "type": "Point",
        "coordinates": [
          500727.09775605524,
          6964410.803545529
        ]
      },
      "properties": {
        "junction_id": 39606,
        "veh_id": 11405,
        "sim_time_s": 4424.4,
        "tier": "track-zone",
        "prearm_status": "",
        "focus_role": "none"
      }
    },
    {
      "type": "Feature",
      "geometry": {
        "type": "Point",
        "coordinates": [
          500041.1292391748,
          6966582.081616851
        ]
      },
      "properties": {
        "junction_id": 39569,
        "veh_id": 11438,
        "sim_time_s": 4424.4,
        "tier": "track-zone",
        "prearm_status": "",
        "focus_role": "none"
      }
    },
    {
      "type": "Feature",
      "geometry": {
        "type": "Point",
        "coordinates": [
          500888.5566744096,
          6964119.131017802
        ]
      },
      "properties": {
        "junction_id": 39590,
        "veh_id": 11401,
        "sim_time_s": 4425.8,
        "tier": "track-zone",
        "prearm_status": "",
        "focus_role": "none"
      }
    },
    {
      "type": "Feature",
      "geometry": {
        "type": "Point",
        "coordinates": [
          500759.16799157544,
          6964292.590337272
        ]
      },
      "properties": {
        "junction_id": 39606,
        "veh_id": 11412,
        "sim_time_s": 4441.9,
        "tier": "track-zone",
        "prearm_status": "",
        "focus_role": "none"
      }
    },
    {
      "type": "Feature",
      "geometry": {
        "type": "Point",
        "coordinates": [
          500374.4177782762,
          6965677.980966452
        ]
      },
      "properties": {
        "junction_id": 39576,
        "veh_id": 11406,
        "sim_time_s": 4441.9,
        "tier": "IC-detect",
        "prearm_status": "",
        "focus_role": "none"
      }
    },
    {
      "type": "Feature",
      "geometry": {
        "type": "Point",
        "coordinates": [
          500041.1292391748,
          6966582.081616851
        ]
      },
      "properties": {
        "junction_id": 39572,
        "veh_id": 11438,
        "sim_time_s": 4448.7,
        "tier": "IC-detect",
        "prearm_status": "",
        "focus_role": "none"
      }
    },
    {
      "type": "Feature",
      "geometry": {
        "type": "Point",
        "coordinates": [
          500689.2360947783,
          6964559.254676341
        ]
      },
      "properties": {
        "junction_id": 39590,
        "veh_id": 11394,
        "sim_time_s": 4454.1,
        "tier": "track-zone",
        "prearm_status": "",
        "focus_role": "none"
      }
    },
    {
      "type": "Feature",
      "geometry": {
        "type": "Point",
        "coordinates": [
          0.0,
          0.0
        ]
      },
      "properties": {
        "junction_id": 39569,
        "veh_id": 11428,
        "sim_time_s": 4455.4,
        "tier": "harmony-ins-local",
        "prearm_status": "action",
        "focus_role": "none"
      }
    },
    {
      "type": "Feature",
      "geometry": {
        "type": "Point",
        "coordinates": [
          499999.4660858903,
          6967278.180094783
        ]
      },
      "properties": {
        "junction_id": 38339,
        "veh_id": 11429,
        "sim_time_s": 4457.2,
        "tier": "IC-detect-far",
        "prearm_status": "",
        "focus_role": "none"
      }
    },
    {
      "type": "Feature",
      "geometry": {
        "type": "Point",
        "coordinates": [
          500134.720274927,
          6966433.815438841
        ]
      },
      "properties": {
        "junction_id": 1043762,
        "veh_id": 11428,
        "sim_time_s": 4458.1,
        "tier": "track-zone",
        "prearm_status": "",
        "focus_role": "none"
      }
    },
    {
      "type": "Feature",
      "geometry": {
        "type": "Point",
        "coordinates": [
          500041.1292391748,
          6966582.081616851
        ]
      },
      "properties": {
        "junction_id": 39568,
        "veh_id": 11438,
        "sim_time_s": 4460.9,
        "tier": "track-zone",
        "prearm_status": "",
        "focus_role": "none"
      }
    },
    {
      "type": "Feature",
      "geometry": {
        "type": "Point",
        "coordinates": [
          500724.85345614393,
          6964414.728488309
        ]
      },
      "properties": {
        "junction_id": 39590,
        "veh_id": 11419,
        "sim_time_s": 4466.2,
        "tier": "IC-detect-far",
        "prearm_status": "",
        "focus_role": "none"
      }
    },
    {
      "type": "Feature",
      "geometry": {
        "type": "Point",
        "coordinates": [
          0.0,
          0.0
        ]
      },
      "properties": {
        "junction_id": 1043762,
        "veh_id": 11428,
        "sim_time_s": 4470.3,
        "tier": "harmony-ge-local",
        "prearm_status": "action",
        "focus_role": "none"
      }
    },
    {
      "type": "Feature",
      "geometry": {
        "type": "Point",
        "coordinates": [
          0.0,
          0.0
        ]
      },
      "properties": {
        "junction_id": 39572,
        "veh_id": 11438,
        "sim_time_s": 4479.8,
        "tier": "harmony-no-ge-local",
        "prearm_status": "skip",
        "focus_role": "none"
      }
    },
    {
      "type": "Feature",
      "geometry": {
        "type": "Point",
        "coordinates": [
          500450.4115399017,
          6965695.380758068
        ]
      },
      "properties": {
        "junction_id": 39578,
        "veh_id": 11406,
        "sim_time_s": 4482.4,
        "tier": "track-zone",
        "prearm_status": "",
        "focus_role": "none"
      }
    },
    {
      "type": "Feature",
      "geometry": {
        "type": "Point",
        "coordinates": [
          500193.3306249109,
          6965100.812686762
        ]
      },
      "properties": {
        "junction_id": 39593,
        "veh_id": 11408,
        "sim_time_s": 4483.4,
        "tier": "IC-detect",
        "prearm_status": "",
        "focus_role": "none"
      }
    },
    {
      "type": "Feature",
      "geometry": {
        "type": "Point",
        "coordinates": [
          500363.64423120144,
          6966090.3242757
        ]
      },
      "properties": {
        "junction_id": 39578,
        "veh_id": 11428,
        "sim_time_s": 4483.8,
        "tier": "track-section",
        "prearm_status": "",
        "focus_role": "none"
      }
    },
    {
      "type": "Feature",
      "geometry": {
        "type": "Point",
        "coordinates": [
          0.0,
          0.0
        ]
      },
      "properties": {
        "junction_id": 39590,
        "veh_id": 11405,
        "sim_time_s": 4490.6,
        "tier": "harmony-no-ge-local",
        "prearm_status": "skip",
        "focus_role": "none"
      }
    },
    {
      "type": "Feature",
      "geometry": {
        "type": "Point",
        "coordinates": [
          500293.9444947927,
          6965084.817309987
        ]
      },
      "properties": {
        "junction_id": 36385,
        "veh_id": 11408,
        "sim_time_s": 4491.0,
        "tier": "IC-detect",
        "prearm_status": "",
        "focus_role": "none"
      }
    },
    {
      "type": "Feature",
      "geometry": {
        "type": "Point",
        "coordinates": [
          499980.5149925333,
          6966744.161091744
        ]
      },
      "properties": {
        "junction_id": 39568,
        "veh_id": 11399,
        "sim_time_s": 4494.6,
        "tier": "track-zone",
        "prearm_status": "",
        "focus_role": "none"
      }
    },
    {
      "type": "Feature",
      "geometry": {
        "type": "Point",
        "coordinates": [
          0.0,
          0.0
        ]
      },
      "properties": {
        "junction_id": 39578,
        "veh_id": 11428,
        "sim_time_s": 4497.3,
        "tier": "harmony-no-ge-local",
        "prearm_status": "skip",
        "focus_role": "none"
      }
    },
    {
      "type": "Feature",
      "geometry": {
        "type": "Point",
        "coordinates": [
          500150.61278170947,
          6966386.8121729335
        ]
      },
      "properties": {
        "junction_id": 39569,
        "veh_id": 11439,
        "sim_time_s": 4497.3,
        "tier": "IC-detect-far",
        "prearm_status": "",
        "focus_role": "none"
      }
    },
    {
      "type": "Feature",
      "geometry": {
        "type": "Point",
        "coordinates": [
          500727.64230043965,
          6964407.629354544
        ]
      },
      "properties": {
        "junction_id": 39606,
        "veh_id": 11419,
        "sim_time_s": 4498.6,
        "tier": "track-zone",
        "prearm_status": "",
        "focus_role": "none"
      }
    }
  ]
}