{
  "type": "FeatureCollection",
  "features": [
    {
      "type": "Feature",
      "geometry": {
        "type": "Point",
        "coordinates": [
          500949.05099526537,
          6964042.774652999
        ]
      },
      "properties": {
        "junction_id": 39606,
        "veh_id": 11573,
        "sim_time_s": 0.5,
        "tier": "track-section",
        "prearm_status": "",
        "focus_role": "none"
      }
    },
    {
      "type": "Feature",
      "geometry": {
        "type": "Point",
        "coordinates": [
          500135.181270669,
          6965615.371521625
        ]
      },
      "properties": {
        "junction_id": 39576,
        "veh_id": 11545,
        "sim_time_s": 0.5,
        "tier": "IC-detect",
        "prearm_status": "",
        "focus_role": "none"
      }
    },
    {
      "type": "Feature",
      "geometry": {
        "type": "Point",
        "coordinates": [
          500084.01474659465,
          6967501.832205719
        ]
      },
      "properties": {
        "junction_id": 38339,
        "veh_id": 11563,
        "sim_time_s": 3.6,
        "tier": "IC-detect",
        "prearm_status": "",
        "focus_role": "none"
      }
    },
    {
      "type": "Feature",
      "geometry": {
        "type": "Point",
        "coordinates": [
          500895.89243562147,
          6964115.503173844
        ]
      },
      "properties": {
        "junction_id": 39590,
        "veh_id": 11573,
        "sim_time_s": 5.8,
        "tier": "track-zone",
        "prearm_status": "",
        "focus_role": "none"
      }
    },
    {
      "type": "Feature",
      "geometry": {
        "type": "Point",
        "coordinates": [
          499518.6267495349,
          6966649.137813559
        ]
      },
      "properties": {
        "junction_id": 39572,
        "veh_id": 11538,
        "sim_time_s": 30.1,
        "tier": "IC-detect",
        "prearm_status": "",
        "focus_role": "none"
      }
    },
    {
      "type": "Feature",
      "geometry": {
        "type": "Point",
        "coordinates": [
          499766.0878220931,
          6966602.563325161
        ]
      },
      "properties": {
        "junction_id": 39568,
        "veh_id": 11538,
        "sim_time_s": 47.7,
        "tier": "track-zone",
        "prearm_status": "",
        "focus_role": "none"
      }
    },
    {
      "type": "Feature",
      "geometry": {
        "type": "Point",
        "coordinates": [
          500458.64217558637,
          6965697.036049778
        ]
      },
      "properties": {
        "junction_id": 39578,
        "veh_id": 11545,
        "sim_time_s": 58.5,
        "tier": "track-zone",
        "prearm_status": "",
        "focus_role": "none"
      }
    },
    {
      "type": "Feature",
      "geometry": {
        "type": "Point",
        "coordinates": [
          0.0,
          0.0
        ]
      },
      "properties": {
        "junction_id": 39590,
        "veh_id": 11573,
        "sim_time_s": 60.3,
        "tier": "harmony-ins-local",
        "prearm_status": "action",
        "focus_role": "none"
      }
    },
    {
      "type": "Feature",
      "geometry": {
        "type": "Point",
        "coordinates": [
          0.0,
          0.0
        ]
      },
      "properties": {
        "junction_id": 39576,
        "veh_id": 11545,
        "sim_time_s": 60.3,
        "tier": "harmony-ins-local",
        "prearm_status": "action",
        "focus_role": "none"
      }
    },
    {
      "type": "Feature",
      "geometry": {
        "type": "Point",
        "coordinates": [
          0.0,
          0.0
        ]
      },
      "properties": {
        "junction_id": 38339,
        "veh_id": 11563,
        "sim_time_s": 62.5,
        "tier": "harmony-ins-local",
        "prearm_status": "action",
        "focus_role": "none"
      }
    },
    {
      "type": "Feature",
      "geometry": {
        "type": "Point",
        "coordinates": [
          500751.1686159605,
          6964307.785856364
        ]
      },
      "properties": {
        "junction_id": 36393,
        "veh_id": 11573,
        "sim_time_s": 63.5,
        "tier": "coord-prearm-harmony/SHOCKWAVE",
        "prearm_status": "fired",
        "focus_role": "none"
      }
    },
    {
      "type": "Feature",
      "geometry": {
        "type": "Point",
        "coordinates": [
          0.0,
          0.0
        ]
      },
      "properties": {
        "junction_id": 36393,
        "veh_id": 11573,
        "sim_time_s": 63.9,
        "tier": "harmony-no-ge-local",
        "prearm_status": "skip",
        "focus_role": "none"
      }
    },
    {
      "type": "Feature",
      "geometry": {
        "type": "Point",
        "coordinates": [
          500684.0987813321,
          6964756.319799706
        ]
      },
      "properties": {
        "junction_id": 36393,
        "veh_id": 11573,
        "sim_time_s": 63.9,
        "tier": "coord-prearm-success/SHOCKWAVE",
        "prearm_status": "success",
        "focus_role": "none"
      }
    },
    {
      "type": "Feature",
      "geometry": {
        "type": "Point",
        "coordinates": [
          499966.65092785173,
          6967109.963270646
        ]
      },
      "properties": {
        "junction_id": 11118289,
        "veh_id": 11563,
        "sim_time_s": 70.7,
        "tier": "track-zone",
        "prearm_status": "",
        "focus_role": "none"
      }
    },
    {
      "type": "Feature",
      "geometry": {
        "type": "Point",
        "coordinates": [
          500717.5590378861,
          6964381.7692237785
        ]
      },
      "properties": {
        "junction_id": 36385,
        "veh_id": 11573,
        "sim_time_s": 70.7,
        "tier": "coord-prearm-harmony/SHOCKWAVE",
        "prearm_status": "fired",
        "focus_role": "none"
      }
    },
    {
      "type": "Feature",
      "geometry": {
        "type": "Point",
        "coordinates": [
          0.0,
          0.0
        ]
      },
      "properties": {
        "junction_id": 36385,
        "veh_id": 11573,
        "sim_time_s": 71.1,
        "tier": "harmony-no-ge-local",
        "prearm_status": "skip",
        "focus_role": "none"
      }
    },
    {
      "type": "Feature",
      "geometry": {
        "type": "Point",
        "coordinates": [
          500715.9750991549,
          6965021.28412977
        ]
      },
      "properties": {
        "junction_id": 36385,
        "veh_id": 11573,
        "sim_time_s": 71.1,
        "tier": "coord-prearm-success/SHOCKWAVE",
        "prearm_status": "success",
        "focus_role": "none"
      }
    },
    {
      "type": "Feature",
      "geometry": {
        "type": "Point",
        "coordinates": [
          499961.8110098686,
          6966947.735534787
        ]
      },
      "properties": {
        "junction_id": 39568,
        "veh_id": 11563,
        "sim_time_s": 81.5,
        "tier": "track-zone",
        "prearm_status": "",
        "focus_role": "none"
      }
    },
    {
      "type": "Feature",
      "geometry": {
        "type": "Point",
        "coordinates": [
          0.0,
          0.0
        ]
      },
      "properties": {
        "junction_id": 39572,
        "veh_id": 11538,
        "sim_time_s": 84.2,
        "tier": "harmony-no-ge-local",
        "prearm_status": "skip",
        "focus_role": "none"
      }
    },
    {
      "type": "Feature",
      "geometry": {
        "type": "Point",
        "coordinates": [
          499966.71128496586,
          6966880.577248904
        ]
      },
      "properties": {
        "junction_id": 39572,
        "veh_id": 11563,
        "sim_time_s": 85.5,
        "tier": "track-zone",
        "prearm_status": "",
        "focus_role": "none"
      }
    },
    {
      "type": "Feature",
      "geometry": {
        "type": "Point",
        "coordinates": [
          499894.47879990767,
          6966541.317157937
        ]
      },
      "properties": {
        "junction_id": 39569,
        "veh_id": 11538,
        "sim_time_s": 89.5,
        "tier": "track-zone",
        "prearm_status": "",
        "focus_role": "none"
      }
    },
    {
      "type": "Feature",
      "geometry": {
        "type": "Point",
        "coordinates": [
          0.0,
          0.0
        ]
      },
      "properties": {
        "junction_id": 39569,
        "veh_id": 11538,
        "sim_time_s": 93.6,
        "tier": "harmony-no-ge-local",
        "prearm_status": "skip",
        "focus_role": "none"
      }
    },
    {
      "type": "Feature",
      "geometry": {
        "type": "Point",
        "coordinates": [
          499994.3151852635,
          6966493.216052712
        ]
      },
      "properties": {
        "junction_id": 1043762,
        "veh_id": 11538,
        "sim_time_s": 96.8,
        "tier": "coord-prearm-harmony/SHOCKWAVE",
        "prearm_status": "fired",
        "focus_role": "none"
      }
    },
    {
      "type": "Feature",
      "geometry": {
        "type": "Point",
        "coordinates": [
          0.0,
          0.0
        ]
      },
      "properties": {
        "junction_id": 1043762,
        "veh_id": 11538,
        "sim_time_s": 97.2,
        "tier": "harmony-no-ge-local",
        "prearm_status": "skip",
        "focus_role": "none"
      }
    },
    {
      "type": "Feature",
      "geometry": {
        "type": "Point",
        "coordinates": [
          500248.43905837496,
          6966228.103814566
        ]
      },
      "properties": {
        "junction_id": 1043762,
        "veh_id": 11538,
        "sim_time_s": 97.2,
        "tier": "coord-prearm-success/SHOCKWAVE",
        "prearm_status": "success",
        "focus_role": "none"
      }
    },
    {
      "type": "Feature",
      "geometry": {
        "type": "Point",
        "coordinates": [
          0.0,
          0.0
        ]
      },
      "properties": {
        "junction_id": 39572,
        "veh_id": 11563,
        "sim_time_s": 97.7,
        "tier": "harmony-no-ge-local",
        "prearm_status": "skip",
        "focus_role": "none"
      }
    },
    {
      "type": "Feature",
      "geometry": {
        "type": "Point",
        "coordinates": [
          500012.0936713604,
          6966668.756322554
        ]
      },
      "properties": {
        "junction_id": 39569,
        "veh_id": 11563,
        "sim_time_s": 99.0,
        "tier": "track-zone",
        "prearm_status": "",
        "focus_role": "none"
      }
    },
    {
      "type": "Feature",
      "geometry": {
        "type": "Point",
        "coordinates": [
          500497.79941288807,
          6965702.400636614
        ]
      },
      "properties": {
        "junction_id": 39587,
        "veh_id": 11545,
        "sim_time_s": 128.7,
        "tier": "track-zone",
        "prearm_status": "",
        "focus_role": "none"
      }
    },
    {
      "type": "Feature",
      "geometry": {
        "type": "Point",
        "coordinates": [
          500702.56843159255,
          6964936.911498971
        ]
      },
      "properties": {
        "junction_id": 39593,
        "veh_id": 11573,
        "sim_time_s": 128.7,
        "tier": "track-zone",
        "prearm_status": "",
        "focus_role": "none"
      }
    },
    {
      "type": "Feature",
      "geometry": {
        "type": "Point",
        "coordinates": [
          500521.4794818249,
          6965639.700189075
        ]
      },
      "properties": {
        "junction_id": 1119660,
        "veh_id": 11545,
        "sim_time_s": 135.4,
        "tier": "track-zone",
        "prearm_status": "",
        "focus_role": "none"
      }
    },
    {
      "type": "Feature",
      "geometry": {
        "type": "Point",
        "coordinates": [
          0.0,
          0.0
        ]
      },
      "properties": {
        "junction_id": 39587,
        "veh_id": 11545,
        "sim_time_s": 139.5,
        "tier": "harmony-no-ge-local",
        "prearm_status": "skip",
        "focus_role": "none"
      }
    },
    {
      "type": "Feature",
      "geometry": {
        "type": "Point",
        "coordinates": [
          500559.61936708016,
          6965553.573951604
        ]
      },
      "properties": {
        "junction_id": 10157950,
        "veh_id": 11545,
        "sim_time_s": 142.2,
        "tier": "track-zone",
        "prearm_status": "",
        "focus_role": "none"
      }
    },
    {
      "type": "Feature",
      "geometry": {
        "type": "Point",
        "coordinates": [
          0.0,
          0.0
        ]
      },
      "properties": {
        "junction_id": 39569,
        "veh_id": 11563,
        "sim_time_s": 142.2,
        "tier": "harmony-ins-local",
        "prearm_status": "action",
        "focus_role": "none"
      }
    },
    {
      "type": "Feature",
      "geometry": {
        "type": "Point",
        "coordinates": [
          500610.8440091225,
          6965402.638129946
        ]
      },
      "properties": {
        "junction_id": 39593,
        "veh_id": 11545,
        "sim_time_s": 177.3,
        "tier": "track-zone",
        "prearm_status": "",
        "focus_role": "none"
      }
    },
    {
      "type": "Feature",
      "geometry": {
        "type": "Point",
        "coordinates": [
          500360.23072244524,
          6966093.551552939
        ]
      },
      "properties": {
        "junction_id": 39578,
        "veh_id": 11538,
        "sim_time_s": 182.7,
        "tier": "track-section",
        "prearm_status": "",
        "focus_role": "none"
      }
    },
    {
      "type": "Feature",
      "geometry": {
        "type": "Point",
        "coordinates": [
          0.0,
          0.0
        ]
      },
      "properties": {
        "junction_id": 39578,
        "veh_id": 11538,
        "sim_time_s": 184.1,
        "tier": "harmony-ins-local",
        "prearm_status": "action",
        "focus_role": "none"
      }
    },
    {
      "type": "Feature",
      "geometry": {
        "type": "Point",
        "coordinates": [
          500648.09957220516,
          6965257.042397099
        ]
      },
      "properties": {
        "junction_id": 36385,
        "veh_id": 11545,
        "sim_time_s": 186.8,
        "tier": "track-zone",
        "prearm_status": "",
        "focus_role": "none"
      }
    },
    {
      "type": "Feature",
      "geometry": {
        "type": "Point",
        "coordinates": [
          0.0,
          0.0
        ]
      },
      "properties": {
        "junction_id": 39593,
        "veh_id": 11545,
        "sim_time_s": 186.8,
        "tier": "harmony-ins-local",
        "prearm_status": "action",
        "focus_role": "none"
      }
    },
    {
      "type": "Feature",
      "geometry": {
        "type": "Point",
        "coordinates": [
          500698.39913820534,
          6965056.082775419
        ]
      },
      "properties": {
        "junction_id": 36385,
        "veh_id": 11573,
        "sim_time_s": 191.2,
        "tier": "IC-detect",
        "prearm_status": "",
        "focus_role": "none"
      }
    },
    {
      "type": "Feature",
      "geometry": {
        "type": "Point",
        "coordinates": [
          500688.3069374583,
          6965096.31251892
        ]
      },
      "properties": {
        "junction_id": 10157950,
        "veh_id": 11573,
        "sim_time_s": 193.5,
        "tier": "track-zone",
        "prearm_status": "",
        "focus_role": "none"
      }
    },
    {
      "type": "Feature",
      "geometry": {
        "type": "Point",
        "coordinates": [
          500129.43221480027,
          6966435.550911931
        ]
      },
      "properties": {
        "junction_id": 1043762,
        "veh_id": 11563,
        "sim_time_s": 196.2,
        "tier": "track-zone",
        "prearm_status": "",
        "focus_role": "none"
      }
    },
    {
      "type": "Feature",
      "geometry": {
        "type": "Point",
        "coordinates": [
          0.0,
          0.0
        ]
      },
      "properties": {
        "junction_id": 36385,
        "veh_id": 11545,
        "sim_time_s": 197.6,
        "tier": "harmony-no-ge-local",
        "prearm_status": "skip",
        "focus_role": "none"
      }
    },
    {
      "type": "Feature",
      "geometry": {
        "type": "Point",
        "coordinates": [
          500536.42728054704,
          6965921.60607953
        ]
      },
      "properties": {
        "junction_id": 39576,
        "veh_id": 11538,
        "sim_time_s": 198.9,
        "tier": "track-zone",
        "prearm_status": "",
        "focus_role": "none"
      }
    },
    {
      "type": "Feature",
      "geometry": {
        "type": "Point",
        "coordinates": [
          500665.74380419764,
          6965180.92674214
        ]
      },
      "properties": {
        "junction_id": 1119660,
        "veh_id": 11573,
        "sim_time_s": 198.9,
        "tier": "track-zone",
        "prearm_status": "",
        "focus_role": "none"
      }
    },
    {
      "type": "Feature",
      "geometry": {
        "type": "Point",
        "coordinates": [
          500718.5137728465,
          6965060.008374987
        ]
      },
      "properties": {
        "junction_id": 36393,
        "veh_id": 11545,
        "sim_time_s": 200.7,
        "tier": "coord-prearm-harmony/SHOCKWAVE",
        "prearm_status": "fired",
        "focus_role": "none"
      }
    },
    {
      "type": "Feature",
      "geometry": {
        "type": "Point",
        "coordinates": [
          0.0,
          0.0
        ]
      },
      "properties": {
        "junction_id": 36393,
        "veh_id": 11545,
        "sim_time_s": 201.2,
        "tier": "harmony-ge-local",
        "prearm_status": "action",
        "focus_role": "none"
      }
    },
    {
      "type": "Feature",
      "geometry": {
        "type": "Point",
        "coordinates": [
          500684.0987813321,
          6964756.319799706
        ]
      },
      "properties": {
        "junction_id": 36393,
        "veh_id": 11545,
        "sim_time_s": 201.2,
        "tier": "coord-prearm-success/SHOCKWAVE",
        "prearm_status": "success",
        "focus_role": "none"
      }
    },
    {
      "type": "Feature",
      "geometry": {
        "type": "Point",
        "coordinates": [
          500638.8937271439,
          6965242.225815438
        ]
      },
      "properties": {
        "junction_id": 39587,
        "veh_id": 11573,
        "sim_time_s": 202.9,
        "tier": "track-zone",
        "prearm_status": "",
        "focus_role": "none"
      }
    },
    {
      "type": "Feature",
      "geometry": {
        "type": "Point",
        "coordinates": [
          0.0,
          0.0
        ]
      },
      "properties": {
        "junction_id": 1043762,
        "veh_id": 11563,
        "sim_time_s": 202.9,
        "tier": "harmony-no-ge-local",
        "prearm_status": "skip",
        "focus_role": "none"
      }
    },
    {
      "type": "Feature",
      "geometry": {
        "type": "Point",
        "coordinates": [
          500728.9832918726,
          6965003.628802561
        ]
      },
      "properties": {
        "junction_id": 39590,
        "veh_id": 11545,
        "sim_time_s": 205.2,
        "tier": "coord-prearm-harmony/SHOCKWAVE",
        "prearm_status": "fired",
        "focus_role": "none"
      }
    },
    {
      "type": "Feature",
      "geometry": {
        "type": "Point",
        "coordinates": [
          0.0,
          0.0
        ]
      },
      "properties": {
        "junction_id": 39590,
        "veh_id": 11545,
        "sim_time_s": 205.7,
        "tier": "harmony-no-ge-local",
        "prearm_status": "skip",
        "focus_role": "none"
      }
    },
    {
      "type": "Feature",
      "geometry": {
        "type": "Point",
        "coordinates": [
          500756.5972760396,
          6964319.360583134
        ]
      },
      "properties": {
        "junction_id": 39590,
        "veh_id": 11545,
        "sim_time_s": 205.7,
        "tier": "coord-prearm-success/SHOCKWAVE",
        "prearm_status": "success",
        "focus_role": "none"
      }
    },
    {
      "type": "Feature",
      "geometry": {
        "type": "Point",
        "coordinates": [
          0.0,
          0.0
        ]
      },
      "properties": {
        "junction_id": 39576,
        "veh_id": 11538,
        "sim_time_s": 207.0,
        "tier": "harmony-no-ge-local",
        "prearm_status": "skip",
        "focus_role": "none"
      }
    },
    {
      "type": "Feature",
      "geometry": {
        "type": "Point",
        "coordinates": [
          0.0,
          0.0
        ]
      },
      "properties": {
        "junction_id": 39587,
        "veh_id": 11573,
        "sim_time_s": 216.4,
        "tier": "harmony-no-ge-local",
        "prearm_status": "skip",
        "focus_role": "none"
      }
    },
    {
      "type": "Feature",
      "geometry": {
        "type": "Point",
        "coordinates": [
          500574.80711096624,
          6965461.914220513
        ]
      },
      "properties": {
        "junction_id": 39576,
        "veh_id": 11573,
        "sim_time_s": 217.8,
        "tier": "track-zone",
        "prearm_status": "",
        "focus_role": "none"
      }
    },
    {
      "type": "Feature",
      "geometry": {
        "type": "Point",
        "coordinates": [
          500354.32733743027,
          6966094.465167201
        ]
      },
      "properties": {
        "junction_id": 39578,
        "veh_id": 11563,
        "sim_time_s": 221.8,
        "tier": "track-section",
        "prearm_status": "",
        "focus_role": "none"
      }
    },
    {
      "type": "Feature",
      "geometry": {
        "type": "Point",
        "coordinates": [
          0.0,
          0.0
        ]
      },
      "properties": {
        "junction_id": 39576,
        "veh_id": 11573,
        "sim_time_s": 225.9,
        "tier": "harmony-no-ge-local",
        "prearm_status": "skip",
        "focus_role": "none"
      }
    },
    {
      "type": "Feature",
      "geometry": {
        "type": "Point",
        "coordinates": [
          500512.45752012316,
          6965709.807154843
        ]
      },
      "properties": {
        "junction_id": 39587,
        "veh_id": 11538,
        "sim_time_s": 235.3,
        "tier": "track-zone",
        "prearm_status": "",
        "focus_role": "none"
      }
    },
    {
      "type": "Feature",
      "geometry": {
        "type": "Point",
        "coordinates": [
          500526.8084872241,
          6965938.11008517
        ]
      },
      "properties": {
        "junction_id": 39576,
        "veh_id": 11563,
        "sim_time_s": 236.7,
        "tier": "track-zone",
        "prearm_status": "",
        "focus_role": "none"
      }
    },
    {
      "type": "Feature",
      "geometry": {
        "type": "Point",
        "coordinates": [
          500492.0364226125,
          6965691.679154967
        ]
      },
      "properties": {
        "junction_id": 39578,
        "veh_id": 11573,
        "sim_time_s": 236.7,
        "tier": "track-zone",
        "prearm_status": "",
        "focus_role": "none"
      }
    },
    {
      "type": "Feature",
      "geometry": {
        "type": "Point",
        "coordinates": [
          500520.7986802406,
          6965642.012188089
        ]
      },
      "properties": {
        "junction_id": 1119660,
        "veh_id": 11538,
        "sim_time_s": 242.1,
        "tier": "track-zone",
        "prearm_status": "",
        "focus_role": "none"
      }
    },
    {
      "type": "Feature",
      "geometry": {
        "type": "Point",
        "coordinates": [
          0.0,
          0.0
        ]
      },
      "properties": {
        "junction_id": 39578,
        "veh_id": 11563,
        "sim_time_s": 244.3,
        "tier": "harmony-no-ge-local",
        "prearm_status": "skip",
        "focus_role": "none"
      }
    },
    {
      "type": "Feature",
      "geometry": {
        "type": "Point",
        "coordinates": [
          0.0,
          0.0
        ]
      },
      "properties": {
        "junction_id": 39587,
        "veh_id": 11538,
        "sim_time_s": 247.5,
        "tier": "harmony-no-ge-local",
        "prearm_status": "skip",
        "focus_role": "none"
      }
    },
    {
      "type": "Feature",
      "geometry": {
        "type": "Point",
        "coordinates": [
          500550.2151776043,
          6965570.576088734
        ]
      },
      "properties": {
        "junction_id": 10157950,
        "veh_id": 11538,
        "sim_time_s": 248.8,
        "tier": "track-zone",
        "prearm_status": "",
        "focus_role": "none"
      }
    },
    {
      "type": "Feature",
      "geometry": {
        "type": "Point",
        "coordinates": [
          0.0,
          0.0
        ]
      },
      "properties": {
        "junction_id": 39576,
        "veh_id": 11563,
        "sim_time_s": 248.8,
        "tier": "harmony-no-ge-local",
        "prearm_status": "skip",
        "focus_role": "none"
      }
    },
    {
      "type": "Feature",
      "geometry": {
        "type": "Point",
        "coordinates": [
          0.0,
          0.0
        ]
      },
      "properties": {
        "junction_id": 39578,
        "veh_id": 11573,
        "sim_time_s": 270.4,
        "tier": "harmony-ins-local",
        "prearm_status": "action",
        "focus_role": "none"
      }
    },
    {
      "type": "Feature",
      "geometry": {
        "type": "Point",
        "coordinates": [
          500732.8913537281,
          6964402.440605618
        ]
      },
      "properties": {
        "junction_id": 39606,
        "veh_id": 11545,
        "sim_time_s": 275.9,
        "tier": "track-zone",
        "prearm_status": "",
        "focus_role": "none"
      }
    },
    {
      "type": "Feature",
      "geometry": {
        "type": "Point",
        "coordinates": [
          500512.3555369472,
          6965705.799879249
        ]
      },
      "properties": {
        "junction_id": 39587,
        "veh_id": 11563,
        "sim_time_s": 289.4,
        "tier": "track-zone",
        "prearm_status": "",
        "focus_role": "none"
      }
    },
    {
      "type": "Feature",
      "geometry": {
        "type": "Point",
        "coordinates": [
          500403.71922644955,
          6966038.7503913
        ]
      },
      "properties": {
        "junction_id": 1043762,
        "veh_id": 11573,
        "sim_time_s": 290.7,
        "tier": "track-zone",
        "prearm_status": "",
        "focus_role": "none"
      }
    },
    {
      "type": "Feature",
      "geometry": {
        "type": "Point",
        "coordinates": [
          500609.3224838286,
          6965396.856399621
        ]
      },
      "properties": {
        "junction_id": 39593,
        "veh_id": 11538,
        "sim_time_s": 292.1,
        "tier": "track-zone",
        "prearm_status": "",
        "focus_role": "none"
      }
    },
    {
      "type": "Feature",
      "geometry": {
        "type": "Point",
        "coordinates": [
          0.0,
          0.0
        ]
      },
      "properties": {
        "junction_id": 1043762,
        "veh_id": 11573,
        "sim_time_s": 293.4,
        "tier": "harmony-no-ge-local",
        "prearm_status": "skip",
        "focus_role": "none"
      }
    },
    {
      "type": "Feature",
      "geometry": {
        "type": "Point",
        "coordinates": [
          500519.6296350496,
          6965644.855993799
        ]
      },
      "properties": {
        "junction_id": 1119660,
        "veh_id": 11563,
        "sim_time_s": 294.8,
        "tier": "track-zone",
        "prearm_status": "",
        "focus_role": "none"
      }
    },
    {
      "type": "Feature",
      "geometry": {
        "type": "Point",
        "coordinates": [
          500352.7230283627,
          6966082.957090302
        ]
      },
      "properties": {
        "junction_id": 39569,
        "veh_id": 11573,
        "sim_time_s": 295.6,
        "tier": "coord-prearm-harmony/SHOCKWAVE",
        "prearm_status": "fired",
        "focus_role": "none"
      }
    },
    {
      "type": "Feature",
      "geometry": {
        "type": "Point",
        "coordinates": [
          0.0,
          0.0
        ]
      },
      "properties": {
        "junction_id": 39569,
        "veh_id": 11573,
        "sim_time_s": 296.1,
        "tier": "harmony-ins-local",
        "prearm_status": "action",
        "focus_role": "none"
      }
    },
    {
      "type": "Feature",
      "geometry": {
        "type": "Point",
        "coordinates": [
          500105.32496907446,
          6966447.427635934
        ]
      },
      "properties": {
        "junction_id": 39569,
        "veh_id": 11573,
        "sim_time_s": 296.1,
        "tier": "coord-prearm-success/SHOCKWAVE",
        "prearm_status": "success",
        "focus_role": "none"
      }
    },
    {
      "type": "Feature",
      "geometry": {
        "type": "Point",
        "coordinates": [
          500945.67046802037,
          6964036.799411514
        ]
      },
      "properties": {
        "junction_id": 39606,
        "veh_id": 11552,
        "sim_time_s": 300.1,
        "tier": "track-section",
        "prearm_status": "",
        "focus_role": "none"
      }
    },
    {
      "type": "Feature",
      "geometry": {
        "type": "Point",
        "coordinates": [
          0.0,
          0.0
        ]
      },
      "properties": {
        "junction_id": 39606,
        "veh_id": 11552,
        "sim_time_s": 300.1,
        "tier": "harmony-ins-local",
        "prearm_status": "action",
        "focus_role": "none"
      }
    },
    {
      "type": "Feature",
      "geometry": {
        "type": "Point",
        "coordinates": [
          0.0,
          0.0
        ]
      },
      "properties": {
        "junction_id": 39587,
        "veh_id": 11563,
        "sim_time_s": 300.1,
        "tier": "harmony-no-ge-local",
        "prearm_status": "skip",
        "focus_role": "none"
      }
    },
    {
      "type": "Feature",
      "geometry": {
        "type": "Point",
        "coordinates": [
          500643.7977001334,
          6965259.901783406
        ]
      },
      "properties": {
        "junction_id": 36385,
        "veh_id": 11538,
        "sim_time_s": 301.5,
        "tier": "track-zone",
        "prearm_status": "",
        "focus_role": "none"
      }
    },
    {
      "type": "Feature",
      "geometry": {
        "type": "Point",
        "coordinates": [
          0.0,
          0.0
        ]
      },
      "properties": {
        "junction_id": 39593,
        "veh_id": 11538,
        "sim_time_s": 301.5,
        "tier": "harmony-ins-local",
        "prearm_status": "action",
        "focus_role": "none"
      }
    },
    {
      "type": "Feature",
      "geometry": {
        "type": "Point",
        "coordinates": [
          500553.98894050566,
          6965565.580435334
        ]
      },
      "properties": {
        "junction_id": 10157950,
        "veh_id": 11563,
        "sim_time_s": 302.9,
        "tier": "track-zone",
        "prearm_status": "",
        "focus_role": "none"
      }
    },
    {
      "type": "Feature",
      "geometry": {
        "type": "Point",
        "coordinates": [
          499517.98841592675,
          6966652.267301873
        ]
      },
      "properties": {
        "junction_id": 39572,
        "veh_id": 11531,
        "sim_time_s": 313.6,
        "tier": "IC-detect",
        "prearm_status": "",
        "focus_role": "none"
      }
    },
    {
      "type": "Feature",
      "geometry": {
        "type": "Point",
        "coordinates": [
          500603.40541755524,
          6965406.823858851
        ]
      },
      "properties": {
        "junction_id": 39593,
        "veh_id": 11563,
        "sim_time_s": 315.0,
        "tier": "track-zone",
        "prearm_status": "",
        "focus_role": "none"
      }
    },
    {
      "type": "Feature",
      "geometry": {
        "type": "Point",
        "coordinates": [
          0.0,
          0.0
        ]
      },
      "properties": {
        "junction_id": 36385,
        "veh_id": 11538,
        "sim_time_s": 319.1,
        "tier": "harmony-no-ge-local",
        "prearm_status": "skip",
        "focus_role": "none"
      }
    },
    {
      "type": "Feature",
      "geometry": {
        "type": "Point",
        "coordinates": [
          500714.33846019,
          6965091.82678971
        ]
      },
      "properties": {
        "junction_id": 36393,
        "veh_id": 11538,
        "sim_time_s": 322.2,
        "tier": "coord-prearm-harmony/SHOCKWAVE",
        "prearm_status": "fired",
        "focus_role": "none"
      }
    },
    {
      "type": "Feature",
      "geometry": {
        "type": "Point",
        "coordinates": [
          0.0,
          0.0
        ]
      },
      "properties": {
        "junction_id": 36393,
        "veh_id": 11538,
        "sim_time_s": 322.6,
        "tier": "harmony-ins-local",
        "prearm_status": "action",
        "focus_role": "none"
      }
    },
    {
      "type": "Feature",
      "geometry": {
        "type": "Point",
        "coordinates": [
          500684.0987813321,
          6964756.319799706
        ]
      },
      "properties": {
        "junction_id": 36393,
        "veh_id": 11538,
        "sim_time_s": 322.6,
        "tier": "coord-prearm-success/SHOCKWAVE",
        "prearm_status": "success",
        "focus_role": "none"
      }
    },
    {
      "type": "Feature",
      "geometry": {
        "type": "Point",
        "coordinates": [
          500799.2972823737,
          6964262.18981018
        ]
      },
      "properties": {
        "junction_id": 39590,
        "veh_id": 11545,
        "sim_time_s": 325.8,
        "tier": "IC-detect",
        "prearm_status": "",
        "focus_role": "none"
      }
    },
    {
      "type": "Feature",
      "geometry": {
        "type": "Point",
        "coordinates": [
          500646.3910777687,
          6965253.185975542
        ]
      },
      "properties": {
        "junction_id": 36385,
        "veh_id": 11563,
        "sim_time_s": 327.1,
        "tier": "track-zone",
        "prearm_status": "",
        "focus_role": "none"
      }
    },
    {
      "type": "Feature",
      "geometry": {
        "type": "Point",
        "coordinates": [
          500716.15266067075,
          6965084.501488274
        ]
      },
      "properties": {
        "junction_id": 39590,
        "veh_id": 11538,
        "sim_time_s": 327.6,
        "tier": "coord-prearm-harmony/SHOCKWAVE",
        "prearm_status": "fired",
        "focus_role": "none"
      }
    },
    {
      "type": "Feature",
      "geometry": {
        "type": "Point",
        "coordinates": [
          0.0,
          0.0
        ]
      },
      "properties": {
        "junction_id": 39590,
        "veh_id": 11538,
        "sim_time_s": 328.1,
        "tier": "harmony-no-ge-local",
        "prearm_status": "skip",
        "focus_role": "none"
      }
    },
    {
      "type": "Feature",
      "geometry": {
        "type": "Point",
        "coordinates": [
          500756.5972760396,
          6964319.360583134
        ]
      },
      "properties": {
        "junction_id": 39590,
        "veh_id": 11538,
        "sim_time_s": 328.1,
        "tier": "coord-prearm-success/SHOCKWAVE",
        "prearm_status": "success",
        "focus_role": "none"
      }
    },
    {
      "type": "Feature",
      "geometry": {
        "type": "Point",
        "coordinates": [
          499763.6280219644,
          6966603.548746455
        ]
      },
      "properties": {
        "junction_id": 39568,
        "veh_id": 11531,
        "sim_time_s": 336.6,
        "tier": "track-zone",
        "prearm_status": "",
        "focus_role": "none"
      }
    },
    {
      "type": "Feature",
      "geometry": {
        "type": "Point",
        "coordinates": [
          0.0,
          0.0
        ]
      },
      "properties": {
        "junction_id": 39572,
        "veh_id": 11531,
        "sim_time_s": 340.6,
        "tier": "harmony-no-ge-local",
        "prearm_status": "skip",
        "focus_role": "none"
      }
    },
    {
      "type": "Feature",
      "geometry": {
        "type": "Point",
        "coordinates": [
          500890.6538603446,
          6964116.80001632
        ]
      },
      "properties": {
        "junction_id": 39590,
        "veh_id": 11552,
        "sim_time_s": 342.0,
        "tier": "track-zone",
        "prearm_status": "",
        "focus_role": "none"
      }
    },
    {
      "type": "Feature",
      "geometry": {
        "type": "Point",
        "coordinates": [
          499890.51460029813,
          6966542.998786986
        ]
      },
      "properties": {
        "junction_id": 39569,
        "veh_id": 11531,
        "sim_time_s": 347.4,
        "tier": "track-zone",
        "prearm_status": "",
        "focus_role": "none"
      }
    },
    {
      "type": "Feature",
      "geometry": {
        "type": "Point",
        "coordinates": [
          0.0,
          0.0
        ]
      },
      "properties": {
        "junction_id": 36385,
        "veh_id": 11563,
        "sim_time_s": 355.5,
        "tier": "harmony-ge-local",
        "prearm_status": "action",
        "focus_role": "none"
      }
    },
    {
      "type": "Feature",
      "geometry": {
        "type": "Point",
        "coordinates": [
          0.0,
          0.0
        ]
      },
      "properties": {
        "junction_id": 39590,
        "veh_id": 11552,
        "sim_time_s": 364.9,
        "tier": "harmony-no-ge-local",
        "prearm_status": "skip",
        "focus_role": "none"
      }
    },
    {
      "type": "Feature",
      "geometry": {
        "type": "Point",
        "coordinates": [
          0.0,
          0.0
        ]
      },
      "properties": {
        "junction_id": 39606,
        "veh_id": 11545,
        "sim_time_s": 367.6,
        "tier": "harmony-no-ge-local",
        "prearm_status": "skip",
        "focus_role": "none"
      }
    },
    {
      "type": "Feature",
      "geometry": {
        "type": "Point",
        "coordinates": [
          500116.1336235203,
          6966434.120038046
        ]
      },
      "properties": {
        "junction_id": 39572,
        "veh_id": 11573,
        "sim_time_s": 369.0,
        "tier": "track-zone",
        "prearm_status": "",
        "focus_role": "none"
      }
    },
    {
      "type": "Feature",
      "geometry": {
        "type": "Point",
        "coordinates": [
          499516.11596848787,
          6966652.920581126
        ]
      },
      "properties": {
        "junction_id": 39572,
        "veh_id": 11556,
        "sim_time_s": 375.3,
        "tier": "IC-detect",
        "prearm_status": "",
        "focus_role": "none"
      }
    },
    {
      "type": "Feature",
      "geometry": {
        "type": "Point",
        "coordinates": [
          500074.1890526152,
          6966494.544348634
        ]
      },
      "properties": {
        "junction_id": 39568,
        "veh_id": 11573,
        "sim_time_s": 375.8,
        "tier": "track-zone",
        "prearm_status": "",
        "focus_role": "none"
      }
    },
    {
      "type": "Feature",
      "geometry": {
        "type": "Point",
        "coordinates": [
          0.0,
          0.0
        ]
      },
      "properties": {
        "junction_id": 39572,
        "veh_id": 11573,
        "sim_time_s": 380.2,
        "tier": "harmony-ins-local",
        "prearm_status": "action",
        "focus_role": "none"
      }
    },
    {
      "type": "Feature",
      "geometry": {
        "type": "Point",
        "coordinates": [
          0.0,
          0.0
        ]
      },
      "properties": {
        "junction_id": 39569,
        "veh_id": 11531,
        "sim_time_s": 382.5,
        "tier": "harmony-ins-local",
        "prearm_status": "action",
        "focus_role": "none"
      }
    },
    {
      "type": "Feature",
      "geometry": {
        "type": "Point",
        "coordinates": [
          500034.82623727334,
          6966474.109567431
        ]
      },
      "properties": {
        "junction_id": 1043762,
        "veh_id": 11531,
        "sim_time_s": 385.6,
        "tier": "coord-prearm-harmony/SHOCKWAVE",
        "prearm_status": "fired",
        "focus_role": "none"
      }
    },
    {
      "type": "Feature",
      "geometry": {
        "type": "Point",
        "coordinates": [
          0.0,
          0.0
        ]
      },
      "properties": {
        "junction_id": 1043762,
        "veh_id": 11531,
        "sim_time_s": 386.1,
        "tier": "harmony-no-ge-local",
        "prearm_status": "skip",
        "focus_role": "none"
      }
    },
    {
      "type": "Feature",
      "geometry": {
        "type": "Point",
        "coordinates": [
          500248.43905837496,
          6966228.103814566
        ]
      },
      "properties": {
        "junction_id": 1043762,
        "veh_id": 11531,
        "sim_time_s": 386.1,
        "tier": "coord-prearm-success/SHOCKWAVE",
        "prearm_status": "success",
        "focus_role": "none"
      }
    },
    {
      "type": "Feature",
      "geometry": {
        "type": "Point",
        "coordinates": [
          500728.8170852924,
          6964991.307994048
        ]
      },
      "properties": {
        "junction_id": 36393,
        "veh_id": 11563,
        "sim_time_s": 401.4,
        "tier": "track-zone",
        "prearm_status": "",
        "focus_role": "none"
      }
    },
    {
      "type": "Feature",
      "geometry": {
        "type": "Point",
        "coordinates": [
          500145.14548248006,
          6966415.5956002455
        ]
      },
      "properties": {
        "junction_id": 39578,
        "veh_id": 11531,
        "sim_time_s": 409.1,
        "tier": "coord-prearm-harmony/SHOCKWAVE",
        "prearm_status": "fired",
        "focus_role": "none"
      }
    },
    {
      "type": "Feature",
      "geometry": {
        "type": "Point",
        "coordinates": [
          0.0,
          0.0
        ]
      },
      "properties": {
        "junction_id": 36393,
        "veh_id": 11563,
        "sim_time_s": 409.5,
        "tier": "harmony-no-ge-local",
        "prearm_status": "skip",
        "focus_role": "none"
      }
    },
    {
      "type": "Feature",
      "geometry": {
        "type": "Point",
        "coordinates": [
          0.0,
          0.0
        ]
      },
      "properties": {
        "junction_id": 39578,
        "veh_id": 11531,
        "sim_time_s": 409.5,
        "tier": "harmony-ge-local",
        "prearm_status": "action",
        "focus_role": "none"
      }
    },
    {
      "type": "Feature",
      "geometry": {
        "type": "Point",
        "coordinates": [
          500534.0301698125,
          6965929.528541097
        ]
      },
      "properties": {
        "junction_id": 39578,
        "veh_id": 11531,
        "sim_time_s": 409.5,
        "tier": "coord-prearm-success/SHOCKWAVE",
        "prearm_status": "success",
        "focus_role": "none"
      }
    },
    {
      "type": "Feature",
      "geometry": {
        "type": "Point",
        "coordinates": [
          500704.9563839644,
          6964862.345267708
        ]
      },
      "properties": {
        "junction_id": 39590,
        "veh_id": 11563,
        "sim_time_s": 412.6,
        "tier": "coord-prearm-harmony/SHOCKWAVE",
        "prearm_status": "fired",
        "focus_role": "none"
      }
    },
    {
      "type": "Feature",
      "geometry": {
        "type": "Point",
        "coordinates": [
          0.0,
          0.0
        ]
      },
      "properties": {
        "junction_id": 39590,
        "veh_id": 11563,
        "sim_time_s": 413.1,
        "tier": "harmony-ins-local",
        "prearm_status": "action",
        "focus_role": "none"
      }
    },
    {
      "type": "Feature",
      "geometry": {
        "type": "Point",
        "coordinates": [
          500756.5972760396,
          6964319.360583134
        ]
      },
      "properties": {
        "junction_id": 39590,
        "veh_id": 11563,
        "sim_time_s": 413.1,
        "tier": "coord-prearm-success/SHOCKWAVE",
        "prearm_status": "success",
        "focus_role": "none"
      }
    },
    {
      "type": "Feature",
      "geometry": {
        "type": "Point",
        "coordinates": [
          500767.49434361956,
          6964278.0778969675
        ]
      },
      "properties": {
        "junction_id": 39606,
        "veh_id": 11552,
        "sim_time_s": 421.6,
        "tier": "track-zone",
        "prearm_status": "",
        "focus_role": "none"
      }
    },
    {
      "type": "Feature",
      "geometry": {
        "type": "Point",
        "coordinates": [
          500018.17401340127,
          6966618.67903173
        ]
      },
      "properties": {
        "junction_id": 11118289,
        "veh_id": 11573,
        "sim_time_s": 421.6,
        "tier": "track-zone",
        "prearm_status": "",
        "focus_role": "none"
      }
    },
    {
      "type": "Feature",
      "geometry": {
        "type": "Point",
        "coordinates": [
          500013.22768432327,
          6966634.883303222
        ]
      },
      "properties": {
        "junction_id": 39569,
        "veh_id": 11573,
        "sim_time_s": 429.8,
        "tier": "track-zone",
        "prearm_status": "",
        "focus_role": "none"
      }
    },
    {
      "type": "Feature",
      "geometry": {
        "type": "Point",
        "coordinates": [
          499757.28102258034,
          6966606.833260975
        ]
      },
      "properties": {
        "junction_id": 39568,
        "veh_id": 11556,
        "sim_time_s": 432.4,
        "tier": "track-zone",
        "prearm_status": "",
        "focus_role": "none"
      }
    },
    {
      "type": "Feature",
      "geometry": {
        "type": "Point",
        "coordinates": [
          500713.55138664844,
          6964451.515865985
        ]
      },
      "properties": {
        "junction_id": 39590,
        "veh_id": 11538,
        "sim_time_s": 448.2,
        "tier": "IC-detect",
        "prearm_status": "",
        "focus_role": "none"
      }
    },
    {
      "type": "Feature",
      "geometry": {
        "type": "Point",
        "coordinates": [
          500952.09229130344,
          6964037.796872752
        ]
      },
      "properties": {
        "junction_id": 39606,
        "veh_id": 11574,
        "sim_time_s": 450.0,
        "tier": "track-section",
        "prearm_status": "",
        "focus_role": "none"
      }
    },
    {
      "type": "Feature",
      "geometry": {
        "type": "Point",
        "coordinates": [
          0.0,
          0.0
        ]
      },
      "properties": {
        "junction_id": 39606,
        "veh_id": 11574,
        "sim_time_s": 450.0,
        "tier": "harmony-no-ge-local",
        "prearm_status": "skip",
        "focus_role": "none"
      }
    },
    {
      "type": "Feature",
      "geometry": {
        "type": "Point",
        "coordinates": [
          500087.97191681445,
          6967506.11806405
        ]
      },
      "properties": {
        "junction_id": 38339,
        "veh_id": 11564,
        "sim_time_s": 453.1,
        "tier": "IC-detect",
        "prearm_status": "",
        "focus_role": "none"
      }
    },
    {
      "type": "Feature",
      "geometry": {
        "type": "Point",
        "coordinates": [
          500927.5930527998,
          6964074.867800911
        ]
      },
      "properties": {
        "junction_id": 39590,
        "veh_id": 11574,
        "sim_time_s": 453.1,
        "tier": "coord-prearm-harmony/SHOCKWAVE",
        "prearm_status": "fired",
        "focus_role": "none"
      }
    },
    {
      "type": "Feature",
      "geometry": {
        "type": "Point",
        "coordinates": [
          500735.71823753766,
          6964395.590702275
        ]
      },
      "properties": {
        "junction_id": 39606,
        "veh_id": 11538,
        "sim_time_s": 454.1,
        "tier": "track-zone",
        "prearm_status": "",
        "focus_role": "none"
      }
    },
    {
      "type": "Feature",
      "geometry": {
        "type": "Point",
        "coordinates": [
          499960.7658599258,
          6966791.500862166
        ]
      },
      "properties": {
        "junction_id": 38339,
        "veh_id": 11573,
        "sim_time_s": 456.8,
        "tier": "track-zone",
        "prearm_status": "",
        "focus_role": "none"
      }
    },
    {
      "type": "Feature",
      "geometry": {
        "type": "Point",
        "coordinates": [
          500731.40954231715,
          6964405.884633256
        ]
      },
      "properties": {
        "junction_id": 39606,
        "veh_id": 11563,
        "sim_time_s": 463.5,
        "tier": "track-zone",
        "prearm_status": "",
        "focus_role": "none"
      }
    },
    {
      "type": "Feature",
      "geometry": {
        "type": "Point",
        "coordinates": [
          0.0,
          0.0
        ]
      },
      "properties": {
        "junction_id": 39572,
        "veh_id": 11556,
        "sim_time_s": 463.9,
        "tier": "harmony-no-ge-local",
        "prearm_status": "skip",
        "focus_role": "none"
      }
    },
    {
      "type": "Feature",
      "geometry": {
        "type": "Point",
        "coordinates": [
          0.0,
          0.0
        ]
      },
      "properties": {
        "junction_id": 38339,
        "veh_id": 11564,
        "sim_time_s": 463.9,
        "tier": "harmony-ins-local",
        "prearm_status": "action",
        "focus_role": "none"
      }
    },
    {
      "type": "Feature",
      "geometry": {
        "type": "Point",
        "coordinates": [
          500673.20239009324,
          6964521.839672745
        ]
      },
      "properties": {
        "junction_id": 36393,
        "veh_id": 11552,
        "sim_time_s": 464.9,
        "tier": "track-zone",
        "prearm_status": "",
        "focus_role": "none"
      }
    },
    {
      "type": "Feature",
      "geometry": {
        "type": "Point",
        "coordinates": [
          0.0,
          0.0
        ]
      },
      "properties": {
        "junction_id": 36393,
        "veh_id": 11552,
        "sim_time_s": 464.9,
        "tier": "harmony-ins-local",
        "prearm_status": "action",
        "focus_role": "none"
      }
    },
    {
      "type": "Feature",
      "geometry": {
        "type": "Point",
        "coordinates": [
          0.0,
          0.0
        ]
      },
      "properties": {
        "junction_id": 39578,
        "veh_id": 11531,
        "sim_time_s": 469.8,
        "tier": "harmony-ins-local",
        "prearm_status": "action",
        "focus_role": "none"
      }
    },
    {
      "type": "Feature",
      "geometry": {
        "type": "Point",
        "coordinates": [
          499884.38694720424,
          6966546.132144142
        ]
      },
      "properties": {
        "junction_id": 39569,
        "veh_id": 11556,
        "sim_time_s": 472.9,
        "tier": "track-zone",
        "prearm_status": "",
        "focus_role": "none"
      }
    },
    {
      "type": "Feature",
      "geometry": {
        "type": "Point",
        "coordinates": [
          500530.27204457426,
          6965938.049912908
        ]
      },
      "properties": {
        "junction_id": 39576,
        "veh_id": 11531,
        "sim_time_s": 474.3,
        "tier": "track-zone",
        "prearm_status": "",
        "focus_role": "none"
      }
    },
    {
      "type": "Feature",
      "geometry": {
        "type": "Point",
        "coordinates": [
          500675.3354110894,
          6964649.014958598
        ]
      },
      "properties": {
        "junction_id": 36385,
        "veh_id": 11552,
        "sim_time_s": 474.3,
        "tier": "coord-prearm-harmony/SHOCKWAVE",
        "prearm_status": "fired",
        "focus_role": "none"
      }
    },
    {
      "type": "Feature",
      "geometry": {
        "type": "Point",
        "coordinates": [
          0.0,
          0.0
        ]
      },
      "properties": {
        "junction_id": 36385,
        "veh_id": 11552,
        "sim_time_s": 474.8,
        "tier": "harmony-ge-local",
        "prearm_status": "action",
        "focus_role": "none"
      }
    },
    {
      "type": "Feature",
      "geometry": {
        "type": "Point",
        "coordinates": [
          500715.9750991549,
          6965021.28412977
        ]
      },
      "properties": {
        "junction_id": 36385,
        "veh_id": 11552,
        "sim_time_s": 474.8,
        "tier": "coord-prearm-success/SHOCKWAVE",
        "prearm_status": "success",
        "focus_role": "none"
      }
    },
    {
      "type": "Feature",
      "geometry": {
        "type": "Point",
        "coordinates": [
          0.0,
          0.0
        ]
      },
      "properties": {
        "junction_id": 39569,
        "veh_id": 11556,
        "sim_time_s": 477.0,
        "tier": "harmony-no-ge-local",
        "prearm_status": "skip",
        "focus_role": "none"
      }
    },
    {
      "type": "Feature",
      "geometry": {
        "type": "Point",
        "coordinates": [
          499978.98178030015,
          6966500.486109237
        ]
      },
      "properties": {
        "junction_id": 1043762,
        "veh_id": 11556,
        "sim_time_s": 480.1,
        "tier": "coord-prearm-harmony/SHOCKWAVE",
        "prearm_status": "fired",
        "focus_role": "none"
      }
    },
    {
      "type": "Feature",
      "geometry": {
        "type": "Point",
        "coordinates": [
          0.0,
          0.0
        ]
      },
      "properties": {
        "junction_id": 1043762,
        "veh_id": 11556,
        "sim_time_s": 480.6,
        "tier": "harmony-ins-local",
        "prearm_status": "action",
        "focus_role": "none"
      }
    },
    {
      "type": "Feature",
      "geometry": {
        "type": "Point",
        "coordinates": [
          500248.43905837496,
          6966228.103814566
        ]
      },
      "properties": {
        "junction_id": 1043762,
        "veh_id": 11556,
        "sim_time_s": 480.6,
        "tier": "coord-prearm-success/SHOCKWAVE",
        "prearm_status": "success",
        "focus_role": "none"
      }
    },
    {
      "type": "Feature",
      "geometry": {
        "type": "Point",
        "coordinates": [
          0.0,
          0.0
        ]
      },
      "properties": {
        "junction_id": 39576,
        "veh_id": 11531,
        "sim_time_s": 483.8,
        "tier": "harmony-no-ge-local",
        "prearm_status": "skip",
        "focus_role": "none"
      }
    },
    {
      "type": "Feature",
      "geometry": {
        "type": "Point",
        "coordinates": [
          0.0,
          0.0
        ]
      },
      "properties": {
        "junction_id": 39590,
        "veh_id": 11574,
        "sim_time_s": 493.2,
        "tier": "harmony-ins-local",
        "prearm_status": "action",
        "focus_role": "none"
      }
    },
    {
      "type": "Feature",
      "geometry": {
        "type": "Point",
        "coordinates": [
          500756.5972760396,
          6964319.360583134
        ]
      },
      "properties": {
        "junction_id": 39590,
        "veh_id": 11574,
        "sim_time_s": 493.2,
        "tier": "coord-prearm-success/SHOCKWAVE",
        "prearm_status": "success",
        "focus_role": "none"
      }
    },
    {
      "type": "Feature",
      "geometry": {
        "type": "Point",
        "coordinates": [
          500512.8815196598,
          6965695.46786203
        ]
      },
      "properties": {
        "junction_id": 39587,
        "veh_id": 11531,
        "sim_time_s": 495.9,
        "tier": "track-zone",
        "prearm_status": "",
        "focus_role": "none"
      }
    },
    {
      "type": "Feature",
      "geometry": {
        "type": "Point",
        "coordinates": [
          500519.16694278613,
          6965646.365456915
        ]
      },
      "properties": {
        "junction_id": 1119660,
        "veh_id": 11531,
        "sim_time_s": 499.9,
        "tier": "track-zone",
        "prearm_status": "",
        "focus_role": "none"
      }
    },
    {
      "type": "Feature",
      "geometry": {
        "type": "Point",
        "coordinates": [
          0.0,
          0.0
        ]
      },
      "properties": {
        "junction_id": 39587,
        "veh_id": 11531,
        "sim_time_s": 505.4,
        "tier": "harmony-no-ge-local",
        "prearm_status": "skip",
        "focus_role": "none"
      }
    },
    {
      "type": "Feature",
      "geometry": {
        "type": "Point",
        "coordinates": [
          500554.4607540242,
          6965564.610358873
        ]
      },
      "properties": {
        "junction_id": 10157950,
        "veh_id": 11531,
        "sim_time_s": 506.7,
        "tier": "track-zone",
        "prearm_status": "",
        "focus_role": "none"
      }
    },
    {
      "type": "Feature",
      "geometry": {
        "type": "Point",
        "coordinates": [
          499461.8203094985,
          6967098.302397873
        ]
      },
      "properties": {
        "junction_id": 38339,
        "veh_id": 11540,
        "sim_time_s": 506.7,
        "tier": "IC-detect",
        "prearm_status": "",
        "focus_role": "none"
      }
    },
    {
      "type": "Feature",
      "geometry": {
        "type": "Point",
        "coordinates": [
          0.0,
          0.0
        ]
      },
      "properties": {
        "junction_id": 39606,
        "veh_id": 11538,
        "sim_time_s": 509.4,
        "tier": "harmony-no-ge-local",
        "prearm_status": "skip",
        "focus_role": "none"
      }
    },
    {
      "type": "Feature",
      "geometry": {
        "type": "Point",
        "coordinates": [
          499966.85723935504,
          6967109.504450439
        ]
      },
      "properties": {
        "junction_id": 11118289,
        "veh_id": 11564,
        "sim_time_s": 518.9,
        "tier": "track-zone",
        "prearm_status": "",
        "focus_role": "none"
      }
    },
    {
      "type": "Feature",
      "geometry": {
        "type": "Point",
        "coordinates": [
          0.0,
          0.0
        ]
      },
      "properties": {
        "junction_id": 39606,
        "veh_id": 11563,
        "sim_time_s": 518.9,
        "tier": "harmony-no-ge-local",
        "prearm_status": "skip",
        "focus_role": "none"
      }
    },
    {
      "type": "Feature",
      "geometry": {
        "type": "Point",
        "coordinates": [
          500675.26997198147,
          6964507.782498476
        ]
      },
      "properties": {
        "junction_id": 36393,
        "veh_id": 11574,
        "sim_time_s": 554.0,
        "tier": "track-zone",
        "prearm_status": "",
        "focus_role": "none"
      }
    },
    {
      "type": "Feature",
      "geometry": {
        "type": "Point",
        "coordinates": [
          0.0,
          0.0
        ]
      },
      "properties": {
        "junction_id": 38339,
        "veh_id": 11540,
        "sim_time_s": 554.4,
        "tier": "harmony-ins-local",
        "prearm_status": "action",
        "focus_role": "none"
      }
    },
    {
      "type": "Feature",
      "geometry": {
        "type": "Point",
        "coordinates": [
          0.0,
          0.0
        ]
      },
      "properties": {
        "junction_id": 36393,
        "veh_id": 11574,
        "sim_time_s": 555.3,
        "tier": "harmony-no-ge-local",
        "prearm_status": "skip",
        "focus_role": "none"
      }
    },
    {
      "type": "Feature",
      "geometry": {
        "type": "Point",
        "coordinates": [
          500672.8728971918,
          6964597.122488705
        ]
      },
      "properties": {
        "junction_id": 36385,
        "veh_id": 11574,
        "sim_time_s": 559.4,
        "tier": "coord-prearm-harmony/SHOCKWAVE",
        "prearm_status": "fired",
        "focus_role": "none"
      }
    },
    {
      "type": "Feature",
      "geometry": {
        "type": "Point",
        "coordinates": [
          0.0,
          0.0
        ]
      },
      "properties": {
        "junction_id": 36385,
        "veh_id": 11574,
        "sim_time_s": 559.8,
        "tier": "harmony-ins-local",
        "prearm_status": "action",
        "focus_role": "none"
      }
    },
    {
      "type": "Feature",
      "geometry": {
        "type": "Point",
        "coordinates": [
          500715.9750991549,
          6965021.28412977
        ]
      },
      "properties": {
        "junction_id": 36385,
        "veh_id": 11574,
        "sim_time_s": 559.8,
        "tier": "coord-prearm-success/SHOCKWAVE",
        "prearm_status": "success",
        "focus_role": "none"
      }
    },
    {
      "type": "Feature",
      "geometry": {
        "type": "Point",
        "coordinates": [
          499820.96660867735,
          6967045.020972322
        ]
      },
      "properties": {
        "junction_id": 11118289,
        "veh_id": 11540,
        "sim_time_s": 563.4,
        "tier": "track-zone",
        "prearm_status": "",
        "focus_role": "none"
      }
    },
    {
      "type": "Feature",
      "geometry": {
        "type": "Point",
        "coordinates": [
          499962.19611299597,
          6966946.744762612
        ]
      },
      "properties": {
        "junction_id": 39568,
        "veh_id": 11564,
        "sim_time_s": 578.2,
        "tier": "track-zone",
        "prearm_status": "",
        "focus_role": "none"
      }
    },
    {
      "type": "Feature",
      "geometry": {
        "type": "Point",
        "coordinates": [
          499963.3690430127,
          6966892.380116835
        ]
      },
      "properties": {
        "junction_id": 39572,
        "veh_id": 11564,
        "sim_time_s": 582.3,
        "tier": "track-zone",
        "prearm_status": "",
        "focus_role": "none"
      }
    },
    {
      "type": "Feature",
      "geometry": {
        "type": "Point",
        "coordinates": [
          500685.4619001325,
          6964850.257235146
        ]
      },
      "properties": {
        "junction_id": 36393,
        "veh_id": 11552,
        "sim_time_s": 585.0,
        "tier": "IC-detect",
        "prearm_status": "",
        "focus_role": "none"
      }
    },
    {
      "type": "Feature",
      "geometry": {
        "type": "Point",
        "coordinates": [
          500611.2526681493,
          6965400.741737249
        ]
      },
      "properties": {
        "junction_id": 39593,
        "veh_id": 11531,
        "sim_time_s": 586.4,
        "tier": "track-zone",
        "prearm_status": "",
        "focus_role": "none"
      }
    },
    {
      "type": "Feature",
      "geometry": {
        "type": "Point",
        "coordinates": [
          500701.47622854443,
          6964930.692331215
        ]
      },
      "properties": {
        "junction_id": 39593,
        "veh_id": 11574,
        "sim_time_s": 586.4,
        "tier": "track-zone",
        "prearm_status": "",
        "focus_role": "none"
      }
    },
    {
      "type": "Feature",
      "geometry": {
        "type": "Point",
        "coordinates": [
          500701.03228117665,
          6964928.468056182
        ]
      },
      "properties": {
        "junction_id": 39593,
        "veh_id": 11552,
        "sim_time_s": 593.1,
        "tier": "track-zone",
        "prearm_status": "",
        "focus_role": "none"
      }
    },
    {
      "type": "Feature",
      "geometry": {
        "type": "Point",
        "coordinates": [
          500702.05208696896,
          6964934.27512652
        ]
      },
      "properties": {
        "junction_id": 36385,
        "veh_id": 11552,
        "sim_time_s": 594.9,
        "tier": "IC-detect",
        "prearm_status": "",
        "focus_role": "none"
      }
    },
    {
      "type": "Feature",
      "geometry": {
        "type": "Point",
        "coordinates": [
          0.0,
          0.0
        ]
      },
      "properties": {
        "junction_id": 39572,
        "veh_id": 11564,
        "sim_time_s": 595.8,
        "tier": "harmony-no-ge-local",
        "prearm_status": "skip",
        "focus_role": "none"
      }
    },
    {
      "type": "Feature",
      "geometry": {
        "type": "Point",
        "coordinates": [
          500650.79468735715,
          6965250.605624919
        ]
      },
      "properties": {
        "junction_id": 36385,
        "veh_id": 11531,
        "sim_time_s": 597.1,
        "tier": "track-zone",
        "prearm_status": "",
        "focus_role": "none"
      }
    },
    {
      "type": "Feature",
      "geometry": {
        "type": "Point",
        "coordinates": [
          500012.5678203094,
          6966668.290170081
        ]
      },
      "properties": {
        "junction_id": 39569,
        "veh_id": 11564,
        "sim_time_s": 597.1,
        "tier": "track-zone",
        "prearm_status": "",
        "focus_role": "none"
      }
    },
    {
      "type": "Feature",
      "geometry": {
        "type": "Point",
        "coordinates": [
          0.0,
          0.0
        ]
      },
      "properties": {
        "junction_id": 39593,
        "veh_id": 11531,
        "sim_time_s": 597.1,
        "tier": "harmony-ge-local",
        "prearm_status": "action",
        "focus_role": "none"
      }
    },
    {
      "type": "Feature",
      "geometry": {
        "type": "Point",
        "coordinates": [
          500270.08018136385,
          6966206.859537004
        ]
      },
      "properties": {
        "junction_id": 1043762,
        "veh_id": 11556,
        "sim_time_s": 600.8,
        "tier": "IC-detect",
        "prearm_status": "",
        "focus_role": "none"
      }
    },
    {
      "type": "Feature",
      "geometry": {
        "type": "Point",
        "coordinates": [
          499961.2700560757,
          6966956.302051122
        ]
      },
      "properties": {
        "junction_id": 39568,
        "veh_id": 11540,
        "sim_time_s": 624.1,
        "tier": "track-zone",
        "prearm_status": "",
        "focus_role": "none"
      }
    },
    {
      "type": "Feature",
      "geometry": {
        "type": "Point",
        "coordinates": [
          499969.2452422149,
          6966896.306814868
        ]
      },
      "properties": {
        "junction_id": 39572,
        "veh_id": 11540,
        "sim_time_s": 630.9,
        "tier": "track-zone",
        "prearm_status": "",
        "focus_role": "none"
      }
    },
    {
      "type": "Feature",
      "geometry": {
        "type": "Point",
        "coordinates": [
          500361.0912492104,
          6966092.794813817
        ]
      },
      "properties": {
        "junction_id": 39578,
        "veh_id": 11556,
        "sim_time_s": 635.0,
        "tier": "track-section",
        "prearm_status": "",
        "focus_role": "none"
      }
    },
    {
      "type": "Feature",
      "geometry": {
        "type": "Point",
        "coordinates": [
          0.0,
          0.0
        ]
      },
      "properties": {
        "junction_id": 39578,
        "veh_id": 11556,
        "sim_time_s": 636.3,
        "tier": "harmony-ins-local",
        "prearm_status": "action",
        "focus_role": "none"
      }
    },
    {
      "type": "Feature",
      "geometry": {
        "type": "Point",
        "coordinates": [
          0.0,
          0.0
        ]
      },
      "properties": {
        "junction_id": 39569,
        "veh_id": 11564,
        "sim_time_s": 640.4,
        "tier": "harmony-ins-local",
        "prearm_status": "action",
        "focus_role": "none"
      }
    },
    {
      "type": "Feature",
      "geometry": {
        "type": "Point",
        "coordinates": [
          500684.10187928425,
          6965099.403527133
        ]
      },
      "properties": {
        "junction_id": 10157950,
        "veh_id": 11574,
        "sim_time_s": 662.0,
        "tier": "track-zone",
        "prearm_status": "",
        "focus_role": "none"
      }
    },
    {
      "type": "Feature",
      "geometry": {
        "type": "Point",
        "coordinates": [
          0.0,
          0.0
        ]
      },
      "properties": {
        "junction_id": 39593,
        "veh_id": 11574,
        "sim_time_s": 662.0,
        "tier": "harmony-no-ge-local",
        "prearm_status": "skip",
        "focus_role": "none"
      }
    },
    {
      "type": "Feature",
      "geometry": {
        "type": "Point",
        "coordinates": [
          500680.9914502996,
          6965098.112424885
        ]
      },
      "properties": {
        "junction_id": 10157950,
        "veh_id": 11552,
        "sim_time_s": 666.0,
        "tier": "track-zone",
        "prearm_status": "",
        "focus_role": "none"
      }
    },
    {
      "type": "Feature",
      "geometry": {
        "type": "Point",
        "coordinates": [
          500728.86771623883,
          6964993.238444932
        ]
      },
      "properties": {
        "junction_id": 36393,
        "veh_id": 11531,
        "sim_time_s": 668.7,
        "tier": "track-zone",
        "prearm_status": "",
        "focus_role": "none"
      }
    },
    {
      "type": "Feature",
      "geometry": {
        "type": "Point",
        "coordinates": [
          0.0,
          0.0
        ]
      },
      "properties": {
        "junction_id": 36385,
        "veh_id": 11531,
        "sim_time_s": 670.0,
        "tier": "harmony-no-ge-local",
        "prearm_status": "skip",
        "focus_role": "none"
      }
    },
    {
      "type": "Feature",
      "geometry": {
        "type": "Point",
        "coordinates": [
          500536.19913960353,
          6965922.535895308
        ]
      },
      "properties": {
        "junction_id": 39576,
        "veh_id": 11556,
        "sim_time_s": 671.4,
        "tier": "track-zone",
        "prearm_status": "",
        "focus_role": "none"
      }
    },
    {
      "type": "Feature",
      "geometry": {
        "type": "Point",
        "coordinates": [
          0.0,
          0.0
        ]
      },
      "properties": {
        "junction_id": 36393,
        "veh_id": 11531,
        "sim_time_s": 678.1,
        "tier": "harmony-ins-local",
        "prearm_status": "action",
        "focus_role": "none"
      }
    },
    {
      "type": "Feature",
      "geometry": {
        "type": "Point",
        "coordinates": [
          500709.20918615576,
          6964881.137653153
        ]
      },
      "properties": {
        "junction_id": 39590,
        "veh_id": 11531,
        "sim_time_s": 680.4,
        "tier": "coord-prearm-harmony/SHOCKWAVE",
        "prearm_status": "fired",
        "focus_role": "none"
      }
    },
    {
      "type": "Feature",
      "geometry": {
        "type": "Point",
        "coordinates": [
          0.0,
          0.0
        ]
      },
      "properties": {
        "junction_id": 39590,
        "veh_id": 11531,
        "sim_time_s": 680.9,
        "tier": "harmony-ins-local",
        "prearm_status": "action",
        "focus_role": "none"
      }
    },
    {
      "type": "Feature",
      "geometry": {
        "type": "Point",
        "coordinates": [
          500756.5972760396,
          6964319.360583134
        ]
      },
      "properties": {
        "junction_id": 39590,
        "veh_id": 11531,
        "sim_time_s": 680.9,
        "tier": "coord-prearm-success/SHOCKWAVE",
        "prearm_status": "success",
        "focus_role": "none"
      }
    },
    {
      "type": "Feature",
      "geometry": {
        "type": "Point",
        "coordinates": [
          500664.9471264714,
          6965173.098963149
        ]
      },
      "properties": {
        "junction_id": 1119660,
        "veh_id": 11574,
        "sim_time_s": 683.5,
        "tier": "track-zone",
        "prearm_status": "",
        "focus_role": "none"
      }
    },
    {
      "type": "Feature",
      "geometry": {
        "type": "Point",
        "coordinates": [
          499986.47945666866,
          6966730.840074525
        ]
      },
      "properties": {
        "junction_id": 11118289,
        "veh_id": 11540,
        "sim_time_s": 684.9,
        "tier": "track-zone",
        "prearm_status": "",
        "focus_role": "none"
      }
    },
    {
      "type": "Feature",
      "geometry": {
        "type": "Point",
        "coordinates": [
          500664.5072501884,
          6965174.474528651
        ]
      },
      "properties": {
        "junction_id": 1119660,
        "veh_id": 11552,
        "sim_time_s": 686.2,
        "tier": "track-zone",
        "prearm_status": "",
        "focus_role": "none"
      }
    },
    {
      "type": "Feature",
      "geometry": {
        "type": "Point",
        "coordinates": [
          500641.2151984424,
          6965229.1703504585
        ]
      },
      "properties": {
        "junction_id": 39587,
        "veh_id": 11574,
        "sim_time_s": 687.6,
        "tier": "track-zone",
        "prearm_status": "",
        "focus_role": "none"
      }
    },
    {
      "type": "Feature",
      "geometry": {
        "type": "Point",
        "coordinates": [
          500640.427477175,
          6965230.8166467305
        ]
      },
      "properties": {
        "junction_id": 39587,
        "veh_id": 11552,
        "sim_time_s": 690.3,
        "tier": "track-zone",
        "prearm_status": "",
        "focus_role": "none"
      }
    },
    {
      "type": "Feature",
      "geometry": {
        "type": "Point",
        "coordinates": [
          0.0,
          0.0
        ]
      },
      "properties": {
        "junction_id": 39593,
        "veh_id": 11552,
        "sim_time_s": 690.3,
        "tier": "harmony-no-ge-local",
        "prearm_status": "skip",
        "focus_role": "none"
      }
    },
    {
      "type": "Feature",
      "geometry": {
        "type": "Point",
        "coordinates": [
          0.0,
          0.0
        ]
      },
      "properties": {
        "junction_id": 39576,
        "veh_id": 11556,
        "sim_time_s": 693.0,
        "tier": "harmony-no-ge-local",
        "prearm_status": "skip",
        "focus_role": "none"
      }
    },
    {
      "type": "Feature",
      "geometry": {
        "type": "Point",
        "coordinates": [
          500134.97714993823,
          6966433.476146654
        ]
      },
      "properties": {
        "junction_id": 1043762,
        "veh_id": 11564,
        "sim_time_s": 701.1,
        "tier": "track-zone",
        "prearm_status": "",
        "focus_role": "none"
      }
    },
    {
      "type": "Feature",
      "geometry": {
        "type": "Point",
        "coordinates": [
          0.0,
          0.0
        ]
      },
      "properties": {
        "junction_id": 39587,
        "veh_id": 11574,
        "sim_time_s": 701.1,
        "tier": "harmony-ins-local",
        "prearm_status": "action",
        "focus_role": "none"
      }
    },
    {
      "type": "Feature",
      "geometry": {
        "type": "Point",
        "coordinates": [
          500572.648388208,
          6965458.831149874
        ]
      },
      "properties": {
        "junction_id": 39576,
        "veh_id": 11574,
        "sim_time_s": 702.5,
        "tier": "track-zone",
        "prearm_status": "",
        "focus_role": "none"
      }
    },
    {
      "type": "Feature",
      "geometry": {
        "type": "Point",
        "coordinates": [
          0.0,
          0.0
        ]
      },
      "properties": {
        "junction_id": 1043762,
        "veh_id": 11564,
        "sim_time_s": 707.9,
        "tier": "harmony-no-ge-local",
        "prearm_status": "skip",
        "focus_role": "none"
      }
    },
    {
      "type": "Feature",
      "geometry": {
        "type": "Point",
        "coordinates": [
          0.0,
          0.0
        ]
      },
      "properties": {
        "junction_id": 39576,
        "veh_id": 11574,
        "sim_time_s": 711.9,
        "tier": "harmony-ins-local",
        "prearm_status": "action",
        "focus_role": "none"
      }
    },
    {
      "type": "Feature",
      "geometry": {
        "type": "Point",
        "coordinates": [
          0.0,
          0.0
        ]
      },
      "properties": {
        "junction_id": 39572,
        "veh_id": 11540,
        "sim_time_s": 714.6,
        "tier": "harmony-ins-local",
        "prearm_status": "action",
        "focus_role": "none"
      }
    },
    {
      "type": "Feature",
      "geometry": {
        "type": "Point",
        "coordinates": [
          500012.56655181985,
          6966668.568793922
        ]
      },
      "properties": {
        "junction_id": 39569,
        "veh_id": 11540,
        "sim_time_s": 716.0,
        "tier": "track-zone",
        "prearm_status": "",
        "focus_role": "none"
      }
    },
    {
      "type": "Feature",
      "geometry": {
        "type": "Point",
        "coordinates": [
          500924.5189433935,
          6965248.436222348
        ]
      },
      "properties": {
        "junction_id": 39593,
        "veh_id": 11527,
        "sim_time_s": 720.0,
        "tier": "track-zone",
        "prearm_status": "",
        "focus_role": "none"
      }
    },
    {
      "type": "Feature",
      "geometry": {
        "type": "Point",
        "coordinates": [
          0.0,
          0.0
        ]
      },
      "properties": {
        "junction_id": 39593,
        "veh_id": 11527,
        "sim_time_s": 720.0,
        "tier": "harmony-ge-local",
        "prearm_status": "action",
        "focus_role": "none"
      }
    },
    {
      "type": "Feature",
      "geometry": {
        "type": "Point",
        "coordinates": [
          500840.3742352916,
          6965216.582848693
        ]
      },
      "properties": {
        "junction_id": 36385,
        "veh_id": 11527,
        "sim_time_s": 725.4,
        "tier": "track-zone",
        "prearm_status": "",
        "focus_role": "none"
      }
    },
    {
      "type": "Feature",
      "geometry": {
        "type": "Point",
        "coordinates": [
          500492.00502755935,
          6965692.760214908
        ]
      },
      "properties": {
        "junction_id": 39578,
        "veh_id": 11574,
        "sim_time_s": 725.4,
        "tier": "track-zone",
        "prearm_status": "",
        "focus_role": "none"
      }
    },
    {
      "type": "Feature",
      "geometry": {
        "type": "Point",
        "coordinates": [
          500820.33141726156,
          6965206.367446969
        ]
      },
      "properties": {
        "junction_id": 10157950,
        "veh_id": 11527,
        "sim_time_s": 726.8,
        "tier": "track-zone",
        "prearm_status": "",
        "focus_role": "none"
      }
    },
    {
      "type": "Feature",
      "geometry": {
        "type": "Point",
        "coordinates": [
          500573.28592977836,
          6965456.742318814
        ]
      },
      "properties": {
        "junction_id": 39576,
        "veh_id": 11552,
        "sim_time_s": 728.1,
        "tier": "track-zone",
        "prearm_status": "",
        "focus_role": "none"
      }
    },
    {
      "type": "Feature",
      "geometry": {
        "type": "Point",
        "coordinates": [
          500360.39907330426,
          6966089.2405465925
        ]
      },
      "properties": {
        "junction_id": 39578,
        "veh_id": 11564,
        "sim_time_s": 728.1,
        "tier": "track-section",
        "prearm_status": "",
        "focus_role": "none"
      }
    },
    {
      "type": "Feature",
      "geometry": {
        "type": "Point",
        "coordinates": [
          0.0,
          0.0
        ]
      },
      "properties": {
        "junction_id": 39578,
        "veh_id": 11564,
        "sim_time_s": 729.5,
        "tier": "harmony-no-ge-local",
        "prearm_status": "skip",
        "focus_role": "none"
      }
    },
    {
      "type": "Feature",
      "geometry": {
        "type": "Point",
        "coordinates": [
          500036.4989685961,
          6966611.837852131
        ]
      },
      "properties": {
        "junction_id": 39568,
        "veh_id": 11540,
        "sim_time_s": 745.6,
        "tier": "track-zone",
        "prearm_status": "",
        "focus_role": "none"
      }
    },
    {
      "type": "Feature",
      "geometry": {
        "type": "Point",
        "coordinates": [
          500512.71463107964,
          6965702.3415290825
        ]
      },
      "properties": {
        "junction_id": 39587,
        "veh_id": 11556,
        "sim_time_s": 752.4,
        "tier": "track-zone",
        "prearm_status": "",
        "focus_role": "none"
      }
    },
    {
      "type": "Feature",
      "geometry": {
        "type": "Point",
        "coordinates": [
          500525.2975069751,
          6965934.695486013
        ]
      },
      "properties": {
        "junction_id": 39576,
        "veh_id": 11564,
        "sim_time_s": 757.8,
        "tier": "track-zone",
        "prearm_status": "",
        "focus_role": "none"
      }
    },
    {
      "type": "Feature",
      "geometry": {
        "type": "Point",
        "coordinates": [
          0.0,
          0.0
        ]
      },
      "properties": {
        "junction_id": 39569,
        "veh_id": 11540,
        "sim_time_s": 759.1,
        "tier": "harmony-no-ge-local",
        "prearm_status": "skip",
        "focus_role": "none"
      }
    },
    {
      "type": "Feature",
      "geometry": {
        "type": "Point",
        "coordinates": [
          0.0,
          0.0
        ]
      },
      "properties": {
        "junction_id": 39578,
        "veh_id": 11574,
        "sim_time_s": 760.5,
        "tier": "harmony-ins-local",
        "prearm_status": "action",
        "focus_role": "none"
      }
    },
    {
      "type": "Feature",
      "geometry": {
        "type": "Point",
        "coordinates": [
          0.0,
          0.0
        ]
      },
      "properties": {
        "junction_id": 39587,
        "veh_id": 11552,
        "sim_time_s": 761.4,
        "tier": "harmony-ins-local",
        "prearm_status": "action",
        "focus_role": "none"
      }
    },
    {
      "type": "Feature",
      "geometry": {
        "type": "Point",
        "coordinates": [
          500519.2468703139,
          6965646.784847698
        ]
      },
      "properties": {
        "junction_id": 1119660,
        "veh_id": 11556,
        "sim_time_s": 763.2,
        "tier": "track-zone",
        "prearm_status": "",
        "focus_role": "none"
      }
    },
    {
      "type": "Feature",
      "geometry": {
        "type": "Point",
        "coordinates": [
          0.0,
          0.0
        ]
      },
      "properties": {
        "junction_id": 39576,
        "veh_id": 11564,
        "sim_time_s": 772.2,
        "tier": "harmony-no-ge-local",
        "prearm_status": "skip",
        "focus_role": "none"
      }
    },
    {
      "type": "Feature",
      "geometry": {
        "type": "Point",
        "coordinates": [
          0.0,
          0.0
        ]
      },
      "properties": {
        "junction_id": 39593,
        "veh_id": 11527,
        "sim_time_s": 780.3,
        "tier": "harmony-ins-local",
        "prearm_status": "action",
        "focus_role": "none"
      }
    },
    {
      "type": "Feature",
      "geometry": {
        "type": "Point",
        "coordinates": [
          500392.6168516519,
          6966048.313700609
        ]
      },
      "properties": {
        "junction_id": 1043762,
        "veh_id": 11574,
        "sim_time_s": 780.8,
        "tier": "track-zone",
        "prearm_status": "",
        "focus_role": "none"
      }
    },
    {
      "type": "Feature",
      "geometry": {
        "type": "Point",
        "coordinates": [
          0.0,
          0.0
        ]
      },
      "properties": {
        "junction_id": 36385,
        "veh_id": 11527,
        "sim_time_s": 782.1,
        "tier": "harmony-ins-local",
        "prearm_status": "action",
        "focus_role": "none"
      }
    },
    {
      "type": "Feature",
      "geometry": {
        "type": "Point",
        "coordinates": [
          0.0,
          0.0
        ]
      },
      "properties": {
        "junction_id": 1043762,
        "veh_id": 11574,
        "sim_time_s": 782.1,
        "tier": "harmony-ins-local",
        "prearm_status": "action",
        "focus_role": "none"
      }
    },
    {
      "type": "Feature",
      "geometry": {
        "type": "Point",
        "coordinates": [
          500358.59394050605,
          6966077.759700227
        ]
      },
      "properties": {
        "junction_id": 39569,
        "veh_id": 11574,
        "sim_time_s": 784.4,
        "tier": "coord-prearm-harmony/SHOCKWAVE",
        "prearm_status": "fired",
        "focus_role": "none"
      }
    },
    {
      "type": "Feature",
      "geometry": {
        "type": "Point",
        "coordinates": [
          0.0,
          0.0
        ]
      },
      "properties": {
        "junction_id": 39569,
        "veh_id": 11574,
        "sim_time_s": 784.8,
        "tier": "harmony-no-ge-local",
        "prearm_status": "skip",
        "focus_role": "none"
      }
    },
    {
      "type": "Feature",
      "geometry": {
        "type": "Point",
        "coordinates": [
          500105.32496907446,
          6966447.427635934
        ]
      },
      "properties": {
        "junction_id": 39569,
        "veh_id": 11574,
        "sim_time_s": 784.8,
        "tier": "coord-prearm-success/SHOCKWAVE",
        "prearm_status": "success",
        "focus_role": "none"
      }
    },
    {
      "type": "Feature",
      "geometry": {
        "type": "Point",
        "coordinates": [
          500715.2537929966,
          6965088.312931992
        ]
      },
      "properties": {
        "junction_id": 36393,
        "veh_id": 11527,
        "sim_time_s": 786.1,
        "tier": "coord-prearm-harmony/SHOCKWAVE",
        "prearm_status": "fired",
        "focus_role": "none"
      }
    },
    {
      "type": "Feature",
      "geometry": {
        "type": "Point",
        "coordinates": [
          0.0,
          0.0
        ]
      },
      "properties": {
        "junction_id": 36393,
        "veh_id": 11527,
        "sim_time_s": 786.6,
        "tier": "harmony-no-ge-local",
        "prearm_status": "skip",
        "focus_role": "none"
      }
    },
    {
      "type": "Feature",
      "geometry": {
        "type": "Point",
        "coordinates": [
          500684.0987813321,
          6964756.319799706
        ]
      },
      "properties": {
        "junction_id": 36393,
        "veh_id": 11527,
        "sim_time_s": 786.6,
        "tier": "coord-prearm-success/SHOCKWAVE",
        "prearm_status": "success",
        "focus_role": "none"
      }
    },
    {
      "type": "Feature",
      "geometry": {
        "type": "Point",
        "coordinates": [
          500716.05861486535,
          6965085.063256526
        ]
      },
      "properties": {
        "junction_id": 39590,
        "veh_id": 11527,
        "sim_time_s": 789.8,
        "tier": "coord-prearm-harmony/SHOCKWAVE",
        "prearm_status": "fired",
        "focus_role": "none"
      }
    },
    {
      "type": "Feature",
      "geometry": {
        "type": "Point",
        "coordinates": [
          500297.9551006878,
          6966144.026264207
        ]
      },
      "properties": {
        "junction_id": 39572,
        "veh_id": 11574,
        "sim_time_s": 789.8,
        "tier": "coord-prearm-harmony/SHOCKWAVE",
        "prearm_status": "fired",
        "focus_role": "none"
      }
    },
    {
      "type": "Feature",
      "geometry": {
        "type": "Point",
        "coordinates": [
          0.0,
          0.0
        ]
      },
      "properties": {
        "junction_id": 39590,
        "veh_id": 11527,
        "sim_time_s": 790.2,
        "tier": "harmony-ins-local",
        "prearm_status": "action",
        "focus_role": "none"
      }
    },
    {
      "type": "Feature",
      "geometry": {
        "type": "Point",
        "coordinates": [
          500756.5972760396,
          6964319.360583134
        ]
      },
      "properties": {
        "junction_id": 39590,
        "veh_id": 11527,
        "sim_time_s": 790.2,
        "tier": "coord-prearm-success/SHOCKWAVE",
        "prearm_status": "success",
        "focus_role": "none"
      }
    },
    {
      "type": "Feature",
      "geometry": {
        "type": "Point",
        "coordinates": [
          0.0,
          0.0
        ]
      },
      "properties": {
        "junction_id": 39572,
        "veh_id": 11574,
        "sim_time_s": 790.2,
        "tier": "harmony-no-ge-local",
        "prearm_status": "skip",
        "focus_role": "none"
      }
    },
    {
      "type": "Feature",
      "geometry": {
        "type": "Point",
        "coordinates": [
          500012.2556836749,
          6966653.44887729
        ]
      },
      "properties": {
        "junction_id": 39572,
        "veh_id": 11574,
        "sim_time_s": 790.2,
        "tier": "coord-prearm-success/SHOCKWAVE",
        "prearm_status": "success",
        "focus_role": "none"
      }
    },
    {
      "type": "Feature",
      "geometry": {
        "type": "Point",
        "coordinates": [
          500729.6808900346,
          6964410.390233366
        ]
      },
      "properties": {
        "junction_id": 39606,
        "veh_id": 11531,
        "sim_time_s": 791.5,
        "tier": "track-zone",
        "prearm_status": "",
        "focus_role": "none"
      }
    },
    {
      "type": "Feature",
      "geometry": {
        "type": "Point",
        "coordinates": [
          500492.5159609553,
          6965683.273929678
        ]
      },
      "properties": {
        "junction_id": 39578,
        "veh_id": 11552,
        "sim_time_s": 791.5,
        "tier": "track-zone",
        "prearm_status": "",
        "focus_role": "none"
      }
    },
    {
      "type": "Feature",
      "geometry": {
        "type": "Point",
        "coordinates": [
          500133.0842917132,
          6966436.256105629
        ]
      },
      "properties": {
        "junction_id": 1043762,
        "veh_id": 11540,
        "sim_time_s": 801.0,
        "tier": "track-zone",
        "prearm_status": "",
        "focus_role": "none"
      }
    },
    {
      "type": "Feature",
      "geometry": {
        "type": "Point",
        "coordinates": [
          500732.3146430435,
          6964403.71930526
        ]
      },
      "properties": {
        "junction_id": 39590,
        "veh_id": 11531,
        "sim_time_s": 801.0,
        "tier": "IC-detect-far",
        "prearm_status": "",
        "focus_role": "none"
      }
    },
    {
      "type": "Feature",
      "geometry": {
        "type": "Point",
        "coordinates": [
          500544.58294058114,
          6965586.537325762
        ]
      },
      "properties": {
        "junction_id": 39576,
        "veh_id": 11556,
        "sim_time_s": 813.1,
        "tier": "IC-detect",
        "prearm_status": "",
        "focus_role": "none"
      }
    },
    {
      "type": "Feature",
      "geometry": {
        "type": "Point",
        "coordinates": [
          500512.44317333703,
          6965707.655311808
        ]
      },
      "properties": {
        "junction_id": 39587,
        "veh_id": 11564,
        "sim_time_s": 826.6,
        "tier": "track-zone",
        "prearm_status": "",
        "focus_role": "none"
      }
    },
    {
      "type": "Feature",
      "geometry": {
        "type": "Point",
        "coordinates": [
          0.0,
          0.0
        ]
      },
      "properties": {
        "junction_id": 39606,
        "veh_id": 11531,
        "sim_time_s": 826.6,
        "tier": "harmony-ins-local",
        "prearm_status": "action",
        "focus_role": "none"
      }
    },
    {
      "type": "Feature",
      "geometry": {
        "type": "Point",
        "coordinates": [
          500551.1400114607,
          6965572.306520106
        ]
      },
      "properties": {
        "junction_id": 10157950,
        "veh_id": 11556,
        "sim_time_s": 828.0,
        "tier": "track-zone",
        "prearm_status": "",
        "focus_role": "none"
      }
    },
    {
      "type": "Feature",
      "geometry": {
        "type": "Point",
        "coordinates": [
          500076.1926886976,
          6966489.691390606
        ]
      },
      "properties": {
        "junction_id": 39568,
        "veh_id": 11574,
        "sim_time_s": 830.7,
        "tier": "track-zone",
        "prearm_status": "",
        "focus_role": "none"
      }
    },
    {
      "type": "Feature",
      "geometry": {
        "type": "Point",
        "coordinates": [
          500518.38536822825,
          6965649.432240342
        ]
      },
      "properties": {
        "junction_id": 1119660,
        "veh_id": 11564,
        "sim_time_s": 834.8,
        "tier": "track-zone",
        "prearm_status": "",
        "focus_role": "none"
      }
    },
    {
      "type": "Feature",
      "geometry": {
        "type": "Point",
        "coordinates": [
          0.0,
          0.0
        ]
      },
      "properties": {
        "junction_id": 1043762,
        "veh_id": 11540,
        "sim_time_s": 842.4,
        "tier": "harmony-no-ge-local",
        "prearm_status": "skip",
        "focus_role": "none"
      }
    },
    {
      "type": "Feature",
      "geometry": {
        "type": "Point",
        "coordinates": [
          0.0,
          0.0
        ]
      },
      "properties": {
        "junction_id": 39587,
        "veh_id": 11556,
        "sim_time_s": 844.2,
        "tier": "harmony-ins-local",
        "prearm_status": "action",
        "focus_role": "none"
      }
    },
    {
      "type": "Feature",
      "geometry": {
        "type": "Point",
        "coordinates": [
          0.0,
          0.0
        ]
      },
      "properties": {
        "junction_id": 39576,
        "veh_id": 11552,
        "sim_time_s": 846.9,
        "tier": "harmony-no-ge-local",
        "prearm_status": "skip",
        "focus_role": "none"
      }
    },
    {
      "type": "Feature",
      "geometry": {
        "type": "Point",
        "coordinates": [
          0.0,
          0.0
        ]
      },
      "properties": {
        "junction_id": 39578,
        "veh_id": 11552,
        "sim_time_s": 857.7,
        "tier": "harmony-ins-local",
        "prearm_status": "action",
        "focus_role": "none"
      }
    },
    {
      "type": "Feature",
      "geometry": {
        "type": "Point",
        "coordinates": [
          500360.5409455094,
          6966093.330778467
        ]
      },
      "properties": {
        "junction_id": 39578,
        "veh_id": 11540,
        "sim_time_s": 878.0,
        "tier": "track-section",
        "prearm_status": "",
        "focus_role": "none"
      }
    },
    {
      "type": "Feature",
      "geometry": {
        "type": "Point",
        "coordinates": [
          500018.30573717854,
          6966619.62355747
        ]
      },
      "properties": {
        "junction_id": 11118289,
        "veh_id": 11574,
        "sim_time_s": 878.0,
        "tier": "track-zone",
        "prearm_status": "",
        "focus_role": "none"
      }
    },
    {
      "type": "Feature",
      "geometry": {
        "type": "Point",
        "coordinates": [
          500569.5168335541,
          6965526.708671663
        ]
      },
      "properties": {
        "junction_id": 1119660,
        "veh_id": 11556,
        "sim_time_s": 884.7,
        "tier": "track-zone",
        "prearm_status": "",
        "focus_role": "none"
      }
    },
    {
      "type": "Feature",
      "geometry": {
        "type": "Point",
        "coordinates": [
          500528.6431948887,
          6965622.369942498
        ]
      },
      "properties": {
        "junction_id": 39576,
        "veh_id": 11564,
        "sim_time_s": 892.4,
        "tier": "IC-detect",
        "prearm_status": "",
        "focus_role": "none"
      }
    },
    {
      "type": "Feature",
      "geometry": {
        "type": "Point",
        "coordinates": [
          500946.97228876385,
          6964034.668682542
        ]
      },
      "properties": {
        "junction_id": 39606,
        "veh_id": 11575,
        "sim_time_s": 900.0,
        "tier": "IC-detect",
        "prearm_status": "",
        "focus_role": "none"
      }
    },
    {
      "type": "Feature",
      "geometry": {
        "type": "Point",
        "coordinates": [
          0.0,
          0.0
        ]
      },
      "properties": {
        "junction_id": 39606,
        "veh_id": 11575,
        "sim_time_s": 900.0,
        "tier": "harmony-no-ge-local",
        "prearm_status": "skip",
        "focus_role": "none"
      }
    },
    {
      "type": "Feature",
      "geometry": {
        "type": "Point",
        "coordinates": [
          500927.04205107037,
          6964066.43101895
        ]
      },
      "properties": {
        "junction_id": 39590,
        "veh_id": 11575,
        "sim_time_s": 903.1,
        "tier": "coord-prearm-harmony/SHOCKWAVE",
        "prearm_status": "fired",
        "focus_role": "none"
      }
    },
    {
      "type": "Feature",
      "geometry": {
        "type": "Point",
        "coordinates": [
          0.0,
          0.0
        ]
      },
      "properties": {
        "junction_id": 39590,
        "veh_id": 11575,
        "sim_time_s": 903.6,
        "tier": "harmony-ins-local",
        "prearm_status": "action",
        "focus_role": "none"
      }
    },
    {
      "type": "Feature",
      "geometry": {
        "type": "Point",
        "coordinates": [
          500756.5972760396,
          6964319.360583134
        ]
      },
      "properties": {
        "junction_id": 39590,
        "veh_id": 11575,
        "sim_time_s": 903.6,
        "tier": "coord-prearm-success/SHOCKWAVE",
        "prearm_status": "success",
        "focus_role": "none"
      }
    },
    {
      "type": "Feature",
      "geometry": {
        "type": "Point",
        "coordinates": [
          499963.05703462777,
          6966777.192876762
        ]
      },
      "properties": {
        "junction_id": 38339,
        "veh_id": 11574,
        "sim_time_s": 906.3,
        "tier": "track-zone",
        "prearm_status": "",
        "focus_role": "none"
      }
    },
    {
      "type": "Feature",
      "geometry": {
        "type": "Point",
        "coordinates": [
          500700.49555804324,
          6964827.259901728
        ]
      },
      "properties": {
        "junction_id": 36393,
        "veh_id": 11527,
        "sim_time_s": 906.8,
        "tier": "IC-detect-far",
        "prearm_status": "",
        "focus_role": "none"
      }
    },
    {
      "type": "Feature",
      "geometry": {
        "type": "Point",
        "coordinates": [
          500087.1853115687,
          6967505.2661222685
        ]
      },
      "properties": {
        "junction_id": 38339,
        "veh_id": 11565,
        "sim_time_s": 906.8,
        "tier": "IC-detect",
        "prearm_status": "",
        "focus_role": "none"
      }
    },
    {
      "type": "Feature",
      "geometry": {
        "type": "Point",
        "coordinates": [
          500887.1324688646,
          6964120.711613731
        ]
      },
      "properties": {
        "junction_id": 36393,
        "veh_id": 11575,
        "sim_time_s": 906.8,
        "tier": "coord-prearm-harmony/SHOCKWAVE",
        "prearm_status": "fired",
        "focus_role": "none"
      }
    },
    {
      "type": "Feature",
      "geometry": {
        "type": "Point",
        "coordinates": [
          0.0,
          0.0
        ]
      },
      "properties": {
        "junction_id": 36393,
        "veh_id": 11575,
        "sim_time_s": 907.2,
        "tier": "harmony-ins-local",
        "prearm_status": "action",
        "focus_role": "none"
      }
    },
    {
      "type": "Feature",
      "geometry": {
        "type": "Point",
        "coordinates": [
          500684.0987813321,
          6964756.319799706
        ]
      },
      "properties": {
        "junction_id": 36393,
        "veh_id": 11575,
        "sim_time_s": 907.2,
        "tier": "coord-prearm-success/SHOCKWAVE",
        "prearm_status": "success",
        "focus_role": "none"
      }
    },
    {
      "type": "Feature",
      "geometry": {
        "type": "Point",
        "coordinates": [
          499512.5247422402,
          6966653.6640370665
        ]
      },
      "properties": {
        "junction_id": 39572,
        "veh_id": 11539,
        "sim_time_s": 912.6,
        "tier": "IC-detect",
        "prearm_status": "",
        "focus_role": "none"
      }
    },
    {
      "type": "Feature",
      "geometry": {
        "type": "Point",
        "coordinates": [
          500823.2496920871,
          6964192.875001655
        ]
      },
      "properties": {
        "junction_id": 36385,
        "veh_id": 11575,
        "sim_time_s": 913.0,
        "tier": "coord-prearm-harmony/SHOCKWAVE",
        "prearm_status": "fired",
        "focus_role": "none"
      }
    },
    {
      "type": "Feature",
      "geometry": {
        "type": "Point",
        "coordinates": [
          0.0,
          0.0
        ]
      },
      "properties": {
        "junction_id": 36385,
        "veh_id": 11575,
        "sim_time_s": 913.5,
        "tier": "harmony-no-ge-local",
        "prearm_status": "skip",
        "focus_role": "none"
      }
    },
    {
      "type": "Feature",
      "geometry": {
        "type": "Point",
        "coordinates": [
          500715.9750991549,
          6965021.28412977
        ]
      },
      "properties": {
        "junction_id": 36385,
        "veh_id": 11575,
        "sim_time_s": 913.5,
        "tier": "coord-prearm-success/SHOCKWAVE",
        "prearm_status": "success",
        "focus_role": "none"
      }
    },
    {
      "type": "Feature",
      "geometry": {
        "type": "Point",
        "coordinates": [
          500531.7891788711,
          6965934.969332281
        ]
      },
      "properties": {
        "junction_id": 39576,
        "veh_id": 11540,
        "sim_time_s": 914.4,
        "tier": "track-zone",
        "prearm_status": "",
        "focus_role": "none"
      }
    },
    {
      "type": "Feature",
      "geometry": {
        "type": "Point",
        "coordinates": [
          500393.4719285439,
          6966043.572482869
        ]
      },
      "properties": {
        "junction_id": 1043762,
        "veh_id": 11552,
        "sim_time_s": 917.1,
        "tier": "track-zone",
        "prearm_status": "",
        "focus_role": "none"
      }
    },
    {
      "type": "Feature",
      "geometry": {
        "type": "Point",
        "coordinates": [
          0.0,
          0.0
        ]
      },
      "properties": {
        "junction_id": 38339,
        "veh_id": 11565,
        "sim_time_s": 917.1,
        "tier": "harmony-ins-local",
        "prearm_status": "action",
        "focus_role": "none"
      }
    },
    {
      "type": "Feature",
      "geometry": {
        "type": "Point",
        "coordinates": [
          0.0,
          0.0
        ]
      },
      "properties": {
        "junction_id": 1043762,
        "veh_id": 11552,
        "sim_time_s": 918.5,
        "tier": "harmony-ins-local",
        "prearm_status": "action",
        "focus_role": "none"
      }
    },
    {
      "type": "Feature",
      "geometry": {
        "type": "Point",
        "coordinates": [
          500363.88360280637,
          6966069.149608352
        ]
      },
      "properties": {
        "junction_id": 39569,
        "veh_id": 11552,
        "sim_time_s": 920.7,
        "tier": "coord-prearm-harmony/SHOCKWAVE",
        "prearm_status": "fired",
        "focus_role": "none"
      }
    },
    {
      "type": "Feature",
      "geometry": {
        "type": "Point",
        "coordinates": [
          0.0,
          0.0
        ]
      },
      "properties": {
        "junction_id": 39578,
        "veh_id": 11540,
        "sim_time_s": 921.1,
        "tier": "harmony-ins-local",
        "prearm_status": "action",
        "focus_role": "none"
      }
    },
    {
      "type": "Feature",
      "geometry": {
        "type": "Point",
        "coordinates": [
          0.0,
          0.0
        ]
      },
      "properties": {
        "junction_id": 39569,
        "veh_id": 11552,
        "sim_time_s": 921.1,
        "tier": "harmony-ins-local",
        "prearm_status": "action",
        "focus_role": "none"
      }
    },
    {
      "type": "Feature",
      "geometry": {
        "type": "Point",
        "coordinates": [
          500105.32496907446,
          6966447.427635934
        ]
      },
      "properties": {
        "junction_id": 39569,
        "veh_id": 11552,
        "sim_time_s": 921.1,
        "tier": "coord-prearm-success/SHOCKWAVE",
        "prearm_status": "success",
        "focus_role": "none"
      }
    },
    {
      "type": "Feature",
      "geometry": {
        "type": "Point",
        "coordinates": [
          0.0,
          0.0
        ]
      },
      "properties": {
        "junction_id": 39572,
        "veh_id": 11539,
        "sim_time_s": 923.0,
        "tier": "harmony-no-ge-local",
        "prearm_status": "skip",
        "focus_role": "none"
      }
    },
    {
      "type": "Feature",
      "geometry": {
        "type": "Point",
        "coordinates": [
          499759.93455294764,
          6966605.440524752
        ]
      },
      "properties": {
        "junction_id": 39568,
        "veh_id": 11539,
        "sim_time_s": 929.2,
        "tier": "track-zone",
        "prearm_status": "",
        "focus_role": "none"
      }
    },
    {
      "type": "Feature",
      "geometry": {
        "type": "Point",
        "coordinates": [
          499878.6171427412,
          6966548.7211024705
        ]
      },
      "properties": {
        "junction_id": 39569,
        "veh_id": 11539,
        "sim_time_s": 938.7,
        "tier": "track-zone",
        "prearm_status": "",
        "focus_role": "none"
      }
    },
    {
      "type": "Feature",
      "geometry": {
        "type": "Point",
        "coordinates": [
          499516.2802838487,
          6966652.714126882
        ]
      },
      "properties": {
        "junction_id": 39572,
        "veh_id": 11532,
        "sim_time_s": 947.7,
        "tier": "IC-detect",
        "prearm_status": "",
        "focus_role": "none"
      }
    },
    {
      "type": "Feature",
      "geometry": {
        "type": "Point",
        "coordinates": [
          500540.02856258943,
          6965596.297863455
        ]
      },
      "properties": {
        "junction_id": 39587,
        "veh_id": 11564,
        "sim_time_s": 948.1,
        "tier": "track-zone",
        "prearm_status": "",
        "focus_role": "none"
      }
    },
    {
      "type": "Feature",
      "geometry": {
        "type": "Point",
        "coordinates": [
          500570.6165107941,
          6965523.6428382285
        ]
      },
      "properties": {
        "junction_id": 10157950,
        "veh_id": 11556,
        "sim_time_s": 949.5,
        "tier": "track-zone",
        "prearm_status": "",
        "focus_role": "none"
      }
    },
    {
      "type": "Feature",
      "geometry": {
        "type": "Point",
        "coordinates": [
          500540.02856258943,
          6965596.297863455
        ]
      },
      "properties": {
        "junction_id": 1119660,
        "veh_id": 11564,
        "sim_time_s": 956.2,
        "tier": "track-zone",
        "prearm_status": "",
        "focus_role": "none"
      }
    },
    {
      "type": "Feature",
      "geometry": {
        "type": "Point",
        "coordinates": [
          0.0,
          0.0
        ]
      },
      "properties": {
        "junction_id": 39572,
        "veh_id": 11532,
        "sim_time_s": 958.0,
        "tier": "harmony-no-ge-local",
        "prearm_status": "skip",
        "focus_role": "none"
      }
    },
    {
      "type": "Feature",
      "geometry": {
        "type": "Point",
        "coordinates": [
          499764.82039712725,
          6966603.0205821125
        ]
      },
      "properties": {
        "junction_id": 39568,
        "veh_id": 11532,
        "sim_time_s": 963.0,
        "tier": "track-zone",
        "prearm_status": "",
        "focus_role": "none"
      }
    },
    {
      "type": "Feature",
      "geometry": {
        "type": "Point",
        "coordinates": [
          500589.80435972504,
          6965469.431137546
        ]
      },
      "properties": {
        "junction_id": 39587,
        "veh_id": 11556,
        "sim_time_s": 964.4,
        "tier": "IC-detect",
        "prearm_status": "",
        "focus_role": "none"
      }
    },
    {
      "type": "Feature",
      "geometry": {
        "type": "Point",
        "coordinates": [
          499966.6608645261,
          6967108.691663246
        ]
      },
      "properties": {
        "junction_id": 11118289,
        "veh_id": 11565,
        "sim_time_s": 967.0,
        "tier": "track-zone",
        "prearm_status": "",
        "focus_role": "none"
      }
    },
    {
      "type": "Feature",
      "geometry": {
        "type": "Point",
        "coordinates": [
          500697.85532367707,
          6964773.068111431
        ]
      },
      "properties": {
        "junction_id": 36385,
        "veh_id": 11527,
        "sim_time_s": 968.4,
        "tier": "track-zone",
        "prearm_status": "",
        "focus_role": "none"
      }
    },
    {
      "type": "Feature",
      "geometry": {
        "type": "Point",
        "coordinates": [
          499890.24544499477,
          6966543.172529335
        ]
      },
      "properties": {
        "junction_id": 39569,
        "veh_id": 11532,
        "sim_time_s": 972.5,
        "tier": "track-zone",
        "prearm_status": "",
        "focus_role": "none"
      }
    },
    {
      "type": "Feature",
      "geometry": {
        "type": "Point",
        "coordinates": [
          499517.17489504704,
          6966652.564041892
        ]
      },
      "properties": {
        "junction_id": 39572,
        "veh_id": 11557,
        "sim_time_s": 972.9,
        "tier": "IC-detect",
        "prearm_status": "",
        "focus_role": "none"
      }
    },
    {
      "type": "Feature",
      "geometry": {
        "type": "Point",
        "coordinates": [
          0.0,
          0.0
        ]
      },
      "properties": {
        "junction_id": 39587,
        "veh_id": 11564,
        "sim_time_s": 979.2,
        "tier": "harmony-ins-local",
        "prearm_status": "action",
        "focus_role": "none"
      }
    },
    {
      "type": "Feature",
      "geometry": {
        "type": "Point",
        "coordinates": [
          500553.3769809241,
          6965567.247317916
        ]
      },
      "properties": {
        "junction_id": 10157950,
        "veh_id": 11564,
        "sim_time_s": 980.5,
        "tier": "track-zone",
        "prearm_status": "",
        "focus_role": "none"
      }
    },
    {
      "type": "Feature",
      "geometry": {
        "type": "Point",
        "coordinates": [
          0.0,
          0.0
        ]
      },
      "properties": {
        "junction_id": 39569,
        "veh_id": 11539,
        "sim_time_s": 981.9,
        "tier": "harmony-no-ge-local",
        "prearm_status": "skip",
        "focus_role": "none"
      }
    },
    {
      "type": "Feature",
      "geometry": {
        "type": "Point",
        "coordinates": [
          500070.23415846,
          6966456.145022094
        ]
      },
      "properties": {
        "junction_id": 1043762,
        "veh_id": 11539,
        "sim_time_s": 985.0,
        "tier": "coord-prearm-harmony/SHOCKWAVE",
        "prearm_status": "fired",
        "focus_role": "none"
      }
    },
    {
      "type": "Feature",
      "geometry": {
        "type": "Point",
        "coordinates": [
          0.0,
          0.0
        ]
      },
      "properties": {
        "junction_id": 1043762,
        "veh_id": 11539,
        "sim_time_s": 985.5,
        "tier": "harmony-no-ge-local",
        "prearm_status": "skip",
        "focus_role": "none"
      }
    },
    {
      "type": "Feature",
      "geometry": {
        "type": "Point",
        "coordinates": [
          500248.43905837496,
          6966228.103814566
        ]
      },
      "properties": {
        "junction_id": 1043762,
        "veh_id": 11539,
        "sim_time_s": 985.5,
        "tier": "coord-prearm-success/SHOCKWAVE",
        "prearm_status": "success",
        "focus_role": "none"
      }
    },
    {
      "type": "Feature",
      "geometry": {
        "type": "Point",
        "coordinates": [
          0.0,
          0.0
        ]
      },
      "properties": {
        "junction_id": 39576,
        "veh_id": 11540,
        "sim_time_s": 986.0,
        "tier": "harmony-no-ge-local",
        "prearm_status": "skip",
        "focus_role": "none"
      }
    },
    {
      "type": "Feature",
      "geometry": {
        "type": "Point",
        "coordinates": [
          500609.92626288935,
          6965406.64518241
        ]
      },
      "properties": {
        "junction_id": 39593,
        "veh_id": 11556,
        "sim_time_s": 994.0,
        "tier": "track-zone",
        "prearm_status": "",
        "focus_role": "none"
      }
    },
    {
      "type": "Feature",
      "geometry": {
        "type": "Point",
        "coordinates": [
          0.0,
          0.0
        ]
      },
      "properties": {
        "junction_id": 39569,
        "veh_id": 11532,
        "sim_time_s": 996.8,
        "tier": "harmony-no-ge-local",
        "prearm_status": "skip",
        "focus_role": "none"
      }
    },
    {
      "type": "Feature",
      "geometry": {
        "type": "Point",
        "coordinates": [
          500053.964894415,
          6966465.650997545
        ]
      },
      "properties": {
        "junction_id": 1043762,
        "veh_id": 11532,
        "sim_time_s": 999.0,
        "tier": "coord-prearm-harmony/SHOCKWAVE",
        "prearm_status": "fired",
        "focus_role": "none"
      }
    },
    {
      "type": "Feature",
      "geometry": {
        "type": "Point",
        "coordinates": [
          0.0,
          0.0
        ]
      },
      "properties": {
        "junction_id": 1043762,
        "veh_id": 11532,
        "sim_time_s": 999.5,
        "tier": "harmony-ins-local",
        "prearm_status": "action",
        "focus_role": "none"
      }
    },
    {
      "type": "Feature",
      "geometry": {
        "type": "Point",
        "coordinates": [
          500248.43905837496,
          6966228.103814566
        ]
      },
      "properties": {
        "junction_id": 1043762,
        "veh_id": 11532,
        "sim_time_s": 999.5,
        "tier": "coord-prearm-success/SHOCKWAVE",
        "prearm_status": "success",
        "focus_role": "none"
      }
    },
    {
      "type": "Feature",
      "geometry": {
        "type": "Point",
        "coordinates": [
          500689.596487974,
          6964554.427198608
        ]
      },
      "properties": {
        "junction_id": 39590,
        "veh_id": 11527,
        "sim_time_s": 1000.8,
        "tier": "track-zone",
        "prearm_status": "",
        "focus_role": "none"
      }
    },
    {
      "type": "Feature",
      "geometry": {
        "type": "Point",
        "coordinates": [
          500640.3745881462,
          6965268.804162589
        ]
      },
      "properties": {
        "junction_id": 1119660,
        "veh_id": 11556,
        "sim_time_s": 1006.2,
        "tier": "track-zone",
        "prearm_status": "",
        "focus_role": "none"
      }
    },
    {
      "type": "Feature",
      "geometry": {
        "type": "Point",
        "coordinates": [
          500108.08450657583,
          6966429.797677506
        ]
      },
      "properties": {
        "junction_id": 39572,
        "veh_id": 11552,
        "sim_time_s": 1007.5,
        "tier": "track-zone",
        "prearm_status": "",
        "focus_role": "none"
      }
    },
    {
      "type": "Feature",
      "geometry": {
        "type": "Point",
        "coordinates": [
          500643.8304761107,
          6965259.887456242
        ]
      },
      "properties": {
        "junction_id": 36385,
        "veh_id": 11556,
        "sim_time_s": 1008.9,
        "tier": "track-zone",
        "prearm_status": "",
        "focus_role": "none"
      }
    },
    {
      "type": "Feature",
      "geometry": {
        "type": "Point",
        "coordinates": [
          0.0,
          0.0
        ]
      },
      "properties": {
        "junction_id": 39572,
        "veh_id": 11557,
        "sim_time_s": 1013.4,
        "tier": "harmony-no-ge-local",
        "prearm_status": "skip",
        "focus_role": "none"
      }
    },
    {
      "type": "Feature",
      "geometry": {
        "type": "Point",
        "coordinates": [
          500355.34377011243,
          6966093.9233795535
        ]
      },
      "properties": {
        "junction_id": 39578,
        "veh_id": 11539,
        "sim_time_s": 1015.6,
        "tier": "track-section",
        "prearm_status": "",
        "focus_role": "none"
      }
    },
    {
      "type": "Feature",
      "geometry": {
        "type": "Point",
        "coordinates": [
          500030.9945187438,
          6966465.733466772
        ]
      },
      "properties": {
        "junction_id": 39568,
        "veh_id": 11552,
        "sim_time_s": 1015.6,
        "tier": "track-zone",
        "prearm_status": "",
        "focus_role": "none"
      }
    },
    {
      "type": "Feature",
      "geometry": {
        "type": "Point",
        "coordinates": [
          500763.5677305993,
          6964284.867263071
        ]
      },
      "properties": {
        "junction_id": 39606,
        "veh_id": 11575,
        "sim_time_s": 1022.4,
        "tier": "track-zone",
        "prearm_status": "",
        "focus_role": "none"
      }
    },
    {
      "type": "Feature",
      "geometry": {
        "type": "Point",
        "coordinates": [
          500762.8442505841,
          6964286.12997098
        ]
      },
      "properties": {
        "junction_id": 39590,
        "veh_id": 11575,
        "sim_time_s": 1023.8,
        "tier": "IC-detect",
        "prearm_status": "",
        "focus_role": "none"
      }
    },
    {
      "type": "Feature",
      "geometry": {
        "type": "Point",
        "coordinates": [
          0.0,
          0.0
        ]
      },
      "properties": {
        "junction_id": 39593,
        "veh_id": 11556,
        "sim_time_s": 1026.5,
        "tier": "harmony-no-ge-local",
        "prearm_status": "skip",
        "focus_role": "none"
      }
    },
    {
      "type": "Feature",
      "geometry": {
        "type": "Point",
        "coordinates": [
          499756.8865791717,
          6966606.908710851
        ]
      },
      "properties": {
        "junction_id": 39568,
        "veh_id": 11557,
        "sim_time_s": 1027.8,
        "tier": "track-zone",
        "prearm_status": "",
        "focus_role": "none"
      }
    },
    {
      "type": "Feature",
      "geometry": {
        "type": "Point",
        "coordinates": [
          500358.5725679753,
          6966094.885662359
        ]
      },
      "properties": {
        "junction_id": 39578,
        "veh_id": 11532,
        "sim_time_s": 1031.8,
        "tier": "track-section",
        "prearm_status": "",
        "focus_role": "none"
      }
    },
    {
      "type": "Feature",
      "geometry": {
        "type": "Point",
        "coordinates": [
          499514.2320769479,
          6966650.177374803
        ]
      },
      "properties": {
        "junction_id": 39572,
        "veh_id": 11533,
        "sim_time_s": 1032.8,
        "tier": "IC-detect",
        "prearm_status": "",
        "focus_role": "none"
      }
    },
    {
      "type": "Feature",
      "geometry": {
        "type": "Point",
        "coordinates": [
          499961.3404769207,
          6967071.991320744
        ]
      },
      "properties": {
        "junction_id": 38339,
        "veh_id": 11565,
        "sim_time_s": 1037.2,
        "tier": "IC-detect",
        "prearm_status": "",
        "focus_role": "none"
      }
    },
    {
      "type": "Feature",
      "geometry": {
        "type": "Point",
        "coordinates": [
          0.0,
          0.0
        ]
      },
      "properties": {
        "junction_id": 39578,
        "veh_id": 11539,
        "sim_time_s": 1041.3,
        "tier": "harmony-ins-local",
        "prearm_status": "action",
        "focus_role": "none"
      }
    },
    {
      "type": "Feature",
      "geometry": {
        "type": "Point",
        "coordinates": [
          500025.14512314985,
          6966468.492978922
        ]
      },
      "properties": {
        "junction_id": 39569,
        "veh_id": 11552,
        "sim_time_s": 1041.3,
        "tier": "IC-detect",
        "prearm_status": "",
        "focus_role": "none"
      }
    },
    {
      "type": "Feature",
      "geometry": {
        "type": "Point",
        "coordinates": [
          500528.71164487797,
          6965934.359678715
        ]
      },
      "properties": {
        "junction_id": 39576,
        "veh_id": 11539,
        "sim_time_s": 1046.7,
        "tier": "track-zone",
        "prearm_status": "",
        "focus_role": "none"
      }
    },
    {
      "type": "Feature",
      "geometry": {
        "type": "Point",
        "coordinates": [
          499962.37674384064,
          6966944.463946994
        ]
      },
      "properties": {
        "junction_id": 39568,
        "veh_id": 11565,
        "sim_time_s": 1048.0,
        "tier": "track-zone",
        "prearm_status": "",
        "focus_role": "none"
      }
    },
    {
      "type": "Feature",
      "geometry": {
        "type": "Point",
        "coordinates": [
          499966.0971260831,
          6966896.130950122
        ]
      },
      "properties": {
        "junction_id": 39572,
        "veh_id": 11565,
        "sim_time_s": 1053.5,
        "tier": "track-zone",
        "prearm_status": "",
        "focus_role": "none"
      }
    },
    {
      "type": "Feature",
      "geometry": {
        "type": "Point",
        "coordinates": [
          0.0,
          0.0
        ]
      },
      "properties": {
        "junction_id": 36385,
        "veh_id": 11556,
        "sim_time_s": 1056.2,
        "tier": "harmony-no-ge-local",
        "prearm_status": "skip",
        "focus_role": "none"
      }
    },
    {
      "type": "Feature",
      "geometry": {
        "type": "Point",
        "coordinates": [
          500731.4062957249,
          6964406.627488934
        ]
      },
      "properties": {
        "junction_id": 39606,
        "veh_id": 11527,
        "sim_time_s": 1057.5,
        "tier": "track-zone",
        "prearm_status": "",
        "focus_role": "none"
      }
    },
    {
      "type": "Feature",
      "geometry": {
        "type": "Point",
        "coordinates": [
          499770.6953558026,
          6966596.927224509
        ]
      },
      "properties": {
        "junction_id": 39568,
        "veh_id": 11533,
        "sim_time_s": 1058.8,
        "tier": "track-zone",
        "prearm_status": "",
        "focus_role": "none"
      }
    },
    {
      "type": "Feature",
      "geometry": {
        "type": "Point",
        "coordinates": [
          0.0,
          0.0
        ]
      },
      "properties": {
        "junction_id": 39572,
        "veh_id": 11552,
        "sim_time_s": 1058.8,
        "tier": "harmony-ins-local",
        "prearm_status": "action",
        "focus_role": "none"
      }
    },
    {
      "type": "Feature",
      "geometry": {
        "type": "Point",
        "coordinates": [
          500715.3881296975,
          6965087.6925376505
        ]
      },
      "properties": {
        "junction_id": 36393,
        "veh_id": 11556,
        "sim_time_s": 1060.2,
        "tier": "coord-prearm-harmony/SHOCKWAVE",
        "prearm_status": "fired",
        "focus_role": "none"
      }
    },
    {
      "type": "Feature",
      "geometry": {
        "type": "Point",
        "coordinates": [
          0.0,
          0.0
        ]
      },
      "properties": {
        "junction_id": 36393,
        "veh_id": 11556,
        "sim_time_s": 1060.7,
        "tier": "harmony-ins-local",
        "prearm_status": "action",
        "focus_role": "none"
      }
    },
    {
      "type": "Feature",
      "geometry": {
        "type": "Point",
        "coordinates": [
          500684.0987813321,
          6964756.319799706
        ]
      },
      "properties": {
        "junction_id": 36393,
        "veh_id": 11556,
        "sim_time_s": 1060.7,
        "tier": "coord-prearm-success/SHOCKWAVE",
        "prearm_status": "success",
        "focus_role": "none"
      }
    },
    {
      "type": "Feature",
      "geometry": {
        "type": "Point",
        "coordinates": [
          500716.1875320697,
          6965084.464744797
        ]
      },
      "properties": {
        "junction_id": 39590,
        "veh_id": 11556,
        "sim_time_s": 1064.7,
        "tier": "coord-prearm-harmony/SHOCKWAVE",
        "prearm_status": "fired",
        "focus_role": "none"
      }
    },
    {
      "type": "Feature",
      "geometry": {
        "type": "Point",
        "coordinates": [
          0.0,
          0.0
        ]
      },
      "properties": {
        "junction_id": 39590,
        "veh_id": 11556,
        "sim_time_s": 1065.2,
        "tier": "harmony-no-ge-local",
        "prearm_status": "skip",
        "focus_role": "none"
      }
    },
    {
      "type": "Feature",
      "geometry": {
        "type": "Point",
        "coordinates": [
          500756.5972760396,
          6964319.360583134
        ]
      },
      "properties": {
        "junction_id": 39590,
        "veh_id": 11556,
        "sim_time_s": 1065.2,
        "tier": "coord-prearm-success/SHOCKWAVE",
        "prearm_status": "success",
        "focus_role": "none"
      }
    },
    {
      "type": "Feature",
      "geometry": {
        "type": "Point",
        "coordinates": [
          499883.2000681542,
          6966543.260510953
        ]
      },
      "properties": {
        "junction_id": 39569,
        "veh_id": 11533,
        "sim_time_s": 1067.0,
        "tier": "track-zone",
        "prearm_status": "",
        "focus_role": "none"
      }
    },
    {
      "type": "Feature",
      "geometry": {
        "type": "Point",
        "coordinates": [
          500008.9182279194,
          6966677.2387365345
        ]
      },
      "properties": {
        "junction_id": 39569,
        "veh_id": 11565,
        "sim_time_s": 1069.7,
        "tier": "track-zone",
        "prearm_status": "",
        "focus_role": "none"
      }
    },
    {
      "type": "Feature",
      "geometry": {
        "type": "Point",
        "coordinates": [
          500673.63905097643,
          6964518.66959888
        ]
      },
      "properties": {
        "junction_id": 36393,
        "veh_id": 11575,
        "sim_time_s": 1069.7,
        "tier": "track-zone",
        "prearm_status": "",
        "focus_role": "none"
      }
    },
    {
      "type": "Feature",
      "geometry": {
        "type": "Point",
        "coordinates": [
          500529.97658068937,
          6965938.829118007
        ]
      },
      "properties": {
        "junction_id": 39576,
        "veh_id": 11532,
        "sim_time_s": 1071.0,
        "tier": "track-zone",
        "prearm_status": "",
        "focus_role": "none"
      }
    },
    {
      "type": "Feature",
      "geometry": {
        "type": "Point",
        "coordinates": [
          499888.1532972742,
          6966544.231266039
        ]
      },
      "properties": {
        "junction_id": 39569,
        "veh_id": 11557,
        "sim_time_s": 1071.0,
        "tier": "track-zone",
        "prearm_status": "",
        "focus_role": "none"
      }
    },
    {
      "type": "Feature",
      "geometry": {
        "type": "Point",
        "coordinates": [
          0.0,
          0.0
        ]
      },
      "properties": {
        "junction_id": 39606,
        "veh_id": 11527,
        "sim_time_s": 1072.3,
        "tier": "harmony-no-ge-local",
        "prearm_status": "skip",
        "focus_role": "none"
      }
    },
    {
      "type": "Feature",
      "geometry": {
        "type": "Point",
        "coordinates": [
          0.0,
          0.0
        ]
      },
      "properties": {
        "junction_id": 39569,
        "veh_id": 11533,
        "sim_time_s": 1072.3,
        "tier": "harmony-no-ge-local",
        "prearm_status": "skip",
        "focus_role": "none"
      }
    },
    {
      "type": "Feature",
      "geometry": {
        "type": "Point",
        "coordinates": [
          500611.8242283514,
          6965398.959649902
        ]
      },
      "properties": {
        "junction_id": 39593,
        "veh_id": 11564,
        "sim_time_s": 1076.4,
        "tier": "track-zone",
        "prearm_status": "",
        "focus_role": "none"
      }
    },
    {
      "type": "Feature",
      "geometry": {
        "type": "Point",
        "coordinates": [
          0.0,
          0.0
        ]
      },
      "properties": {
        "junction_id": 39569,
        "veh_id": 11557,
        "sim_time_s": 1076.4,
        "tier": "harmony-no-ge-local",
        "prearm_status": "skip",
        "focus_role": "none"
      }
    },
    {
      "type": "Feature",
      "geometry": {
        "type": "Point",
        "coordinates": [
          500616.3378704417,
          6965381.030489379
        ]
      },
      "properties": {
        "junction_id": 1119660,
        "veh_id": 11564,
        "sim_time_s": 1077.8,
        "tier": "track-zone",
        "prearm_status": "",
        "focus_role": "none"
      }
    },
    {
      "type": "Feature",
      "geometry": {
        "type": "Point",
        "coordinates": [
          499984.8857450246,
          6966497.585225057
        ]
      },
      "properties": {
        "junction_id": 1043762,
        "veh_id": 11557,
        "sim_time_s": 1079.5,
        "tier": "coord-prearm-harmony/SHOCKWAVE",
        "prearm_status": "fired",
        "focus_role": "none"
      }
    },
    {
      "type": "Feature",
      "geometry": {
        "type": "Point",
        "coordinates": [
          0.0,
          0.0
        ]
      },
      "properties": {
        "junction_id": 1043762,
        "veh_id": 11557,
        "sim_time_s": 1080.0,
        "tier": "harmony-ins-local",
        "prearm_status": "action",
        "focus_role": "none"
      }
    },
    {
      "type": "Feature",
      "geometry": {
        "type": "Point",
        "coordinates": [
          500248.43905837496,
          6966228.103814566
        ]
      },
      "properties": {
        "junction_id": 1043762,
        "veh_id": 11557,
        "sim_time_s": 1080.0,
        "tier": "coord-prearm-success/SHOCKWAVE",
        "prearm_status": "success",
        "focus_role": "none"
      }
    },
    {
      "type": "Feature",
      "geometry": {
        "type": "Point",
        "coordinates": [
          500652.30210339546,
          6965247.498813602
        ]
      },
      "properties": {
        "junction_id": 36385,
        "veh_id": 11564,
        "sim_time_s": 1087.2,
        "tier": "track-zone",
        "prearm_status": "",
        "focus_role": "none"
      }
    },
    {
      "type": "Feature",
      "geometry": {
        "type": "Point",
        "coordinates": [
          0.0,
          0.0
        ]
      },
      "properties": {
        "junction_id": 39593,
        "veh_id": 11564,
        "sim_time_s": 1087.2,
        "tier": "harmony-no-ge-local",
        "prearm_status": "skip",
        "focus_role": "none"
      }
    },
    {
      "type": "Feature",
      "geometry": {
        "type": "Point",
        "coordinates": [
          500130.8676322518,
          6966434.043268168
        ]
      },
      "properties": {
        "junction_id": 1043762,
        "veh_id": 11533,
        "sim_time_s": 1102.0,
        "tier": "track-zone",
        "prearm_status": "",
        "focus_role": "none"
      }
    },
    {
      "type": "Feature",
      "geometry": {
        "type": "Point",
        "coordinates": [
          500682.2216528848,
          6965186.888341311
        ]
      },
      "properties": {
        "junction_id": 10157950,
        "veh_id": 11564,
        "sim_time_s": 1102.0,
        "tier": "track-zone",
        "prearm_status": "",
        "focus_role": "none"
      }
    },
    {
      "type": "Feature",
      "geometry": {
        "type": "Point",
        "coordinates": [
          500043.4791154506,
          6966470.313703226
        ]
      },
      "properties": {
        "junction_id": 39578,
        "veh_id": 11557,
        "sim_time_s": 1103.0,
        "tier": "coord-prearm-harmony/SHOCKWAVE",
        "prearm_status": "fired",
        "focus_role": "none"
      }
    },
    {
      "type": "Feature",
      "geometry": {
        "type": "Point",
        "coordinates": [
          0.0,
          0.0
        ]
      },
      "properties": {
        "junction_id": 39578,
        "veh_id": 11557,
        "sim_time_s": 1103.4,
        "tier": "harmony-ins-local",
        "prearm_status": "action",
        "focus_role": "none"
      }
    },
    {
      "type": "Feature",
      "geometry": {
        "type": "Point",
        "coordinates": [
          500534.0301698125,
          6965929.528541097
        ]
      },
      "properties": {
        "junction_id": 39578,
        "veh_id": 11557,
        "sim_time_s": 1103.4,
        "tier": "coord-prearm-success/SHOCKWAVE",
        "prearm_status": "success",
        "focus_role": "none"
      }
    },
    {
      "type": "Feature",
      "geometry": {
        "type": "Point",
        "coordinates": [
          500512.065461078,
          6965737.664969932
        ]
      },
      "properties": {
        "junction_id": 39576,
        "veh_id": 11540,
        "sim_time_s": 1106.1,
        "tier": "IC-detect",
        "prearm_status": "",
        "focus_role": "none"
      }
    },
    {
      "type": "Feature",
      "geometry": {
        "type": "Point",
        "coordinates": [
          0.0,
          0.0
        ]
      },
      "properties": {
        "junction_id": 39569,
        "veh_id": 11565,
        "sim_time_s": 1116.9,
        "tier": "harmony-no-ge-local",
        "prearm_status": "skip",
        "focus_role": "none"
      }
    },
    {
      "type": "Feature",
      "geometry": {
        "type": "Point",
        "coordinates": [
          500512.065461078,
          6965737.664969932
        ]
      },
      "properties": {
        "junction_id": 39578,
        "veh_id": 11540,
        "sim_time_s": 1121.0,
        "tier": "track-zone",
        "prearm_status": "",
        "focus_role": "none"
      }
    },
    {
      "type": "Feature",
      "geometry": {
        "type": "Point",
        "coordinates": [
          500358.99027958984,
          6966094.624156842
        ]
      },
      "properties": {
        "junction_id": 39578,
        "veh_id": 11533,
        "sim_time_s": 1127.7,
        "tier": "track-section",
        "prearm_status": "",
        "focus_role": "none"
      }
    },
    {
      "type": "Feature",
      "geometry": {
        "type": "Point",
        "coordinates": [
          500512.6866891403,
          6965703.543465799
        ]
      },
      "properties": {
        "junction_id": 39587,
        "veh_id": 11540,
        "sim_time_s": 1135.8,
        "tier": "track-zone",
        "prearm_status": "",
        "focus_role": "none"
      }
    },
    {
      "type": "Feature",
      "geometry": {
        "type": "Point",
        "coordinates": [
          500129.6692324118,
          6966435.592866279
        ]
      },
      "properties": {
        "junction_id": 1043762,
        "veh_id": 11565,
        "sim_time_s": 1142.5,
        "tier": "track-zone",
        "prearm_status": "",
        "focus_role": "none"
      }
    },
    {
      "type": "Feature",
      "geometry": {
        "type": "Point",
        "coordinates": [
          500518.6981164304,
          6965648.735683952
        ]
      },
      "properties": {
        "junction_id": 1119660,
        "veh_id": 11540,
        "sim_time_s": 1143.9,
        "tier": "track-zone",
        "prearm_status": "",
        "focus_role": "none"
      }
    },
    {
      "type": "Feature",
      "geometry": {
        "type": "Point",
        "coordinates": [
          0.0,
          0.0
        ]
      },
      "properties": {
        "junction_id": 36385,
        "veh_id": 11564,
        "sim_time_s": 1143.9,
        "tier": "harmony-no-ge-local",
        "prearm_status": "skip",
        "focus_role": "none"
      }
    },
    {
      "type": "Feature",
      "geometry": {
        "type": "Point",
        "coordinates": [
          500715.193681867,
          6965088.12201573
        ]
      },
      "properties": {
        "junction_id": 36393,
        "veh_id": 11564,
        "sim_time_s": 1148.0,
        "tier": "coord-prearm-harmony/SHOCKWAVE",
        "prearm_status": "fired",
        "focus_role": "none"
      }
    },
    {
      "type": "Feature",
      "geometry": {
        "type": "Point",
        "coordinates": [
          0.0,
          0.0
        ]
      },
      "properties": {
        "junction_id": 36393,
        "veh_id": 11564,
        "sim_time_s": 1148.4,
        "tier": "harmony-ge-local",
        "prearm_status": "action",
        "focus_role": "none"
      }
    },
    {
      "type": "Feature",
      "geometry": {
        "type": "Point",
        "coordinates": [
          500684.0987813321,
          6964756.319799706
        ]
      },
      "properties": {
        "junction_id": 36393,
        "veh_id": 11564,
        "sim_time_s": 1148.4,
        "tier": "coord-prearm-success/SHOCKWAVE",
        "prearm_status": "success",
        "focus_role": "none"
      }
    },
    {
      "type": "Feature",
      "geometry": {
        "type": "Point",
        "coordinates": [
          500679.86735173775,
          6964782.211600439
        ]
      },
      "properties": {
        "junction_id": 36385,
        "veh_id": 11575,
        "sim_time_s": 1149.3,
        "tier": "track-zone",
        "prearm_status": "",
        "focus_role": "none"
      }
    },
    {
      "type": "Feature",
      "geometry": {
        "type": "Point",
        "coordinates": [
          0.0,
          0.0
        ]
      },
      "properties": {
        "junction_id": 1043762,
        "veh_id": 11565,
        "sim_time_s": 1149.3,
        "tier": "harmony-no-ge-local",
        "prearm_status": "skip",
        "focus_role": "none"
      }
    },
    {
      "type": "Feature",
      "geometry": {
        "type": "Point",
        "coordinates": [
          500715.9678118596,
          6965084.996266615
        ]
      },
      "properties": {
        "junction_id": 39590,
        "veh_id": 11564,
        "sim_time_s": 1151.5,
        "tier": "coord-prearm-harmony/SHOCKWAVE",
        "prearm_status": "fired",
        "focus_role": "none"
      }
    },
    {
      "type": "Feature",
      "geometry": {
        "type": "Point",
        "coordinates": [
          0.0,
          0.0
        ]
      },
      "properties": {
        "junction_id": 39590,
        "veh_id": 11564,
        "sim_time_s": 1152.0,
        "tier": "harmony-ins-local",
        "prearm_status": "action",
        "focus_role": "none"
      }
    },
    {
      "type": "Feature",
      "geometry": {
        "type": "Point",
        "coordinates": [
          500756.5972760396,
          6964319.360583134
        ]
      },
      "properties": {
        "junction_id": 39590,
        "veh_id": 11564,
        "sim_time_s": 1152.0,
        "tier": "coord-prearm-success/SHOCKWAVE",
        "prearm_status": "success",
        "focus_role": "none"
      }
    },
    {
      "type": "Feature",
      "geometry": {
        "type": "Point",
        "coordinates": [
          500533.03668543196,
          6965863.706386403
        ]
      },
      "properties": {
        "junction_id": 39578,
        "veh_id": 11532,
        "sim_time_s": 1152.0,
        "tier": "IC-detect-far",
        "prearm_status": "",
        "focus_role": "none"
      }
    },
    {
      "type": "Feature",
      "geometry": {
        "type": "Point",
        "coordinates": [
          0.0,
          0.0
        ]
      },
      "properties": {
        "junction_id": 39576,
        "veh_id": 11539,
        "sim_time_s": 1162.8,
        "tier": "harmony-no-ge-local",
        "prearm_status": "skip",
        "focus_role": "none"
      }
    },
    {
      "type": "Feature",
      "geometry": {
        "type": "Point",
        "coordinates": [
          0.0,
          0.0
        ]
      },
      "properties": {
        "junction_id": 39578,
        "veh_id": 11533,
        "sim_time_s": 1163.7,
        "tier": "harmony-ins-local",
        "prearm_status": "action",
        "focus_role": "none"
      }
    },
    {
      "type": "Feature",
      "geometry": {
        "type": "Point",
        "coordinates": [
          500701.6973894593,
          6964932.1057165535
        ]
      },
      "properties": {
        "junction_id": 39593,
        "veh_id": 11575,
        "sim_time_s": 1164.2,
        "tier": "track-zone",
        "prearm_status": "",
        "focus_role": "none"
      }
    },
    {
      "type": "Feature",
      "geometry": {
        "type": "Point",
        "coordinates": [
          500353.32944791386,
          6966099.767989556
        ]
      },
      "properties": {
        "junction_id": 39578,
        "veh_id": 11565,
        "sim_time_s": 1168.2,
        "tier": "track-section",
        "prearm_status": "",
        "focus_role": "none"
      }
    },
    {
      "type": "Feature",
      "geometry": {
        "type": "Point",
        "coordinates": [
          500697.4672437112,
          6964685.409333895
        ]
      },
      "properties": {
        "junction_id": 36393,
        "veh_id": 11556,
        "sim_time_s": 1180.8,
        "tier": "IC-detect-far",
        "prearm_status": "",
        "focus_role": "none"
      }
    },
    {
      "type": "Feature",
      "geometry": {
        "type": "Point",
        "coordinates": [
          500099.19050702144,
          6966455.425408946
        ]
      },
      "properties": {
        "junction_id": 39572,
        "veh_id": 11557,
        "sim_time_s": 1183.0,
        "tier": "track-zone",
        "prearm_status": "",
        "focus_role": "none"
      }
    },
    {
      "type": "Feature",
      "geometry": {
        "type": "Point",
        "coordinates": [
          500530.5232410152,
          6965937.796804814
        ]
      },
      "properties": {
        "junction_id": 39576,
        "veh_id": 11533,
        "sim_time_s": 1189.8,
        "tier": "track-zone",
        "prearm_status": "",
        "focus_role": "none"
      }
    },
    {
      "type": "Feature",
      "geometry": {
        "type": "Point",
        "coordinates": [
          500705.11882141384,
          6964955.198244226
        ]
      },
      "properties": {
        "junction_id": 36393,
        "veh_id": 11575,
        "sim_time_s": 1191.2,
        "tier": "track-zone",
        "prearm_status": "",
        "focus_role": "none"
      }
    },
    {
      "type": "Feature",
      "geometry": {
        "type": "Point",
        "coordinates": [
          500511.4295262428,
          6965766.210166794
        ]
      },
      "properties": {
        "junction_id": 39576,
        "veh_id": 11532,
        "sim_time_s": 1191.2,
        "tier": "IC-detect",
        "prearm_status": "",
        "focus_role": "none"
      }
    },
    {
      "type": "Feature",
      "geometry": {
        "type": "Point",
        "coordinates": [
          500214.50372140185,
          6966299.923410476
        ]
      },
      "properties": {
        "junction_id": 1043762,
        "veh_id": 11557,
        "sim_time_s": 1200.2,
        "tier": "IC-detect",
        "prearm_status": "",
        "focus_role": "none"
      }
    },
    {
      "type": "Feature",
      "geometry": {
        "type": "Point",
        "coordinates": [
          500133.26578911545,
          6965615.056710265
        ]
      },
      "properties": {
        "junction_id": 39576,
        "veh_id": 11546,
        "sim_time_s": 1201.0,
        "tier": "IC-detect",
        "prearm_status": "",
        "focus_role": "none"
      }
    },
    {
      "type": "Feature",
      "geometry": {
        "type": "Point",
        "coordinates": [
          0.0,
          0.0
        ]
      },
      "properties": {
        "junction_id": 39593,
        "veh_id": 11575,
        "sim_time_s": 1208.7,
        "tier": "harmony-ins-local",
        "prearm_status": "action",
        "focus_role": "none"
      }
    },
    {
      "type": "Feature",
      "geometry": {
        "type": "Point",
        "coordinates": [
          500681.1394110733,
          6965110.792530324
        ]
      },
      "properties": {
        "junction_id": 10157950,
        "veh_id": 11575,
        "sim_time_s": 1210.0,
        "tier": "track-zone",
        "prearm_status": "",
        "focus_role": "none"
      }
    },
    {
      "type": "Feature",
      "geometry": {
        "type": "Point",
        "coordinates": [
          500670.2002504183,
          6965153.241813303
        ]
      },
      "properties": {
        "junction_id": 10157950,
        "veh_id": 11575,
        "sim_time_s": 1212.8,
        "tier": "coord-prearm-harmony/SHOCKWAVE",
        "prearm_status": "fired",
        "focus_role": "none"
      }
    },
    {
      "type": "Feature",
      "geometry": {
        "type": "Point",
        "coordinates": [
          500690.28144301765,
          6964546.565427979
        ]
      },
      "properties": {
        "junction_id": 39590,
        "veh_id": 11556,
        "sim_time_s": 1214.1,
        "tier": "track-zone",
        "prearm_status": "",
        "focus_role": "none"
      }
    },
    {
      "type": "Feature",
      "geometry": {
        "type": "Point",
        "coordinates": [
          500664.3842499763,
          6965174.904910858
        ]
      },
      "properties": {
        "junction_id": 1119660,
        "veh_id": 11575,
        "sim_time_s": 1214.1,
        "tier": "track-zone",
        "prearm_status": "",
        "focus_role": "none"
      }
    },
    {
      "type": "Feature",
      "geometry": {
        "type": "Point",
        "coordinates": [
          500637.69962179795,
          6965236.821753024
        ]
      },
      "properties": {
        "junction_id": 39587,
        "veh_id": 11575,
        "sim_time_s": 1218.2,
        "tier": "track-zone",
        "prearm_status": "",
        "focus_role": "none"
      }
    },
    {
      "type": "Feature",
      "geometry": {
        "type": "Point",
        "coordinates": [
          0.0,
          0.0
        ]
      },
      "properties": {
        "junction_id": 39587,
        "veh_id": 11540,
        "sim_time_s": 1218.2,
        "tier": "harmony-ins-local",
        "prearm_status": "action",
        "focus_role": "none"
      }
    },
    {
      "type": "Feature",
      "geometry": {
        "type": "Point",
        "coordinates": [
          500552.3954216319,
          6965569.635232404
        ]
      },
      "properties": {
        "junction_id": 10157950,
        "veh_id": 11540,
        "sim_time_s": 1220.8,
        "tier": "track-zone",
        "prearm_status": "",
        "focus_role": "none"
      }
    },
    {
      "type": "Feature",
      "geometry": {
        "type": "Point",
        "coordinates": [
          0.0,
          0.0
        ]
      },
      "properties": {
        "junction_id": 39578,
        "veh_id": 11565,
        "sim_time_s": 1224.0,
        "tier": "harmony-ins-local",
        "prearm_status": "action",
        "focus_role": "none"
      }
    },
    {
      "type": "Feature",
      "geometry": {
        "type": "Point",
        "coordinates": [
          500532.93062563887,
          6965931.593601743
        ]
      },
      "properties": {
        "junction_id": 39576,
        "veh_id": 11565,
        "sim_time_s": 1224.9,
        "tier": "track-zone",
        "prearm_status": "",
        "focus_role": "none"
      }
    },
    {
      "type": "Feature",
      "geometry": {
        "type": "Point",
        "coordinates": [
          500570.96166318154,
          6965463.993594147
        ]
      },
      "properties": {
        "junction_id": 39576,
        "veh_id": 11575,
        "sim_time_s": 1235.7,
        "tier": "track-zone",
        "prearm_status": "",
        "focus_role": "none"
      }
    },
    {
      "type": "Feature",
      "geometry": {
        "type": "Point",
        "coordinates": [
          0.0,
          0.0
        ]
      },
      "properties": {
        "junction_id": 39576,
        "veh_id": 11546,
        "sim_time_s": 1241.5,
        "tier": "harmony-ge-local",
        "prearm_status": "action",
        "focus_role": "none"
      }
    },
    {
      "type": "Feature",
      "geometry": {
        "type": "Point",
        "coordinates": [
          500509.451349204,
          6965708.452008485
        ]
      },
      "properties": {
        "junction_id": 39587,
        "veh_id": 11539,
        "sim_time_s": 1246.5,
        "tier": "track-zone",
        "prearm_status": "",
        "focus_role": "none"
      }
    },
    {
      "type": "Feature",
      "geometry": {
        "type": "Point",
        "coordinates": [
          500518.07384996896,
          6965640.612645159
        ]
      },
      "properties": {
        "junction_id": 1119660,
        "veh_id": 11539,
        "sim_time_s": 1253.2,
        "tier": "track-zone",
        "prearm_status": "",
        "focus_role": "none"
      }
    },
    {
      "type": "Feature",
      "geometry": {
        "type": "Point",
        "coordinates": [
          500356.02603702655,
          6966097.308929086
        ]
      },
      "properties": {
        "junction_id": 39578,
        "veh_id": 11557,
        "sim_time_s": 1257.3,
        "tier": "track-section",
        "prearm_status": "",
        "focus_role": "none"
      }
    },
    {
      "type": "Feature",
      "geometry": {
        "type": "Point",
        "coordinates": [
          500512.68121981143,
          6965699.609702062
        ]
      },
      "properties": {
        "junction_id": 39587,
        "veh_id": 11532,
        "sim_time_s": 1258.7,
        "tier": "track-zone",
        "prearm_status": "",
        "focus_role": "none"
      }
    },
    {
      "type": "Feature",
      "geometry": {
        "type": "Point",
        "coordinates": [
          500949.53229003365,
          6964036.232777647
        ]
      },
      "properties": {
        "junction_id": 39606,
        "veh_id": 11529,
        "sim_time_s": 1260.0,
        "tier": "track-section",
        "prearm_status": "",
        "focus_role": "none"
      }
    },
    {
      "type": "Feature",
      "geometry": {
        "type": "Point",
        "coordinates": [
          0.0,
          0.0
        ]
      },
      "properties": {
        "junction_id": 39606,
        "veh_id": 11529,
        "sim_time_s": 1260.0,
        "tier": "harmony-ins-local",
        "prearm_status": "action",
        "focus_role": "none"
      }
    },
    {
      "type": "Feature",
      "geometry": {
        "type": "Point",
        "coordinates": [
          500922.9215599182,
          6964072.698163366
        ]
      },
      "properties": {
        "junction_id": 39590,
        "veh_id": 11529,
        "sim_time_s": 1263.2,
        "tier": "coord-prearm-harmony/SHOCKWAVE",
        "prearm_status": "fired",
        "focus_role": "none"
      }
    },
    {
      "type": "Feature",
      "geometry": {
        "type": "Point",
        "coordinates": [
          0.0,
          0.0
        ]
      },
      "properties": {
        "junction_id": 39590,
        "veh_id": 11529,
        "sim_time_s": 1263.6,
        "tier": "harmony-ge-local",
        "prearm_status": "action",
        "focus_role": "none"
      }
    },
    {
      "type": "Feature",
      "geometry": {
        "type": "Point",
        "coordinates": [
          500756.5972760396,
          6964319.360583134
        ]
      },
      "properties": {
        "junction_id": 39590,
        "veh_id": 11529,
        "sim_time_s": 1263.6,
        "tier": "coord-prearm-success/SHOCKWAVE",
        "prearm_status": "success",
        "focus_role": "none"
      }
    },
    {
      "type": "Feature",
      "geometry": {
        "type": "Point",
        "coordinates": [
          500549.30372659373,
          6965568.984973049
        ]
      },
      "properties": {
        "junction_id": 10157950,
        "veh_id": 11539,
        "sim_time_s": 1264.0,
        "tier": "track-zone",
        "prearm_status": "",
        "focus_role": "none"
      }
    },
    {
      "type": "Feature",
      "geometry": {
        "type": "Point",
        "coordinates": [
          500520.5151194336,
          6965642.404699622
        ]
      },
      "properties": {
        "junction_id": 1119660,
        "veh_id": 11532,
        "sim_time_s": 1265.4,
        "tier": "track-zone",
        "prearm_status": "",
        "focus_role": "none"
      }
    },
    {
      "type": "Feature",
      "geometry": {
        "type": "Point",
        "coordinates": [
          500603.667616114,
          6965426.783803005
        ]
      },
      "properties": {
        "junction_id": 1119660,
        "veh_id": 11540,
        "sim_time_s": 1265.4,
        "tier": "track-zone",
        "prearm_status": "",
        "focus_role": "none"
      }
    },
    {
      "type": "Feature",
      "geometry": {
        "type": "Point",
        "coordinates": [
          500607.8314442615,
          6965413.823496391
        ]
      },
      "properties": {
        "junction_id": 39593,
        "veh_id": 11540,
        "sim_time_s": 1266.8,
        "tier": "track-zone",
        "prearm_status": "",
        "focus_role": "none"
      }
    },
    {
      "type": "Feature",
      "geometry": {
        "type": "Point",
        "coordinates": [
          500882.3245684117,
          6964126.005428492
        ]
      },
      "properties": {
        "junction_id": 36393,
        "veh_id": 11529,
        "sim_time_s": 1266.8,
        "tier": "coord-prearm-harmony/SHOCKWAVE",
        "prearm_status": "fired",
        "focus_role": "none"
      }
    },
    {
      "type": "Feature",
      "geometry": {
        "type": "Point",
        "coordinates": [
          0.0,
          0.0
        ]
      },
      "properties": {
        "junction_id": 36393,
        "veh_id": 11529,
        "sim_time_s": 1267.2,
        "tier": "harmony-no-ge-local",
        "prearm_status": "skip",
        "focus_role": "none"
      }
    },
    {
      "type": "Feature",
      "geometry": {
        "type": "Point",
        "coordinates": [
          500684.0987813321,
          6964756.319799706
        ]
      },
      "properties": {
        "junction_id": 36393,
        "veh_id": 11529,
        "sim_time_s": 1267.2,
        "tier": "coord-prearm-success/SHOCKWAVE",
        "prearm_status": "success",
        "focus_role": "none"
      }
    },
    {
      "type": "Feature",
      "geometry": {
        "type": "Point",
        "coordinates": [
          500696.6428332698,
          6964514.309549642
        ]
      },
      "properties": {
        "junction_id": 39590,
        "veh_id": 11564,
        "sim_time_s": 1272.2,
        "tier": "IC-detect-far",
        "prearm_status": "",
        "focus_role": "none"
      }
    },
    {
      "type": "Feature",
      "geometry": {
        "type": "Point",
        "coordinates": [
          500849.7782667278,
          6964161.657604423
        ]
      },
      "properties": {
        "junction_id": 36385,
        "veh_id": 11529,
        "sim_time_s": 1273.0,
        "tier": "coord-prearm-harmony/SHOCKWAVE",
        "prearm_status": "fired",
        "focus_role": "none"
      }
    },
    {
      "type": "Feature",
      "geometry": {
        "type": "Point",
        "coordinates": [
          0.0,
          0.0
        ]
      },
      "properties": {
        "junction_id": 36385,
        "veh_id": 11529,
        "sim_time_s": 1273.5,
        "tier": "harmony-ins-local",
        "prearm_status": "action",
        "focus_role": "none"
      }
    },
    {
      "type": "Feature",
      "geometry": {
        "type": "Point",
        "coordinates": [
          500715.9750991549,
          6965021.28412977
        ]
      },
      "properties": {
        "junction_id": 36385,
        "veh_id": 11529,
        "sim_time_s": 1273.5,
        "tier": "coord-prearm-success/SHOCKWAVE",
        "prearm_status": "success",
        "focus_role": "none"
      }
    },
    {
      "type": "Feature",
      "geometry": {
        "type": "Point",
        "coordinates": [
          500651.04074032005,
          6965250.60830902
        ]
      },
      "properties": {
        "junction_id": 36385,
        "veh_id": 11540,
        "sim_time_s": 1277.5,
        "tier": "track-zone",
        "prearm_status": "",
        "focus_role": "none"
      }
    },
    {
      "type": "Feature",
      "geometry": {
        "type": "Point",
        "coordinates": [
          500730.219976591,
          6964409.580169882
        ]
      },
      "properties": {
        "junction_id": 39606,
        "veh_id": 11556,
        "sim_time_s": 1277.5,
        "tier": "track-zone",
        "prearm_status": "",
        "focus_role": "none"
      }
    },
    {
      "type": "Feature",
      "geometry": {
        "type": "Point",
        "coordinates": [
          500491.89059310645,
          6965698.399677064
        ]
      },
      "properties": {
        "junction_id": 39578,
        "veh_id": 11575,
        "sim_time_s": 1277.5,
        "tier": "track-zone",
        "prearm_status": "",
        "focus_role": "none"
      }
    },
    {
      "type": "Feature",
      "geometry": {
        "type": "Point",
        "coordinates": [
          0.0,
          0.0
        ]
      },
      "properties": {
        "junction_id": 39593,
        "veh_id": 11540,
        "sim_time_s": 1277.5,
        "tier": "harmony-ins-local",
        "prearm_status": "action",
        "focus_role": "none"
      }
    },
    {
      "type": "Feature",
      "geometry": {
        "type": "Point",
        "coordinates": [
          500613.23897735216,
          6965330.540829102
        ]
      },
      "properties": {
        "junction_id": 10157950,
        "veh_id": 11575,
        "sim_time_s": 1278.9,
        "tier": "coord-prearm-missed/SHOCKWAVE",
        "prearm_status": "missed",
        "focus_role": "none"
      }
    },
    {
      "type": "Feature",
      "geometry": {
        "type": "Point",
        "coordinates": [
          500513.77499784424,
          6965798.984247651
        ]
      },
      "properties": {
        "junction_id": 39578,
        "veh_id": 11533,
        "sim_time_s": 1283.8,
        "tier": "IC-detect",
        "prearm_status": "",
        "focus_role": "none"
      }
    },
    {
      "type": "Feature",
      "geometry": {
        "type": "Point",
        "coordinates": [
          500558.42327275814,
          6965548.58018798
        ]
      },
      "properties": {
        "junction_id": 39576,
        "veh_id": 11539,
        "sim_time_s": 1289.7,
        "tier": "track-zone",
        "prearm_status": "",
        "focus_role": "none"
      }
    },
    {
      "type": "Feature",
      "geometry": {
        "type": "Point",
        "coordinates": [
          0.0,
          0.0
        ]
      },
      "properties": {
        "junction_id": 39587,
        "veh_id": 11539,
        "sim_time_s": 1295.1,
        "tier": "harmony-ins-local",
        "prearm_status": "action",
        "focus_role": "none"
      }
    },
    {
      "type": "Feature",
      "geometry": {
        "type": "Point",
        "coordinates": [
          0.0,
          0.0
        ]
      },
      "properties": {
        "junction_id": 39576,
        "veh_id": 11575,
        "sim_time_s": 1304.1,
        "tier": "harmony-ins-local",
        "prearm_status": "action",
        "focus_role": "none"
      }
    },
    {
      "type": "Feature",
      "geometry": {
        "type": "Point",
        "coordinates": [
          500512.27854209667,
          6965717.963759688
        ]
      },
      "properties": {
        "junction_id": 39576,
        "veh_id": 11533,
        "sim_time_s": 1310.0,
        "tier": "IC-detect",
        "prearm_status": "",
        "focus_role": "none"
      }
    },
    {
      "type": "Feature",
      "geometry": {
        "type": "Point",
        "coordinates": [
          0.0,
          0.0
        ]
      },
      "properties": {
        "junction_id": 39578,
        "veh_id": 11575,
        "sim_time_s": 1310.0,
        "tier": "harmony-ins-local",
        "prearm_status": "action",
        "focus_role": "none"
      }
    },
    {
      "type": "Feature",
      "geometry": {
        "type": "Point",
        "coordinates": [
          500546.8899969805,
          6965581.137074486
        ]
      },
      "properties": {
        "junction_id": 39576,
        "veh_id": 11532,
        "sim_time_s": 1311.3,
        "tier": "IC-detect",
        "prearm_status": "",
        "focus_role": "none"
      }
    },
    {
      "type": "Feature",
      "geometry": {
        "type": "Point",
        "coordinates": [
          500731.6429174726,
          6964405.744589832
        ]
      },
      "properties": {
        "junction_id": 39606,
        "veh_id": 11564,
        "sim_time_s": 1312.7,
        "tier": "track-zone",
        "prearm_status": "",
        "focus_role": "none"
      }
    },
    {
      "type": "Feature",
      "geometry": {
        "type": "Point",
        "coordinates": [
          500512.42947194376,
          6965708.710549664
        ]
      },
      "properties": {
        "junction_id": 39587,
        "veh_id": 11533,
        "sim_time_s": 1322.1,
        "tier": "track-zone",
        "prearm_status": "",
        "focus_role": "none"
      }
    },
    {
      "type": "Feature",
      "geometry": {
        "type": "Point",
        "coordinates": [
          0.0,
          0.0
        ]
      },
      "properties": {
        "junction_id": 39590,
        "veh_id": 11564,
        "sim_time_s": 1323.9,
        "tier": "harmony-ins-local",
        "prearm_status": "action",
        "focus_role": "none"
      }
    },
    {
      "type": "Feature",
      "geometry": {
        "type": "Point",
        "coordinates": [
          500552.5619099729,
          6965568.827326281
        ]
      },
      "properties": {
        "junction_id": 10157950,
        "veh_id": 11532,
        "sim_time_s": 1328.8,
        "tier": "track-zone",
        "prearm_status": "",
        "focus_role": "none"
      }
    },
    {
      "type": "Feature",
      "geometry": {
        "type": "Point",
        "coordinates": [
          500396.1033750599,
          6966045.275321538
        ]
      },
      "properties": {
        "junction_id": 1043762,
        "veh_id": 11575,
        "sim_time_s": 1328.8,
        "tier": "track-zone",
        "prearm_status": "",
        "focus_role": "none"
      }
    },
    {
      "type": "Feature",
      "geometry": {
        "type": "Point",
        "coordinates": [
          0.0,
          0.0
        ]
      },
      "properties": {
        "junction_id": 1043762,
        "veh_id": 11575,
        "sim_time_s": 1330.2,
        "tier": "harmony-no-ge-local",
        "prearm_status": "skip",
        "focus_role": "none"
      }
    },
    {
      "type": "Feature",
      "geometry": {
        "type": "Point",
        "coordinates": [
          500345.22643397225,
          6966089.615855283
        ]
      },
      "properties": {
        "junction_id": 39569,
        "veh_id": 11575,
        "sim_time_s": 1333.3,
        "tier": "coord-prearm-harmony/SHOCKWAVE",
        "prearm_status": "fired",
        "focus_role": "none"
      }
    },
    {
      "type": "Feature",
      "geometry": {
        "type": "Point",
        "coordinates": [
          0.0,
          0.0
        ]
      },
      "properties": {
        "junction_id": 36385,
        "veh_id": 11540,
        "sim_time_s": 1333.8,
        "tier": "harmony-no-ge-local",
        "prearm_status": "skip",
        "focus_role": "none"
      }
    },
    {
      "type": "Feature",
      "geometry": {
        "type": "Point",
        "coordinates": [
          0.0,
          0.0
        ]
      },
      "properties": {
        "junction_id": 39569,
        "veh_id": 11575,
        "sim_time_s": 1333.8,
        "tier": "harmony-ins-local",
        "prearm_status": "action",
        "focus_role": "none"
      }
    },
    {
      "type": "Feature",
      "geometry": {
        "type": "Point",
        "coordinates": [
          500105.32496907446,
          6966447.427635934
        ]
      },
      "properties": {
        "junction_id": 39569,
        "veh_id": 11575,
        "sim_time_s": 1333.8,
        "tier": "coord-prearm-success/SHOCKWAVE",
        "prearm_status": "success",
        "focus_role": "none"
      }
    },
    {
      "type": "Feature",
      "geometry": {
        "type": "Point",
        "coordinates": [
          500757.9353500509,
          6964340.7062544115
        ]
      },
      "properties": {
        "junction_id": 39590,
        "veh_id": 11556,
        "sim_time_s": 1334.2,
        "tier": "IC-detect",
        "prearm_status": "",
        "focus_role": "none"
      }
    },
    {
      "type": "Feature",
      "geometry": {
        "type": "Point",
        "coordinates": [
          500716.29815504234,
          6965084.110907776
        ]
      },
      "properties": {
        "junction_id": 36393,
        "veh_id": 11540,
        "sim_time_s": 1337.8,
        "tier": "coord-prearm-harmony/SHOCKWAVE",
        "prearm_status": "fired",
        "focus_role": "none"
      }
    },
    {
      "type": "Feature",
      "geometry": {
        "type": "Point",
        "coordinates": [
          500300.887020355,
          6966140.44810336
        ]
      },
      "properties": {
        "junction_id": 39572,
        "veh_id": 11575,
        "sim_time_s": 1337.8,
        "tier": "coord-prearm-harmony/SHOCKWAVE",
        "prearm_status": "fired",
        "focus_role": "none"
      }
    },
    {
      "type": "Feature",
      "geometry": {
        "type": "Point",
        "coordinates": [
          0.0,
          0.0
        ]
      },
      "properties": {
        "junction_id": 36393,
        "veh_id": 11540,
        "sim_time_s": 1338.3,
        "tier": "harmony-no-ge-local",
        "prearm_status": "skip",
        "focus_role": "none"
      }
    },
    {
      "type": "Feature",
      "geometry": {
        "type": "Point",
        "coordinates": [
          500684.0987813321,
          6964756.319799706
        ]
      },
      "properties": {
        "junction_id": 36393,
        "veh_id": 11540,
        "sim_time_s": 1338.3,
        "tier": "coord-prearm-success/SHOCKWAVE",
        "prearm_status": "success",
        "focus_role": "none"
      }
    },
    {
      "type": "Feature",
      "geometry": {
        "type": "Point",
        "coordinates": [
          0.0,
          0.0
        ]
      },
      "properties": {
        "junction_id": 39572,
        "veh_id": 11575,
        "sim_time_s": 1338.3,
        "tier": "harmony-no-ge-local",
        "prearm_status": "skip",
        "focus_role": "none"
      }
    },
    {
      "type": "Feature",
      "geometry": {
        "type": "Point",
        "coordinates": [
          500012.2556836749,
          6966653.44887729
        ]
      },
      "properties": {
        "junction_id": 39572,
        "veh_id": 11575,
        "sim_time_s": 1338.3,
        "tier": "coord-prearm-success/SHOCKWAVE",
        "prearm_status": "success",
        "focus_role": "none"
      }
    },
    {
      "type": "Feature",
      "geometry": {
        "type": "Point",
        "coordinates": [
          500716.29815504234,
          6965084.110907776
        ]
      },
      "properties": {
        "junction_id": 39590,
        "veh_id": 11540,
        "sim_time_s": 1341.5,
        "tier": "coord-prearm-harmony/SHOCKWAVE",
        "prearm_status": "fired",
        "focus_role": "none"
      }
    },
    {
      "type": "Feature",
      "geometry": {
        "type": "Point",
        "coordinates": [
          500533.81122712774,
          6965929.222713418
        ]
      },
      "properties": {
        "junction_id": 39576,
        "veh_id": 11557,
        "sim_time_s": 1343.7,
        "tier": "track-zone",
        "prearm_status": "",
        "focus_role": "none"
      }
    },
    {
      "type": "Feature",
      "geometry": {
        "type": "Point",
        "coordinates": [
          500511.64249321754,
          6965755.695200484
        ]
      },
      "properties": {
        "junction_id": 39576,
        "veh_id": 11565,
        "sim_time_s": 1345.0,
        "tier": "IC-detect-far",
        "prearm_status": "",
        "focus_role": "none"
      }
    },
    {
      "type": "Feature",
      "geometry": {
        "type": "Point",
        "coordinates": [
          500952.09229130344,
          6964037.796872752
        ]
      },
      "properties": {
        "junction_id": 39606,
        "veh_id": 11576,
        "sim_time_s": 1350.0,
        "tier": "IC-detect",
        "prearm_status": "",
        "focus_role": "none"
      }
    },
    {
      "type": "Feature",
      "geometry": {
        "type": "Point",
        "coordinates": [
          0.0,
          0.0
        ]
      },
      "properties": {
        "junction_id": 39606,
        "veh_id": 11576,
        "sim_time_s": 1350.0,
        "tier": "harmony-no-ge-local",
        "prearm_status": "skip",
        "focus_role": "none"
      }
    },
    {
      "type": "Feature",
      "geometry": {
        "type": "Point",
        "coordinates": [
          500087.97191681445,
          6967506.11806405
        ]
      },
      "properties": {
        "junction_id": 38339,
        "veh_id": 11566,
        "sim_time_s": 1353.2,
        "tier": "IC-detect",
        "prearm_status": "",
        "focus_role": "none"
      }
    },
    {
      "type": "Feature",
      "geometry": {
        "type": "Point",
        "coordinates": [
          500518.19076642767,
          6965650.160821302
        ]
      },
      "properties": {
        "junction_id": 1119660,
        "veh_id": 11533,
        "sim_time_s": 1355.8,
        "tier": "track-zone",
        "prearm_status": "",
        "focus_role": "none"
      }
    },
    {
      "type": "Feature",
      "geometry": {
        "type": "Point",
        "coordinates": [
          500893.94827139645,
          6964116.119076185
        ]
      },
      "properties": {
        "junction_id": 39590,
        "veh_id": 11576,
        "sim_time_s": 1355.8,
        "tier": "track-zone",
        "prearm_status": "",
        "focus_role": "none"
      }
    },
    {
      "type": "Feature",
      "geometry": {
        "type": "Point",
        "coordinates": [
          500407.34009057237,
          6965684.5114019755
        ]
      },
      "properties": {
        "junction_id": 39576,
        "veh_id": 11546,
        "sim_time_s": 1361.7,
        "tier": "IC-detect",
        "prearm_status": "",
        "focus_role": "none"
      }
    },
    {
      "type": "Feature",
      "geometry": {
        "type": "Point",
        "coordinates": [
          0.0,
          0.0
        ]
      },
      "properties": {
        "junction_id": 38339,
        "veh_id": 11566,
        "sim_time_s": 1364.0,
        "tier": "harmony-ins-local",
        "prearm_status": "action",
        "focus_role": "none"
      }
    },
    {
      "type": "Feature",
      "geometry": {
        "type": "Point",
        "coordinates": [
          0.0,
          0.0
        ]
      },
      "properties": {
        "junction_id": 39576,
        "veh_id": 11565,
        "sim_time_s": 1364.4,
        "tier": "harmony-no-ge-local",
        "prearm_status": "skip",
        "focus_role": "none"
      }
    },
    {
      "type": "Feature",
      "geometry": {
        "type": "Point",
        "coordinates": [
          0.0,
          0.0
        ]
      },
      "properties": {
        "junction_id": 39606,
        "veh_id": 11556,
        "sim_time_s": 1369.3,
        "tier": "harmony-no-ge-local",
        "prearm_status": "skip",
        "focus_role": "none"
      }
    },
    {
      "type": "Feature",
      "geometry": {
        "type": "Point",
        "coordinates": [
          500576.6635272659,
          6965497.727464949
        ]
      },
      "properties": {
        "junction_id": 1119660,
        "veh_id": 11539,
        "sim_time_s": 1374.8,
        "tier": "track-zone",
        "prearm_status": "",
        "focus_role": "none"
      }
    },
    {
      "type": "Feature",
      "geometry": {
        "type": "Point",
        "coordinates": [
          500534.0416646215,
          6965866.546262776
        ]
      },
      "properties": {
        "junction_id": 39578,
        "veh_id": 11557,
        "sim_time_s": 1377.5,
        "tier": "IC-detect-far",
        "prearm_status": "",
        "focus_role": "none"
      }
    },
    {
      "type": "Feature",
      "geometry": {
        "type": "Point",
        "coordinates": [
          500567.24237757,
          6965532.562294083
        ]
      },
      "properties": {
        "junction_id": 39587,
        "veh_id": 11532,
        "sim_time_s": 1378.8,
        "tier": "IC-detect-far",
        "prearm_status": "",
        "focus_role": "none"
      }
    },
    {
      "type": "Feature",
      "geometry": {
        "type": "Point",
        "coordinates": [
          0.0,
          0.0
        ]
      },
      "properties": {
        "junction_id": 39590,
        "veh_id": 11576,
        "sim_time_s": 1384.2,
        "tier": "harmony-ins-local",
        "prearm_status": "action",
        "focus_role": "none"
      }
    },
    {
      "type": "Feature",
      "geometry": {
        "type": "Point",
        "coordinates": [
          500576.6635272659,
          6965497.727464949
        ]
      },
      "properties": {
        "junction_id": 10157950,
        "veh_id": 11539,
        "sim_time_s": 1385.5,
        "tier": "track-zone",
        "prearm_status": "",
        "focus_role": "none"
      }
    },
    {
      "type": "Feature",
      "geometry": {
        "type": "Point",
        "coordinates": [
          500567.24237757,
          6965532.562294083
        ]
      },
      "properties": {
        "junction_id": 1119660,
        "veh_id": 11532,
        "sim_time_s": 1386.9,
        "tier": "track-zone",
        "prearm_status": "",
        "focus_role": "none"
      }
    },
    {
      "type": "Feature",
      "geometry": {
        "type": "Point",
        "coordinates": [
          500704.4520556716,
          6964931.211040382
        ]
      },
      "properties": {
        "junction_id": 39593,
        "veh_id": 11529,
        "sim_time_s": 1388.2,
        "tier": "track-zone",
        "prearm_status": "",
        "focus_role": "none"
      }
    },
    {
      "type": "Feature",
      "geometry": {
        "type": "Point",
        "coordinates": [
          500715.1787186344,
          6964969.395818537
        ]
      },
      "properties": {
        "junction_id": 36385,
        "veh_id": 11529,
        "sim_time_s": 1393.7,
        "tier": "IC-detect",
        "prearm_status": "",
        "focus_role": "none"
      }
    },
    {
      "type": "Feature",
      "geometry": {
        "type": "Point",
        "coordinates": [
          0.0,
          0.0
        ]
      },
      "properties": {
        "junction_id": 39606,
        "veh_id": 11564,
        "sim_time_s": 1396.3,
        "tier": "harmony-ins-local",
        "prearm_status": "action",
        "focus_role": "none"
      }
    },
    {
      "type": "Feature",
      "geometry": {
        "type": "Point",
        "coordinates": [
          500075.58845630224,
          6966491.083768207
        ]
      },
      "properties": {
        "junction_id": 39568,
        "veh_id": 11575,
        "sim_time_s": 1405.8,
        "tier": "track-zone",
        "prearm_status": "",
        "focus_role": "none"
      }
    },
    {
      "type": "Feature",
      "geometry": {
        "type": "Point",
        "coordinates": [
          500607.3431852264,
          6965404.495723859
        ]
      },
      "properties": {
        "junction_id": 39593,
        "veh_id": 11539,
        "sim_time_s": 1407.2,
        "tier": "track-zone",
        "prearm_status": "",
        "focus_role": "none"
      }
    },
    {
      "type": "Feature",
      "geometry": {
        "type": "Point",
        "coordinates": [
          0.0,
          0.0
        ]
      },
      "properties": {
        "junction_id": 39587,
        "veh_id": 11532,
        "sim_time_s": 1407.2,
        "tier": "harmony-no-ge-local",
        "prearm_status": "skip",
        "focus_role": "none"
      }
    },
    {
      "type": "Feature",
      "geometry": {
        "type": "Point",
        "coordinates": [
          500450.74096622533,
          6965695.475423917
        ]
      },
      "properties": {
        "junction_id": 39578,
        "veh_id": 11546,
        "sim_time_s": 1409.8,
        "tier": "track-zone",
        "prearm_status": "",
        "focus_role": "none"
      }
    },
    {
      "type": "Feature",
      "geometry": {
        "type": "Point",
        "coordinates": [
          500512.23146715574,
          6965718.253527772
        ]
      },
      "properties": {
        "junction_id": 39578,
        "veh_id": 11565,
        "sim_time_s": 1411.2,
        "tier": "track-zone",
        "prearm_status": "",
        "focus_role": "none"
      }
    },
    {
      "type": "Feature",
      "geometry": {
        "type": "Point",
        "coordinates": [
          500756.5972760396,
          6964319.360583134
        ]
      },
      "properties": {
        "junction_id": 39590,
        "veh_id": 11540,
        "sim_time_s": 1412.1,
        "tier": "coord-prearm-missed/SHOCKWAVE",
        "prearm_status": "missed",
        "focus_role": "none"
      }
    },
    {
      "type": "Feature",
      "geometry": {
        "type": "Point",
        "coordinates": [
          0.0,
          0.0
        ]
      },
      "properties": {
        "junction_id": 39578,
        "veh_id": 11557,
        "sim_time_s": 1413.9,
        "tier": "harmony-ins-local",
        "prearm_status": "action",
        "focus_role": "none"
      }
    },
    {
      "type": "Feature",
      "geometry": {
        "type": "Point",
        "coordinates": [
          500644.1238599341,
          6965259.007754867
        ]
      },
      "properties": {
        "junction_id": 36385,
        "veh_id": 11539,
        "sim_time_s": 1416.6,
        "tier": "track-zone",
        "prearm_status": "",
        "focus_role": "none"
      }
    },
    {
      "type": "Feature",
      "geometry": {
        "type": "Point",
        "coordinates": [
          499965.84653865587,
          6967104.029494096
        ]
      },
      "properties": {
        "junction_id": 11118289,
        "veh_id": 11566,
        "sim_time_s": 1416.6,
        "tier": "track-zone",
        "prearm_status": "",
        "focus_role": "none"
      }
    },
    {
      "type": "Feature",
      "geometry": {
        "type": "Point",
        "coordinates": [
          0.0,
          0.0
        ]
      },
      "properties": {
        "junction_id": 39593,
        "veh_id": 11539,
        "sim_time_s": 1416.6,
        "tier": "harmony-ge-local",
        "prearm_status": "action",
        "focus_role": "none"
      }
    },
    {
      "type": "Feature",
      "geometry": {
        "type": "Point",
        "coordinates": [
          500609.226339771,
          6965408.517127891
        ]
      },
      "properties": {
        "junction_id": 39593,
        "veh_id": 11532,
        "sim_time_s": 1423.3,
        "tier": "track-zone",
        "prearm_status": "",
        "focus_role": "none"
      }
    },
    {
      "type": "Feature",
      "geometry": {
        "type": "Point",
        "coordinates": [
          500715.9390739529,
          6964985.031705542
        ]
      },
      "properties": {
        "junction_id": 36393,
        "veh_id": 11529,
        "sim_time_s": 1427.4,
        "tier": "track-zone",
        "prearm_status": "",
        "focus_role": "none"
      }
    },
    {
      "type": "Feature",
      "geometry": {
        "type": "Point",
        "coordinates": [
          0.0,
          0.0
        ]
      },
      "properties": {
        "junction_id": 36385,
        "veh_id": 11539,
        "sim_time_s": 1430.1,
        "tier": "harmony-no-ge-local",
        "prearm_status": "skip",
        "focus_role": "none"
      }
    },
    {
      "type": "Feature",
      "geometry": {
        "type": "Point",
        "coordinates": [
          500530.67876360915,
          6965617.736051193
        ]
      },
      "properties": {
        "junction_id": 39576,
        "veh_id": 11533,
        "sim_time_s": 1430.1,
        "tier": "IC-detect",
        "prearm_status": "",
        "focus_role": "none"
      }
    },
    {
      "type": "Feature",
      "geometry": {
        "type": "Point",
        "coordinates": [
          0.0,
          0.0
        ]
      },
      "properties": {
        "junction_id": 39576,
        "veh_id": 11533,
        "sim_time_s": 1431.9,
        "tier": "harmony-no-ge-local",
        "prearm_status": "skip",
        "focus_role": "none"
      }
    },
    {
      "type": "Feature",
      "geometry": {
        "type": "Point",
        "coordinates": [
          500714.81837445975,
          6965089.752796069
        ]
      },
      "properties": {
        "junction_id": 36393,
        "veh_id": 11539,
        "sim_time_s": 1433.2,
        "tier": "coord-prearm-harmony/SHOCKWAVE",
        "prearm_status": "fired",
        "focus_role": "none"
      }
    },
    {
      "type": "Feature",
      "geometry": {
        "type": "Point",
        "coordinates": [
          0.0,
          0.0
        ]
      },
      "properties": {
        "junction_id": 36393,
        "veh_id": 11539,
        "sim_time_s": 1433.7,
        "tier": "harmony-ins-local",
        "prearm_status": "action",
        "focus_role": "none"
      }
    },
    {
      "type": "Feature",
      "geometry": {
        "type": "Point",
        "coordinates": [
          500684.0987813321,
          6964756.319799706
        ]
      },
      "properties": {
        "junction_id": 36393,
        "veh_id": 11539,
        "sim_time_s": 1433.7,
        "tier": "coord-prearm-success/SHOCKWAVE",
        "prearm_status": "success",
        "focus_role": "none"
      }
    },
    {
      "type": "Feature",
      "geometry": {
        "type": "Point",
        "coordinates": [
          500652.0125035652,
          6965247.9505379265
        ]
      },
      "properties": {
        "junction_id": 36385,
        "veh_id": 11532,
        "sim_time_s": 1435.5,
        "tier": "track-zone",
        "prearm_status": "",
        "focus_role": "none"
      }
    },
    {
      "type": "Feature",
      "geometry": {
        "type": "Point",
        "coordinates": [
          500673.616128213,
          6964519.312706761
        ]
      },
      "properties": {
        "junction_id": 36393,
        "veh_id": 11576,
        "sim_time_s": 1436.8,
        "tier": "track-zone",
        "prearm_status": "",
        "focus_role": "none"
      }
    },
    {
      "type": "Feature",
      "geometry": {
        "type": "Point",
        "coordinates": [
          500716.15303431626,
          6965084.363763342
        ]
      },
      "properties": {
        "junction_id": 39590,
        "veh_id": 11539,
        "sim_time_s": 1438.7,
        "tier": "coord-prearm-harmony/SHOCKWAVE",
        "prearm_status": "fired",
        "focus_role": "none"
      }
    },
    {
      "type": "Feature",
      "geometry": {
        "type": "Point",
        "coordinates": [
          0.0,
          0.0
        ]
      },
      "properties": {
        "junction_id": 39587,
        "veh_id": 11533,
        "sim_time_s": 1440.9,
        "tier": "harmony-no-ge-local",
        "prearm_status": "skip",
        "focus_role": "none"
      }
    },
    {
      "type": "Feature",
      "geometry": {
        "type": "Point",
        "coordinates": [
          500551.8124009931,
          6965570.669210657
        ]
      },
      "properties": {
        "junction_id": 10157950,
        "veh_id": 11533,
        "sim_time_s": 1442.2,
        "tier": "track-zone",
        "prearm_status": "",
        "focus_role": "none"
      }
    },
    {
      "type": "Feature",
      "geometry": {
        "type": "Point",
        "coordinates": [
          0.0,
          0.0
        ]
      },
      "properties": {
        "junction_id": 39590,
        "veh_id": 11539,
        "sim_time_s": 1444.5,
        "tier": "harmony-ins-local",
        "prearm_status": "action",
        "focus_role": "none"
      }
    },
    {
      "type": "Feature",
      "geometry": {
        "type": "Point",
        "coordinates": [
          500756.5972760396,
          6964319.360583134
        ]
      },
      "properties": {
        "junction_id": 39590,
        "veh_id": 11539,
        "sim_time_s": 1444.5,
        "tier": "coord-prearm-success/SHOCKWAVE",
        "prearm_status": "success",
        "focus_role": "none"
      }
    },
    {
      "type": "Feature",
      "geometry": {
        "type": "Point",
        "coordinates": [
          500512.65613162355,
          6965701.061954949
        ]
      },
      "properties": {
        "junction_id": 39587,
        "veh_id": 11565,
        "sim_time_s": 1447.7,
        "tier": "track-zone",
        "prearm_status": "",
        "focus_role": "none"
      }
    },
    {
      "type": "Feature",
      "geometry": {
        "type": "Point",
        "coordinates": [
          0.0,
          0.0
        ]
      },
      "properties": {
        "junction_id": 36385,
        "veh_id": 11532,
        "sim_time_s": 1450.3,
        "tier": "harmony-no-ge-local",
        "prearm_status": "skip",
        "focus_role": "none"
      }
    },
    {
      "type": "Feature",
      "geometry": {
        "type": "Point",
        "coordinates": [
          500017.73561381485,
          6966618.391315812
        ]
      },
      "properties": {
        "junction_id": 11118289,
        "veh_id": 11575,
        "sim_time_s": 1454.4,
        "tier": "track-zone",
        "prearm_status": "",
        "focus_role": "none"
      }
    },
    {
      "type": "Feature",
      "geometry": {
        "type": "Point",
        "coordinates": [
          500519.2940758689,
          6965646.256833368
        ]
      },
      "properties": {
        "junction_id": 1119660,
        "veh_id": 11565,
        "sim_time_s": 1455.8,
        "tier": "track-zone",
        "prearm_status": "",
        "focus_role": "none"
      }
    },
    {
      "type": "Feature",
      "geometry": {
        "type": "Point",
        "coordinates": [
          500684.2556457092,
          6964779.127606483
        ]
      },
      "properties": {
        "junction_id": 36385,
        "veh_id": 11576,
        "sim_time_s": 1458.5,
        "tier": "track-zone",
        "prearm_status": "",
        "focus_role": "none"
      }
    },
    {
      "type": "Feature",
      "geometry": {
        "type": "Point",
        "coordinates": [
          500696.6445418383,
          6964741.451481279
        ]
      },
      "properties": {
        "junction_id": 36393,
        "veh_id": 11540,
        "sim_time_s": 1458.5,
        "tier": "IC-detect",
        "prearm_status": "",
        "focus_role": "none"
      }
    },
    {
      "type": "Feature",
      "geometry": {
        "type": "Point",
        "coordinates": [
          500010.181810161,
          6966642.291443264
        ]
      },
      "properties": {
        "junction_id": 39572,
        "veh_id": 11575,
        "sim_time_s": 1458.5,
        "tier": "IC-detect",
        "prearm_status": "",
        "focus_role": "none"
      }
    },
    {
      "type": "Feature",
      "geometry": {
        "type": "Point",
        "coordinates": [
          500522.0607480139,
          6965830.40346985
        ]
      },
      "properties": {
        "junction_id": 39576,
        "veh_id": 11557,
        "sim_time_s": 1465.2,
        "tier": "track-zone",
        "prearm_status": "",
        "focus_role": "none"
      }
    },
    {
      "type": "Feature",
      "geometry": {
        "type": "Point",
        "coordinates": [
          0.0,
          0.0
        ]
      },
      "properties": {
        "junction_id": 36385,
        "veh_id": 11576,
        "sim_time_s": 1469.2,
        "tier": "harmony-ins-local",
        "prearm_status": "action",
        "focus_role": "none"
      }
    },
    {
      "type": "Feature",
      "geometry": {
        "type": "Point",
        "coordinates": [
          500697.1719866058,
          6964907.828844481
        ]
      },
      "properties": {
        "junction_id": 39593,
        "veh_id": 11576,
        "sim_time_s": 1472.4,
        "tier": "coord-prearm-harmony/SHOCKWAVE",
        "prearm_status": "fired",
        "focus_role": "none"
      }
    },
    {
      "type": "Feature",
      "geometry": {
        "type": "Point",
        "coordinates": [
          0.0,
          0.0
        ]
      },
      "properties": {
        "junction_id": 39593,
        "veh_id": 11576,
        "sim_time_s": 1476.9,
        "tier": "harmony-ins-local",
        "prearm_status": "action",
        "focus_role": "none"
      }
    },
    {
      "type": "Feature",
      "geometry": {
        "type": "Point",
        "coordinates": [
          500686.73484330135,
          6965177.417928855
        ]
      },
      "properties": {
        "junction_id": 39593,
        "veh_id": 11576,
        "sim_time_s": 1476.9,
        "tier": "coord-prearm-success/SHOCKWAVE",
        "prearm_status": "success",
        "focus_role": "none"
      }
    },
    {
      "type": "Feature",
      "geometry": {
        "type": "Point",
        "coordinates": [
          500568.1618857917,
          6965530.265528312
        ]
      },
      "properties": {
        "junction_id": 1119660,
        "veh_id": 11533,
        "sim_time_s": 1477.3,
        "tier": "track-zone",
        "prearm_status": "",
        "focus_role": "none"
      }
    },
    {
      "type": "Feature",
      "geometry": {
        "type": "Point",
        "coordinates": [
          500728.975991474,
          6964997.923899519
        ]
      },
      "properties": {
        "junction_id": 36393,
        "veh_id": 11532,
        "sim_time_s": 1481.4,
        "tier": "track-zone",
        "prearm_status": "",
        "focus_role": "none"
      }
    },
    {
      "type": "Feature",
      "geometry": {
        "type": "Point",
        "coordinates": [
          500451.834234963,
          6965695.67942909
        ]
      },
      "properties": {
        "junction_id": 39576,
        "veh_id": 11546,
        "sim_time_s": 1481.8,
        "tier": "IC-detect",
        "prearm_status": "",
        "focus_role": "none"
      }
    },
    {
      "type": "Feature",
      "geometry": {
        "type": "Point",
        "coordinates": [
          499962.5349547255,
          6967081.263574702
        ]
      },
      "properties": {
        "junction_id": 38339,
        "veh_id": 11566,
        "sim_time_s": 1484.1,
        "tier": "IC-detect",
        "prearm_status": "",
        "focus_role": "none"
      }
    },
    {
      "type": "Feature",
      "geometry": {
        "type": "Point",
        "coordinates": [
          500543.2431511813,
          6965589.165461051
        ]
      },
      "properties": {
        "junction_id": 39576,
        "veh_id": 11565,
        "sim_time_s": 1484.5,
        "tier": "IC-detect-far",
        "prearm_status": "",
        "focus_role": "none"
      }
    },
    {
      "type": "Feature",
      "geometry": {
        "type": "Point",
        "coordinates": [
          0.0,
          0.0
        ]
      },
      "properties": {
        "junction_id": 39587,
        "veh_id": 11565,
        "sim_time_s": 1494.9,
        "tier": "harmony-ins-local",
        "prearm_status": "action",
        "focus_role": "none"
      }
    },
    {
      "type": "Feature",
      "geometry": {
        "type": "Point",
        "coordinates": [
          499961.51449456956,
          6966952.123797804
        ]
      },
      "properties": {
        "junction_id": 39568,
        "veh_id": 11566,
        "sim_time_s": 1497.6,
        "tier": "track-zone",
        "prearm_status": "",
        "focus_role": "none"
      }
    },
    {
      "type": "Feature",
      "geometry": {
        "type": "Point",
        "coordinates": [
          499966.3547433309,
          6966891.186471906
        ]
      },
      "properties": {
        "junction_id": 39572,
        "veh_id": 11566,
        "sim_time_s": 1504.3,
        "tier": "track-zone",
        "prearm_status": "",
        "focus_role": "none"
      }
    },
    {
      "type": "Feature",
      "geometry": {
        "type": "Point",
        "coordinates": [
          0.0,
          0.0
        ]
      },
      "properties": {
        "junction_id": 39590,
        "veh_id": 11540,
        "sim_time_s": 1504.8,
        "tier": "harmony-ins-local",
        "prearm_status": "action",
        "focus_role": "none"
      }
    },
    {
      "type": "Feature",
      "geometry": {
        "type": "Point",
        "coordinates": [
          500731.14707890176,
          6964407.29353767
        ]
      },
      "properties": {
        "junction_id": 39606,
        "veh_id": 11540,
        "sim_time_s": 1508.4,
        "tier": "track-zone",
        "prearm_status": "",
        "focus_role": "none"
      }
    },
    {
      "type": "Feature",
      "geometry": {
        "type": "Point",
        "coordinates": [
          500715.9390739529,
          6964985.031705542
        ]
      },
      "properties": {
        "junction_id": 39593,
        "veh_id": 11529,
        "sim_time_s": 1509.8,
        "tier": "track-zone",
        "prearm_status": "",
        "focus_role": "none"
      }
    },
    {
      "type": "Feature",
      "geometry": {
        "type": "Point",
        "coordinates": [
          500737.7118921133,
          6964390.6717037475
        ]
      },
      "properties": {
        "junction_id": 39606,
        "veh_id": 11540,
        "sim_time_s": 1510.7,
        "tier": "coord-prearm-harmony/SHOCKWAVE",
        "prearm_status": "fired",
        "focus_role": "none"
      }
    },
    {
      "type": "Feature",
      "geometry": {
        "type": "Point",
        "coordinates": [
          0.0,
          0.0
        ]
      },
      "properties": {
        "junction_id": 39606,
        "veh_id": 11540,
        "sim_time_s": 1511.1,
        "tier": "harmony-no-ge-local",
        "prearm_status": "skip",
        "focus_role": "none"
      }
    },
    {
      "type": "Feature",
      "geometry": {
        "type": "Point",
        "coordinates": [
          500851.8606898629,
          6964194.216881554
        ]
      },
      "properties": {
        "junction_id": 39606,
        "veh_id": 11540,
        "sim_time_s": 1511.1,
        "tier": "coord-prearm-success/SHOCKWAVE",
        "prearm_status": "success",
        "focus_role": "none"
      }
    },
    {
      "type": "Feature",
      "geometry": {
        "type": "Point",
        "coordinates": [
          500715.9390739529,
          6964985.031705542
        ]
      },
      "properties": {
        "junction_id": 36385,
        "veh_id": 11529,
        "sim_time_s": 1513.8,
        "tier": "IC-detect",
        "prearm_status": "",
        "focus_role": "none"
      }
    },
    {
      "type": "Feature",
      "geometry": {
        "type": "Point",
        "coordinates": [
          0.0,
          0.0
        ]
      },
      "properties": {
        "junction_id": 36393,
        "veh_id": 11532,
        "sim_time_s": 1515.2,
        "tier": "harmony-ge-local",
        "prearm_status": "action",
        "focus_role": "none"
      }
    },
    {
      "type": "Feature",
      "geometry": {
        "type": "Point",
        "coordinates": [
          500710.77918995364,
          6964887.089430599
        ]
      },
      "properties": {
        "junction_id": 39590,
        "veh_id": 11532,
        "sim_time_s": 1518.3,
        "tier": "coord-prearm-harmony/SHOCKWAVE",
        "prearm_status": "fired",
        "focus_role": "none"
      }
    },
    {
      "type": "Feature",
      "geometry": {
        "type": "Point",
        "coordinates": [
          0.0,
          0.0
        ]
      },
      "properties": {
        "junction_id": 39576,
        "veh_id": 11557,
        "sim_time_s": 1523.2,
        "tier": "harmony-ins-local",
        "prearm_status": "action",
        "focus_role": "none"
      }
    },
    {
      "type": "Feature",
      "geometry": {
        "type": "Point",
        "coordinates": [
          499963.7365514077,
          6966761.6089270115
        ]
      },
      "properties": {
        "junction_id": 39568,
        "veh_id": 11575,
        "sim_time_s": 1527.3,
        "tier": "track-zone",
        "prearm_status": "",
        "focus_role": "none"
      }
    },
    {
      "type": "Feature",
      "geometry": {
        "type": "Point",
        "coordinates": [
          500551.98324262764,
          6965570.196847616
        ]
      },
      "properties": {
        "junction_id": 10157950,
        "veh_id": 11565,
        "sim_time_s": 1530.0,
        "tier": "track-zone",
        "prearm_status": "",
        "focus_role": "none"
      }
    },
    {
      "type": "Feature",
      "geometry": {
        "type": "Point",
        "coordinates": [
          500472.4487286026,
          6965699.704574588
        ]
      },
      "properties": {
        "junction_id": 39578,
        "veh_id": 11546,
        "sim_time_s": 1531.3,
        "tier": "track-zone",
        "prearm_status": "",
        "focus_role": "none"
      }
    },
    {
      "type": "Feature",
      "geometry": {
        "type": "Point",
        "coordinates": [
          499961.0102906502,
          6966778.285384345
        ]
      },
      "properties": {
        "junction_id": 38339,
        "veh_id": 11575,
        "sim_time_s": 1532.7,
        "tier": "track-zone",
        "prearm_status": "",
        "focus_role": "none"
      }
    },
    {
      "type": "Feature",
      "geometry": {
        "type": "Point",
        "coordinates": [
          499970.27544222213,
          6966805.734529637
        ]
      },
      "properties": {
        "junction_id": 11118289,
        "veh_id": 11566,
        "sim_time_s": 1538.1,
        "tier": "track-zone",
        "prearm_status": "",
        "focus_role": "none"
      }
    },
    {
      "type": "Feature",
      "geometry": {
        "type": "Point",
        "coordinates": [
          500194.4909337783,
          6965100.592864177
        ]
      },
      "properties": {
        "junction_id": 39593,
        "veh_id": 11550,
        "sim_time_s": 1544.0,
        "tier": "IC-detect",
        "prearm_status": "",
        "focus_role": "none"
      }
    },
    {
      "type": "Feature",
      "geometry": {
        "type": "Point",
        "coordinates": [
          0.0,
          0.0
        ]
      },
      "properties": {
        "junction_id": 38339,
        "veh_id": 11575,
        "sim_time_s": 1544.8,
        "tier": "harmony-no-ge-local",
        "prearm_status": "skip",
        "focus_role": "none"
      }
    },
    {
      "type": "Feature",
      "geometry": {
        "type": "Point",
        "coordinates": [
          500715.9390739529,
          6964985.031705542
        ]
      },
      "properties": {
        "junction_id": 36393,
        "veh_id": 11529,
        "sim_time_s": 1548.9,
        "tier": "track-zone",
        "prearm_status": "",
        "focus_role": "none"
      }
    },
    {
      "type": "Feature",
      "geometry": {
        "type": "Point",
        "coordinates": [
          500296.7963361917,
          6965084.328571196
        ]
      },
      "properties": {
        "junction_id": 36385,
        "veh_id": 11550,
        "sim_time_s": 1551.6,
        "tier": "IC-detect",
        "prearm_status": "",
        "focus_role": "none"
      }
    },
    {
      "type": "Feature",
      "geometry": {
        "type": "Point",
        "coordinates": [
          500699.03953769867,
          6964808.474695425
        ]
      },
      "properties": {
        "junction_id": 36393,
        "veh_id": 11539,
        "sim_time_s": 1553.8,
        "tier": "IC-detect",
        "prearm_status": "",
        "focus_role": "none"
      }
    },
    {
      "type": "Feature",
      "geometry": {
        "type": "Point",
        "coordinates": [
          500584.62340193806,
          6965484.371819925
        ]
      },
      "properties": {
        "junction_id": 39576,
        "veh_id": 11533,
        "sim_time_s": 1554.3,
        "tier": "track-zone",
        "prearm_status": "",
        "focus_role": "none"
      }
    },
    {
      "type": "Feature",
      "geometry": {
        "type": "Point",
        "coordinates": [
          0.0,
          0.0
        ]
      },
      "properties": {
        "junction_id": 39593,
        "veh_id": 11550,
        "sim_time_s": 1556.5,
        "tier": "harmony-no-ge-local",
        "prearm_status": "skip",
        "focus_role": "none"
      }
    },
    {
      "type": "Feature",
      "geometry": {
        "type": "Point",
        "coordinates": [
          0.0,
          0.0
        ]
      },
      "properties": {
        "junction_id": 36385,
        "veh_id": 11550,
        "sim_time_s": 1557.5,
        "tier": "harmony-ins-local",
        "prearm_status": "action",
        "focus_role": "none"
      }
    },
    {
      "type": "Feature",
      "geometry": {
        "type": "Point",
        "coordinates": [
          500707.02251623716,
          6965003.643900818
        ]
      },
      "properties": {
        "junction_id": 36393,
        "veh_id": 11576,
        "sim_time_s": 1558.3,
        "tier": "track-zone",
        "prearm_status": "",
        "focus_role": "none"
      }
    },
    {
      "type": "Feature",
      "geometry": {
        "type": "Point",
        "coordinates": [
          500584.62340193806,
          6965484.371819925
        ]
      },
      "properties": {
        "junction_id": 39587,
        "veh_id": 11533,
        "sim_time_s": 1561.0,
        "tier": "IC-detect",
        "prearm_status": "",
        "focus_role": "none"
      }
    },
    {
      "type": "Feature",
      "geometry": {
        "type": "Point",
        "coordinates": [
          500584.62340193806,
          6965484.371819925
        ]
      },
      "properties": {
        "junction_id": 10157950,
        "veh_id": 11533,
        "sim_time_s": 1563.8,
        "tier": "track-zone",
        "prearm_status": "",
        "focus_role": "none"
      }
    },
    {
      "type": "Feature",
      "geometry": {
        "type": "Point",
        "coordinates": [
          0.0,
          0.0
        ]
      },
      "properties": {
        "junction_id": 39572,
        "veh_id": 11566,
        "sim_time_s": 1565.1,
        "tier": "harmony-no-ge-local",
        "prearm_status": "skip",
        "focus_role": "none"
      }
    },
    {
      "type": "Feature",
      "geometry": {
        "type": "Point",
        "coordinates": [
          500012.1894866507,
          6966668.972885231
        ]
      },
      "properties": {
        "junction_id": 39569,
        "veh_id": 11566,
        "sim_time_s": 1567.8,
        "tier": "track-zone",
        "prearm_status": "",
        "focus_role": "none"
      }
    },
    {
      "type": "Feature",
      "geometry": {
        "type": "Point",
        "coordinates": [
          500682.4283105015,
          6965106.051496353
        ]
      },
      "properties": {
        "junction_id": 10157950,
        "veh_id": 11576,
        "sim_time_s": 1569.2,
        "tier": "track-zone",
        "prearm_status": "",
        "focus_role": "none"
      }
    },
    {
      "type": "Feature",
      "geometry": {
        "type": "Point",
        "coordinates": [
          500660.7260490552,
          6965184.625122249
        ]
      },
      "properties": {
        "junction_id": 1119660,
        "veh_id": 11576,
        "sim_time_s": 1574.5,
        "tier": "track-zone",
        "prearm_status": "",
        "focus_role": "none"
      }
    },
    {
      "type": "Feature",
      "geometry": {
        "type": "Point",
        "coordinates": [
          499943.2775188199,
          6966976.793780683
        ]
      },
      "properties": {
        "junction_id": 11118289,
        "veh_id": 11575,
        "sim_time_s": 1575.9,
        "tier": "track-zone",
        "prearm_status": "",
        "focus_role": "none"
      }
    },
    {
      "type": "Feature",
      "geometry": {
        "type": "Point",
        "coordinates": [
          500567.018420658,
          6965533.327526682
        ]
      },
      "properties": {
        "junction_id": 1119660,
        "veh_id": 11565,
        "sim_time_s": 1577.2,
        "tier": "track-zone",
        "prearm_status": "",
        "focus_role": "none"
      }
    },
    {
      "type": "Feature",
      "geometry": {
        "type": "Point",
        "coordinates": [
          500636.0115371795,
          6965240.683386899
        ]
      },
      "properties": {
        "junction_id": 39587,
        "veh_id": 11576,
        "sim_time_s": 1578.6,
        "tier": "track-zone",
        "prearm_status": "",
        "focus_role": "none"
      }
    },
    {
      "type": "Feature",
      "geometry": {
        "type": "Point",
        "coordinates": [
          500689.48996088497,
          6964554.9189122785
        ]
      },
      "properties": {
        "junction_id": 39590,
        "veh_id": 11539,
        "sim_time_s": 1590.8,
        "tier": "track-zone",
        "prearm_status": "",
        "focus_role": "none"
      }
    },
    {
      "type": "Feature",
      "geometry": {
        "type": "Point",
        "coordinates": [
          500571.7211771071,
          6965044.353641823
        ]
      },
      "properties": {
        "junction_id": 36393,
        "veh_id": 11550,
        "sim_time_s": 1593.9,
        "tier": "coord-prearm-harmony/SHOCKWAVE",
        "prearm_status": "fired",
        "focus_role": "none"
      }
    },
    {
      "type": "Feature",
      "geometry": {
        "type": "Point",
        "coordinates": [
          500590.6949022925,
          6965466.445571061
        ]
      },
      "properties": {
        "junction_id": 1119660,
        "veh_id": 11533,
        "sim_time_s": 1598.8,
        "tier": "track-zone",
        "prearm_status": "",
        "focus_role": "none"
      }
    },
    {
      "type": "Feature",
      "geometry": {
        "type": "Point",
        "coordinates": [
          500473.87461554265,
          6965699.986735199
        ]
      },
      "properties": {
        "junction_id": 39576,
        "veh_id": 11546,
        "sim_time_s": 1602.0,
        "tier": "IC-detect",
        "prearm_status": "",
        "focus_role": "none"
      }
    },
    {
      "type": "Feature",
      "geometry": {
        "type": "Point",
        "coordinates": [
          500612.0378219496,
          6965398.156268699
        ]
      },
      "properties": {
        "junction_id": 39593,
        "veh_id": 11533,
        "sim_time_s": 1604.2,
        "tier": "track-zone",
        "prearm_status": "",
        "focus_role": "none"
      }
    },
    {
      "type": "Feature",
      "geometry": {
        "type": "Point",
        "coordinates": [
          0.0,
          0.0
        ]
      },
      "properties": {
        "junction_id": 36393,
        "veh_id": 11550,
        "sim_time_s": 1605.2,
        "tier": "harmony-no-ge-local",
        "prearm_status": "skip",
        "focus_role": "none"
      }
    },
    {
      "type": "Feature",
      "geometry": {
        "type": "Point",
        "coordinates": [
          500684.0987813321,
          6964756.319799706
        ]
      },
      "properties": {
        "junction_id": 36393,
        "veh_id": 11550,
        "sim_time_s": 1605.2,
        "tier": "coord-prearm-success/SHOCKWAVE",
        "prearm_status": "success",
        "focus_role": "none"
      }
    },
    {
      "type": "Feature",
      "geometry": {
        "type": "Point",
        "coordinates": [
          0.0,
          0.0
        ]
      },
      "properties": {
        "junction_id": 39576,
        "veh_id": 11546,
        "sim_time_s": 1607.0,
        "tier": "harmony-ins-local",
        "prearm_status": "action",
        "focus_role": "none"
      }
    },
    {
      "type": "Feature",
      "geometry": {
        "type": "Point",
        "coordinates": [
          500649.39160108473,
          6965028.868061876
        ]
      },
      "properties": {
        "junction_id": 39590,
        "veh_id": 11550,
        "sim_time_s": 1610.1,
        "tier": "coord-prearm-harmony/SHOCKWAVE",
        "prearm_status": "fired",
        "focus_role": "none"
      }
    },
    {
      "type": "Feature",
      "geometry": {
        "type": "Point",
        "coordinates": [
          0.0,
          0.0
        ]
      },
      "properties": {
        "junction_id": 39590,
        "veh_id": 11550,
        "sim_time_s": 1610.5,
        "tier": "harmony-ins-local",
        "prearm_status": "action",
        "focus_role": "none"
      }
    },
    {
      "type": "Feature",
      "geometry": {
        "type": "Point",
        "coordinates": [
          500756.5972760396,
          6964319.360583134
        ]
      },
      "properties": {
        "junction_id": 39590,
        "veh_id": 11550,
        "sim_time_s": 1610.5,
        "tier": "coord-prearm-success/SHOCKWAVE",
        "prearm_status": "success",
        "focus_role": "none"
      }
    },
    {
      "type": "Feature",
      "geometry": {
        "type": "Point",
        "coordinates": [
          500756.5972760396,
          6964319.360583134
        ]
      },
      "properties": {
        "junction_id": 39590,
        "veh_id": 11532,
        "sim_time_s": 1611.9,
        "tier": "coord-prearm-missed/SHOCKWAVE",
        "prearm_status": "missed",
        "focus_role": "none"
      }
    },
    {
      "type": "Feature",
      "geometry": {
        "type": "Point",
        "coordinates": [
          500648.419806334,
          6965256.444262147
        ]
      },
      "properties": {
        "junction_id": 36385,
        "veh_id": 11533,
        "sim_time_s": 1613.7,
        "tier": "track-zone",
        "prearm_status": "",
        "focus_role": "none"
      }
    },
    {
      "type": "Feature",
      "geometry": {
        "type": "Point",
        "coordinates": [
          0.0,
          0.0
        ]
      },
      "properties": {
        "junction_id": 39593,
        "veh_id": 11533,
        "sim_time_s": 1613.7,
        "tier": "harmony-ge-local",
        "prearm_status": "action",
        "focus_role": "none"
      }
    },
    {
      "type": "Feature",
      "geometry": {
        "type": "Point",
        "coordinates": [
          500584.7856012682,
          6965483.793704978
        ]
      },
      "properties": {
        "junction_id": 39587,
        "veh_id": 11565,
        "sim_time_s": 1615.0,
        "tier": "IC-detect",
        "prearm_status": "",
        "focus_role": "none"
      }
    },
    {
      "type": "Feature",
      "geometry": {
        "type": "Point",
        "coordinates": [
          0.0,
          0.0
        ]
      },
      "properties": {
        "junction_id": 39587,
        "veh_id": 11576,
        "sim_time_s": 1615.0,
        "tier": "harmony-ins-local",
        "prearm_status": "action",
        "focus_role": "none"
      }
    },
    {
      "type": "Feature",
      "geometry": {
        "type": "Point",
        "coordinates": [
          500572.53711642,
          6965459.301279378
        ]
      },
      "properties": {
        "junction_id": 39576,
        "veh_id": 11576,
        "sim_time_s": 1617.8,
        "tier": "track-zone",
        "prearm_status": "",
        "focus_role": "none"
      }
    },
    {
      "type": "Feature",
      "geometry": {
        "type": "Point",
        "coordinates": [
          500058.72663740674,
          6966556.539618527
        ]
      },
      "properties": {
        "junction_id": 39568,
        "veh_id": 11566,
        "sim_time_s": 1619.1,
        "tier": "track-zone",
        "prearm_status": "",
        "focus_role": "none"
      }
    },
    {
      "type": "Feature",
      "geometry": {
        "type": "Point",
        "coordinates": [
          500512.25309929333,
          6965717.756297699
        ]
      },
      "properties": {
        "junction_id": 39578,
        "veh_id": 11557,
        "sim_time_s": 1621.8,
        "tier": "track-zone",
        "prearm_status": "",
        "focus_role": "none"
      }
    },
    {
      "type": "Feature",
      "geometry": {
        "type": "Point",
        "coordinates": [
          500607.83300080436,
          6965402.390518492
        ]
      },
      "properties": {
        "junction_id": 39593,
        "veh_id": 11565,
        "sim_time_s": 1621.8,
        "tier": "track-zone",
        "prearm_status": "",
        "focus_role": "none"
      }
    },
    {
      "type": "Feature",
      "geometry": {
        "type": "Point",
        "coordinates": [
          0.0,
          0.0
        ]
      },
      "properties": {
        "junction_id": 39569,
        "veh_id": 11566,
        "sim_time_s": 1621.8,
        "tier": "harmony-ins-local",
        "prearm_status": "action",
        "focus_role": "none"
      }
    },
    {
      "type": "Feature",
      "geometry": {
        "type": "Point",
        "coordinates": [
          500716.09990583354,
          6964989.540725523
        ]
      },
      "properties": {
        "junction_id": 39593,
        "veh_id": 11529,
        "sim_time_s": 1631.2,
        "tier": "track-zone",
        "prearm_status": "",
        "focus_role": "none"
      }
    },
    {
      "type": "Feature",
      "geometry": {
        "type": "Point",
        "coordinates": [
          500646.53028482513,
          6965253.14153847
        ]
      },
      "properties": {
        "junction_id": 36385,
        "veh_id": 11565,
        "sim_time_s": 1631.2,
        "tier": "track-zone",
        "prearm_status": "",
        "focus_role": "none"
      }
    },
    {
      "type": "Feature",
      "geometry": {
        "type": "Point",
        "coordinates": [
          500135.08656138275,
          6966431.421829668
        ]
      },
      "properties": {
        "junction_id": 1043762,
        "veh_id": 11566,
        "sim_time_s": 1631.2,
        "tier": "track-zone",
        "prearm_status": "",
        "focus_role": "none"
      }
    },
    {
      "type": "Feature",
      "geometry": {
        "type": "Point",
        "coordinates": [
          500946.67059142044,
          6964250.006977621
        ]
      },
      "properties": {
        "junction_id": 39606,
        "veh_id": 11540,
        "sim_time_s": 1631.2,
        "tier": "IC-detect",
        "prearm_status": "",
        "focus_role": "none"
      }
    },
    {
      "type": "Feature",
      "geometry": {
        "type": "Point",
        "coordinates": [
          500716.09990583354,
          6964989.540725523
        ]
      },
      "properties": {
        "junction_id": 36385,
        "veh_id": 11529,
        "sim_time_s": 1634.0,
        "tier": "IC-detect",
        "prearm_status": "",
        "focus_role": "none"
      }
    },
    {
      "type": "Feature",
      "geometry": {
        "type": "Point",
        "coordinates": [
          0.0,
          0.0
        ]
      },
      "properties": {
        "junction_id": 1043762,
        "veh_id": 11566,
        "sim_time_s": 1638.0,
        "tier": "harmony-no-ge-local",
        "prearm_status": "skip",
        "focus_role": "none"
      }
    },
    {
      "type": "Feature",
      "geometry": {
        "type": "Point",
        "coordinates": [
          500512.25309929333,
          6965717.756297699
        ]
      },
      "properties": {
        "junction_id": 39576,
        "veh_id": 11557,
        "sim_time_s": 1643.4,
        "tier": "IC-detect",
        "prearm_status": "",
        "focus_role": "none"
      }
    },
    {
      "type": "Feature",
      "geometry": {
        "type": "Point",
        "coordinates": [
          0.0,
          0.0
        ]
      },
      "properties": {
        "junction_id": 36385,
        "veh_id": 11565,
        "sim_time_s": 1647.5,
        "tier": "harmony-no-ge-local",
        "prearm_status": "skip",
        "focus_role": "none"
      }
    },
    {
      "type": "Feature",
      "geometry": {
        "type": "Point",
        "coordinates": [
          500512.66990930296,
          6965701.06293103
        ]
      },
      "properties": {
        "junction_id": 39587,
        "veh_id": 11557,
        "sim_time_s": 1648.8,
        "tier": "track-zone",
        "prearm_status": "",
        "focus_role": "none"
      }
    },
    {
      "type": "Feature",
      "geometry": {
        "type": "Point",
        "coordinates": [
          500482.3576200552,
          6965701.665388445
        ]
      },
      "properties": {
        "junction_id": 39578,
        "veh_id": 11546,
        "sim_time_s": 1652.8,
        "tier": "track-zone",
        "prearm_status": "",
        "focus_role": "none"
      }
    },
    {
      "type": "Feature",
      "geometry": {
        "type": "Point",
        "coordinates": [
          500731.5732790757,
          6964405.705667873
        ]
      },
      "properties": {
        "junction_id": 39606,
        "veh_id": 11532,
        "sim_time_s": 1654.2,
        "tier": "track-zone",
        "prearm_status": "",
        "focus_role": "none"
      }
    },
    {
      "type": "Feature",
      "geometry": {
        "type": "Point",
        "coordinates": [
          500519.6253542515,
          6965645.273768671
        ]
      },
      "properties": {
        "junction_id": 1119660,
        "veh_id": 11557,
        "sim_time_s": 1655.5,
        "tier": "track-zone",
        "prearm_status": "",
        "focus_role": "none"
      }
    },
    {
      "type": "Feature",
      "geometry": {
        "type": "Point",
        "coordinates": [
          500350.19807372475,
          6966098.538875513
        ]
      },
      "properties": {
        "junction_id": 39578,
        "veh_id": 11566,
        "sim_time_s": 1659.6,
        "tier": "track-section",
        "prearm_status": "",
        "focus_role": "none"
      }
    },
    {
      "type": "Feature",
      "geometry": {
        "type": "Point",
        "coordinates": [
          500491.9777819932,
          6965696.265228735
        ]
      },
      "properties": {
        "junction_id": 39578,
        "veh_id": 11576,
        "sim_time_s": 1661.0,
        "tier": "track-zone",
        "prearm_status": "",
        "focus_role": "none"
      }
    },
    {
      "type": "Feature",
      "geometry": {
        "type": "Point",
        "coordinates": [
          499985.2470289727,
          6967313.202568224
        ]
      },
      "properties": {
        "junction_id": 38339,
        "veh_id": 11575,
        "sim_time_s": 1665.0,
        "tier": "IC-detect-far",
        "prearm_status": "",
        "focus_role": "none"
      }
    },
    {
      "type": "Feature",
      "geometry": {
        "type": "Point",
        "coordinates": [
          500729.9162273975,
          6964410.192729006
        ]
      },
      "properties": {
        "junction_id": 39606,
        "veh_id": 11539,
        "sim_time_s": 1666.3,
        "tier": "track-zone",
        "prearm_status": "",
        "focus_role": "none"
      }
    },
    {
      "type": "Feature",
      "geometry": {
        "type": "Point",
        "coordinates": [
          0.0,
          0.0
        ]
      },
      "properties": {
        "junction_id": 39576,
        "veh_id": 11576,
        "sim_time_s": 1667.2,
        "tier": "harmony-ge-local",
        "prearm_status": "action",
        "focus_role": "none"
      }
    },
    {
      "type": "Feature",
      "geometry": {
        "type": "Point",
        "coordinates": [
          500715.8177247822,
          6965004.015622436
        ]
      },
      "properties": {
        "junction_id": 36393,
        "veh_id": 11529,
        "sim_time_s": 1670.4,
        "tier": "track-zone",
        "prearm_status": "",
        "focus_role": "none"
      }
    },
    {
      "type": "Feature",
      "geometry": {
        "type": "Point",
        "coordinates": [
          0.0,
          0.0
        ]
      },
      "properties": {
        "junction_id": 39590,
        "veh_id": 11532,
        "sim_time_s": 1674.5,
        "tier": "harmony-ins-local",
        "prearm_status": "action",
        "focus_role": "none"
      }
    },
    {
      "type": "Feature",
      "geometry": {
        "type": "Point",
        "coordinates": [
          500693.80808735837,
          6965025.978396263
        ]
      },
      "properties": {
        "junction_id": 36385,
        "veh_id": 11550,
        "sim_time_s": 1677.6,
        "tier": "IC-detect",
        "prearm_status": "",
        "focus_role": "none"
      }
    },
    {
      "type": "Feature",
      "geometry": {
        "type": "Point",
        "coordinates": [
          0.0,
          0.0
        ]
      },
      "properties": {
        "junction_id": 39593,
        "veh_id": 11565,
        "sim_time_s": 1678.0,
        "tier": "harmony-ins-local",
        "prearm_status": "action",
        "focus_role": "none"
      }
    },
    {
      "type": "Feature",
      "geometry": {
        "type": "Point",
        "coordinates": [
          500923.2806774691,
          6965247.98691354
        ]
      },
      "properties": {
        "junction_id": 39593,
        "veh_id": 11561,
        "sim_time_s": 1681.7,
        "tier": "IC-detect",
        "prearm_status": "",
        "focus_role": "none"
      }
    },
    {
      "type": "Feature",
      "geometry": {
        "type": "Point",
        "coordinates": [
          0.0,
          0.0
        ]
      },
      "properties": {
        "junction_id": 39587,
        "veh_id": 11557,
        "sim_time_s": 1686.6,
        "tier": "harmony-no-ge-local",
        "prearm_status": "skip",
        "focus_role": "none"
      }
    },
    {
      "type": "Feature",
      "geometry": {
        "type": "Point",
        "coordinates": [
          500853.7130061876,
          6965222.168428508
        ]
      },
      "properties": {
        "junction_id": 36385,
        "veh_id": 11561,
        "sim_time_s": 1689.3,
        "tier": "track-zone",
        "prearm_status": "",
        "focus_role": "none"
      }
    },
    {
      "type": "Feature",
      "geometry": {
        "type": "Point",
        "coordinates": [
          500729.0001094453,
          6964996.311795164
        ]
      },
      "properties": {
        "junction_id": 36393,
        "veh_id": 11565,
        "sim_time_s": 1692.0,
        "tier": "track-zone",
        "prearm_status": "",
        "focus_role": "none"
      }
    },
    {
      "type": "Feature",
      "geometry": {
        "type": "Point",
        "coordinates": [
          499517.39046187786,
          6966652.513049488
        ]
      },
      "properties": {
        "junction_id": 39572,
        "veh_id": 11534,
        "sim_time_s": 1692.9,
        "tier": "IC-detect",
        "prearm_status": "",
        "focus_role": "none"
      }
    },
    {
      "type": "Feature",
      "geometry": {
        "type": "Point",
        "coordinates": [
          0.0,
          0.0
        ]
      },
      "properties": {
        "junction_id": 39578,
        "veh_id": 11576,
        "sim_time_s": 1693.3,
        "tier": "harmony-ins-local",
        "prearm_status": "action",
        "focus_role": "none"
      }
    },
    {
      "type": "Feature",
      "geometry": {
        "type": "Point",
        "coordinates": [
          500728.9629280684,
          6964990.982245109
        ]
      },
      "properties": {
        "junction_id": 36393,
        "veh_id": 11533,
        "sim_time_s": 1696.0,
        "tier": "track-zone",
        "prearm_status": "",
        "focus_role": "none"
      }
    },
    {
      "type": "Feature",
      "geometry": {
        "type": "Point",
        "coordinates": [
          0.0,
          0.0
        ]
      },
      "properties": {
        "junction_id": 39606,
        "veh_id": 11532,
        "sim_time_s": 1697.4,
        "tier": "harmony-no-ge-local",
        "prearm_status": "skip",
        "focus_role": "none"
      }
    },
    {
      "type": "Feature",
      "geometry": {
        "type": "Point",
        "coordinates": [
          0.0,
          0.0
        ]
      },
      "properties": {
        "junction_id": 36385,
        "veh_id": 11529,
        "sim_time_s": 1698.8,
        "tier": "harmony-ins-local",
        "prearm_status": "action",
        "focus_role": "none"
      }
    },
    {
      "type": "Feature",
      "geometry": {
        "type": "Point",
        "coordinates": [
          0.0,
          0.0
        ]
      },
      "properties": {
        "junction_id": 36393,
        "veh_id": 11565,
        "sim_time_s": 1702.8,
        "tier": "harmony-no-ge-local",
        "prearm_status": "skip",
        "focus_role": "none"
      }
    },
    {
      "type": "Feature",
      "geometry": {
        "type": "Point",
        "coordinates": [
          0.0,
          0.0
        ]
      },
      "properties": {
        "junction_id": 39572,
        "veh_id": 11534,
        "sim_time_s": 1703.2,
        "tier": "harmony-no-ge-local",
        "prearm_status": "skip",
        "focus_role": "none"
      }
    },
    {
      "type": "Feature",
      "geometry": {
        "type": "Point",
        "coordinates": [
          500710.1891659853,
          6964884.454126752
        ]
      },
      "properties": {
        "junction_id": 39590,
        "veh_id": 11565,
        "sim_time_s": 1705.0,
        "tier": "coord-prearm-harmony/SHOCKWAVE",
        "prearm_status": "fired",
        "focus_role": "none"
      }
    },
    {
      "type": "Feature",
      "geometry": {
        "type": "Point",
        "coordinates": [
          499765.74018803757,
          6966602.643993888
        ]
      },
      "properties": {
        "junction_id": 39568,
        "veh_id": 11534,
        "sim_time_s": 1708.2,
        "tier": "track-zone",
        "prearm_status": "",
        "focus_role": "none"
      }
    },
    {
      "type": "Feature",
      "geometry": {
        "type": "Point",
        "coordinates": [
          0.0,
          0.0
        ]
      },
      "properties": {
        "junction_id": 39606,
        "veh_id": 11539,
        "sim_time_s": 1710.9,
        "tier": "harmony-no-ge-local",
        "prearm_status": "skip",
        "focus_role": "none"
      }
    },
    {
      "type": "Feature",
      "geometry": {
        "type": "Point",
        "coordinates": [
          500799.50579319976,
          6964261.99677538
        ]
      },
      "properties": {
        "junction_id": 39590,
        "veh_id": 11539,
        "sim_time_s": 1710.9,
        "tier": "IC-detect",
        "prearm_status": "",
        "focus_role": "none"
      }
    },
    {
      "type": "Feature",
      "geometry": {
        "type": "Point",
        "coordinates": [
          500393.0346100253,
          6966044.044973875
        ]
      },
      "properties": {
        "junction_id": 1043762,
        "veh_id": 11576,
        "sim_time_s": 1713.6,
        "tier": "track-zone",
        "prearm_status": "",
        "focus_role": "none"
      }
    },
    {
      "type": "Feature",
      "geometry": {
        "type": "Point",
        "coordinates": [
          0.0,
          0.0
        ]
      },
      "properties": {
        "junction_id": 1043762,
        "veh_id": 11576,
        "sim_time_s": 1715.0,
        "tier": "harmony-ge-local",
        "prearm_status": "action",
        "focus_role": "none"
      }
    },
    {
      "type": "Feature",
      "geometry": {
        "type": "Point",
        "coordinates": [
          499878.06130109215,
          6966548.98006379
        ]
      },
      "properties": {
        "junction_id": 39569,
        "veh_id": 11534,
        "sim_time_s": 1716.3,
        "tier": "track-zone",
        "prearm_status": "",
        "focus_role": "none"
      }
    },
    {
      "type": "Feature",
      "geometry": {
        "type": "Point",
        "coordinates": [
          500365.9507418901,
          6966071.423941651
        ]
      },
      "properties": {
        "junction_id": 39569,
        "veh_id": 11576,
        "sim_time_s": 1717.2,
        "tier": "coord-prearm-harmony/SHOCKWAVE",
        "prearm_status": "fired",
        "focus_role": "none"
      }
    },
    {
      "type": "Feature",
      "geometry": {
        "type": "Point",
        "coordinates": [
          0.0,
          0.0
        ]
      },
      "properties": {
        "junction_id": 39569,
        "veh_id": 11576,
        "sim_time_s": 1717.7,
        "tier": "harmony-ins-local",
        "prearm_status": "action",
        "focus_role": "none"
      }
    },
    {
      "type": "Feature",
      "geometry": {
        "type": "Point",
        "coordinates": [
          500105.32496907446,
          6966447.427635934
        ]
      },
      "properties": {
        "junction_id": 39569,
        "veh_id": 11576,
        "sim_time_s": 1717.7,
        "tier": "coord-prearm-success/SHOCKWAVE",
        "prearm_status": "success",
        "focus_role": "none"
      }
    },
    {
      "type": "Feature",
      "geometry": {
        "type": "Point",
        "coordinates": [
          500323.8048544246,
          6966112.906964878
        ]
      },
      "properties": {
        "junction_id": 39572,
        "veh_id": 11576,
        "sim_time_s": 1722.6,
        "tier": "coord-prearm-harmony/SHOCKWAVE",
        "prearm_status": "fired",
        "focus_role": "none"
      }
    },
    {
      "type": "Feature",
      "geometry": {
        "type": "Point",
        "coordinates": [
          500493.6865820327,
          6965703.184886628
        ]
      },
      "properties": {
        "junction_id": 39587,
        "veh_id": 11546,
        "sim_time_s": 1723.0,
        "tier": "track-zone",
        "prearm_status": "",
        "focus_role": "none"
      }
    },
    {
      "type": "Feature",
      "geometry": {
        "type": "Point",
        "coordinates": [
          0.0,
          0.0
        ]
      },
      "properties": {
        "junction_id": 39572,
        "veh_id": 11576,
        "sim_time_s": 1723.0,
        "tier": "harmony-ins-local",
        "prearm_status": "action",
        "focus_role": "none"
      }
    },
    {
      "type": "Feature",
      "geometry": {
        "type": "Point",
        "coordinates": [
          500012.2556836749,
          6966653.44887729
        ]
      },
      "properties": {
        "junction_id": 39572,
        "veh_id": 11576,
        "sim_time_s": 1723.0,
        "tier": "coord-prearm-success/SHOCKWAVE",
        "prearm_status": "success",
        "focus_role": "none"
      }
    },
    {
      "type": "Feature",
      "geometry": {
        "type": "Point",
        "coordinates": [
          500507.9909293439,
          6965681.012928677
        ]
      },
      "properties": {
        "junction_id": 39576,
        "veh_id": 11546,
        "sim_time_s": 1727.1,
        "tier": "IC-detect",
        "prearm_status": "",
        "focus_role": "none"
      }
    },
    {
      "type": "Feature",
      "geometry": {
        "type": "Point",
        "coordinates": [
          0.0,
          0.0
        ]
      },
      "properties": {
        "junction_id": 39576,
        "veh_id": 11557,
        "sim_time_s": 1727.5,
        "tier": "harmony-no-ge-local",
        "prearm_status": "skip",
        "focus_role": "none"
      }
    },
    {
      "type": "Feature",
      "geometry": {
        "type": "Point",
        "coordinates": [
          500122.3887600801,
          6966440.5236703595
        ]
      },
      "properties": {
        "junction_id": 1043762,
        "veh_id": 11534,
        "sim_time_s": 1736.5,
        "tier": "track-zone",
        "prearm_status": "",
        "focus_role": "none"
      }
    },
    {
      "type": "Feature",
      "geometry": {
        "type": "Point",
        "coordinates": [
          0.0,
          0.0
        ]
      },
      "properties": {
        "junction_id": 39593,
        "veh_id": 11561,
        "sim_time_s": 1738.3,
        "tier": "harmony-ins-local",
        "prearm_status": "action",
        "focus_role": "none"
      }
    },
    {
      "type": "Feature",
      "geometry": {
        "type": "Point",
        "coordinates": [
          500552.1671369783,
          6965569.83073935
        ]
      },
      "properties": {
        "junction_id": 10157950,
        "veh_id": 11557,
        "sim_time_s": 1740.6,
        "tier": "track-zone",
        "prearm_status": "",
        "focus_role": "none"
      }
    },
    {
      "type": "Feature",
      "geometry": {
        "type": "Point",
        "coordinates": [
          500725.9107335082,
          6965000.298731885
        ]
      },
      "properties": {
        "junction_id": 36393,
        "veh_id": 11550,
        "sim_time_s": 1743.3,
        "tier": "track-zone",
        "prearm_status": "",
        "focus_role": "none"
      }
    },
    {
      "type": "Feature",
      "geometry": {
        "type": "Point",
        "coordinates": [
          500683.7230953628,
          6964551.324643766
        ]
      },
      "properties": {
        "junction_id": 39590,
        "veh_id": 11533,
        "sim_time_s": 1748.7,
        "tier": "track-zone",
        "prearm_status": "",
        "focus_role": "none"
      }
    },
    {
      "type": "Feature",
      "geometry": {
        "type": "Point",
        "coordinates": [
          500715.8177247822,
          6965004.015622436
        ]
      },
      "properties": {
        "junction_id": 39593,
        "veh_id": 11529,
        "sim_time_s": 1752.8,
        "tier": "track-zone",
        "prearm_status": "",
        "focus_role": "none"
      }
    },
    {
      "type": "Feature",
      "geometry": {
        "type": "Point",
        "coordinates": [
          0.0,
          0.0
        ]
      },
      "properties": {
        "junction_id": 39578,
        "veh_id": 11566,
        "sim_time_s": 1754.1,
        "tier": "harmony-ins-local",
        "prearm_status": "action",
        "focus_role": "none"
      }
    },
    {
      "type": "Feature",
      "geometry": {
        "type": "Point",
        "coordinates": [
          500514.75819434796,
          6965640.5712326635
        ]
      },
      "properties": {
        "junction_id": 1119660,
        "veh_id": 11546,
        "sim_time_s": 1769.0,
        "tier": "track-zone",
        "prearm_status": "",
        "focus_role": "none"
      }
    },
    {
      "type": "Feature",
      "geometry": {
        "type": "Point",
        "coordinates": [
          500756.5972760396,
          6964319.360583134
        ]
      },
      "properties": {
        "junction_id": 39590,
        "veh_id": 11565,
        "sim_time_s": 1775.7,
        "tier": "coord-prearm-missed/SHOCKWAVE",
        "prearm_status": "missed",
        "focus_role": "none"
      }
    },
    {
      "type": "Feature",
      "geometry": {
        "type": "Point",
        "coordinates": [
          500607.90067423874,
          6965413.173693801
        ]
      },
      "properties": {
        "junction_id": 1119660,
        "veh_id": 11557,
        "sim_time_s": 1777.0,
        "tier": "track-zone",
        "prearm_status": "",
        "focus_role": "none"
      }
    },
    {
      "type": "Feature",
      "geometry": {
        "type": "Point",
        "coordinates": [
          0.0,
          0.0
        ]
      },
      "properties": {
        "junction_id": 39590,
        "veh_id": 11533,
        "sim_time_s": 1779.8,
        "tier": "harmony-ins-local",
        "prearm_status": "action",
        "focus_role": "none"
      }
    },
    {
      "type": "Feature",
      "geometry": {
        "type": "Point",
        "coordinates": [
          500346.4377215376,
          6966098.064101742
        ]
      },
      "properties": {
        "junction_id": 39578,
        "veh_id": 11534,
        "sim_time_s": 1782.5,
        "tier": "track-section",
        "prearm_status": "",
        "focus_role": "none"
      }
    },
    {
      "type": "Feature",
      "geometry": {
        "type": "Point",
        "coordinates": [
          500696.33844759426,
          6964488.590327098
        ]
      },
      "properties": {
        "junction_id": 39606,
        "veh_id": 11533,
        "sim_time_s": 1782.9,
        "tier": "coord-prearm-harmony/SHOCKWAVE",
        "prearm_status": "fired",
        "focus_role": "none"
      }
    },
    {
      "type": "Feature",
      "geometry": {
        "type": "Point",
        "coordinates": [
          0.0,
          0.0
        ]
      },
      "properties": {
        "junction_id": 39606,
        "veh_id": 11533,
        "sim_time_s": 1783.3,
        "tier": "harmony-ins-local",
        "prearm_status": "action",
        "focus_role": "none"
      }
    },
    {
      "type": "Feature",
      "geometry": {
        "type": "Point",
        "coordinates": [
          500851.8606898629,
          6964194.216881554
        ]
      },
      "properties": {
        "junction_id": 39606,
        "veh_id": 11533,
        "sim_time_s": 1783.3,
        "tier": "coord-prearm-success/SHOCKWAVE",
        "prearm_status": "success",
        "focus_role": "none"
      }
    },
    {
      "type": "Feature",
      "geometry": {
        "type": "Point",
        "coordinates": [
          500651.2877759608,
          6965249.718087486
        ]
      },
      "properties": {
        "junction_id": 36385,
        "veh_id": 11557,
        "sim_time_s": 1787.8,
        "tier": "track-zone",
        "prearm_status": "",
        "focus_role": "none"
      }
    },
    {
      "type": "Feature",
      "geometry": {
        "type": "Point",
        "coordinates": [
          500073.96159607393,
          6966495.195955161
        ]
      },
      "properties": {
        "junction_id": 39568,
        "veh_id": 11576,
        "sim_time_s": 1787.8,
        "tier": "track-zone",
        "prearm_status": "",
        "focus_role": "none"
      }
    },
    {
      "type": "Feature",
      "geometry": {
        "type": "Point",
        "coordinates": [
          500651.2877759608,
          6965249.718087486
        ]
      },
      "properties": {
        "junction_id": 39593,
        "veh_id": 11557,
        "sim_time_s": 1787.8,
        "tier": "IC-detect",
        "prearm_status": "",
        "focus_role": "none"
      }
    },
    {
      "type": "Feature",
      "geometry": {
        "type": "Point",
        "coordinates": [
          500946.97228876385,
          6964034.668682542
        ]
      },
      "properties": {
        "junction_id": 39606,
        "veh_id": 11577,
        "sim_time_s": 1800.0,
        "tier": "track-section",
        "prearm_status": "",
        "focus_role": "none"
      }
    },
    {
      "type": "Feature",
      "geometry": {
        "type": "Point",
        "coordinates": [
          500545.0724596267,
          6965570.648583661
        ]
      },
      "properties": {
        "junction_id": 10157950,
        "veh_id": 11546,
        "sim_time_s": 1801.3,
        "tier": "track-zone",
        "prearm_status": "",
        "focus_role": "none"
      }
    },
    {
      "type": "Feature",
      "geometry": {
        "type": "Point",
        "coordinates": [
          500882.2469921606,
          6964126.204717517
        ]
      },
      "properties": {
        "junction_id": 39590,
        "veh_id": 11577,
        "sim_time_s": 1806.8,
        "tier": "track-zone",
        "prearm_status": "",
        "focus_role": "none"
      }
    },
    {
      "type": "Feature",
      "geometry": {
        "type": "Point",
        "coordinates": [
          500840.67694616097,
          6965216.741855604
        ]
      },
      "properties": {
        "junction_id": 36385,
        "veh_id": 11561,
        "sim_time_s": 1810.8,
        "tier": "track-zone",
        "prearm_status": "",
        "focus_role": "none"
      }
    },
    {
      "type": "Feature",
      "geometry": {
        "type": "Point",
        "coordinates": [
          0.0,
          0.0
        ]
      },
      "properties": {
        "junction_id": 39587,
        "veh_id": 11546,
        "sim_time_s": 1810.8,
        "tier": "harmony-ins-local",
        "prearm_status": "action",
        "focus_role": "none"
      }
    },
    {
      "type": "Feature",
      "geometry": {
        "type": "Point",
        "coordinates": [
          500085.17414149945,
          6967503.087901591
        ]
      },
      "properties": {
        "junction_id": 38339,
        "veh_id": 11567,
        "sim_time_s": 1813.5,
        "tier": "IC-detect",
        "prearm_status": "",
        "focus_role": "none"
      }
    },
    {
      "type": "Feature",
      "geometry": {
        "type": "Point",
        "coordinates": [
          500832.64593589265,
          6965061.353949123
        ]
      },
      "properties": {
        "junction_id": 36385,
        "veh_id": 11529,
        "sim_time_s": 1818.9,
        "tier": "IC-detect",
        "prearm_status": "",
        "focus_role": "none"
      }
    },
    {
      "type": "Feature",
      "geometry": {
        "type": "Point",
        "coordinates": [
          0.0,
          0.0
        ]
      },
      "properties": {
        "junction_id": 38339,
        "veh_id": 11567,
        "sim_time_s": 1824.3,
        "tier": "harmony-ins-local",
        "prearm_status": "action",
        "focus_role": "none"
      }
    },
    {
      "type": "Feature",
      "geometry": {
        "type": "Point",
        "coordinates": [
          500525.08698884124,
          6965935.054020228
        ]
      },
      "properties": {
        "junction_id": 39576,
        "veh_id": 11566,
        "sim_time_s": 1825.7,
        "tier": "track-zone",
        "prearm_status": "",
        "focus_role": "none"
      }
    },
    {
      "type": "Feature",
      "geometry": {
        "type": "Point",
        "coordinates": [
          0.0,
          0.0
        ]
      },
      "properties": {
        "junction_id": 36385,
        "veh_id": 11557,
        "sim_time_s": 1828.3,
        "tier": "harmony-ins-local",
        "prearm_status": "action",
        "focus_role": "none"
      }
    },
    {
      "type": "Feature",
      "geometry": {
        "type": "Point",
        "coordinates": [
          500017.97935726075,
          6966619.133316131
        ]
      },
      "properties": {
        "junction_id": 11118289,
        "veh_id": 11576,
        "sim_time_s": 1833.8,
        "tier": "track-zone",
        "prearm_status": "",
        "focus_role": "none"
      }
    },
    {
      "type": "Feature",
      "geometry": {
        "type": "Point",
        "coordinates": [
          0.0,
          0.0
        ]
      },
      "properties": {
        "junction_id": 39590,
        "veh_id": 11577,
        "sim_time_s": 1840.0,
        "tier": "harmony-ins-local",
        "prearm_status": "action",
        "focus_role": "none"
      }
    },
    {
      "type": "Feature",
      "geometry": {
        "type": "Point",
        "coordinates": [
          500013.16726815683,
          6966635.125448348
        ]
      },
      "properties": {
        "junction_id": 39572,
        "veh_id": 11576,
        "sim_time_s": 1843.2,
        "tier": "IC-detect",
        "prearm_status": "",
        "focus_role": "none"
      }
    },
    {
      "type": "Feature",
      "geometry": {
        "type": "Point",
        "coordinates": [
          500763.7533779153,
          6964284.54324813
        ]
      },
      "properties": {
        "junction_id": 36393,
        "veh_id": 11577,
        "sim_time_s": 1843.2,
        "tier": "coord-prearm-harmony/SHOCKWAVE",
        "prearm_status": "fired",
        "focus_role": "none"
      }
    },
    {
      "type": "Feature",
      "geometry": {
        "type": "Point",
        "coordinates": [
          0.0,
          0.0
        ]
      },
      "properties": {
        "junction_id": 36393,
        "veh_id": 11577,
        "sim_time_s": 1843.7,
        "tier": "harmony-no-ge-local",
        "prearm_status": "skip",
        "focus_role": "none"
      }
    },
    {
      "type": "Feature",
      "geometry": {
        "type": "Point",
        "coordinates": [
          500684.0987813321,
          6964756.319799706
        ]
      },
      "properties": {
        "junction_id": 36393,
        "veh_id": 11577,
        "sim_time_s": 1843.7,
        "tier": "coord-prearm-success/SHOCKWAVE",
        "prearm_status": "success",
        "focus_role": "none"
      }
    },
    {
      "type": "Feature",
      "geometry": {
        "type": "Point",
        "coordinates": [
          0.0,
          0.0
        ]
      },
      "properties": {
        "junction_id": 39593,
        "veh_id": 11529,
        "sim_time_s": 1845.0,
        "tier": "harmony-ins-local",
        "prearm_status": "action",
        "focus_role": "none"
      }
    },
    {
      "type": "Feature",
      "geometry": {
        "type": "Point",
        "coordinates": [
          500751.26861397055,
          6964307.350635865
        ]
      },
      "properties": {
        "junction_id": 36385,
        "veh_id": 11577,
        "sim_time_s": 1850.4,
        "tier": "coord-prearm-harmony/SHOCKWAVE",
        "prearm_status": "fired",
        "focus_role": "none"
      }
    },
    {
      "type": "Feature",
      "geometry": {
        "type": "Point",
        "coordinates": [
          500571.48189823213,
          6965520.636655582
        ]
      },
      "properties": {
        "junction_id": 39576,
        "veh_id": 11546,
        "sim_time_s": 1851.3,
        "tier": "track-zone",
        "prearm_status": "",
        "focus_role": "none"
      }
    },
    {
      "type": "Feature",
      "geometry": {
        "type": "Point",
        "coordinates": [
          500013.1136867423,
          6966635.252626488
        ]
      },
      "properties": {
        "junction_id": 39569,
        "veh_id": 11576,
        "sim_time_s": 1854.0,
        "tier": "track-zone",
        "prearm_status": "",
        "focus_role": "none"
      }
    },
    {
      "type": "Feature",
      "geometry": {
        "type": "Point",
        "coordinates": [
          500830.8860405867,
          6965211.598922825
        ]
      },
      "properties": {
        "junction_id": 10157950,
        "veh_id": 11561,
        "sim_time_s": 1858.0,
        "tier": "track-zone",
        "prearm_status": "",
        "focus_role": "none"
      }
    },
    {
      "type": "Feature",
      "geometry": {
        "type": "Point",
        "coordinates": [
          500830.8860405867,
          6965211.598922825
        ]
      },
      "properties": {
        "junction_id": 39593,
        "veh_id": 11561,
        "sim_time_s": 1858.5,
        "tier": "IC-detect",
        "prearm_status": "",
        "focus_role": "none"
      }
    },
    {
      "type": "Feature",
      "geometry": {
        "type": "Point",
        "coordinates": [
          500944.51358507737,
          6964038.69291645
        ]
      },
      "properties": {
        "junction_id": 39606,
        "veh_id": 11553,
        "sim_time_s": 1860.3,
        "tier": "IC-detect",
        "prearm_status": "",
        "focus_role": "none"
      }
    },
    {
      "type": "Feature",
      "geometry": {
        "type": "Point",
        "coordinates": [
          0.0,
          0.0
        ]
      },
      "properties": {
        "junction_id": 39606,
        "veh_id": 11553,
        "sim_time_s": 1860.3,
        "tier": "harmony-no-ge-local",
        "prearm_status": "skip",
        "focus_role": "none"
      }
    },
    {
      "type": "Feature",
      "geometry": {
        "type": "Point",
        "coordinates": [
          500689.4355580295,
          6964587.016241178
        ]
      },
      "properties": {
        "junction_id": 36393,
        "veh_id": 11550,
        "sim_time_s": 1863.5,
        "tier": "IC-detect",
        "prearm_status": "",
        "focus_role": "none"
      }
    },
    {
      "type": "Feature",
      "geometry": {
        "type": "Point",
        "coordinates": [
          500922.98494608153,
          6964070.862101208
        ]
      },
      "properties": {
        "junction_id": 39590,
        "veh_id": 11553,
        "sim_time_s": 1863.5,
        "tier": "coord-prearm-harmony/SHOCKWAVE",
        "prearm_status": "fired",
        "focus_role": "none"
      }
    },
    {
      "type": "Feature",
      "geometry": {
        "type": "Point",
        "coordinates": [
          500689.14126742014,
          6964558.295858652
        ]
      },
      "properties": {
        "junction_id": 39590,
        "veh_id": 11550,
        "sim_time_s": 1867.5,
        "tier": "track-zone",
        "prearm_status": "",
        "focus_role": "none"
      }
    },
    {
      "type": "Feature",
      "geometry": {
        "type": "Point",
        "coordinates": [
          500732.5484227159,
          6964403.366105695
        ]
      },
      "properties": {
        "junction_id": 39606,
        "veh_id": 11565,
        "sim_time_s": 1870.2,
        "tier": "track-zone",
        "prearm_status": "",
        "focus_role": "none"
      }
    },
    {
      "type": "Feature",
      "geometry": {
        "type": "Point",
        "coordinates": [
          500523.668641228,
          6965854.526633698
        ]
      },
      "properties": {
        "junction_id": 39578,
        "veh_id": 11566,
        "sim_time_s": 1874.2,
        "tier": "IC-detect",
        "prearm_status": "",
        "focus_role": "none"
      }
    },
    {
      "type": "Feature",
      "geometry": {
        "type": "Point",
        "coordinates": [
          499967.2311290047,
          6967111.232146635
        ]
      },
      "properties": {
        "junction_id": 11118289,
        "veh_id": 11567,
        "sim_time_s": 1878.3,
        "tier": "track-zone",
        "prearm_status": "",
        "focus_role": "none"
      }
    },
    {
      "type": "Feature",
      "geometry": {
        "type": "Point",
        "coordinates": [
          499960.88385336375,
          6966784.033688285
        ]
      },
      "properties": {
        "junction_id": 38339,
        "veh_id": 11576,
        "sim_time_s": 1883.7,
        "tier": "track-zone",
        "prearm_status": "",
        "focus_role": "none"
      }
    },
    {
      "type": "Feature",
      "geometry": {
        "type": "Point",
        "coordinates": [
          0.0,
          0.0
        ]
      },
      "properties": {
        "junction_id": 39578,
        "veh_id": 11534,
        "sim_time_s": 1887.8,
        "tier": "harmony-ins-local",
        "prearm_status": "action",
        "focus_role": "none"
      }
    },
    {
      "type": "Feature",
      "geometry": {
        "type": "Point",
        "coordinates": [
          500572.72871229664,
          6965517.160613608
        ]
      },
      "properties": {
        "junction_id": 1119660,
        "veh_id": 11546,
        "sim_time_s": 1890.5,
        "tier": "track-zone",
        "prearm_status": "",
        "focus_role": "none"
      }
    },
    {
      "type": "Feature",
      "geometry": {
        "type": "Point",
        "coordinates": [
          0.0,
          0.0
        ]
      },
      "properties": {
        "junction_id": 38339,
        "veh_id": 11576,
        "sim_time_s": 1893.2,
        "tier": "harmony-no-ge-local",
        "prearm_status": "skip",
        "focus_role": "none"
      }
    },
    {
      "type": "Feature",
      "geometry": {
        "type": "Point",
        "coordinates": [
          500753.3509739055,
          6964359.312966708
        ]
      },
      "properties": {
        "junction_id": 39590,
        "veh_id": 11565,
        "sim_time_s": 1895.8,
        "tier": "IC-detect",
        "prearm_status": "",
        "focus_role": "none"
      }
    },
    {
      "type": "Feature",
      "geometry": {
        "type": "Point",
        "coordinates": [
          0.0,
          0.0
        ]
      },
      "properties": {
        "junction_id": 39590,
        "veh_id": 11565,
        "sim_time_s": 1900.3,
        "tier": "harmony-ins-local",
        "prearm_status": "action",
        "focus_role": "none"
      }
    },
    {
      "type": "Feature",
      "geometry": {
        "type": "Point",
        "coordinates": [
          500715.9750991549,
          6965021.28412977
        ]
      },
      "properties": {
        "junction_id": 36385,
        "veh_id": 11577,
        "sim_time_s": 1912.0,
        "tier": "coord-prearm-missed/SHOCKWAVE",
        "prearm_status": "missed",
        "focus_role": "none"
      }
    },
    {
      "type": "Feature",
      "geometry": {
        "type": "Point",
        "coordinates": [
          0.0,
          0.0
        ]
      },
      "properties": {
        "junction_id": 36385,
        "veh_id": 11577,
        "sim_time_s": 1918.8,
        "tier": "harmony-ins-local",
        "prearm_status": "action",
        "focus_role": "none"
      }
    },
    {
      "type": "Feature",
      "geometry": {
        "type": "Point",
        "coordinates": [
          500575.7782209418,
          6965508.658768502
        ]
      },
      "properties": {
        "junction_id": 10157950,
        "veh_id": 11546,
        "sim_time_s": 1922.8,
        "tier": "track-zone",
        "prearm_status": "",
        "focus_role": "none"
      }
    },
    {
      "type": "Feature",
      "geometry": {
        "type": "Point",
        "coordinates": [
          500756.5972760396,
          6964319.360583134
        ]
      },
      "properties": {
        "junction_id": 39590,
        "veh_id": 11553,
        "sim_time_s": 1925.1,
        "tier": "coord-prearm-missed/SHOCKWAVE",
        "prearm_status": "missed",
        "focus_role": "none"
      }
    },
    {
      "type": "Feature",
      "geometry": {
        "type": "Point",
        "coordinates": [
          500701.12013818574,
          6964928.896013416
        ]
      },
      "properties": {
        "junction_id": 39593,
        "veh_id": 11577,
        "sim_time_s": 1925.5,
        "tier": "track-zone",
        "prearm_status": "",
        "focus_role": "none"
      }
    },
    {
      "type": "Feature",
      "geometry": {
        "type": "Point",
        "coordinates": [
          0.0,
          0.0
        ]
      },
      "properties": {
        "junction_id": 39606,
        "veh_id": 11565,
        "sim_time_s": 1925.5,
        "tier": "harmony-no-ge-local",
        "prearm_status": "skip",
        "focus_role": "none"
      }
    },
    {
      "type": "Feature",
      "geometry": {
        "type": "Point",
        "coordinates": [
          500701.12013818574,
          6964928.896013416
        ]
      },
      "properties": {
        "junction_id": 39593,
        "veh_id": 11577,
        "sim_time_s": 1925.5,
        "tier": "coord-prearm-harmony/SHOCKWAVE",
        "prearm_status": "fired",
        "focus_role": "none"
      }
    },
    {
      "type": "Feature",
      "geometry": {
        "type": "Point",
        "coordinates": [
          0.0,
          0.0
        ]
      },
      "properties": {
        "junction_id": 39593,
        "veh_id": 11577,
        "sim_time_s": 1926.0,
        "tier": "harmony-ins-local",
        "prearm_status": "action",
        "focus_role": "none"
      }
    },
    {
      "type": "Feature",
      "geometry": {
        "type": "Point",
        "coordinates": [
          500686.73484330135,
          6965177.417928855
        ]
      },
      "properties": {
        "junction_id": 39593,
        "veh_id": 11577,
        "sim_time_s": 1926.0,
        "tier": "coord-prearm-success/SHOCKWAVE",
        "prearm_status": "success",
        "focus_role": "none"
      }
    },
    {
      "type": "Feature",
      "geometry": {
        "type": "Point",
        "coordinates": [
          500597.9048135507,
          6965443.820369563
        ]
      },
      "properties": {
        "junction_id": 39587,
        "veh_id": 11546,
        "sim_time_s": 1931.0,
        "tier": "IC-detect",
        "prearm_status": "",
        "focus_role": "none"
      }
    },
    {
      "type": "Feature",
      "geometry": {
        "type": "Point",
        "coordinates": [
          500777.22746310453,
          6965190.451867929
        ]
      },
      "properties": {
        "junction_id": 36385,
        "veh_id": 11561,
        "sim_time_s": 1932.3,
        "tier": "track-zone",
        "prearm_status": "",
        "focus_role": "none"
      }
    },
    {
      "type": "Feature",
      "geometry": {
        "type": "Point",
        "coordinates": [
          500728.6598568961,
          6964987.06163192
        ]
      },
      "properties": {
        "junction_id": 36393,
        "veh_id": 11557,
        "sim_time_s": 1933.7,
        "tier": "track-zone",
        "prearm_status": "",
        "focus_role": "none"
      }
    },
    {
      "type": "Feature",
      "geometry": {
        "type": "Point",
        "coordinates": [
          0.0,
          0.0
        ]
      },
      "properties": {
        "junction_id": 36393,
        "veh_id": 11557,
        "sim_time_s": 1943.1,
        "tier": "harmony-no-ge-local",
        "prearm_status": "skip",
        "focus_role": "none"
      }
    },
    {
      "type": "Feature",
      "geometry": {
        "type": "Point",
        "coordinates": [
          500722.82516820397,
          6964402.345177915
        ]
      },
      "properties": {
        "junction_id": 39606,
        "veh_id": 11550,
        "sim_time_s": 1944.5,
        "tier": "track-zone",
        "prearm_status": "",
        "focus_role": "none"
      }
    },
    {
      "type": "Feature",
      "geometry": {
        "type": "Point",
        "coordinates": [
          499962.81798940524,
          6966941.738185929
        ]
      },
      "properties": {
        "junction_id": 39568,
        "veh_id": 11567,
        "sim_time_s": 1944.5,
        "tier": "track-zone",
        "prearm_status": "",
        "focus_role": "none"
      }
    },
    {
      "type": "Feature",
      "geometry": {
        "type": "Point",
        "coordinates": [
          499962.81798940524,
          6966941.738185929
        ]
      },
      "properties": {
        "junction_id": 38339,
        "veh_id": 11567,
        "sim_time_s": 1944.5,
        "tier": "IC-detect",
        "prearm_status": "",
        "focus_role": "none"
      }
    },
    {
      "type": "Feature",
      "geometry": {
        "type": "Point",
        "coordinates": [
          500508.4047465849,
          6965778.1582367355
        ]
      },
      "properties": {
        "junction_id": 39576,
        "veh_id": 11566,
        "sim_time_s": 1945.8,
        "tier": "IC-detect-far",
        "prearm_status": "",
        "focus_role": "none"
      }
    },
    {
      "type": "Feature",
      "geometry": {
        "type": "Point",
        "coordinates": [
          0.0,
          0.0
        ]
      },
      "properties": {
        "junction_id": 39576,
        "veh_id": 11566,
        "sim_time_s": 1947.2,
        "tier": "harmony-ins-local",
        "prearm_status": "action",
        "focus_role": "none"
      }
    },
    {
      "type": "Feature",
      "geometry": {
        "type": "Point",
        "coordinates": [
          499966.71270267514,
          6966888.515032074
        ]
      },
      "properties": {
        "junction_id": 39572,
        "veh_id": 11567,
        "sim_time_s": 1949.8,
        "tier": "track-zone",
        "prearm_status": "",
        "focus_role": "none"
      }
    },
    {
      "type": "Feature",
      "geometry": {
        "type": "Point",
        "coordinates": [
          500700.29480287794,
          6964827.723448036
        ]
      },
      "properties": {
        "junction_id": 39590,
        "veh_id": 11557,
        "sim_time_s": 1950.8,
        "tier": "coord-prearm-harmony/SHOCKWAVE",
        "prearm_status": "fired",
        "focus_role": "none"
      }
    },
    {
      "type": "Feature",
      "geometry": {
        "type": "Point",
        "coordinates": [
          500607.849889615,
          6965413.00870444
        ]
      },
      "properties": {
        "junction_id": 39593,
        "veh_id": 11546,
        "sim_time_s": 1955.2,
        "tier": "track-zone",
        "prearm_status": "",
        "focus_role": "none"
      }
    },
    {
      "type": "Feature",
      "geometry": {
        "type": "Point",
        "coordinates": [
          0.0,
          0.0
        ]
      },
      "properties": {
        "junction_id": 39590,
        "veh_id": 11557,
        "sim_time_s": 1960.7,
        "tier": "harmony-ins-local",
        "prearm_status": "action",
        "focus_role": "none"
      }
    },
    {
      "type": "Feature",
      "geometry": {
        "type": "Point",
        "coordinates": [
          500756.5972760396,
          6964319.360583134
        ]
      },
      "properties": {
        "junction_id": 39590,
        "veh_id": 11557,
        "sim_time_s": 1960.7,
        "tier": "coord-prearm-success/SHOCKWAVE",
        "prearm_status": "success",
        "focus_role": "none"
      }
    },
    {
      "type": "Feature",
      "geometry": {
        "type": "Point",
        "coordinates": [
          500674.92821879487,
          6964508.697446853
        ]
      },
      "properties": {
        "junction_id": 36393,
        "veh_id": 11553,
        "sim_time_s": 1963.3,
        "tier": "track-zone",
        "prearm_status": "",
        "focus_role": "none"
      }
    },
    {
      "type": "Feature",
      "geometry": {
        "type": "Point",
        "coordinates": [
          500708.4031513509,
          6965107.012649452
        ]
      },
      "properties": {
        "junction_id": 36385,
        "veh_id": 11546,
        "sim_time_s": 1978.2,
        "tier": "IC-detect",
        "prearm_status": "",
        "focus_role": "none"
      }
    },
    {
      "type": "Feature",
      "geometry": {
        "type": "Point",
        "coordinates": [
          500771.67784180446,
          6965188.852422176
        ]
      },
      "properties": {
        "junction_id": 39593,
        "veh_id": 11561,
        "sim_time_s": 1978.7,
        "tier": "IC-detect",
        "prearm_status": "",
        "focus_role": "none"
      }
    },
    {
      "type": "Feature",
      "geometry": {
        "type": "Point",
        "coordinates": [
          500771.67784180446,
          6965188.852422176
        ]
      },
      "properties": {
        "junction_id": 10157950,
        "veh_id": 11561,
        "sim_time_s": 1979.5,
        "tier": "track-zone",
        "prearm_status": "",
        "focus_role": "none"
      }
    },
    {
      "type": "Feature",
      "geometry": {
        "type": "Point",
        "coordinates": [
          500736.91748894355,
          6964366.664008114
        ]
      },
      "properties": {
        "junction_id": 39590,
        "veh_id": 11550,
        "sim_time_s": 1987.7,
        "tier": "IC-detect-far",
        "prearm_status": "",
        "focus_role": "none"
      }
    },
    {
      "type": "Feature",
      "geometry": {
        "type": "Point",
        "coordinates": [
          499967.2778083336,
          6966873.337218034
        ]
      },
      "properties": {
        "junction_id": 11118289,
        "veh_id": 11567,
        "sim_time_s": 1999.8,
        "tier": "track-zone",
        "prearm_status": "",
        "focus_role": "none"
      }
    },
    {
      "type": "Feature",
      "geometry": {
        "type": "Point",
        "coordinates": [
          0.0,
          0.0
        ]
      },
      "properties": {
        "junction_id": 36393,
        "veh_id": 11553,
        "sim_time_s": 1999.8,
        "tier": "harmony-ge-local",
        "prearm_status": "action",
        "focus_role": "none"
      }
    },
    {
      "type": "Feature",
      "geometry": {
        "type": "Point",
        "coordinates": [
          500501.5908472298,
          6965966.57285735
        ]
      },
      "properties": {
        "junction_id": 39578,
        "veh_id": 11534,
        "sim_time_s": 2007.9,
        "tier": "IC-detect",
        "prearm_status": "",
        "focus_role": "none"
      }
    },
    {
      "type": "Feature",
      "geometry": {
        "type": "Point",
        "coordinates": [
          500679.90993092355,
          6964785.9512162525
        ]
      },
      "properties": {
        "junction_id": 36385,
        "veh_id": 11553,
        "sim_time_s": 2012.0,
        "tier": "track-zone",
        "prearm_status": "",
        "focus_role": "none"
      }
    },
    {
      "type": "Feature",
      "geometry": {
        "type": "Point",
        "coordinates": [
          500707.15918820444,
          6964995.537306819
        ]
      },
      "properties": {
        "junction_id": 36393,
        "veh_id": 11577,
        "sim_time_s": 2012.0,
        "tier": "track-zone",
        "prearm_status": "",
        "focus_role": "none"
      }
    },
    {
      "type": "Feature",
      "geometry": {
        "type": "Point",
        "coordinates": [
          500522.57475907943,
          6965940.697119993
        ]
      },
      "properties": {
        "junction_id": 39576,
        "veh_id": 11534,
        "sim_time_s": 2016.0,
        "tier": "track-zone",
        "prearm_status": "",
        "focus_role": "none"
      }
    },
    {
      "type": "Feature",
      "geometry": {
        "type": "Point",
        "coordinates": [
          0.0,
          0.0
        ]
      },
      "properties": {
        "junction_id": 39590,
        "veh_id": 11550,
        "sim_time_s": 2021.0,
        "tier": "harmony-ins-local",
        "prearm_status": "action",
        "focus_role": "none"
      }
    },
    {
      "type": "Feature",
      "geometry": {
        "type": "Point",
        "coordinates": [
          500512.0235719181,
          6965729.959132707
        ]
      },
      "properties": {
        "junction_id": 39578,
        "veh_id": 11566,
        "sim_time_s": 2024.1,
        "tier": "track-zone",
        "prearm_status": "",
        "focus_role": "none"
      }
    },
    {
      "type": "Feature",
      "geometry": {
        "type": "Point",
        "coordinates": [
          0.0,
          0.0
        ]
      },
      "properties": {
        "junction_id": 39572,
        "veh_id": 11567,
        "sim_time_s": 2030.8,
        "tier": "harmony-no-ge-local",
        "prearm_status": "skip",
        "focus_role": "none"
      }
    },
    {
      "type": "Feature",
      "geometry": {
        "type": "Point",
        "coordinates": [
          500013.87737496436,
          6966665.370128593
        ]
      },
      "properties": {
        "junction_id": 39569,
        "veh_id": 11567,
        "sim_time_s": 2032.2,
        "tier": "track-zone",
        "prearm_status": "",
        "focus_role": "none"
      }
    },
    {
      "type": "Feature",
      "geometry": {
        "type": "Point",
        "coordinates": [
          500685.90221826616,
          6965092.257003747
        ]
      },
      "properties": {
        "junction_id": 10157950,
        "veh_id": 11577,
        "sim_time_s": 2033.5,
        "tier": "track-zone",
        "prearm_status": "",
        "focus_role": "none"
      }
    },
    {
      "type": "Feature",
      "geometry": {
        "type": "Point",
        "coordinates": [
          0.0,
          0.0
        ]
      },
      "properties": {
        "junction_id": 36385,
        "veh_id": 11546,
        "sim_time_s": 2036.2,
        "tier": "harmony-ge-local",
        "prearm_status": "action",
        "focus_role": "none"
      }
    },
    {
      "type": "Feature",
      "geometry": {
        "type": "Point",
        "coordinates": [
          500676.13729179377,
          6965130.149496948
        ]
      },
      "properties": {
        "junction_id": 39593,
        "veh_id": 11577,
        "sim_time_s": 2046.2,
        "tier": "IC-detect",
        "prearm_status": "",
        "focus_role": "none"
      }
    },
    {
      "type": "Feature",
      "geometry": {
        "type": "Point",
        "coordinates": [
          500725.61633076775,
          6964985.698520776
        ]
      },
      "properties": {
        "junction_id": 36393,
        "veh_id": 11546,
        "sim_time_s": 2049.8,
        "tier": "track-zone",
        "prearm_status": "",
        "focus_role": "none"
      }
    },
    {
      "type": "Feature",
      "geometry": {
        "type": "Point",
        "coordinates": [
          500702.6392891417,
          6964938.085447582
        ]
      },
      "properties": {
        "junction_id": 39593,
        "veh_id": 11553,
        "sim_time_s": 2049.8,
        "tier": "track-zone",
        "prearm_status": "",
        "focus_role": "none"
      }
    },
    {
      "type": "Feature",
      "geometry": {
        "type": "Point",
        "coordinates": [
          500723.5363543279,
          6965015.525666791
        ]
      },
      "properties": {
        "junction_id": 36385,
        "veh_id": 11561,
        "sim_time_s": 2052.4,
        "tier": "IC-detect",
        "prearm_status": "",
        "focus_role": "none"
      }
    },
    {
      "type": "Feature",
      "geometry": {
        "type": "Point",
        "coordinates": [
          500729.46772411466,
          6964410.857834793
        ]
      },
      "properties": {
        "junction_id": 39606,
        "veh_id": 11557,
        "sim_time_s": 2056.5,
        "tier": "track-zone",
        "prearm_status": "",
        "focus_role": "none"
      }
    },
    {
      "type": "Feature",
      "geometry": {
        "type": "Point",
        "coordinates": [
          500663.6614503906,
          6965177.102901852
        ]
      },
      "properties": {
        "junction_id": 1119660,
        "veh_id": 11577,
        "sim_time_s": 2061.9,
        "tier": "track-zone",
        "prearm_status": "",
        "focus_role": "none"
      }
    },
    {
      "type": "Feature",
      "geometry": {
        "type": "Point",
        "coordinates": [
          500707.5820419634,
          6964899.859542208
        ]
      },
      "properties": {
        "junction_id": 36393,
        "veh_id": 11561,
        "sim_time_s": 2061.9,
        "tier": "IC-detect",
        "prearm_status": "",
        "focus_role": "none"
      }
    },
    {
      "type": "Feature",
      "geometry": {
        "type": "Point",
        "coordinates": [
          500703.8199445051,
          6964208.720406345
        ]
      },
      "properties": {
        "junction_id": 39606,
        "veh_id": 11550,
        "sim_time_s": 2065.9,
        "tier": "track-zone",
        "prearm_status": "",
        "focus_role": "none"
      }
    },
    {
      "type": "Feature",
      "geometry": {
        "type": "Point",
        "coordinates": [
          500036.62955118215,
          6966611.5098163765
        ]
      },
      "properties": {
        "junction_id": 39568,
        "veh_id": 11567,
        "sim_time_s": 2065.9,
        "tier": "track-zone",
        "prearm_status": "",
        "focus_role": "none"
      }
    },
    {
      "type": "Feature",
      "geometry": {
        "type": "Point",
        "coordinates": [
          500640.43537078495,
          6965230.785326932
        ]
      },
      "properties": {
        "junction_id": 39587,
        "veh_id": 11577,
        "sim_time_s": 2067.3,
        "tier": "track-zone",
        "prearm_status": "",
        "focus_role": "none"
      }
    },
    {
      "type": "Feature",
      "geometry": {
        "type": "Point",
        "coordinates": [
          500512.0256958455,
          6965729.824112479
        ]
      },
      "properties": {
        "junction_id": 39576,
        "veh_id": 11566,
        "sim_time_s": 2067.3,
        "tier": "IC-detect",
        "prearm_status": "",
        "focus_role": "none"
      }
    },
    {
      "type": "Feature",
      "geometry": {
        "type": "Point",
        "coordinates": [
          499461.0704243222,
          6967098.411968635
        ]
      },
      "properties": {
        "junction_id": 38339,
        "veh_id": 11541,
        "sim_time_s": 2067.8,
        "tier": "IC-detect",
        "prearm_status": "",
        "focus_role": "none"
      }
    },
    {
      "type": "Feature",
      "geometry": {
        "type": "Point",
        "coordinates": [
          0.0,
          0.0
        ]
      },
      "properties": {
        "junction_id": 39569,
        "veh_id": 11567,
        "sim_time_s": 2072.7,
        "tier": "harmony-ins-local",
        "prearm_status": "action",
        "focus_role": "none"
      }
    },
    {
      "type": "Feature",
      "geometry": {
        "type": "Point",
        "coordinates": [
          0.0,
          0.0
        ]
      },
      "properties": {
        "junction_id": 36393,
        "veh_id": 11561,
        "sim_time_s": 2074.5,
        "tier": "harmony-ins-local",
        "prearm_status": "action",
        "focus_role": "none"
      }
    },
    {
      "type": "Feature",
      "geometry": {
        "type": "Point",
        "coordinates": [
          500753.22552410135,
          6964359.256511757
        ]
      },
      "properties": {
        "junction_id": 39590,
        "veh_id": 11557,
        "sim_time_s": 2080.8,
        "tier": "IC-detect",
        "prearm_status": "",
        "focus_role": "none"
      }
    },
    {
      "type": "Feature",
      "geometry": {
        "type": "Point",
        "coordinates": [
          0.0,
          0.0
        ]
      },
      "properties": {
        "junction_id": 39587,
        "veh_id": 11577,
        "sim_time_s": 2083.5,
        "tier": "harmony-ins-local",
        "prearm_status": "action",
        "focus_role": "none"
      }
    },
    {
      "type": "Feature",
      "geometry": {
        "type": "Point",
        "coordinates": [
          500690.3159468974,
          6964602.978215091
        ]
      },
      "properties": {
        "junction_id": 39590,
        "veh_id": 11561,
        "sim_time_s": 2088.4,
        "tier": "coord-prearm-harmony/SHOCKWAVE",
        "prearm_status": "fired",
        "focus_role": "none"
      }
    },
    {
      "type": "Feature",
      "geometry": {
        "type": "Point",
        "coordinates": [
          0.0,
          0.0
        ]
      },
      "properties": {
        "junction_id": 39590,
        "veh_id": 11561,
        "sim_time_s": 2088.9,
        "tier": "harmony-ins-local",
        "prearm_status": "action",
        "focus_role": "none"
      }
    },
    {
      "type": "Feature",
      "geometry": {
        "type": "Point",
        "coordinates": [
          500756.5972760396,
          6964319.360583134
        ]
      },
      "properties": {
        "junction_id": 39590,
        "veh_id": 11561,
        "sim_time_s": 2088.9,
        "tier": "coord-prearm-success/SHOCKWAVE",
        "prearm_status": "success",
        "focus_role": "none"
      }
    },
    {
      "type": "Feature",
      "geometry": {
        "type": "Point",
        "coordinates": [
          0.0,
          0.0
        ]
      },
      "properties": {
        "junction_id": 39593,
        "veh_id": 11553,
        "sim_time_s": 2090.2,
        "tier": "harmony-ge-local",
        "prearm_status": "action",
        "focus_role": "none"
      }
    },
    {
      "type": "Feature",
      "geometry": {
        "type": "Point",
        "coordinates": [
          500681.0703278182,
          6965097.32967792
        ]
      },
      "properties": {
        "junction_id": 10157950,
        "veh_id": 11553,
        "sim_time_s": 2091.6,
        "tier": "track-zone",
        "prearm_status": "",
        "focus_role": "none"
      }
    },
    {
      "type": "Feature",
      "geometry": {
        "type": "Point",
        "coordinates": [
          0.0,
          0.0
        ]
      },
      "properties": {
        "junction_id": 39606,
        "veh_id": 11550,
        "sim_time_s": 2098.3,
        "tier": "harmony-no-ge-local",
        "prearm_status": "skip",
        "focus_role": "none"
      }
    },
    {
      "type": "Feature",
      "geometry": {
        "type": "Point",
        "coordinates": [
          500512.33299366443,
          6965710.289562755
        ]
      },
      "properties": {
        "junction_id": 39587,
        "veh_id": 11566,
        "sim_time_s": 2105.1,
        "tier": "track-zone",
        "prearm_status": "",
        "focus_role": "none"
      }
    },
    {
      "type": "Feature",
      "geometry": {
        "type": "Point",
        "coordinates": [
          500725.0554599762,
          6964409.643902307
        ]
      },
      "properties": {
        "junction_id": 39606,
        "veh_id": 11561,
        "sim_time_s": 2107.8,
        "tier": "track-zone",
        "prearm_status": "",
        "focus_role": "none"
      }
    },
    {
      "type": "Feature",
      "geometry": {
        "type": "Point",
        "coordinates": [
          0.0,
          0.0
        ]
      },
      "properties": {
        "junction_id": 38339,
        "veh_id": 11541,
        "sim_time_s": 2111.4,
        "tier": "harmony-no-ge-local",
        "prearm_status": "skip",
        "focus_role": "none"
      }
    },
    {
      "type": "Feature",
      "geometry": {
        "type": "Point",
        "coordinates": [
          500520.103156498,
          6965643.668470348
        ]
      },
      "properties": {
        "junction_id": 1119660,
        "veh_id": 11566,
        "sim_time_s": 2115.9,
        "tier": "track-zone",
        "prearm_status": "",
        "focus_role": "none"
      }
    },
    {
      "type": "Feature",
      "geometry": {
        "type": "Point",
        "coordinates": [
          0.0,
          0.0
        ]
      },
      "properties": {
        "junction_id": 39606,
        "veh_id": 11557,
        "sim_time_s": 2115.9,
        "tier": "harmony-no-ge-local",
        "prearm_status": "skip",
        "focus_role": "none"
      }
    },
    {
      "type": "Feature",
      "geometry": {
        "type": "Point",
        "coordinates": [
          500689.19396474457,
          6964557.438506309
        ]
      },
      "properties": {
        "junction_id": 39590,
        "veh_id": 11546,
        "sim_time_s": 2121.3,
        "tier": "track-zone",
        "prearm_status": "",
        "focus_role": "none"
      }
    },
    {
      "type": "Feature",
      "geometry": {
        "type": "Point",
        "coordinates": [
          500659.70032814855,
          6965186.647311677
        ]
      },
      "properties": {
        "junction_id": 1119660,
        "veh_id": 11553,
        "sim_time_s": 2121.3,
        "tier": "track-zone",
        "prearm_status": "",
        "focus_role": "none"
      }
    },
    {
      "type": "Feature",
      "geometry": {
        "type": "Point",
        "coordinates": [
          0.0,
          0.0
        ]
      },
      "properties": {
        "junction_id": 39606,
        "veh_id": 11561,
        "sim_time_s": 2124.0,
        "tier": "harmony-no-ge-local",
        "prearm_status": "skip",
        "focus_role": "none"
      }
    },
    {
      "type": "Feature",
      "geometry": {
        "type": "Point",
        "coordinates": [
          499805.2600030881,
          6967044.418697477
        ]
      },
      "properties": {
        "junction_id": 11118289,
        "veh_id": 11541,
        "sim_time_s": 2125.3,
        "tier": "track-zone",
        "prearm_status": "",
        "focus_role": "none"
      }
    },
    {
      "type": "Feature",
      "geometry": {
        "type": "Point",
        "coordinates": [
          500632.4552897522,
          6965248.0263725985
        ]
      },
      "properties": {
        "junction_id": 39587,
        "veh_id": 11553,
        "sim_time_s": 2125.3,
        "tier": "track-zone",
        "prearm_status": "",
        "focus_role": "none"
      }
    },
    {
      "type": "Feature",
      "geometry": {
        "type": "Point",
        "coordinates": [
          500508.8248034243,
          6965805.742147671
        ]
      },
      "properties": {
        "junction_id": 39578,
        "veh_id": 11534,
        "sim_time_s": 2128.1,
        "tier": "IC-detect",
        "prearm_status": "",
        "focus_role": "none"
      }
    },
    {
      "type": "Feature",
      "geometry": {
        "type": "Point",
        "coordinates": [
          500730.9649182597,
          6964407.148483215
        ]
      },
      "properties": {
        "junction_id": 39606,
        "veh_id": 11546,
        "sim_time_s": 2130.8,
        "tier": "track-zone",
        "prearm_status": "",
        "focus_role": "none"
      }
    },
    {
      "type": "Feature",
      "geometry": {
        "type": "Point",
        "coordinates": [
          500507.2902443771,
          6965795.291458533
        ]
      },
      "properties": {
        "junction_id": 39576,
        "veh_id": 11534,
        "sim_time_s": 2136.2,
        "tier": "IC-detect-far",
        "prearm_status": "",
        "focus_role": "none"
      }
    },
    {
      "type": "Feature",
      "geometry": {
        "type": "Point",
        "coordinates": [
          500125.7636568905,
          6966441.11407489
        ]
      },
      "properties": {
        "junction_id": 1043762,
        "veh_id": 11567,
        "sim_time_s": 2140.2,
        "tier": "track-zone",
        "prearm_status": "",
        "focus_role": "none"
      }
    },
    {
      "type": "Feature",
      "geometry": {
        "type": "Point",
        "coordinates": [
          0.0,
          0.0
        ]
      },
      "properties": {
        "junction_id": 1043762,
        "veh_id": 11567,
        "sim_time_s": 2146.9,
        "tier": "harmony-no-ge-local",
        "prearm_status": "skip",
        "focus_role": "none"
      }
    },
    {
      "type": "Feature",
      "geometry": {
        "type": "Point",
        "coordinates": [
          0.0,
          0.0
        ]
      },
      "properties": {
        "junction_id": 39590,
        "veh_id": 11546,
        "sim_time_s": 2149.2,
        "tier": "harmony-ins-local",
        "prearm_status": "action",
        "focus_role": "none"
      }
    },
    {
      "type": "Feature",
      "geometry": {
        "type": "Point",
        "coordinates": [
          500574.69592934015,
          6965452.350301138
        ]
      },
      "properties": {
        "junction_id": 10157950,
        "veh_id": 11577,
        "sim_time_s": 2155.1,
        "tier": "track-zone",
        "prearm_status": "",
        "focus_role": "none"
      }
    },
    {
      "type": "Feature",
      "geometry": {
        "type": "Point",
        "coordinates": [
          500572.5262354892,
          6965459.079596826
        ]
      },
      "properties": {
        "junction_id": 39576,
        "veh_id": 11577,
        "sim_time_s": 2161.8,
        "tier": "track-zone",
        "prearm_status": "",
        "focus_role": "none"
      }
    },
    {
      "type": "Feature",
      "geometry": {
        "type": "Point",
        "coordinates": [
          0.0,
          0.0
        ]
      },
      "properties": {
        "junction_id": 39606,
        "veh_id": 11546,
        "sim_time_s": 2171.2,
        "tier": "harmony-no-ge-local",
        "prearm_status": "skip",
        "focus_role": "none"
      }
    },
    {
      "type": "Feature",
      "geometry": {
        "type": "Point",
        "coordinates": [
          0.0,
          0.0
        ]
      },
      "properties": {
        "junction_id": 39576,
        "veh_id": 11577,
        "sim_time_s": 2173.9,
        "tier": "harmony-ins-local",
        "prearm_status": "action",
        "focus_role": "none"
      }
    },
    {
      "type": "Feature",
      "geometry": {
        "type": "Point",
        "coordinates": [
          0.0,
          0.0
        ]
      },
      "properties": {
        "junction_id": 39587,
        "veh_id": 11553,
        "sim_time_s": 2176.7,
        "tier": "harmony-no-ge-local",
        "prearm_status": "skip",
        "focus_role": "none"
      }
    },
    {
      "type": "Feature",
      "geometry": {
        "type": "Point",
        "coordinates": [
          500570.48270495096,
          6965465.076497741
        ]
      },
      "properties": {
        "junction_id": 39576,
        "veh_id": 11553,
        "sim_time_s": 2178.0,
        "tier": "track-zone",
        "prearm_status": "",
        "focus_role": "none"
      }
    },
    {
      "type": "Feature",
      "geometry": {
        "type": "Point",
        "coordinates": [
          500491.89407815394,
          6965696.671943666
        ]
      },
      "properties": {
        "junction_id": 39578,
        "veh_id": 11577,
        "sim_time_s": 2186.1,
        "tier": "track-zone",
        "prearm_status": "",
        "focus_role": "none"
      }
    },
    {
      "type": "Feature",
      "geometry": {
        "type": "Point",
        "coordinates": [
          500536.2693580097,
          6965604.768199479
        ]
      },
      "properties": {
        "junction_id": 39576,
        "veh_id": 11566,
        "sim_time_s": 2187.4,
        "tier": "IC-detect-far",
        "prearm_status": "",
        "focus_role": "none"
      }
    },
    {
      "type": "Feature",
      "geometry": {
        "type": "Point",
        "coordinates": [
          0.0,
          0.0
        ]
      },
      "properties": {
        "junction_id": 39587,
        "veh_id": 11566,
        "sim_time_s": 2192.8,
        "tier": "harmony-ins-local",
        "prearm_status": "action",
        "focus_role": "none"
      }
    },
    {
      "type": "Feature",
      "geometry": {
        "type": "Point",
        "coordinates": [
          500550.25506009423,
          6965566.721942063
        ]
      },
      "properties": {
        "junction_id": 10157950,
        "veh_id": 11566,
        "sim_time_s": 2195.6,
        "tier": "track-zone",
        "prearm_status": "",
        "focus_role": "none"
      }
    },
    {
      "type": "Feature",
      "geometry": {
        "type": "Point",
        "coordinates": [
          500608.95279353246,
          6965397.850747473
        ]
      },
      "properties": {
        "junction_id": 39593,
        "veh_id": 11566,
        "sim_time_s": 2209.1,
        "tier": "track-zone",
        "prearm_status": "",
        "focus_role": "none"
      }
    },
    {
      "type": "Feature",
      "geometry": {
        "type": "Point",
        "coordinates": [
          500506.8199756948,
          6965699.289149571
        ]
      },
      "properties": {
        "junction_id": 39587,
        "veh_id": 11534,
        "sim_time_s": 2215.8,
        "tier": "track-zone",
        "prearm_status": "",
        "focus_role": "none"
      }
    },
    {
      "type": "Feature",
      "geometry": {
        "type": "Point",
        "coordinates": [
          500492.0300443789,
          6965688.268006345
        ]
      },
      "properties": {
        "junction_id": 39578,
        "veh_id": 11553,
        "sim_time_s": 2215.8,
        "tier": "track-zone",
        "prearm_status": "",
        "focus_role": "none"
      }
    },
    {
      "type": "Feature",
      "geometry": {
        "type": "Point",
        "coordinates": [
          0.0,
          0.0
        ]
      },
      "properties": {
        "junction_id": 39578,
        "veh_id": 11577,
        "sim_time_s": 2215.8,
        "tier": "harmony-ins-local",
        "prearm_status": "action",
        "focus_role": "none"
      }
    },
    {
      "type": "Feature",
      "geometry": {
        "type": "Point",
        "coordinates": [
          500649.28083409014,
          6965246.768403124
        ]
      },
      "properties": {
        "junction_id": 36385,
        "veh_id": 11566,
        "sim_time_s": 2219.8,
        "tier": "track-zone",
        "prearm_status": "",
        "focus_role": "none"
      }
    },
    {
      "type": "Feature",
      "geometry": {
        "type": "Point",
        "coordinates": [
          0.0,
          0.0
        ]
      },
      "properties": {
        "junction_id": 39593,
        "veh_id": 11566,
        "sim_time_s": 2219.8,
        "tier": "harmony-ins-local",
        "prearm_status": "action",
        "focus_role": "none"
      }
    },
    {
      "type": "Feature",
      "geometry": {
        "type": "Point",
        "coordinates": [
          500944.51358507737,
          6964038.69291645
        ]
      },
      "properties": {
        "junction_id": 39606,
        "veh_id": 11543,
        "sim_time_s": 2220.3,
        "tier": "IC-detect",
        "prearm_status": "",
        "focus_role": "none"
      }
    },
    {
      "type": "Feature",
      "geometry": {
        "type": "Point",
        "coordinates": [
          0.0,
          0.0
        ]
      },
      "properties": {
        "junction_id": 39606,
        "veh_id": 11543,
        "sim_time_s": 2220.3,
        "tier": "harmony-no-ge-local",
        "prearm_status": "skip",
        "focus_role": "none"
      }
    },
    {
      "type": "Feature",
      "geometry": {
        "type": "Point",
        "coordinates": [
          500513.26639394724,
          6965645.709522087
        ]
      },
      "properties": {
        "junction_id": 1119660,
        "veh_id": 11534,
        "sim_time_s": 2221.2,
        "tier": "track-zone",
        "prearm_status": "",
        "focus_role": "none"
      }
    },
    {
      "type": "Feature",
      "geometry": {
        "type": "Point",
        "coordinates": [
          500928.43533054116,
          6964064.265338543
        ]
      },
      "properties": {
        "junction_id": 39590,
        "veh_id": 11543,
        "sim_time_s": 2223.4,
        "tier": "coord-prearm-harmony/SHOCKWAVE",
        "prearm_status": "fired",
        "focus_role": "none"
      }
    },
    {
      "type": "Feature",
      "geometry": {
        "type": "Point",
        "coordinates": [
          0.0,
          0.0
        ]
      },
      "properties": {
        "junction_id": 39590,
        "veh_id": 11543,
        "sim_time_s": 2223.9,
        "tier": "harmony-ins-local",
        "prearm_status": "action",
        "focus_role": "none"
      }
    },
    {
      "type": "Feature",
      "geometry": {
        "type": "Point",
        "coordinates": [
          500756.5972760396,
          6964319.360583134
        ]
      },
      "properties": {
        "junction_id": 39590,
        "veh_id": 11543,
        "sim_time_s": 2223.9,
        "tier": "coord-prearm-success/SHOCKWAVE",
        "prearm_status": "success",
        "focus_role": "none"
      }
    },
    {
      "type": "Feature",
      "geometry": {
        "type": "Point",
        "coordinates": [
          500912.2700768127,
          6964083.897719416
        ]
      },
      "properties": {
        "junction_id": 36393,
        "veh_id": 11543,
        "sim_time_s": 2227.1,
        "tier": "coord-prearm-harmony/SHOCKWAVE",
        "prearm_status": "fired",
        "focus_role": "none"
      }
    },
    {
      "type": "Feature",
      "geometry": {
        "type": "Point",
        "coordinates": [
          0.0,
          0.0
        ]
      },
      "properties": {
        "junction_id": 36393,
        "veh_id": 11543,
        "sim_time_s": 2227.5,
        "tier": "harmony-no-ge-local",
        "prearm_status": "skip",
        "focus_role": "none"
      }
    },
    {
      "type": "Feature",
      "geometry": {
        "type": "Point",
        "coordinates": [
          500684.0987813321,
          6964756.319799706
        ]
      },
      "properties": {
        "junction_id": 36393,
        "veh_id": 11543,
        "sim_time_s": 2227.5,
        "tier": "coord-prearm-success/SHOCKWAVE",
        "prearm_status": "success",
        "focus_role": "none"
      }
    },
    {
      "type": "Feature",
      "geometry": {
        "type": "Point",
        "coordinates": [
          500546.74022332166,
          6965567.434984605
        ]
      },
      "properties": {
        "junction_id": 10157950,
        "veh_id": 11534,
        "sim_time_s": 2230.7,
        "tier": "track-zone",
        "prearm_status": "",
        "focus_role": "none"
      }
    },
    {
      "type": "Feature",
      "geometry": {
        "type": "Point",
        "coordinates": [
          499891.7420103869,
          6967035.451822841
        ]
      },
      "properties": {
        "junction_id": 38339,
        "veh_id": 11541,
        "sim_time_s": 2231.6,
        "tier": "IC-detect",
        "prearm_status": "",
        "focus_role": "none"
      }
    },
    {
      "type": "Feature",
      "geometry": {
        "type": "Point",
        "coordinates": [
          500909.04336181714,
          6964088.419894888
        ]
      },
      "properties": {
        "junction_id": 36385,
        "veh_id": 11543,
        "sim_time_s": 2233.3,
        "tier": "coord-prearm-harmony/SHOCKWAVE",
        "prearm_status": "fired",
        "focus_role": "none"
      }
    },
    {
      "type": "Feature",
      "geometry": {
        "type": "Point",
        "coordinates": [
          0.0,
          0.0
        ]
      },
      "properties": {
        "junction_id": 36385,
        "veh_id": 11543,
        "sim_time_s": 2233.8,
        "tier": "harmony-ins-local",
        "prearm_status": "action",
        "focus_role": "none"
      }
    },
    {
      "type": "Feature",
      "geometry": {
        "type": "Point",
        "coordinates": [
          500715.9750991549,
          6965021.28412977
        ]
      },
      "properties": {
        "junction_id": 36385,
        "veh_id": 11543,
        "sim_time_s": 2233.8,
        "tier": "coord-prearm-success/SHOCKWAVE",
        "prearm_status": "success",
        "focus_role": "none"
      }
    },
    {
      "type": "Feature",
      "geometry": {
        "type": "Point",
        "coordinates": [
          0.0,
          0.0
        ]
      },
      "properties": {
        "junction_id": 39576,
        "veh_id": 11553,
        "sim_time_s": 2234.2,
        "tier": "harmony-no-ge-local",
        "prearm_status": "skip",
        "focus_role": "none"
      }
    },
    {
      "type": "Feature",
      "geometry": {
        "type": "Point",
        "coordinates": [
          500399.0413672847,
          6966038.767430344
        ]
      },
      "properties": {
        "junction_id": 1043762,
        "veh_id": 11577,
        "sim_time_s": 2234.7,
        "tier": "track-zone",
        "prearm_status": "",
        "focus_role": "none"
      }
    },
    {
      "type": "Feature",
      "geometry": {
        "type": "Point",
        "coordinates": [
          0.0,
          0.0
        ]
      },
      "properties": {
        "junction_id": 1043762,
        "veh_id": 11577,
        "sim_time_s": 2236.1,
        "tier": "harmony-no-ge-local",
        "prearm_status": "skip",
        "focus_role": "none"
      }
    },
    {
      "type": "Feature",
      "geometry": {
        "type": "Point",
        "coordinates": [
          500364.9919892465,
          6966068.179714817
        ]
      },
      "properties": {
        "junction_id": 39569,
        "veh_id": 11577,
        "sim_time_s": 2238.3,
        "tier": "coord-prearm-harmony/SHOCKWAVE",
        "prearm_status": "fired",
        "focus_role": "none"
      }
    },
    {
      "type": "Feature",
      "geometry": {
        "type": "Point",
        "coordinates": [
          0.0,
          0.0
        ]
      },
      "properties": {
        "junction_id": 39569,
        "veh_id": 11577,
        "sim_time_s": 2238.8,
        "tier": "harmony-no-ge-local",
        "prearm_status": "skip",
        "focus_role": "none"
      }
    },
    {
      "type": "Feature",
      "geometry": {
        "type": "Point",
        "coordinates": [
          500105.32496907446,
          6966447.427635934
        ]
      },
      "properties": {
        "junction_id": 39569,
        "veh_id": 11577,
        "sim_time_s": 2238.8,
        "tier": "coord-prearm-success/SHOCKWAVE",
        "prearm_status": "success",
        "focus_role": "none"
      }
    },
    {
      "type": "Feature",
      "geometry": {
        "type": "Point",
        "coordinates": [
          500311.46376338793,
          6966127.669708706
        ]
      },
      "properties": {
        "junction_id": 39572,
        "veh_id": 11577,
        "sim_time_s": 2243.7,
        "tier": "coord-prearm-harmony/SHOCKWAVE",
        "prearm_status": "fired",
        "focus_role": "none"
      }
    },
    {
      "type": "Feature",
      "geometry": {
        "type": "Point",
        "coordinates": [
          0.0,
          0.0
        ]
      },
      "properties": {
        "junction_id": 39572,
        "veh_id": 11577,
        "sim_time_s": 2244.2,
        "tier": "harmony-no-ge-local",
        "prearm_status": "skip",
        "focus_role": "none"
      }
    },
    {
      "type": "Feature",
      "geometry": {
        "type": "Point",
        "coordinates": [
          500012.2556836749,
          6966653.44887729
        ]
      },
      "properties": {
        "junction_id": 39572,
        "veh_id": 11577,
        "sim_time_s": 2244.2,
        "tier": "coord-prearm-success/SHOCKWAVE",
        "prearm_status": "success",
        "focus_role": "none"
      }
    },
    {
      "type": "Feature",
      "geometry": {
        "type": "Point",
        "coordinates": [
          499891.7420103869,
          6967035.451822841
        ]
      },
      "properties": {
        "junction_id": 11118289,
        "veh_id": 11541,
        "sim_time_s": 2246.8,
        "tier": "track-zone",
        "prearm_status": "",
        "focus_role": "none"
      }
    },
    {
      "type": "Feature",
      "geometry": {
        "type": "Point",
        "coordinates": [
          500952.09229130344,
          6964037.796872752
        ]
      },
      "properties": {
        "junction_id": 39606,
        "veh_id": 11578,
        "sim_time_s": 2250.0,
        "tier": "IC-detect",
        "prearm_status": "",
        "focus_role": "none"
      }
    },
    {
      "type": "Feature",
      "geometry": {
        "type": "Point",
        "coordinates": [
          0.0,
          0.0
        ]
      },
      "properties": {
        "junction_id": 39606,
        "veh_id": 11578,
        "sim_time_s": 2250.0,
        "tier": "harmony-no-ge-local",
        "prearm_status": "skip",
        "focus_role": "none"
      }
    },
    {
      "type": "Feature",
      "geometry": {
        "type": "Point",
        "coordinates": [
          0.0,
          0.0
        ]
      },
      "properties": {
        "junction_id": 39587,
        "veh_id": 11534,
        "sim_time_s": 2253.2,
        "tier": "harmony-no-ge-local",
        "prearm_status": "skip",
        "focus_role": "none"
      }
    },
    {
      "type": "Feature",
      "geometry": {
        "type": "Point",
        "coordinates": [
          500929.6202290327,
          6964068.006796754
        ]
      },
      "properties": {
        "junction_id": 39590,
        "veh_id": 11578,
        "sim_time_s": 2253.2,
        "tier": "coord-prearm-harmony/SHOCKWAVE",
        "prearm_status": "fired",
        "focus_role": "none"
      }
    },
    {
      "type": "Feature",
      "geometry": {
        "type": "Point",
        "coordinates": [
          500562.32741144457,
          6965528.878590607
        ]
      },
      "properties": {
        "junction_id": 39576,
        "veh_id": 11534,
        "sim_time_s": 2259.0,
        "tier": "track-zone",
        "prearm_status": "",
        "focus_role": "none"
      }
    },
    {
      "type": "Feature",
      "geometry": {
        "type": "Point",
        "coordinates": [
          500308.19900285004,
          6966149.435944151
        ]
      },
      "properties": {
        "junction_id": 1043762,
        "veh_id": 11567,
        "sim_time_s": 2267.1,
        "tier": "IC-detect",
        "prearm_status": "",
        "focus_role": "none"
      }
    },
    {
      "type": "Feature",
      "geometry": {
        "type": "Point",
        "coordinates": [
          499962.71359423356,
          6966941.918374443
        ]
      },
      "properties": {
        "junction_id": 39568,
        "veh_id": 11541,
        "sim_time_s": 2271.2,
        "tier": "track-zone",
        "prearm_status": "",
        "focus_role": "none"
      }
    },
    {
      "type": "Feature",
      "geometry": {
        "type": "Point",
        "coordinates": [
          499969.07050707395,
          6966897.515159002
        ]
      },
      "properties": {
        "junction_id": 39572,
        "veh_id": 11541,
        "sim_time_s": 2276.6,
        "tier": "track-zone",
        "prearm_status": "",
        "focus_role": "none"
      }
    },
    {
      "type": "Feature",
      "geometry": {
        "type": "Point",
        "coordinates": [
          0.0,
          0.0
        ]
      },
      "properties": {
        "junction_id": 39578,
        "veh_id": 11553,
        "sim_time_s": 2280.6,
        "tier": "harmony-ins-local",
        "prearm_status": "action",
        "focus_role": "none"
      }
    },
    {
      "type": "Feature",
      "geometry": {
        "type": "Point",
        "coordinates": [
          0.0,
          0.0
        ]
      },
      "properties": {
        "junction_id": 39590,
        "veh_id": 11578,
        "sim_time_s": 2284.7,
        "tier": "harmony-ins-local",
        "prearm_status": "action",
        "focus_role": "none"
      }
    },
    {
      "type": "Feature",
      "geometry": {
        "type": "Point",
        "coordinates": [
          500756.5972760396,
          6964319.360583134
        ]
      },
      "properties": {
        "junction_id": 39590,
        "veh_id": 11578,
        "sim_time_s": 2284.7,
        "tier": "coord-prearm-success/SHOCKWAVE",
        "prearm_status": "success",
        "focus_role": "none"
      }
    },
    {
      "type": "Feature",
      "geometry": {
        "type": "Point",
        "coordinates": [
          499514.957602059,
          6966653.088543277
        ]
      },
      "properties": {
        "junction_id": 39572,
        "veh_id": 11535,
        "sim_time_s": 2292.8,
        "tier": "IC-detect",
        "prearm_status": "",
        "focus_role": "none"
      }
    },
    {
      "type": "Feature",
      "geometry": {
        "type": "Point",
        "coordinates": [
          500083.7622236945,
          6967501.558707912
        ]
      },
      "properties": {
        "junction_id": 38339,
        "veh_id": 11568,
        "sim_time_s": 2295.9,
        "tier": "IC-detect",
        "prearm_status": "",
        "focus_role": "none"
      }
    },
    {
      "type": "Feature",
      "geometry": {
        "type": "Point",
        "coordinates": [
          0.0,
          0.0
        ]
      },
      "properties": {
        "junction_id": 39572,
        "veh_id": 11535,
        "sim_time_s": 2303.1,
        "tier": "harmony-ins-local",
        "prearm_status": "action",
        "focus_role": "none"
      }
    },
    {
      "type": "Feature",
      "geometry": {
        "type": "Point",
        "coordinates": [
          500393.39577472646,
          6966043.481084377
        ]
      },
      "properties": {
        "junction_id": 1043762,
        "veh_id": 11553,
        "sim_time_s": 2304.9,
        "tier": "track-zone",
        "prearm_status": "",
        "focus_role": "none"
      }
    },
    {
      "type": "Feature",
      "geometry": {
        "type": "Point",
        "coordinates": [
          0.0,
          0.0
        ]
      },
      "properties": {
        "junction_id": 36385,
        "veh_id": 11566,
        "sim_time_s": 2304.9,
        "tier": "harmony-ins-local",
        "prearm_status": "action",
        "focus_role": "none"
      }
    },
    {
      "type": "Feature",
      "geometry": {
        "type": "Point",
        "coordinates": [
          500607.1848215843,
          6965393.019757375
        ]
      },
      "properties": {
        "junction_id": 39593,
        "veh_id": 11534,
        "sim_time_s": 2306.2,
        "tier": "track-zone",
        "prearm_status": "",
        "focus_role": "none"
      }
    },
    {
      "type": "Feature",
      "geometry": {
        "type": "Point",
        "coordinates": [
          0.0,
          0.0
        ]
      },
      "properties": {
        "junction_id": 1043762,
        "veh_id": 11553,
        "sim_time_s": 2306.2,
        "tier": "harmony-no-ge-local",
        "prearm_status": "skip",
        "focus_role": "none"
      }
    },
    {
      "type": "Feature",
      "geometry": {
        "type": "Point",
        "coordinates": [
          0.0,
          0.0
        ]
      },
      "properties": {
        "junction_id": 38339,
        "veh_id": 11568,
        "sim_time_s": 2306.2,
        "tier": "harmony-ins-local",
        "prearm_status": "action",
        "focus_role": "none"
      }
    },
    {
      "type": "Feature",
      "geometry": {
        "type": "Point",
        "coordinates": [
          499757.2411916045,
          6966606.737896703
        ]
      },
      "properties": {
        "junction_id": 39568,
        "veh_id": 11535,
        "sim_time_s": 2307.6,
        "tier": "track-zone",
        "prearm_status": "",
        "focus_role": "none"
      }
    },
    {
      "type": "Feature",
      "geometry": {
        "type": "Point",
        "coordinates": [
          500363.80709717004,
          6966069.058504148
        ]
      },
      "properties": {
        "junction_id": 39569,
        "veh_id": 11553,
        "sim_time_s": 2308.5,
        "tier": "coord-prearm-harmony/SHOCKWAVE",
        "prearm_status": "fired",
        "focus_role": "none"
      }
    },
    {
      "type": "Feature",
      "geometry": {
        "type": "Point",
        "coordinates": [
          0.0,
          0.0
        ]
      },
      "properties": {
        "junction_id": 39569,
        "veh_id": 11553,
        "sim_time_s": 2308.9,
        "tier": "harmony-no-ge-local",
        "prearm_status": "skip",
        "focus_role": "none"
      }
    },
    {
      "type": "Feature",
      "geometry": {
        "type": "Point",
        "coordinates": [
          500105.32496907446,
          6966447.427635934
        ]
      },
      "properties": {
        "junction_id": 39569,
        "veh_id": 11553,
        "sim_time_s": 2308.9,
        "tier": "coord-prearm-success/SHOCKWAVE",
        "prearm_status": "success",
        "focus_role": "none"
      }
    },
    {
      "type": "Feature",
      "geometry": {
        "type": "Point",
        "coordinates": [
          500724.2554006768,
          6965032.402318459
        ]
      },
      "properties": {
        "junction_id": 36393,
        "veh_id": 11566,
        "sim_time_s": 2309.8,
        "tier": "coord-prearm-harmony/SHOCKWAVE",
        "prearm_status": "fired",
        "focus_role": "none"
      }
    },
    {
      "type": "Feature",
      "geometry": {
        "type": "Point",
        "coordinates": [
          0.0,
          0.0
        ]
      },
      "properties": {
        "junction_id": 36393,
        "veh_id": 11566,
        "sim_time_s": 2310.3,
        "tier": "harmony-no-ge-local",
        "prearm_status": "skip",
        "focus_role": "none"
      }
    },
    {
      "type": "Feature",
      "geometry": {
        "type": "Point",
        "coordinates": [
          500684.0987813321,
          6964756.319799706
        ]
      },
      "properties": {
        "junction_id": 36393,
        "veh_id": 11566,
        "sim_time_s": 2310.3,
        "tier": "coord-prearm-success/SHOCKWAVE",
        "prearm_status": "success",
        "focus_role": "none"
      }
    },
    {
      "type": "Feature",
      "geometry": {
        "type": "Point",
        "coordinates": [
          500728.8146688395,
          6964988.768284958
        ]
      },
      "properties": {
        "junction_id": 39590,
        "veh_id": 11566,
        "sim_time_s": 2313.4,
        "tier": "coord-prearm-harmony/SHOCKWAVE",
        "prearm_status": "fired",
        "focus_role": "none"
      }
    },
    {
      "type": "Feature",
      "geometry": {
        "type": "Point",
        "coordinates": [
          499886.59998009494,
          6966544.96811718
        ]
      },
      "properties": {
        "junction_id": 39569,
        "veh_id": 11535,
        "sim_time_s": 2317.1,
        "tier": "track-zone",
        "prearm_status": "",
        "focus_role": "none"
      }
    },
    {
      "type": "Feature",
      "geometry": {
        "type": "Point",
        "coordinates": [
          0.0,
          0.0
        ]
      },
      "properties": {
        "junction_id": 39593,
        "veh_id": 11534,
        "sim_time_s": 2317.1,
        "tier": "harmony-ins-local",
        "prearm_status": "action",
        "focus_role": "none"
      }
    },
    {
      "type": "Feature",
      "geometry": {
        "type": "Point",
        "coordinates": [
          500643.96051000804,
          6965251.732486004
        ]
      },
      "properties": {
        "junction_id": 36385,
        "veh_id": 11534,
        "sim_time_s": 2318.4,
        "tier": "track-zone",
        "prearm_status": "",
        "focus_role": "none"
      }
    },
    {
      "type": "Feature",
      "geometry": {
        "type": "Point",
        "coordinates": [
          500349.9898147629,
          6966098.94850867
        ]
      },
      "properties": {
        "junction_id": 39578,
        "veh_id": 11567,
        "sim_time_s": 2325.2,
        "tier": "track-section",
        "prearm_status": "",
        "focus_role": "none"
      }
    },
    {
      "type": "Feature",
      "geometry": {
        "type": "Point",
        "coordinates": [
          500673.2432161438,
          6964521.425949916
        ]
      },
      "properties": {
        "junction_id": 36393,
        "veh_id": 11578,
        "sim_time_s": 2341.3,
        "tier": "track-zone",
        "prearm_status": "",
        "focus_role": "none"
      }
    },
    {
      "type": "Feature",
      "geometry": {
        "type": "Point",
        "coordinates": [
          0.0,
          0.0
        ]
      },
      "properties": {
        "junction_id": 36393,
        "veh_id": 11578,
        "sim_time_s": 2341.3,
        "tier": "harmony-no-ge-local",
        "prearm_status": "skip",
        "focus_role": "none"
      }
    },
    {
      "type": "Feature",
      "geometry": {
        "type": "Point",
        "coordinates": [
          500126.3541489612,
          6966445.214709078
        ]
      },
      "properties": {
        "junction_id": 1043762,
        "veh_id": 11535,
        "sim_time_s": 2344.1,
        "tier": "track-zone",
        "prearm_status": "",
        "focus_role": "none"
      }
    },
    {
      "type": "Feature",
      "geometry": {
        "type": "Point",
        "coordinates": [
          500696.1116948392,
          6964446.529420765
        ]
      },
      "properties": {
        "junction_id": 39590,
        "veh_id": 11543,
        "sim_time_s": 2344.1,
        "tier": "IC-detect",
        "prearm_status": "",
        "focus_role": "none"
      }
    },
    {
      "type": "Feature",
      "geometry": {
        "type": "Point",
        "coordinates": [
          500672.2870562466,
          6964582.010021518
        ]
      },
      "properties": {
        "junction_id": 36385,
        "veh_id": 11578,
        "sim_time_s": 2345.4,
        "tier": "coord-prearm-harmony/SHOCKWAVE",
        "prearm_status": "fired",
        "focus_role": "none"
      }
    },
    {
      "type": "Feature",
      "geometry": {
        "type": "Point",
        "coordinates": [
          500675.0185465866,
          6964508.621053641
        ]
      },
      "properties": {
        "junction_id": 36393,
        "veh_id": 11543,
        "sim_time_s": 2348.1,
        "tier": "track-zone",
        "prearm_status": "",
        "focus_role": "none"
      }
    },
    {
      "type": "Feature",
      "geometry": {
        "type": "Point",
        "coordinates": [
          499967.1757309275,
          6967111.402914367
        ]
      },
      "properties": {
        "junction_id": 11118289,
        "veh_id": 11568,
        "sim_time_s": 2356.2,
        "tier": "track-zone",
        "prearm_status": "",
        "focus_role": "none"
      }
    },
    {
      "type": "Feature",
      "geometry": {
        "type": "Point",
        "coordinates": [
          500108.52812020294,
          6966441.928267072
        ]
      },
      "properties": {
        "junction_id": 39569,
        "veh_id": 11577,
        "sim_time_s": 2358.9,
        "tier": "IC-detect",
        "prearm_status": "",
        "focus_role": "none"
      }
    },
    {
      "type": "Feature",
      "geometry": {
        "type": "Point",
        "coordinates": [
          0.0,
          0.0
        ]
      },
      "properties": {
        "junction_id": 36385,
        "veh_id": 11578,
        "sim_time_s": 2365.2,
        "tier": "harmony-ins-local",
        "prearm_status": "action",
        "focus_role": "none"
      }
    },
    {
      "type": "Feature",
      "geometry": {
        "type": "Point",
        "coordinates": [
          500715.9750991549,
          6965021.28412977
        ]
      },
      "properties": {
        "junction_id": 36385,
        "veh_id": 11578,
        "sim_time_s": 2365.2,
        "tier": "coord-prearm-success/SHOCKWAVE",
        "prearm_status": "success",
        "focus_role": "none"
      }
    },
    {
      "type": "Feature",
      "geometry": {
        "type": "Point",
        "coordinates": [
          500079.46058097505,
          6966482.7215444585
        ]
      },
      "properties": {
        "junction_id": 39568,
        "veh_id": 11577,
        "sim_time_s": 2365.7,
        "tier": "track-zone",
        "prearm_status": "",
        "focus_role": "none"
      }
    },
    {
      "type": "Feature",
      "geometry": {
        "type": "Point",
        "coordinates": [
          499997.648228365,
          6966705.460978892
        ]
      },
      "properties": {
        "junction_id": 11118289,
        "veh_id": 11541,
        "sim_time_s": 2368.3,
        "tier": "track-zone",
        "prearm_status": "",
        "focus_role": "none"
      }
    },
    {
      "type": "Feature",
      "geometry": {
        "type": "Point",
        "coordinates": [
          500689.61573071254,
          6964871.646051869
        ]
      },
      "properties": {
        "junction_id": 39593,
        "veh_id": 11578,
        "sim_time_s": 2368.3,
        "tier": "coord-prearm-harmony/SHOCKWAVE",
        "prearm_status": "fired",
        "focus_role": "none"
      }
    },
    {
      "type": "Feature",
      "geometry": {
        "type": "Point",
        "coordinates": [
          500054.93759735796,
          6966541.3454661565
        ]
      },
      "properties": {
        "junction_id": 39572,
        "veh_id": 11577,
        "sim_time_s": 2369.7,
        "tier": "IC-detect",
        "prearm_status": "",
        "focus_role": "none"
      }
    },
    {
      "type": "Feature",
      "geometry": {
        "type": "Point",
        "coordinates": [
          0.0,
          0.0
        ]
      },
      "properties": {
        "junction_id": 39593,
        "veh_id": 11578,
        "sim_time_s": 2377.3,
        "tier": "harmony-ins-local",
        "prearm_status": "action",
        "focus_role": "none"
      }
    },
    {
      "type": "Feature",
      "geometry": {
        "type": "Point",
        "coordinates": [
          500686.73484330135,
          6965177.417928855
        ]
      },
      "properties": {
        "junction_id": 39593,
        "veh_id": 11578,
        "sim_time_s": 2377.3,
        "tier": "coord-prearm-success/SHOCKWAVE",
        "prearm_status": "success",
        "focus_role": "none"
      }
    },
    {
      "type": "Feature",
      "geometry": {
        "type": "Point",
        "coordinates": [
          500014.4244949664,
          6966663.892133342
        ]
      },
      "properties": {
        "junction_id": 39569,
        "veh_id": 11541,
        "sim_time_s": 2383.2,
        "tier": "track-zone",
        "prearm_status": "",
        "focus_role": "none"
      }
    },
    {
      "type": "Feature",
      "geometry": {
        "type": "Point",
        "coordinates": [
          500756.5972760396,
          6964319.360583134
        ]
      },
      "properties": {
        "junction_id": 39590,
        "veh_id": 11566,
        "sim_time_s": 2383.7,
        "tier": "coord-prearm-missed/SHOCKWAVE",
        "prearm_status": "missed",
        "focus_role": "none"
      }
    },
    {
      "type": "Feature",
      "geometry": {
        "type": "Point",
        "coordinates": [
          0.0,
          0.0
        ]
      },
      "properties": {
        "junction_id": 39569,
        "veh_id": 11535,
        "sim_time_s": 2387.2,
        "tier": "harmony-ins-local",
        "prearm_status": "action",
        "focus_role": "none"
      }
    },
    {
      "type": "Feature",
      "geometry": {
        "type": "Point",
        "coordinates": [
          500036.0698305554,
          6966612.663629883
        ]
      },
      "properties": {
        "junction_id": 39568,
        "veh_id": 11541,
        "sim_time_s": 2392.7,
        "tier": "track-zone",
        "prearm_status": "",
        "focus_role": "none"
      }
    },
    {
      "type": "Feature",
      "geometry": {
        "type": "Point",
        "coordinates": [
          0.0,
          0.0
        ]
      },
      "properties": {
        "junction_id": 39578,
        "veh_id": 11567,
        "sim_time_s": 2394.0,
        "tier": "harmony-ins-local",
        "prearm_status": "action",
        "focus_role": "none"
      }
    },
    {
      "type": "Feature",
      "geometry": {
        "type": "Point",
        "coordinates": [
          500036.3913775409,
          6966611.871344882
        ]
      },
      "properties": {
        "junction_id": 39572,
        "veh_id": 11541,
        "sim_time_s": 2396.7,
        "tier": "IC-detect",
        "prearm_status": "",
        "focus_role": "none"
      }
    },
    {
      "type": "Feature",
      "geometry": {
        "type": "Point",
        "coordinates": [
          0.0,
          0.0
        ]
      },
      "properties": {
        "junction_id": 39590,
        "veh_id": 11566,
        "sim_time_s": 2402.1,
        "tier": "harmony-no-ge-local",
        "prearm_status": "skip",
        "focus_role": "none"
      }
    },
    {
      "type": "Feature",
      "geometry": {
        "type": "Point",
        "coordinates": [
          500723.1861717998,
          6965001.285112787
        ]
      },
      "properties": {
        "junction_id": 36393,
        "veh_id": 11534,
        "sim_time_s": 2408.8,
        "tier": "track-zone",
        "prearm_status": "",
        "focus_role": "none"
      }
    },
    {
      "type": "Feature",
      "geometry": {
        "type": "Point",
        "coordinates": [
          500705.0162395833,
          6964478.255060413
        ]
      },
      "properties": {
        "junction_id": 39606,
        "veh_id": 11566,
        "sim_time_s": 2408.8,
        "tier": "coord-prearm-harmony/SHOCKWAVE",
        "prearm_status": "fired",
        "focus_role": "none"
      }
    },
    {
      "type": "Feature",
      "geometry": {
        "type": "Point",
        "coordinates": [
          0.0,
          0.0
        ]
      },
      "properties": {
        "junction_id": 39606,
        "veh_id": 11566,
        "sim_time_s": 2409.3,
        "tier": "harmony-no-ge-local",
        "prearm_status": "skip",
        "focus_role": "none"
      }
    },
    {
      "type": "Feature",
      "geometry": {
        "type": "Point",
        "coordinates": [
          500851.8606898629,
          6964194.216881554
        ]
      },
      "properties": {
        "junction_id": 39606,
        "veh_id": 11566,
        "sim_time_s": 2409.3,
        "tier": "coord-prearm-success/SHOCKWAVE",
        "prearm_status": "success",
        "focus_role": "none"
      }
    },
    {
      "type": "Feature",
      "geometry": {
        "type": "Point",
        "coordinates": [
          500018.1820072406,
          6966619.844931667
        ]
      },
      "properties": {
        "junction_id": 11118289,
        "veh_id": 11577,
        "sim_time_s": 2410.2,
        "tier": "track-zone",
        "prearm_status": "",
        "focus_role": "none"
      }
    },
    {
      "type": "Feature",
      "geometry": {
        "type": "Point",
        "coordinates": [
          500688.51007504674,
          6965095.297670703
        ]
      },
      "properties": {
        "junction_id": 10157950,
        "veh_id": 11578,
        "sim_time_s": 2415.6,
        "tier": "track-zone",
        "prearm_status": "",
        "focus_role": "none"
      }
    },
    {
      "type": "Feature",
      "geometry": {
        "type": "Point",
        "coordinates": [
          0.0,
          0.0
        ]
      },
      "properties": {
        "junction_id": 39572,
        "veh_id": 11541,
        "sim_time_s": 2417.4,
        "tier": "harmony-no-ge-local",
        "prearm_status": "skip",
        "focus_role": "none"
      }
    },
    {
      "type": "Feature",
      "geometry": {
        "type": "Point",
        "coordinates": [
          499963.06300470774,
          6966938.658133588
        ]
      },
      "properties": {
        "junction_id": 39568,
        "veh_id": 11568,
        "sim_time_s": 2419.7,
        "tier": "track-zone",
        "prearm_status": "",
        "focus_role": "none"
      }
    },
    {
      "type": "Feature",
      "geometry": {
        "type": "Point",
        "coordinates": [
          499966.28743153973,
          6966894.210478686
        ]
      },
      "properties": {
        "junction_id": 39572,
        "veh_id": 11568,
        "sim_time_s": 2422.3,
        "tier": "track-zone",
        "prearm_status": "",
        "focus_role": "none"
      }
    },
    {
      "type": "Feature",
      "geometry": {
        "type": "Point",
        "coordinates": [
          500657.6541930525,
          6965191.970050327
        ]
      },
      "properties": {
        "junction_id": 1119660,
        "veh_id": 11578,
        "sim_time_s": 2422.3,
        "tier": "track-zone",
        "prearm_status": "",
        "focus_role": "none"
      }
    },
    {
      "type": "Feature",
      "geometry": {
        "type": "Point",
        "coordinates": [
          500112.81225546316,
          6966425.913872365
        ]
      },
      "properties": {
        "junction_id": 39572,
        "veh_id": 11553,
        "sim_time_s": 2423.7,
        "tier": "track-zone",
        "prearm_status": "",
        "focus_role": "none"
      }
    },
    {
      "type": "Feature",
      "geometry": {
        "type": "Point",
        "coordinates": [
          499960.7041709123,
          6966793.279509238
        ]
      },
      "properties": {
        "junction_id": 38339,
        "veh_id": 11577,
        "sim_time_s": 2423.7,
        "tier": "track-zone",
        "prearm_status": "",
        "focus_role": "none"
      }
    },
    {
      "type": "Feature",
      "geometry": {
        "type": "Point",
        "coordinates": [
          500639.43132030236,
          6965232.961492742
        ]
      },
      "properties": {
        "junction_id": 39587,
        "veh_id": 11578,
        "sim_time_s": 2425.1,
        "tier": "track-zone",
        "prearm_status": "",
        "focus_role": "none"
      }
    },
    {
      "type": "Feature",
      "geometry": {
        "type": "Point",
        "coordinates": [
          500047.49899409356,
          6966457.8688153075
        ]
      },
      "properties": {
        "junction_id": 39569,
        "veh_id": 11553,
        "sim_time_s": 2429.1,
        "tier": "IC-detect",
        "prearm_status": "",
        "focus_role": "none"
      }
    },
    {
      "type": "Feature",
      "geometry": {
        "type": "Point",
        "coordinates": [
          500032.3551006563,
          6966464.964595393
        ]
      },
      "properties": {
        "junction_id": 39568,
        "veh_id": 11553,
        "sim_time_s": 2431.8,
        "tier": "track-zone",
        "prearm_status": "",
        "focus_role": "none"
      }
    },
    {
      "type": "Feature",
      "geometry": {
        "type": "Point",
        "coordinates": [
          0.0,
          0.0
        ]
      },
      "properties": {
        "junction_id": 38339,
        "veh_id": 11577,
        "sim_time_s": 2433.2,
        "tier": "harmony-no-ge-local",
        "prearm_status": "skip",
        "focus_role": "none"
      }
    },
    {
      "type": "Feature",
      "geometry": {
        "type": "Point",
        "coordinates": [
          0.0,
          0.0
        ]
      },
      "properties": {
        "junction_id": 39572,
        "veh_id": 11568,
        "sim_time_s": 2437.2,
        "tier": "harmony-ins-local",
        "prearm_status": "action",
        "focus_role": "none"
      }
    },
    {
      "type": "Feature",
      "geometry": {
        "type": "Point",
        "coordinates": [
          0.0,
          0.0
        ]
      },
      "properties": {
        "junction_id": 39587,
        "veh_id": 11578,
        "sim_time_s": 2438.6,
        "tier": "harmony-ins-local",
        "prearm_status": "action",
        "focus_role": "none"
      }
    },
    {
      "type": "Feature",
      "geometry": {
        "type": "Point",
        "coordinates": [
          0.0,
          0.0
        ]
      },
      "properties": {
        "junction_id": 1043762,
        "veh_id": 11535,
        "sim_time_s": 2438.6,
        "tier": "harmony-no-ge-local",
        "prearm_status": "skip",
        "focus_role": "none"
      }
    },
    {
      "type": "Feature",
      "geometry": {
        "type": "Point",
        "coordinates": [
          500693.63431222807,
          6964818.70669015
        ]
      },
      "properties": {
        "junction_id": 36385,
        "veh_id": 11534,
        "sim_time_s": 2439.9,
        "tier": "track-zone",
        "prearm_status": "",
        "focus_role": "none"
      }
    },
    {
      "type": "Feature",
      "geometry": {
        "type": "Point",
        "coordinates": [
          500569.23756204493,
          6965469.22186915
        ]
      },
      "properties": {
        "junction_id": 39576,
        "veh_id": 11578,
        "sim_time_s": 2441.2,
        "tier": "track-zone",
        "prearm_status": "",
        "focus_role": "none"
      }
    },
    {
      "type": "Feature",
      "geometry": {
        "type": "Point",
        "coordinates": [
          500008.80382398213,
          6966677.705427866
        ]
      },
      "properties": {
        "junction_id": 39569,
        "veh_id": 11568,
        "sim_time_s": 2442.6,
        "tier": "track-zone",
        "prearm_status": "",
        "focus_role": "none"
      }
    },
    {
      "type": "Feature",
      "geometry": {
        "type": "Point",
        "coordinates": [
          500679.5705775021,
          6964775.293604715
        ]
      },
      "properties": {
        "junction_id": 36385,
        "veh_id": 11543,
        "sim_time_s": 2446.7,
        "tier": "track-zone",
        "prearm_status": "",
        "focus_role": "none"
      }
    },
    {
      "type": "Feature",
      "geometry": {
        "type": "Point",
        "coordinates": [
          0.0,
          0.0
        ]
      },
      "properties": {
        "junction_id": 39576,
        "veh_id": 11578,
        "sim_time_s": 2448.0,
        "tier": "harmony-no-ge-local",
        "prearm_status": "skip",
        "focus_role": "none"
      }
    },
    {
      "type": "Feature",
      "geometry": {
        "type": "Point",
        "coordinates": [
          500131.33960586187,
          6966438.510223997
        ]
      },
      "properties": {
        "junction_id": 1043762,
        "veh_id": 11541,
        "sim_time_s": 2458.8,
        "tier": "track-zone",
        "prearm_status": "",
        "focus_role": "none"
      }
    },
    {
      "type": "Feature",
      "geometry": {
        "type": "Point",
        "coordinates": [
          0.0,
          0.0
        ]
      },
      "properties": {
        "junction_id": 36393,
        "veh_id": 11534,
        "sim_time_s": 2458.8,
        "tier": "harmony-ge-local",
        "prearm_status": "action",
        "focus_role": "none"
      }
    },
    {
      "type": "Feature",
      "geometry": {
        "type": "Point",
        "coordinates": [
          500691.89363659755,
          6964775.47886388
        ]
      },
      "properties": {
        "junction_id": 39590,
        "veh_id": 11534,
        "sim_time_s": 2462.8,
        "tier": "coord-prearm-harmony/SHOCKWAVE",
        "prearm_status": "fired",
        "focus_role": "none"
      }
    },
    {
      "type": "Feature",
      "geometry": {
        "type": "Point",
        "coordinates": [
          0.0,
          0.0
        ]
      },
      "properties": {
        "junction_id": 39590,
        "veh_id": 11534,
        "sim_time_s": 2463.3,
        "tier": "harmony-ins-local",
        "prearm_status": "action",
        "focus_role": "none"
      }
    },
    {
      "type": "Feature",
      "geometry": {
        "type": "Point",
        "coordinates": [
          500756.5972760396,
          6964319.360583134
        ]
      },
      "properties": {
        "junction_id": 39590,
        "veh_id": 11534,
        "sim_time_s": 2463.3,
        "tier": "coord-prearm-success/SHOCKWAVE",
        "prearm_status": "success",
        "focus_role": "none"
      }
    },
    {
      "type": "Feature",
      "geometry": {
        "type": "Point",
        "coordinates": [
          500678.5310800268,
          6964822.708755251
        ]
      },
      "properties": {
        "junction_id": 36393,
        "veh_id": 11543,
        "sim_time_s": 2468.2,
        "tier": "IC-detect-far",
        "prearm_status": "",
        "focus_role": "none"
      }
    },
    {
      "type": "Feature",
      "geometry": {
        "type": "Point",
        "coordinates": [
          500492.1626034037,
          6965687.707425894
        ]
      },
      "properties": {
        "junction_id": 39578,
        "veh_id": 11578,
        "sim_time_s": 2481.8,
        "tier": "track-zone",
        "prearm_status": "",
        "focus_role": "none"
      }
    },
    {
      "type": "Feature",
      "geometry": {
        "type": "Point",
        "coordinates": [
          500701.6851391964,
          6964932.211794221
        ]
      },
      "properties": {
        "junction_id": 39593,
        "veh_id": 11543,
        "sim_time_s": 2488.5,
        "tier": "track-zone",
        "prearm_status": "",
        "focus_role": "none"
      }
    },
    {
      "type": "Feature",
      "geometry": {
        "type": "Point",
        "coordinates": [
          0.0,
          0.0
        ]
      },
      "properties": {
        "junction_id": 39569,
        "veh_id": 11568,
        "sim_time_s": 2489.8,
        "tier": "harmony-ins-local",
        "prearm_status": "action",
        "focus_role": "none"
      }
    },
    {
      "type": "Feature",
      "geometry": {
        "type": "Point",
        "coordinates": [
          500727.1330866121,
          6964400.423601783
        ]
      },
      "properties": {
        "junction_id": 39606,
        "veh_id": 11534,
        "sim_time_s": 2492.6,
        "tier": "track-zone",
        "prearm_status": "",
        "focus_role": "none"
      }
    },
    {
      "type": "Feature",
      "geometry": {
        "type": "Point",
        "coordinates": [
          0.0,
          0.0
        ]
      },
      "properties": {
        "junction_id": 39572,
        "veh_id": 11553,
        "sim_time_s": 2497.5,
        "tier": "harmony-ge-local",
        "prearm_status": "action",
        "focus_role": "none"
      }
    },
    {
      "type": "Feature",
      "geometry": {
        "type": "Point",
        "coordinates": [
          500127.23145924363,
          6966439.018497354
        ]
      },
      "properties": {
        "junction_id": 1043762,
        "veh_id": 11568,
        "sim_time_s": 2497.9,
        "tier": "track-zone",
        "prearm_status": "",
        "focus_role": "none"
      }
    },
    {
      "type": "Feature",
      "geometry": {
        "type": "Point",
        "coordinates": [
          0.0,
          0.0
        ]
      },
      "properties": {
        "junction_id": 39606,
        "veh_id": 11534,
        "sim_time_s": 2503.3,
        "tier": "harmony-no-ge-local",
        "prearm_status": "skip",
        "focus_role": "none"
      }
    },
    {
      "type": "Feature",
      "geometry": {
        "type": "Point",
        "coordinates": [
          500173.6786875657,
          6966369.296075699
        ]
      },
      "properties": {
        "junction_id": 39569,
        "veh_id": 11541,
        "sim_time_s": 2503.3,
        "tier": "IC-detect",
        "prearm_status": "",
        "focus_role": "none"
      }
    },
    {
      "type": "Feature",
      "geometry": {
        "type": "Point",
        "coordinates": [
          500521.3290375109,
          6965949.08620043
        ]
      },
      "properties": {
        "junction_id": 39578,
        "veh_id": 11567,
        "sim_time_s": 2514.2,
        "tier": "IC-detect",
        "prearm_status": "",
        "focus_role": "none"
      }
    },
    {
      "type": "Feature",
      "geometry": {
        "type": "Point",
        "coordinates": [
          0.0,
          0.0
        ]
      },
      "properties": {
        "junction_id": 39578,
        "veh_id": 11578,
        "sim_time_s": 2514.2,
        "tier": "harmony-ins-local",
        "prearm_status": "action",
        "focus_role": "none"
      }
    },
    {
      "type": "Feature",
      "geometry": {
        "type": "Point",
        "coordinates": [
          500526.972247088,
          6965938.635613281
        ]
      },
      "properties": {
        "junction_id": 39576,
        "veh_id": 11567,
        "sim_time_s": 2531.7,
        "tier": "track-zone",
        "prearm_status": "",
        "focus_role": "none"
      }
    },
    {
      "type": "Feature",
      "geometry": {
        "type": "Point",
        "coordinates": [
          499512.512419305,
          6966653.6669520615
        ]
      },
      "properties": {
        "junction_id": 39572,
        "veh_id": 11558,
        "sim_time_s": 2532.6,
        "tier": "IC-detect",
        "prearm_status": "",
        "focus_role": "none"
      }
    },
    {
      "type": "Feature",
      "geometry": {
        "type": "Point",
        "coordinates": [
          500407.5775217457,
          6966035.353319236
        ]
      },
      "properties": {
        "junction_id": 1043762,
        "veh_id": 11578,
        "sim_time_s": 2533.1,
        "tier": "track-zone",
        "prearm_status": "",
        "focus_role": "none"
      }
    },
    {
      "type": "Feature",
      "geometry": {
        "type": "Point",
        "coordinates": [
          0.0,
          0.0
        ]
      },
      "properties": {
        "junction_id": 36385,
        "veh_id": 11543,
        "sim_time_s": 2533.9,
        "tier": "harmony-ge-local",
        "prearm_status": "action",
        "focus_role": "none"
      }
    },
    {
      "type": "Feature",
      "geometry": {
        "type": "Point",
        "coordinates": [
          0.0,
          0.0
        ]
      },
      "properties": {
        "junction_id": 1043762,
        "veh_id": 11578,
        "sim_time_s": 2535.8,
        "tier": "harmony-no-ge-local",
        "prearm_status": "skip",
        "focus_role": "none"
      }
    },
    {
      "type": "Feature",
      "geometry": {
        "type": "Point",
        "coordinates": [
          500356.52089785953,
          6966079.491687736
        ]
      },
      "properties": {
        "junction_id": 39569,
        "veh_id": 11578,
        "sim_time_s": 2538.0,
        "tier": "coord-prearm-harmony/SHOCKWAVE",
        "prearm_status": "fired",
        "focus_role": "none"
      }
    },
    {
      "type": "Feature",
      "geometry": {
        "type": "Point",
        "coordinates": [
          0.0,
          0.0
        ]
      },
      "properties": {
        "junction_id": 39569,
        "veh_id": 11541,
        "sim_time_s": 2550.2,
        "tier": "harmony-no-ge-local",
        "prearm_status": "skip",
        "focus_role": "none"
      }
    },
    {
      "type": "Feature",
      "geometry": {
        "type": "Point",
        "coordinates": [
          500129.53892367374,
          6965614.444196103
        ]
      },
      "properties": {
        "junction_id": 39576,
        "veh_id": 11547,
        "sim_time_s": 2552.4,
        "tier": "IC-detect-far",
        "prearm_status": "",
        "focus_role": "none"
      }
    },
    {
      "type": "Feature",
      "geometry": {
        "type": "Point",
        "coordinates": [
          0.0,
          0.0
        ]
      },
      "properties": {
        "junction_id": 39569,
        "veh_id": 11578,
        "sim_time_s": 2557.3,
        "tier": "harmony-ins-local",
        "prearm_status": "action",
        "focus_role": "none"
      }
    },
    {
      "type": "Feature",
      "geometry": {
        "type": "Point",
        "coordinates": [
          500105.32496907446,
          6966447.427635934
        ]
      },
      "properties": {
        "junction_id": 39569,
        "veh_id": 11578,
        "sim_time_s": 2557.3,
        "tier": "coord-prearm-success/SHOCKWAVE",
        "prearm_status": "success",
        "focus_role": "none"
      }
    },
    {
      "type": "Feature",
      "geometry": {
        "type": "Point",
        "coordinates": [
          500306.99347413535,
          6966155.9793344075
        ]
      },
      "properties": {
        "junction_id": 1043762,
        "veh_id": 11535,
        "sim_time_s": 2558.7,
        "tier": "IC-detect-far",
        "prearm_status": "",
        "focus_role": "none"
      }
    },
    {
      "type": "Feature",
      "geometry": {
        "type": "Point",
        "coordinates": [
          0.0,
          0.0
        ]
      },
      "properties": {
        "junction_id": 1043762,
        "veh_id": 11568,
        "sim_time_s": 2558.7,
        "tier": "harmony-no-ge-local",
        "prearm_status": "skip",
        "focus_role": "none"
      }
    },
    {
      "type": "Feature",
      "geometry": {
        "type": "Point",
        "coordinates": [
          0.0,
          0.0
        ]
      },
      "properties": {
        "junction_id": 39593,
        "veh_id": 11543,
        "sim_time_s": 2560.1,
        "tier": "harmony-ins-local",
        "prearm_status": "action",
        "focus_role": "none"
      }
    },
    {
      "type": "Feature",
      "geometry": {
        "type": "Point",
        "coordinates": [
          500149.7118644555,
          6966382.31861486
        ]
      },
      "properties": {
        "junction_id": 39572,
        "veh_id": 11578,
        "sim_time_s": 2560.5,
        "tier": "coord-prearm-harmony/SHOCKWAVE",
        "prearm_status": "fired",
        "focus_role": "none"
      }
    },
    {
      "type": "Feature",
      "geometry": {
        "type": "Point",
        "coordinates": [
          500682.0030623018,
          6965096.333609879
        ]
      },
      "properties": {
        "junction_id": 10157950,
        "veh_id": 11543,
        "sim_time_s": 2561.4,
        "tier": "track-zone",
        "prearm_status": "",
        "focus_role": "none"
      }
    },
    {
      "type": "Feature",
      "geometry": {
        "type": "Point",
        "coordinates": [
          0.0,
          0.0
        ]
      },
      "properties": {
        "junction_id": 39572,
        "veh_id": 11578,
        "sim_time_s": 2565.4,
        "tier": "harmony-ins-local",
        "prearm_status": "action",
        "focus_role": "none"
      }
    },
    {
      "type": "Feature",
      "geometry": {
        "type": "Point",
        "coordinates": [
          500012.2556836749,
          6966653.44887729
        ]
      },
      "properties": {
        "junction_id": 39572,
        "veh_id": 11578,
        "sim_time_s": 2565.4,
        "tier": "coord-prearm-success/SHOCKWAVE",
        "prearm_status": "success",
        "focus_role": "none"
      }
    },
    {
      "type": "Feature",
      "geometry": {
        "type": "Point",
        "coordinates": [
          0.0,
          0.0
        ]
      },
      "properties": {
        "junction_id": 39576,
        "veh_id": 11567,
        "sim_time_s": 2578.9,
        "tier": "harmony-no-ge-local",
        "prearm_status": "skip",
        "focus_role": "none"
      }
    },
    {
      "type": "Feature",
      "geometry": {
        "type": "Point",
        "coordinates": [
          500211.74882868846,
          6966304.666174153
        ]
      },
      "properties": {
        "junction_id": 1043762,
        "veh_id": 11541,
        "sim_time_s": 2578.9,
        "tier": "IC-detect",
        "prearm_status": "",
        "focus_role": "none"
      }
    },
    {
      "type": "Feature",
      "geometry": {
        "type": "Point",
        "coordinates": [
          500664.8143083011,
          6965173.410940781
        ]
      },
      "properties": {
        "junction_id": 1119660,
        "veh_id": 11543,
        "sim_time_s": 2585.7,
        "tier": "track-zone",
        "prearm_status": "",
        "focus_role": "none"
      }
    },
    {
      "type": "Feature",
      "geometry": {
        "type": "Point",
        "coordinates": [
          500638.51582138555,
          6965234.994951132
        ]
      },
      "properties": {
        "junction_id": 39587,
        "veh_id": 11543,
        "sim_time_s": 2589.8,
        "tier": "track-zone",
        "prearm_status": "",
        "focus_role": "none"
      }
    },
    {
      "type": "Feature",
      "geometry": {
        "type": "Point",
        "coordinates": [
          0.0,
          0.0
        ]
      },
      "properties": {
        "junction_id": 1043762,
        "veh_id": 11541,
        "sim_time_s": 2592.4,
        "tier": "harmony-no-ge-local",
        "prearm_status": "skip",
        "focus_role": "none"
      }
    },
    {
      "type": "Feature",
      "geometry": {
        "type": "Point",
        "coordinates": [
          499757.9586293669,
          6966606.392312316
        ]
      },
      "properties": {
        "junction_id": 39568,
        "veh_id": 11558,
        "sim_time_s": 2619.4,
        "tier": "track-zone",
        "prearm_status": "",
        "focus_role": "none"
      }
    },
    {
      "type": "Feature",
      "geometry": {
        "type": "Point",
        "coordinates": [
          0.0,
          0.0
        ]
      },
      "properties": {
        "junction_id": 39572,
        "veh_id": 11558,
        "sim_time_s": 2625.8,
        "tier": "harmony-no-ge-local",
        "prearm_status": "skip",
        "focus_role": "none"
      }
    },
    {
      "type": "Feature",
      "geometry": {
        "type": "Point",
        "coordinates": [
          499880.2678589977,
          6966547.952049522
        ]
      },
      "properties": {
        "junction_id": 39569,
        "veh_id": 11558,
        "sim_time_s": 2630.2,
        "tier": "track-zone",
        "prearm_status": "",
        "focus_role": "none"
      }
    },
    {
      "type": "Feature",
      "geometry": {
        "type": "Point",
        "coordinates": [
          500078.471614181,
          6966484.604238702
        ]
      },
      "properties": {
        "junction_id": 39568,
        "veh_id": 11578,
        "sim_time_s": 2632.9,
        "tier": "track-zone",
        "prearm_status": "",
        "focus_role": "none"
      }
    },
    {
      "type": "Feature",
      "geometry": {
        "type": "Point",
        "coordinates": [
          0.0,
          0.0
        ]
      },
      "properties": {
        "junction_id": 39569,
        "veh_id": 11558,
        "sim_time_s": 2639.7,
        "tier": "harmony-no-ge-local",
        "prearm_status": "skip",
        "focus_role": "none"
      }
    },
    {
      "type": "Feature",
      "geometry": {
        "type": "Point",
        "coordinates": [
          500350.7057124826,
          6966102.272455055
        ]
      },
      "properties": {
        "junction_id": 39578,
        "veh_id": 11535,
        "sim_time_s": 2641.1,
        "tier": "track-section",
        "prearm_status": "",
        "focus_role": "none"
      }
    },
    {
      "type": "Feature",
      "geometry": {
        "type": "Point",
        "coordinates": [
          500005.67603305686,
          6966487.764078484
        ]
      },
      "properties": {
        "junction_id": 1043762,
        "veh_id": 11558,
        "sim_time_s": 2641.9,
        "tier": "coord-prearm-harmony/SHOCKWAVE",
        "prearm_status": "fired",
        "focus_role": "none"
      }
    },
    {
      "type": "Feature",
      "geometry": {
        "type": "Point",
        "coordinates": [
          0.0,
          0.0
        ]
      },
      "properties": {
        "junction_id": 1043762,
        "veh_id": 11558,
        "sim_time_s": 2642.4,
        "tier": "harmony-ins-local",
        "prearm_status": "action",
        "focus_role": "none"
      }
    },
    {
      "type": "Feature",
      "geometry": {
        "type": "Point",
        "coordinates": [
          500248.43905837496,
          6966228.103814566
        ]
      },
      "properties": {
        "junction_id": 1043762,
        "veh_id": 11558,
        "sim_time_s": 2642.4,
        "tier": "coord-prearm-success/SHOCKWAVE",
        "prearm_status": "success",
        "focus_role": "none"
      }
    },
    {
      "type": "Feature",
      "geometry": {
        "type": "Point",
        "coordinates": [
          0.0,
          0.0
        ]
      },
      "properties": {
        "junction_id": 39578,
        "veh_id": 11535,
        "sim_time_s": 2659.9,
        "tier": "harmony-ins-local",
        "prearm_status": "action",
        "focus_role": "none"
      }
    },
    {
      "type": "Feature",
      "geometry": {
        "type": "Point",
        "coordinates": [
          0.0,
          0.0
        ]
      },
      "properties": {
        "junction_id": 39587,
        "veh_id": 11543,
        "sim_time_s": 2666.7,
        "tier": "harmony-ins-local",
        "prearm_status": "action",
        "focus_role": "none"
      }
    },
    {
      "type": "Feature",
      "geometry": {
        "type": "Point",
        "coordinates": [
          500573.1792044565,
          6965457.050061688
        ]
      },
      "properties": {
        "junction_id": 39576,
        "veh_id": 11543,
        "sim_time_s": 2669.4,
        "tier": "track-zone",
        "prearm_status": "",
        "focus_role": "none"
      }
    },
    {
      "type": "Feature",
      "geometry": {
        "type": "Point",
        "coordinates": [
          500233.2103634533,
          6965631.470911591
        ]
      },
      "properties": {
        "junction_id": 39576,
        "veh_id": 11547,
        "sim_time_s": 2672.6,
        "tier": "IC-detect-far",
        "prearm_status": "",
        "focus_role": "none"
      }
    },
    {
      "type": "Feature",
      "geometry": {
        "type": "Point",
        "coordinates": [
          500018.28937989916,
          6966619.583141802
        ]
      },
      "properties": {
        "junction_id": 11118289,
        "veh_id": 11578,
        "sim_time_s": 2676.2,
        "tier": "track-zone",
        "prearm_status": "",
        "focus_role": "none"
      }
    },
    {
      "type": "Feature",
      "geometry": {
        "type": "Point",
        "coordinates": [
          500249.77690249984,
          6966232.819050569
        ]
      },
      "properties": {
        "junction_id": 1043762,
        "veh_id": 11568,
        "sim_time_s": 2678.8,
        "tier": "IC-detect",
        "prearm_status": "",
        "focus_role": "none"
      }
    },
    {
      "type": "Feature",
      "geometry": {
        "type": "Point",
        "coordinates": [
          500013.06731125637,
          6966635.100405672
        ]
      },
      "properties": {
        "junction_id": 39572,
        "veh_id": 11578,
        "sim_time_s": 2685.6,
        "tier": "IC-detect",
        "prearm_status": "",
        "focus_role": "none"
      }
    },
    {
      "type": "Feature",
      "geometry": {
        "type": "Point",
        "coordinates": [
          500512.315299816,
          6965717.815330855
        ]
      },
      "properties": {
        "junction_id": 39578,
        "veh_id": 11567,
        "sim_time_s": 2691.0,
        "tier": "track-zone",
        "prearm_status": "",
        "focus_role": "none"
      }
    },
    {
      "type": "Feature",
      "geometry": {
        "type": "Point",
        "coordinates": [
          500512.3162173336,
          6965717.75700333
        ]
      },
      "properties": {
        "junction_id": 39576,
        "veh_id": 11567,
        "sim_time_s": 2699.1,
        "tier": "IC-detect",
        "prearm_status": "",
        "focus_role": "none"
      }
    },
    {
      "type": "Feature",
      "geometry": {
        "type": "Point",
        "coordinates": [
          500952.09229130344,
          6964037.796872752
        ]
      },
      "properties": {
        "junction_id": 39606,
        "veh_id": 11579,
        "sim_time_s": 2700.0,
        "tier": "IC-detect",
        "prearm_status": "",
        "focus_role": "none"
      }
    },
    {
      "type": "Feature",
      "geometry": {
        "type": "Point",
        "coordinates": [
          0.0,
          0.0
        ]
      },
      "properties": {
        "junction_id": 39606,
        "veh_id": 11579,
        "sim_time_s": 2700.0,
        "tier": "harmony-ins-local",
        "prearm_status": "action",
        "focus_role": "none"
      }
    },
    {
      "type": "Feature",
      "geometry": {
        "type": "Point",
        "coordinates": [
          500512.5632827587,
          6965705.170948874
        ]
      },
      "properties": {
        "junction_id": 39587,
        "veh_id": 11567,
        "sim_time_s": 2703.2,
        "tier": "track-zone",
        "prearm_status": "",
        "focus_role": "none"
      }
    },
    {
      "type": "Feature",
      "geometry": {
        "type": "Point",
        "coordinates": [
          500921.56028858473,
          6964080.657557944
        ]
      },
      "properties": {
        "junction_id": 39590,
        "veh_id": 11579,
        "sim_time_s": 2703.2,
        "tier": "coord-prearm-harmony/SHOCKWAVE",
        "prearm_status": "fired",
        "focus_role": "none"
      }
    },
    {
      "type": "Feature",
      "geometry": {
        "type": "Point",
        "coordinates": [
          0.0,
          0.0
        ]
      },
      "properties": {
        "junction_id": 39590,
        "veh_id": 11579,
        "sim_time_s": 2703.6,
        "tier": "harmony-ins-local",
        "prearm_status": "action",
        "focus_role": "none"
      }
    },
    {
      "type": "Feature",
      "geometry": {
        "type": "Point",
        "coordinates": [
          500756.5972760396,
          6964319.360583134
        ]
      },
      "properties": {
        "junction_id": 39590,
        "veh_id": 11579,
        "sim_time_s": 2703.6,
        "tier": "coord-prearm-success/SHOCKWAVE",
        "prearm_status": "success",
        "focus_role": "none"
      }
    },
    {
      "type": "Feature",
      "geometry": {
        "type": "Point",
        "coordinates": [
          500085.89676515205,
          6967503.870547378
        ]
      },
      "properties": {
        "junction_id": 38339,
        "veh_id": 11569,
        "sim_time_s": 2704.5,
        "tier": "IC-detect",
        "prearm_status": "",
        "focus_role": "none"
      }
    },
    {
      "type": "Feature",
      "geometry": {
        "type": "Point",
        "coordinates": [
          500894.77954953106,
          6964116.758721456
        ]
      },
      "properties": {
        "junction_id": 36393,
        "veh_id": 11579,
        "sim_time_s": 2706.8,
        "tier": "coord-prearm-harmony/SHOCKWAVE",
        "prearm_status": "fired",
        "focus_role": "none"
      }
    },
    {
      "type": "Feature",
      "geometry": {
        "type": "Point",
        "coordinates": [
          0.0,
          0.0
        ]
      },
      "properties": {
        "junction_id": 36393,
        "veh_id": 11579,
        "sim_time_s": 2707.2,
        "tier": "harmony-ins-local",
        "prearm_status": "action",
        "focus_role": "none"
      }
    },
    {
      "type": "Feature",
      "geometry": {
        "type": "Point",
        "coordinates": [
          500684.0987813321,
          6964756.319799706
        ]
      },
      "properties": {
        "junction_id": 36393,
        "veh_id": 11579,
        "sim_time_s": 2707.2,
        "tier": "coord-prearm-success/SHOCKWAVE",
        "prearm_status": "success",
        "focus_role": "none"
      }
    },
    {
      "type": "Feature",
      "geometry": {
        "type": "Point",
        "coordinates": [
          500518.14034921187,
          6965650.49888563
        ]
      },
      "properties": {
        "junction_id": 1119660,
        "veh_id": 11567,
        "sim_time_s": 2709.9,
        "tier": "track-zone",
        "prearm_status": "",
        "focus_role": "none"
      }
    },
    {
      "type": "Feature",
      "geometry": {
        "type": "Point",
        "coordinates": [
          500348.3834185352,
          6966100.312689777
        ]
      },
      "properties": {
        "junction_id": 39578,
        "veh_id": 11568,
        "sim_time_s": 2711.2,
        "tier": "track-section",
        "prearm_status": "",
        "focus_role": "none"
      }
    },
    {
      "type": "Feature",
      "geometry": {
        "type": "Point",
        "coordinates": [
          500473.98280388117,
          6965691.564702708
        ]
      },
      "properties": {
        "junction_id": 39578,
        "veh_id": 11543,
        "sim_time_s": 2712.6,
        "tier": "track-zone",
        "prearm_status": "",
        "focus_role": "none"
      }
    },
    {
      "type": "Feature",
      "geometry": {
        "type": "Point",
        "coordinates": [
          500342.01049367106,
          6966111.9806845235
        ]
      },
      "properties": {
        "junction_id": 1043762,
        "veh_id": 11541,
        "sim_time_s": 2712.6,
        "tier": "IC-detect",
        "prearm_status": "",
        "focus_role": "none"
      }
    },
    {
      "type": "Feature",
      "geometry": {
        "type": "Point",
        "coordinates": [
          500829.9224436652,
          6964189.3916141195
        ]
      },
      "properties": {
        "junction_id": 36385,
        "veh_id": 11579,
        "sim_time_s": 2713.1,
        "tier": "coord-prearm-harmony/SHOCKWAVE",
        "prearm_status": "fired",
        "focus_role": "none"
      }
    },
    {
      "type": "Feature",
      "geometry": {
        "type": "Point",
        "coordinates": [
          0.0,
          0.0
        ]
      },
      "properties": {
        "junction_id": 36385,
        "veh_id": 11579,
        "sim_time_s": 2713.5,
        "tier": "harmony-ins-local",
        "prearm_status": "action",
        "focus_role": "none"
      }
    },
    {
      "type": "Feature",
      "geometry": {
        "type": "Point",
        "coordinates": [
          500715.9750991549,
          6965021.28412977
        ]
      },
      "properties": {
        "junction_id": 36385,
        "veh_id": 11579,
        "sim_time_s": 2713.5,
        "tier": "coord-prearm-success/SHOCKWAVE",
        "prearm_status": "success",
        "focus_role": "none"
      }
    },
    {
      "type": "Feature",
      "geometry": {
        "type": "Point",
        "coordinates": [
          0.0,
          0.0
        ]
      },
      "properties": {
        "junction_id": 38339,
        "veh_id": 11569,
        "sim_time_s": 2714.8,
        "tier": "harmony-ins-local",
        "prearm_status": "action",
        "focus_role": "none"
      }
    },
    {
      "type": "Feature",
      "geometry": {
        "type": "Point",
        "coordinates": [
          500354.1238600705,
          6966099.1137649305
        ]
      },
      "properties": {
        "junction_id": 39578,
        "veh_id": 11541,
        "sim_time_s": 2715.3,
        "tier": "track-section",
        "prearm_status": "",
        "focus_role": "none"
      }
    },
    {
      "type": "Feature",
      "geometry": {
        "type": "Point",
        "coordinates": [
          499960.7820199022,
          6966784.032343585
        ]
      },
      "properties": {
        "junction_id": 38339,
        "veh_id": 11578,
        "sim_time_s": 2728.8,
        "tier": "track-zone",
        "prearm_status": "",
        "focus_role": "none"
      }
    },
    {
      "type": "Feature",
      "geometry": {
        "type": "Point",
        "coordinates": [
          0.0,
          0.0
        ]
      },
      "properties": {
        "junction_id": 39576,
        "veh_id": 11543,
        "sim_time_s": 2730.2,
        "tier": "harmony-ins-local",
        "prearm_status": "action",
        "focus_role": "none"
      }
    },
    {
      "type": "Feature",
      "geometry": {
        "type": "Point",
        "coordinates": [
          500923.8761529711,
          6965248.202983758
        ]
      },
      "properties": {
        "junction_id": 39593,
        "veh_id": 11528,
        "sim_time_s": 2731.1,
        "tier": "IC-detect",
        "prearm_status": "",
        "focus_role": "none"
      }
    },
    {
      "type": "Feature",
      "geometry": {
        "type": "Point",
        "coordinates": [
          500041.0763371863,
          6966471.393195154
        ]
      },
      "properties": {
        "junction_id": 39568,
        "veh_id": 11558,
        "sim_time_s": 2740.9,
        "tier": "track-zone",
        "prearm_status": "",
        "focus_role": "none"
      }
    },
    {
      "type": "Feature",
      "geometry": {
        "type": "Point",
        "coordinates": [
          0.0,
          0.0
        ]
      },
      "properties": {
        "junction_id": 39578,
        "veh_id": 11541,
        "sim_time_s": 2740.9,
        "tier": "harmony-ins-local",
        "prearm_status": "action",
        "focus_role": "none"
      }
    },
    {
      "type": "Feature",
      "geometry": {
        "type": "Point",
        "coordinates": [
          0.0,
          0.0
        ]
      },
      "properties": {
        "junction_id": 39587,
        "veh_id": 11567,
        "sim_time_s": 2742.3,
        "tier": "harmony-ins-local",
        "prearm_status": "action",
        "focus_role": "none"
      }
    },
    {
      "type": "Feature",
      "geometry": {
        "type": "Point",
        "coordinates": [
          0.0,
          0.0
        ]
      },
      "properties": {
        "junction_id": 39593,
        "veh_id": 11528,
        "sim_time_s": 2759.8,
        "tier": "harmony-ins-local",
        "prearm_status": "action",
        "focus_role": "none"
      }
    },
    {
      "type": "Feature",
      "geometry": {
        "type": "Point",
        "coordinates": [
          500041.0763371863,
          6966471.393195154
        ]
      },
      "properties": {
        "junction_id": 39569,
        "veh_id": 11558,
        "sim_time_s": 2759.8,
        "tier": "IC-detect",
        "prearm_status": "",
        "focus_role": "none"
      }
    },
    {
      "type": "Feature",
      "geometry": {
        "type": "Point",
        "coordinates": [
          500529.8272896284,
          6965939.451614549
        ]
      },
      "properties": {
        "junction_id": 39576,
        "veh_id": 11535,
        "sim_time_s": 2767.9,
        "tier": "track-zone",
        "prearm_status": "",
        "focus_role": "none"
      }
    },
    {
      "type": "Feature",
      "geometry": {
        "type": "Point",
        "coordinates": [
          499964.6462440071,
          6967097.499978747
        ]
      },
      "properties": {
        "junction_id": 11118289,
        "veh_id": 11569,
        "sim_time_s": 2770.7,
        "tier": "track-zone",
        "prearm_status": "",
        "focus_role": "none"
      }
    },
    {
      "type": "Feature",
      "geometry": {
        "type": "Point",
        "coordinates": [
          0.0,
          0.0
        ]
      },
      "properties": {
        "junction_id": 38339,
        "veh_id": 11578,
        "sim_time_s": 2775.2,
        "tier": "harmony-ins-local",
        "prearm_status": "action",
        "focus_role": "none"
      }
    },
    {
      "type": "Feature",
      "geometry": {
        "type": "Point",
        "coordinates": [
          500552.78550907597,
          6965568.639521753
        ]
      },
      "properties": {
        "junction_id": 10157950,
        "veh_id": 11567,
        "sim_time_s": 2776.1,
        "tier": "track-zone",
        "prearm_status": "",
        "focus_role": "none"
      }
    },
    {
      "type": "Feature",
      "geometry": {
        "type": "Point",
        "coordinates": [
          500126.9501444642,
          6966444.327700758
        ]
      },
      "properties": {
        "junction_id": 1043762,
        "veh_id": 11558,
        "sim_time_s": 2778.8,
        "tier": "track-zone",
        "prearm_status": "",
        "focus_role": "none"
      }
    },
    {
      "type": "Feature",
      "geometry": {
        "type": "Point",
        "coordinates": [
          500538.58667160897,
          6965889.538068781
        ]
      },
      "properties": {
        "junction_id": 39578,
        "veh_id": 11535,
        "sim_time_s": 2780.1,
        "tier": "IC-detect",
        "prearm_status": "",
        "focus_role": "none"
      }
    },
    {
      "type": "Feature",
      "geometry": {
        "type": "Point",
        "coordinates": [
          499961.7706575229,
          6966948.543257766
        ]
      },
      "properties": {
        "junction_id": 39568,
        "veh_id": 11569,
        "sim_time_s": 2792.2,
        "tier": "track-zone",
        "prearm_status": "",
        "focus_role": "none"
      }
    },
    {
      "type": "Feature",
      "geometry": {
        "type": "Point",
        "coordinates": [
          500248.55711997,
          6965633.993165783
        ]
      },
      "properties": {
        "junction_id": 39576,
        "veh_id": 11547,
        "sim_time_s": 2792.7,
        "tier": "IC-detect-far",
        "prearm_status": "",
        "focus_role": "none"
      }
    },
    {
      "type": "Feature",
      "geometry": {
        "type": "Point",
        "coordinates": [
          499966.6923026948,
          6966882.270192851
        ]
      },
      "properties": {
        "junction_id": 39572,
        "veh_id": 11569,
        "sim_time_s": 2796.3,
        "tier": "track-zone",
        "prearm_status": "",
        "focus_role": "none"
      }
    },
    {
      "type": "Feature",
      "geometry": {
        "type": "Point",
        "coordinates": [
          500856.98374639696,
          6965223.4883075915
        ]
      },
      "properties": {
        "junction_id": 36385,
        "veh_id": 11528,
        "sim_time_s": 2823.3,
        "tier": "track-zone",
        "prearm_status": "",
        "focus_role": "none"
      }
    },
    {
      "type": "Feature",
      "geometry": {
        "type": "Point",
        "coordinates": [
          500702.26451241784,
          6964935.16457631
        ]
      },
      "properties": {
        "junction_id": 39593,
        "veh_id": 11579,
        "sim_time_s": 2828.7,
        "tier": "track-zone",
        "prearm_status": "",
        "focus_role": "none"
      }
    },
    {
      "type": "Feature",
      "geometry": {
        "type": "Point",
        "coordinates": [
          500833.9389239511,
          6965213.202530766
        ]
      },
      "properties": {
        "junction_id": 10157950,
        "veh_id": 11528,
        "sim_time_s": 2830.1,
        "tier": "track-zone",
        "prearm_status": "",
        "focus_role": "none"
      }
    },
    {
      "type": "Feature",
      "geometry": {
        "type": "Point",
        "coordinates": [
          500567.1352416265,
          6965533.229693017
        ]
      },
      "properties": {
        "junction_id": 1119660,
        "veh_id": 11567,
        "sim_time_s": 2831.4,
        "tier": "track-zone",
        "prearm_status": "",
        "focus_role": "none"
      }
    },
    {
      "type": "Feature",
      "geometry": {
        "type": "Point",
        "coordinates": [
          500495.1358276252,
          6965976.198659836
        ]
      },
      "properties": {
        "junction_id": 39578,
        "veh_id": 11568,
        "sim_time_s": 2831.4,
        "tier": "IC-detect-far",
        "prearm_status": "",
        "focus_role": "none"
      }
    },
    {
      "type": "Feature",
      "geometry": {
        "type": "Point",
        "coordinates": [
          500704.74466417514,
          6964952.127923052
        ]
      },
      "properties": {
        "junction_id": 36385,
        "veh_id": 11579,
        "sim_time_s": 2833.7,
        "tier": "IC-detect",
        "prearm_status": "",
        "focus_role": "none"
      }
    },
    {
      "type": "Feature",
      "geometry": {
        "type": "Point",
        "coordinates": [
          0.0,
          0.0
        ]
      },
      "properties": {
        "junction_id": 39572,
        "veh_id": 11569,
        "sim_time_s": 2836.8,
        "tier": "harmony-ge-local",
        "prearm_status": "action",
        "focus_role": "none"
      }
    },
    {
      "type": "Feature",
      "geometry": {
        "type": "Point",
        "coordinates": [
          500010.03698502586,
          6966673.996287734
        ]
      },
      "properties": {
        "junction_id": 39569,
        "veh_id": 11569,
        "sim_time_s": 2839.5,
        "tier": "track-zone",
        "prearm_status": "",
        "focus_role": "none"
      }
    },
    {
      "type": "Feature",
      "geometry": {
        "type": "Point",
        "coordinates": [
          0.0,
          0.0
        ]
      },
      "properties": {
        "junction_id": 39578,
        "veh_id": 11568,
        "sim_time_s": 2844.9,
        "tier": "harmony-ins-local",
        "prearm_status": "action",
        "focus_role": "none"
      }
    },
    {
      "type": "Feature",
      "geometry": {
        "type": "Point",
        "coordinates": [
          500611.88194657885,
          6965398.916423331
        ]
      },
      "properties": {
        "junction_id": 39593,
        "veh_id": 11567,
        "sim_time_s": 2857.1,
        "tier": "track-zone",
        "prearm_status": "",
        "focus_role": "none"
      }
    },
    {
      "type": "Feature",
      "geometry": {
        "type": "Point",
        "coordinates": [
          500683.2411240899,
          6965102.755078148
        ]
      },
      "properties": {
        "junction_id": 10157950,
        "veh_id": 11579,
        "sim_time_s": 2857.1,
        "tier": "track-zone",
        "prearm_status": "",
        "focus_role": "none"
      }
    },
    {
      "type": "Feature",
      "geometry": {
        "type": "Point",
        "coordinates": [
          0.0,
          0.0
        ]
      },
      "properties": {
        "junction_id": 39593,
        "veh_id": 11579,
        "sim_time_s": 2857.1,
        "tier": "harmony-ins-local",
        "prearm_status": "action",
        "focus_role": "none"
      }
    },
    {
      "type": "Feature",
      "geometry": {
        "type": "Point",
        "coordinates": [
          500473.03550626436,
          6965998.505988579
        ]
      },
      "properties": {
        "junction_id": 39578,
        "veh_id": 11541,
        "sim_time_s": 2861.1,
        "tier": "IC-detect",
        "prearm_status": "",
        "focus_role": "none"
      }
    },
    {
      "type": "Feature",
      "geometry": {
        "type": "Point",
        "coordinates": [
          500660.1069425233,
          6965186.059012441
        ]
      },
      "properties": {
        "junction_id": 1119660,
        "veh_id": 11579,
        "sim_time_s": 2862.4,
        "tier": "track-zone",
        "prearm_status": "",
        "focus_role": "none"
      }
    },
    {
      "type": "Feature",
      "geometry": {
        "type": "Point",
        "coordinates": [
          500632.93107462453,
          6965247.358441043
        ]
      },
      "properties": {
        "junction_id": 39587,
        "veh_id": 11579,
        "sim_time_s": 2866.5,
        "tier": "track-zone",
        "prearm_status": "",
        "focus_role": "none"
      }
    },
    {
      "type": "Feature",
      "geometry": {
        "type": "Point",
        "coordinates": [
          500653.9893230998,
          6965243.853721918
        ]
      },
      "properties": {
        "junction_id": 36385,
        "veh_id": 11567,
        "sim_time_s": 2867.8,
        "tier": "track-zone",
        "prearm_status": "",
        "focus_role": "none"
      }
    },
    {
      "type": "Feature",
      "geometry": {
        "type": "Point",
        "coordinates": [
          0.0,
          0.0
        ]
      },
      "properties": {
        "junction_id": 36385,
        "veh_id": 11567,
        "sim_time_s": 2878.7,
        "tier": "harmony-no-ge-local",
        "prearm_status": "skip",
        "focus_role": "none"
      }
    },
    {
      "type": "Feature",
      "geometry": {
        "type": "Point",
        "coordinates": [
          500813.88233124703,
          6965203.655926922
        ]
      },
      "properties": {
        "junction_id": 39593,
        "veh_id": 11528,
        "sim_time_s": 2880.0,
        "tier": "IC-detect",
        "prearm_status": "",
        "focus_role": "none"
      }
    },
    {
      "type": "Feature",
      "geometry": {
        "type": "Point",
        "coordinates": [
          0.0,
          0.0
        ]
      },
      "properties": {
        "junction_id": 39587,
        "veh_id": 11579,
        "sim_time_s": 2880.0,
        "tier": "harmony-ins-local",
        "prearm_status": "action",
        "focus_role": "none"
      }
    },
    {
      "type": "Feature",
      "geometry": {
        "type": "Point",
        "coordinates": [
          0.0,
          0.0
        ]
      },
      "properties": {
        "junction_id": 39569,
        "veh_id": 11569,
        "sim_time_s": 2884.1,
        "tier": "harmony-no-ge-local",
        "prearm_status": "skip",
        "focus_role": "none"
      }
    },
    {
      "type": "Feature",
      "geometry": {
        "type": "Point",
        "coordinates": [
          500520.7670066929,
          6965826.40994298
        ]
      },
      "properties": {
        "junction_id": 39576,
        "veh_id": 11535,
        "sim_time_s": 2889.4,
        "tier": "track-zone",
        "prearm_status": "",
        "focus_role": "none"
      }
    },
    {
      "type": "Feature",
      "geometry": {
        "type": "Point",
        "coordinates": [
          499512.5247422402,
          6966653.6640370665
        ]
      },
      "properties": {
        "junction_id": 39572,
        "veh_id": 11536,
        "sim_time_s": 2892.6,
        "tier": "IC-detect",
        "prearm_status": "",
        "focus_role": "none"
      }
    },
    {
      "type": "Feature",
      "geometry": {
        "type": "Point",
        "coordinates": [
          500209.56058246194,
          6966308.28546122
        ]
      },
      "properties": {
        "junction_id": 1043762,
        "veh_id": 11558,
        "sim_time_s": 2898.9,
        "tier": "IC-detect-far",
        "prearm_status": "",
        "focus_role": "none"
      }
    },
    {
      "type": "Feature",
      "geometry": {
        "type": "Point",
        "coordinates": [
          500519.143723145,
          6965821.4787999075
        ]
      },
      "properties": {
        "junction_id": 39578,
        "veh_id": 11535,
        "sim_time_s": 2900.2,
        "tier": "IC-detect-far",
        "prearm_status": "",
        "focus_role": "none"
      }
    },
    {
      "type": "Feature",
      "geometry": {
        "type": "Point",
        "coordinates": [
          0.0,
          0.0
        ]
      },
      "properties": {
        "junction_id": 39576,
        "veh_id": 11547,
        "sim_time_s": 2901.6,
        "tier": "harmony-no-ge-local",
        "prearm_status": "skip",
        "focus_role": "none"
      }
    },
    {
      "type": "Feature",
      "geometry": {
        "type": "Point",
        "coordinates": [
          0.0,
          0.0
        ]
      },
      "properties": {
        "junction_id": 39572,
        "veh_id": 11536,
        "sim_time_s": 2905.7,
        "tier": "harmony-no-ge-local",
        "prearm_status": "skip",
        "focus_role": "none"
      }
    },
    {
      "type": "Feature",
      "geometry": {
        "type": "Point",
        "coordinates": [
          499769.5218459118,
          6966600.822397663
        ]
      },
      "properties": {
        "junction_id": 39568,
        "veh_id": 11536,
        "sim_time_s": 2909.7,
        "tier": "track-zone",
        "prearm_status": "",
        "focus_role": "none"
      }
    },
    {
      "type": "Feature",
      "geometry": {
        "type": "Point",
        "coordinates": [
          500528.0915962787,
          6965935.8612868665
        ]
      },
      "properties": {
        "junction_id": 39576,
        "veh_id": 11568,
        "sim_time_s": 2932.7,
        "tier": "track-zone",
        "prearm_status": "",
        "focus_role": "none"
      }
    },
    {
      "type": "Feature",
      "geometry": {
        "type": "Point",
        "coordinates": [
          499878.2372108493,
          6966548.898109113
        ]
      },
      "properties": {
        "junction_id": 39569,
        "veh_id": 11536,
        "sim_time_s": 2940.8,
        "tier": "track-zone",
        "prearm_status": "",
        "focus_role": "none"
      }
    },
    {
      "type": "Feature",
      "geometry": {
        "type": "Point",
        "coordinates": [
          500529.65296918637,
          6965939.804807027
        ]
      },
      "properties": {
        "junction_id": 39576,
        "veh_id": 11541,
        "sim_time_s": 2942.1,
        "tier": "track-zone",
        "prearm_status": "",
        "focus_role": "none"
      }
    },
    {
      "type": "Feature",
      "geometry": {
        "type": "Point",
        "coordinates": [
          0.0,
          0.0
        ]
      },
      "properties": {
        "junction_id": 1043762,
        "veh_id": 11558,
        "sim_time_s": 2942.6,
        "tier": "harmony-no-ge-local",
        "prearm_status": "skip",
        "focus_role": "none"
      }
    },
    {
      "type": "Feature",
      "geometry": {
        "type": "Point",
        "coordinates": [
          500813.88233124703,
          6965203.655926922
        ]
      },
      "properties": {
        "junction_id": 36385,
        "veh_id": 11528,
        "sim_time_s": 2944.8,
        "tier": "track-zone",
        "prearm_status": "",
        "focus_role": "none"
      }
    },
    {
      "type": "Feature",
      "geometry": {
        "type": "Point",
        "coordinates": [
          500813.88233124703,
          6965203.655926922
        ]
      },
      "properties": {
        "junction_id": 10157950,
        "veh_id": 11528,
        "sim_time_s": 2951.6,
        "tier": "track-zone",
        "prearm_status": "",
        "focus_role": "none"
      }
    },
    {
      "type": "Feature",
      "geometry": {
        "type": "Point",
        "coordinates": [
          500573.0728879007,
          6965457.523850605
        ]
      },
      "properties": {
        "junction_id": 39576,
        "veh_id": 11579,
        "sim_time_s": 2951.6,
        "tier": "track-zone",
        "prearm_status": "",
        "focus_role": "none"
      }
    },
    {
      "type": "Feature",
      "geometry": {
        "type": "Point",
        "coordinates": [
          499517.17489504704,
          6966652.564041892
        ]
      },
      "properties": {
        "junction_id": 39572,
        "veh_id": 11559,
        "sim_time_s": 2952.9,
        "tier": "IC-detect",
        "prearm_status": "",
        "focus_role": "none"
      }
    },
    {
      "type": "Feature",
      "geometry": {
        "type": "Point",
        "coordinates": [
          500125.3170010713,
          6966441.174556671
        ]
      },
      "properties": {
        "junction_id": 1043762,
        "veh_id": 11569,
        "sim_time_s": 2955.6,
        "tier": "track-zone",
        "prearm_status": "",
        "focus_role": "none"
      }
    },
    {
      "type": "Feature",
      "geometry": {
        "type": "Point",
        "coordinates": [
          0.0,
          0.0
        ]
      },
      "properties": {
        "junction_id": 39576,
        "veh_id": 11579,
        "sim_time_s": 2961.0,
        "tier": "harmony-no-ge-local",
        "prearm_status": "skip",
        "focus_role": "none"
      }
    },
    {
      "type": "Feature",
      "geometry": {
        "type": "Point",
        "coordinates": [
          500533.87626957946,
          6965865.942490154
        ]
      },
      "properties": {
        "junction_id": 39578,
        "veh_id": 11568,
        "sim_time_s": 2965.1,
        "tier": "IC-detect-far",
        "prearm_status": "",
        "focus_role": "none"
      }
    },
    {
      "type": "Feature",
      "geometry": {
        "type": "Point",
        "coordinates": [
          500729.12750558875,
          6964999.804730751
        ]
      },
      "properties": {
        "junction_id": 36393,
        "veh_id": 11567,
        "sim_time_s": 2971.8,
        "tier": "track-zone",
        "prearm_status": "",
        "focus_role": "none"
      }
    },
    {
      "type": "Feature",
      "geometry": {
        "type": "Point",
        "coordinates": [
          500491.934828027,
          6965696.845986325
        ]
      },
      "properties": {
        "junction_id": 39578,
        "veh_id": 11579,
        "sim_time_s": 2971.8,
        "tier": "track-zone",
        "prearm_status": "",
        "focus_role": "none"
      }
    },
    {
      "type": "Feature",
      "geometry": {
        "type": "Point",
        "coordinates": [
          0.0,
          0.0
        ]
      },
      "properties": {
        "junction_id": 39569,
        "veh_id": 11536,
        "sim_time_s": 2979.9,
        "tier": "harmony-no-ge-local",
        "prearm_status": "skip",
        "focus_role": "none"
      }
    },
    {
      "type": "Feature",
      "geometry": {
        "type": "Point",
        "coordinates": [
          0.0,
          0.0
        ]
      },
      "properties": {
        "junction_id": 36393,
        "veh_id": 11567,
        "sim_time_s": 2981.2,
        "tier": "harmony-ge-local",
        "prearm_status": "action",
        "focus_role": "none"
      }
    },
    {
      "type": "Feature",
      "geometry": {
        "type": "Point",
        "coordinates": [
          500538.1693950298,
          6965885.91590502
        ]
      },
      "properties": {
        "junction_id": 39578,
        "veh_id": 11541,
        "sim_time_s": 2981.2,
        "tier": "IC-detect",
        "prearm_status": "",
        "focus_role": "none"
      }
    },
    {
      "type": "Feature",
      "geometry": {
        "type": "Point",
        "coordinates": [
          499964.75145655125,
          6966507.256665188
        ]
      },
      "properties": {
        "junction_id": 1043762,
        "veh_id": 11536,
        "sim_time_s": 2983.1,
        "tier": "coord-prearm-harmony/SHOCKWAVE",
        "prearm_status": "fired",
        "focus_role": "none"
      }
    },
    {
      "type": "Feature",
      "geometry": {
        "type": "Point",
        "coordinates": [
          0.0,
          0.0
        ]
      },
      "properties": {
        "junction_id": 1043762,
        "veh_id": 11536,
        "sim_time_s": 2983.5,
        "tier": "harmony-no-ge-local",
        "prearm_status": "skip",
        "focus_role": "none"
      }
    },
    {
      "type": "Feature",
      "geometry": {
        "type": "Point",
        "coordinates": [
          500248.43905837496,
          6966228.103814566
        ]
      },
      "properties": {
        "junction_id": 1043762,
        "veh_id": 11536,
        "sim_time_s": 2983.5,
        "tier": "coord-prearm-success/SHOCKWAVE",
        "prearm_status": "success",
        "focus_role": "none"
      }
    },
    {
      "type": "Feature",
      "geometry": {
        "type": "Point",
        "coordinates": [
          0.0,
          0.0
        ]
      },
      "properties": {
        "junction_id": 39576,
        "veh_id": 11535,
        "sim_time_s": 2983.9,
        "tier": "harmony-no-ge-local",
        "prearm_status": "skip",
        "focus_role": "none"
      }
    },
    {
      "type": "Feature",
      "geometry": {
        "type": "Point",
        "coordinates": [
          500703.39559466555,
          6964851.692373534
        ]
      },
      "properties": {
        "junction_id": 39590,
        "veh_id": 11567,
        "sim_time_s": 2986.2,
        "tier": "coord-prearm-harmony/SHOCKWAVE",
        "prearm_status": "fired",
        "focus_role": "none"
      }
    },
    {
      "type": "Feature",
      "geometry": {
        "type": "Point",
        "coordinates": [
          0.0,
          0.0
        ]
      },
      "properties": {
        "junction_id": 39590,
        "veh_id": 11567,
        "sim_time_s": 2986.7,
        "tier": "harmony-no-ge-local",
        "prearm_status": "skip",
        "focus_role": "none"
      }
    },
    {
      "type": "Feature",
      "geometry": {
        "type": "Point",
        "coordinates": [
          500756.5972760396,
          6964319.360583134
        ]
      },
      "properties": {
        "junction_id": 39590,
        "veh_id": 11567,
        "sim_time_s": 2986.7,
        "tier": "coord-prearm-success/SHOCKWAVE",
        "prearm_status": "success",
        "focus_role": "none"
      }
    },
    {
      "type": "Feature",
      "geometry": {
        "type": "Point",
        "coordinates": [
          0.0,
          0.0
        ]
      },
      "properties": {
        "junction_id": 39572,
        "veh_id": 11559,
        "sim_time_s": 2993.4,
        "tier": "harmony-no-ge-local",
        "prearm_status": "skip",
        "focus_role": "none"
      }
    },
    {
      "type": "Feature",
      "geometry": {
        "type": "Point",
        "coordinates": [
          500730.5623191368,
          6965177.705356786
        ]
      },
      "properties": {
        "junction_id": 39593,
        "veh_id": 11528,
        "sim_time_s": 3000.2,
        "tier": "IC-detect",
        "prearm_status": "",
        "focus_role": "none"
      }
    },
    {
      "type": "Feature",
      "geometry": {
        "type": "Point",
        "coordinates": [
          500173.2276724125,
          6966363.584822424
        ]
      },
      "properties": {
        "junction_id": 39569,
        "veh_id": 11569,
        "sim_time_s": 3004.2,
        "tier": "IC-detect-far",
        "prearm_status": "",
        "focus_role": "none"
      }
    },
    {
      "type": "Feature",
      "geometry": {
        "type": "Point",
        "coordinates": [
          499759.2576089252,
          6966605.766603609
        ]
      },
      "properties": {
        "junction_id": 39568,
        "veh_id": 11559,
        "sim_time_s": 3008.2,
        "tier": "track-zone",
        "prearm_status": "",
        "focus_role": "none"
      }
    },
    {
      "type": "Feature",
      "geometry": {
        "type": "Point",
        "coordinates": [
          0.0,
          0.0
        ]
      },
      "properties": {
        "junction_id": 39578,
        "veh_id": 11579,
        "sim_time_s": 3008.2,
        "tier": "harmony-ins-local",
        "prearm_status": "action",
        "focus_role": "none"
      }
    },
    {
      "type": "Feature",
      "geometry": {
        "type": "Point",
        "coordinates": [
          500386.31251920573,
          6965680.820446838
        ]
      },
      "properties": {
        "junction_id": 39576,
        "veh_id": 11547,
        "sim_time_s": 3021.8,
        "tier": "IC-detect",
        "prearm_status": "",
        "focus_role": "none"
      }
    },
    {
      "type": "Feature",
      "geometry": {
        "type": "Point",
        "coordinates": [
          499973.53168120777,
          6966502.984758504
        ]
      },
      "properties": {
        "junction_id": 39572,
        "veh_id": 11536,
        "sim_time_s": 3025.8,
        "tier": "IC-detect",
        "prearm_status": "",
        "focus_role": "none"
      }
    },
    {
      "type": "Feature",
      "geometry": {
        "type": "Point",
        "coordinates": [
          500396.06101889437,
          6966045.350730222
        ]
      },
      "properties": {
        "junction_id": 1043762,
        "veh_id": 11579,
        "sim_time_s": 3037.9,
        "tier": "track-zone",
        "prearm_status": "",
        "focus_role": "none"
      }
    },
    {
      "type": "Feature",
      "geometry": {
        "type": "Point",
        "coordinates": [
          0.0,
          0.0
        ]
      },
      "properties": {
        "junction_id": 1043762,
        "veh_id": 11579,
        "sim_time_s": 3039.3,
        "tier": "harmony-ge-local",
        "prearm_status": "action",
        "focus_role": "none"
      }
    },
    {
      "type": "Feature",
      "geometry": {
        "type": "Point",
        "coordinates": [
          500370.1364510922,
          6966067.743225468
        ]
      },
      "properties": {
        "junction_id": 39569,
        "veh_id": 11579,
        "sim_time_s": 3041.6,
        "tier": "coord-prearm-harmony/SHOCKWAVE",
        "prearm_status": "fired",
        "focus_role": "none"
      }
    },
    {
      "type": "Feature",
      "geometry": {
        "type": "Point",
        "coordinates": [
          0.0,
          0.0
        ]
      },
      "properties": {
        "junction_id": 39569,
        "veh_id": 11579,
        "sim_time_s": 3042.0,
        "tier": "harmony-ins-local",
        "prearm_status": "action",
        "focus_role": "none"
      }
    },
    {
      "type": "Feature",
      "geometry": {
        "type": "Point",
        "coordinates": [
          500105.32496907446,
          6966447.427635934
        ]
      },
      "properties": {
        "junction_id": 39569,
        "veh_id": 11579,
        "sim_time_s": 3042.0,
        "tier": "coord-prearm-success/SHOCKWAVE",
        "prearm_status": "success",
        "focus_role": "none"
      }
    },
    {
      "type": "Feature",
      "geometry": {
        "type": "Point",
        "coordinates": [
          500323.06956987426,
          6966118.438606436
        ]
      },
      "properties": {
        "junction_id": 39572,
        "veh_id": 11579,
        "sim_time_s": 3046.9,
        "tier": "coord-prearm-harmony/SHOCKWAVE",
        "prearm_status": "fired",
        "focus_role": "none"
      }
    },
    {
      "type": "Feature",
      "geometry": {
        "type": "Point",
        "coordinates": [
          0.0,
          0.0
        ]
      },
      "properties": {
        "junction_id": 39572,
        "veh_id": 11579,
        "sim_time_s": 3047.4,
        "tier": "harmony-no-ge-local",
        "prearm_status": "skip",
        "focus_role": "none"
      }
    },
    {
      "type": "Feature",
      "geometry": {
        "type": "Point",
        "coordinates": [
          500012.2556836749,
          6966653.44887729
        ]
      },
      "properties": {
        "junction_id": 39572,
        "veh_id": 11579,
        "sim_time_s": 3047.4,
        "tier": "coord-prearm-success/SHOCKWAVE",
        "prearm_status": "success",
        "focus_role": "none"
      }
    },
    {
      "type": "Feature",
      "geometry": {
        "type": "Point",
        "coordinates": [
          500453.4870866207,
          6965696.074884883
        ]
      },
      "properties": {
        "junction_id": 39578,
        "veh_id": 11547,
        "sim_time_s": 3048.8,
        "tier": "track-zone",
        "prearm_status": "",
        "focus_role": "none"
      }
    },
    {
      "type": "Feature",
      "geometry": {
        "type": "Point",
        "coordinates": [
          500512.46350305004,
          6965708.377661241
        ]
      },
      "properties": {
        "junction_id": 39587,
        "veh_id": 11535,
        "sim_time_s": 3051.4,
        "tier": "track-zone",
        "prearm_status": "",
        "focus_role": "none"
      }
    },
    {
      "type": "Feature",
      "geometry": {
        "type": "Point",
        "coordinates": [
          500528.46746469516,
          6965849.624204835
        ]
      },
      "properties": {
        "junction_id": 39576,
        "veh_id": 11568,
        "sim_time_s": 3054.2,
        "tier": "track-zone",
        "prearm_status": "",
        "focus_role": "none"
      }
    },
    {
      "type": "Feature",
      "geometry": {
        "type": "Point",
        "coordinates": [
          0.0,
          0.0
        ]
      },
      "properties": {
        "junction_id": 39593,
        "veh_id": 11528,
        "sim_time_s": 3060.0,
        "tier": "harmony-ins-local",
        "prearm_status": "action",
        "focus_role": "none"
      }
    },
    {
      "type": "Feature",
      "geometry": {
        "type": "Point",
        "coordinates": [
          500319.4110720673,
          6966139.501392645
        ]
      },
      "properties": {
        "junction_id": 1043762,
        "veh_id": 11558,
        "sim_time_s": 3062.7,
        "tier": "IC-detect-far",
        "prearm_status": "",
        "focus_role": "none"
      }
    },
    {
      "type": "Feature",
      "geometry": {
        "type": "Point",
        "coordinates": [
          500535.729256337,
          6965872.470289832
        ]
      },
      "properties": {
        "junction_id": 39576,
        "veh_id": 11541,
        "sim_time_s": 3063.6,
        "tier": "track-zone",
        "prearm_status": "",
        "focus_role": "none"
      }
    },
    {
      "type": "Feature",
      "geometry": {
        "type": "Point",
        "coordinates": [
          500730.5623191368,
          6965177.705356786
        ]
      },
      "properties": {
        "junction_id": 36385,
        "veh_id": 11528,
        "sim_time_s": 3066.3,
        "tier": "track-zone",
        "prearm_status": "",
        "focus_role": "none"
      }
    },
    {
      "type": "Feature",
      "geometry": {
        "type": "Point",
        "coordinates": [
          500730.5623191368,
          6965177.705356786
        ]
      },
      "properties": {
        "junction_id": 10157950,
        "veh_id": 11528,
        "sim_time_s": 3073.1,
        "tier": "track-zone",
        "prearm_status": "",
        "focus_role": "none"
      }
    },
    {
      "type": "Feature",
      "geometry": {
        "type": "Point",
        "coordinates": [
          500214.48422825936,
          6966293.672013356
        ]
      },
      "properties": {
        "junction_id": 1043762,
        "veh_id": 11569,
        "sim_time_s": 3075.8,
        "tier": "IC-detect",
        "prearm_status": "",
        "focus_role": "none"
      }
    },
    {
      "type": "Feature",
      "geometry": {
        "type": "Point",
        "coordinates": [
          500514.85039525357,
          6965805.539948362
        ]
      },
      "properties": {
        "junction_id": 39578,
        "veh_id": 11568,
        "sim_time_s": 3085.2,
        "tier": "IC-detect-far",
        "prearm_status": "",
        "focus_role": "none"
      }
    },
    {
      "type": "Feature",
      "geometry": {
        "type": "Point",
        "coordinates": [
          499877.82291743014,
          6966549.091124463
        ]
      },
      "properties": {
        "junction_id": 39569,
        "veh_id": 11559,
        "sim_time_s": 3086.6,
        "tier": "track-zone",
        "prearm_status": "",
        "focus_role": "none"
      }
    },
    {
      "type": "Feature",
      "geometry": {
        "type": "Point",
        "coordinates": [
          500041.62187995575,
          6966471.146950871
        ]
      },
      "properties": {
        "junction_id": 39569,
        "veh_id": 11536,
        "sim_time_s": 3100.1,
        "tier": "IC-detect-far",
        "prearm_status": "",
        "focus_role": "none"
      }
    },
    {
      "type": "Feature",
      "geometry": {
        "type": "Point",
        "coordinates": [
          500520.0270591155,
          6965824.204216284
        ]
      },
      "properties": {
        "junction_id": 39578,
        "veh_id": 11541,
        "sim_time_s": 3101.4,
        "tier": "IC-detect-far",
        "prearm_status": "",
        "focus_role": "none"
      }
    },
    {
      "type": "Feature",
      "geometry": {
        "type": "Point",
        "coordinates": [
          500516.3222011324,
          6965660.303905133
        ]
      },
      "properties": {
        "junction_id": 39576,
        "veh_id": 11535,
        "sim_time_s": 3104.1,
        "tier": "IC-detect",
        "prearm_status": "",
        "focus_role": "none"
      }
    },
    {
      "type": "Feature",
      "geometry": {
        "type": "Point",
        "coordinates": [
          500722.51364691136,
          6964429.107260509
        ]
      },
      "properties": {
        "junction_id": 39590,
        "veh_id": 11567,
        "sim_time_s": 3106.8,
        "tier": "IC-detect",
        "prearm_status": "",
        "focus_role": "none"
      }
    },
    {
      "type": "Feature",
      "geometry": {
        "type": "Point",
        "coordinates": [
          500079.5980921968,
          6966482.54676461
        ]
      },
      "properties": {
        "junction_id": 39568,
        "veh_id": 11579,
        "sim_time_s": 3110.8,
        "tier": "track-zone",
        "prearm_status": "",
        "focus_role": "none"
      }
    },
    {
      "type": "Feature",
      "geometry": {
        "type": "Point",
        "coordinates": [
          0.0,
          0.0
        ]
      },
      "properties": {
        "junction_id": 39576,
        "veh_id": 11568,
        "sim_time_s": 3110.8,
        "tier": "harmony-ins-local",
        "prearm_status": "action",
        "focus_role": "none"
      }
    },
    {
      "type": "Feature",
      "geometry": {
        "type": "Point",
        "coordinates": [
          0.0,
          0.0
        ]
      },
      "properties": {
        "junction_id": 1043762,
        "veh_id": 11569,
        "sim_time_s": 3112.2,
        "tier": "harmony-ins-local",
        "prearm_status": "action",
        "focus_role": "none"
      }
    },
    {
      "type": "Feature",
      "geometry": {
        "type": "Point",
        "coordinates": [
          499924.84851256973,
          6966526.6709353
        ]
      },
      "properties": {
        "junction_id": 39572,
        "veh_id": 11559,
        "sim_time_s": 3113.6,
        "tier": "IC-detect-far",
        "prearm_status": "",
        "focus_role": "none"
      }
    },
    {
      "type": "Feature",
      "geometry": {
        "type": "Point",
        "coordinates": [
          0.0,
          0.0
        ]
      },
      "properties": {
        "junction_id": 39578,
        "veh_id": 11541,
        "sim_time_s": 3117.6,
        "tier": "harmony-ins-local",
        "prearm_status": "action",
        "focus_role": "none"
      }
    },
    {
      "type": "Feature",
      "geometry": {
        "type": "Point",
        "coordinates": [
          500518.889961204,
          6965647.814892854
        ]
      },
      "properties": {
        "junction_id": 1119660,
        "veh_id": 11535,
        "sim_time_s": 3121.7,
        "tier": "track-zone",
        "prearm_status": "",
        "focus_role": "none"
      }
    },
    {
      "type": "Feature",
      "geometry": {
        "type": "Point",
        "coordinates": [
          500729.8737567649,
          6964410.348463964
        ]
      },
      "properties": {
        "junction_id": 39606,
        "veh_id": 11567,
        "sim_time_s": 3121.7,
        "tier": "track-zone",
        "prearm_status": "",
        "focus_role": "none"
      }
    },
    {
      "type": "Feature",
      "geometry": {
        "type": "Point",
        "coordinates": [
          499932.4011384779,
          6966522.996301181
        ]
      },
      "properties": {
        "junction_id": 39568,
        "veh_id": 11559,
        "sim_time_s": 3129.8,
        "tier": "track-zone",
        "prearm_status": "",
        "focus_role": "none"
      }
    },
    {
      "type": "Feature",
      "geometry": {
        "type": "Point",
        "coordinates": [
          500457.29847102246,
          6965696.793790823
        ]
      },
      "properties": {
        "junction_id": 39576,
        "veh_id": 11547,
        "sim_time_s": 3141.9,
        "tier": "IC-detect",
        "prearm_status": "",
        "focus_role": "none"
      }
    },
    {
      "type": "Feature",
      "geometry": {
        "type": "Point",
        "coordinates": [
          500351.2542365505,
          6966101.693591191
        ]
      },
      "properties": {
        "junction_id": 39578,
        "veh_id": 11558,
        "sim_time_s": 3148.7,
        "tier": "track-section",
        "prearm_status": "",
        "focus_role": "none"
      }
    },
    {
      "type": "Feature",
      "geometry": {
        "type": "Point",
        "coordinates": [
          500952.09229130344,
          6964037.796872752
        ]
      },
      "properties": {
        "junction_id": 39606,
        "veh_id": 11580,
        "sim_time_s": 3150.0,
        "tier": "track-section",
        "prearm_status": "",
        "focus_role": "none"
      }
    },
    {
      "type": "Feature",
      "geometry": {
        "type": "Point",
        "coordinates": [
          0.0,
          0.0
        ]
      },
      "properties": {
        "junction_id": 39606,
        "veh_id": 11580,
        "sim_time_s": 3150.0,
        "tier": "harmony-no-ge-local",
        "prearm_status": "skip",
        "focus_role": "none"
      }
    },
    {
      "type": "Feature",
      "geometry": {
        "type": "Point",
        "coordinates": [
          500550.9411779645,
          6965572.623126843
        ]
      },
      "properties": {
        "junction_id": 10157950,
        "veh_id": 11535,
        "sim_time_s": 3152.7,
        "tier": "track-zone",
        "prearm_status": "",
        "focus_role": "none"
      }
    },
    {
      "type": "Feature",
      "geometry": {
        "type": "Point",
        "coordinates": [
          500043.40852886677,
          6966470.344989
        ]
      },
      "properties": {
        "junction_id": 39572,
        "veh_id": 11536,
        "sim_time_s": 3152.7,
        "tier": "track-zone",
        "prearm_status": "",
        "focus_role": "none"
      }
    },
    {
      "type": "Feature",
      "geometry": {
        "type": "Point",
        "coordinates": [
          500087.97191681445,
          6967506.11806405
        ]
      },
      "properties": {
        "junction_id": 38339,
        "veh_id": 11570,
        "sim_time_s": 3153.2,
        "tier": "IC-detect",
        "prearm_status": "",
        "focus_role": "none"
      }
    },
    {
      "type": "Feature",
      "geometry": {
        "type": "Point",
        "coordinates": [
          500925.5357856824,
          6964074.297132341
        ]
      },
      "properties": {
        "junction_id": 39590,
        "veh_id": 11580,
        "sim_time_s": 3153.2,
        "tier": "coord-prearm-harmony/SHOCKWAVE",
        "prearm_status": "fired",
        "focus_role": "none"
      }
    },
    {
      "type": "Feature",
      "geometry": {
        "type": "Point",
        "coordinates": [
          0.0,
          0.0
        ]
      },
      "properties": {
        "junction_id": 39590,
        "veh_id": 11580,
        "sim_time_s": 3153.6,
        "tier": "harmony-no-ge-local",
        "prearm_status": "skip",
        "focus_role": "none"
      }
    },
    {
      "type": "Feature",
      "geometry": {
        "type": "Point",
        "coordinates": [
          500756.5972760396,
          6964319.360583134
        ]
      },
      "properties": {
        "junction_id": 39590,
        "veh_id": 11580,
        "sim_time_s": 3153.6,
        "tier": "coord-prearm-success/SHOCKWAVE",
        "prearm_status": "success",
        "focus_role": "none"
      }
    },
    {
      "type": "Feature",
      "geometry": {
        "type": "Point",
        "coordinates": [
          500883.9141565226,
          6964124.313929686
        ]
      },
      "properties": {
        "junction_id": 36393,
        "veh_id": 11580,
        "sim_time_s": 3156.8,
        "tier": "coord-prearm-harmony/SHOCKWAVE",
        "prearm_status": "fired",
        "focus_role": "none"
      }
    },
    {
      "type": "Feature",
      "geometry": {
        "type": "Point",
        "coordinates": [
          0.0,
          0.0
        ]
      },
      "properties": {
        "junction_id": 36393,
        "veh_id": 11580,
        "sim_time_s": 3157.2,
        "tier": "harmony-no-ge-local",
        "prearm_status": "skip",
        "focus_role": "none"
      }
    },
    {
      "type": "Feature",
      "geometry": {
        "type": "Point",
        "coordinates": [
          500684.0987813321,
          6964756.319799706
        ]
      },
      "properties": {
        "junction_id": 36393,
        "veh_id": 11580,
        "sim_time_s": 3157.2,
        "tier": "coord-prearm-success/SHOCKWAVE",
        "prearm_status": "success",
        "focus_role": "none"
      }
    },
    {
      "type": "Feature",
      "geometry": {
        "type": "Point",
        "coordinates": [
          500830.28125333856,
          6964183.957963076
        ]
      },
      "properties": {
        "junction_id": 36385,
        "veh_id": 11580,
        "sim_time_s": 3163.1,
        "tier": "coord-prearm-harmony/SHOCKWAVE",
        "prearm_status": "fired",
        "focus_role": "none"
      }
    },
    {
      "type": "Feature",
      "geometry": {
        "type": "Point",
        "coordinates": [
          0.0,
          0.0
        ]
      },
      "properties": {
        "junction_id": 36385,
        "veh_id": 11580,
        "sim_time_s": 3163.5,
        "tier": "harmony-no-ge-local",
        "prearm_status": "skip",
        "focus_role": "none"
      }
    },
    {
      "type": "Feature",
      "geometry": {
        "type": "Point",
        "coordinates": [
          500715.9750991549,
          6965021.28412977
        ]
      },
      "properties": {
        "junction_id": 36385,
        "veh_id": 11580,
        "sim_time_s": 3163.5,
        "tier": "coord-prearm-success/SHOCKWAVE",
        "prearm_status": "success",
        "focus_role": "none"
      }
    },
    {
      "type": "Feature",
      "geometry": {
        "type": "Point",
        "coordinates": [
          0.0,
          0.0
        ]
      },
      "properties": {
        "junction_id": 38339,
        "veh_id": 11570,
        "sim_time_s": 3163.9,
        "tier": "harmony-no-ge-local",
        "prearm_status": "skip",
        "focus_role": "none"
      }
    },
    {
      "type": "Feature",
      "geometry": {
        "type": "Point",
        "coordinates": [
          0.0,
          0.0
        ]
      },
      "properties": {
        "junction_id": 39587,
        "veh_id": 11535,
        "sim_time_s": 3164.8,
        "tier": "harmony-ins-local",
        "prearm_status": "action",
        "focus_role": "none"
      }
    },
    {
      "type": "Feature",
      "geometry": {
        "type": "Point",
        "coordinates": [
          500017.456993481,
          6966617.988068444
        ]
      },
      "properties": {
        "junction_id": 39572,
        "veh_id": 11579,
        "sim_time_s": 3167.6,
        "tier": "IC-detect",
        "prearm_status": "",
        "focus_role": "none"
      }
    },
    {
      "type": "Feature",
      "geometry": {
        "type": "Point",
        "coordinates": [
          0.0,
          0.0
        ]
      },
      "properties": {
        "junction_id": 36385,
        "veh_id": 11528,
        "sim_time_s": 3168.9,
        "tier": "harmony-no-ge-local",
        "prearm_status": "skip",
        "focus_role": "none"
      }
    },
    {
      "type": "Feature",
      "geometry": {
        "type": "Point",
        "coordinates": [
          500457.29847102246,
          6965696.793790823
        ]
      },
      "properties": {
        "junction_id": 39578,
        "veh_id": 11547,
        "sim_time_s": 3170.2,
        "tier": "track-zone",
        "prearm_status": "",
        "focus_role": "none"
      }
    },
    {
      "type": "Feature",
      "geometry": {
        "type": "Point",
        "coordinates": [
          0.0,
          0.0
        ]
      },
      "properties": {
        "junction_id": 39606,
        "veh_id": 11567,
        "sim_time_s": 3170.2,
        "tier": "harmony-no-ge-local",
        "prearm_status": "skip",
        "focus_role": "none"
      }
    },
    {
      "type": "Feature",
      "geometry": {
        "type": "Point",
        "coordinates": [
          500018.1528689052,
          6966619.9596916055
        ]
      },
      "properties": {
        "junction_id": 11118289,
        "veh_id": 11579,
        "sim_time_s": 3171.6,
        "tier": "track-zone",
        "prearm_status": "",
        "focus_role": "none"
      }
    },
    {
      "type": "Feature",
      "geometry": {
        "type": "Point",
        "coordinates": [
          500948.2288774459,
          6964038.3661120385
        ]
      },
      "properties": {
        "junction_id": 39606,
        "veh_id": 11530,
        "sim_time_s": 3180.2,
        "tier": "IC-detect",
        "prearm_status": "",
        "focus_role": "none"
      }
    },
    {
      "type": "Feature",
      "geometry": {
        "type": "Point",
        "coordinates": [
          0.0,
          0.0
        ]
      },
      "properties": {
        "junction_id": 39606,
        "veh_id": 11530,
        "sim_time_s": 3180.2,
        "tier": "harmony-no-ge-local",
        "prearm_status": "skip",
        "focus_role": "none"
      }
    },
    {
      "type": "Feature",
      "geometry": {
        "type": "Point",
        "coordinates": [
          500925.6505278012,
          6964068.502801683
        ]
      },
      "properties": {
        "junction_id": 39590,
        "veh_id": 11530,
        "sim_time_s": 3183.3,
        "tier": "coord-prearm-harmony/SHOCKWAVE",
        "prearm_status": "fired",
        "focus_role": "none"
      }
    },
    {
      "type": "Feature",
      "geometry": {
        "type": "Point",
        "coordinates": [
          0.0,
          0.0
        ]
      },
      "properties": {
        "junction_id": 39590,
        "veh_id": 11530,
        "sim_time_s": 3183.8,
        "tier": "harmony-ins-local",
        "prearm_status": "action",
        "focus_role": "none"
      }
    },
    {
      "type": "Feature",
      "geometry": {
        "type": "Point",
        "coordinates": [
          500756.5972760396,
          6964319.360583134
        ]
      },
      "properties": {
        "junction_id": 39590,
        "veh_id": 11530,
        "sim_time_s": 3183.8,
        "tier": "coord-prearm-success/SHOCKWAVE",
        "prearm_status": "success",
        "focus_role": "none"
      }
    },
    {
      "type": "Feature",
      "geometry": {
        "type": "Point",
        "coordinates": [
          500511.84082778957,
          6965746.6325526545
        ]
      },
      "properties": {
        "junction_id": 39576,
        "veh_id": 11541,
        "sim_time_s": 3183.8,
        "tier": "IC-detect",
        "prearm_status": "",
        "focus_role": "none"
      }
    },
    {
      "type": "Feature",
      "geometry": {
        "type": "Point",
        "coordinates": [
          499960.7722789709,
          6966791.093006071
        ]
      },
      "properties": {
        "junction_id": 38339,
        "veh_id": 11579,
        "sim_time_s": 3185.1,
        "tier": "track-zone",
        "prearm_status": "",
        "focus_role": "none"
      }
    },
    {
      "type": "Feature",
      "geometry": {
        "type": "Point",
        "coordinates": [
          500885.4373532555,
          6964122.543335263
        ]
      },
      "properties": {
        "junction_id": 36393,
        "veh_id": 11530,
        "sim_time_s": 3186.9,
        "tier": "coord-prearm-harmony/SHOCKWAVE",
        "prearm_status": "fired",
        "focus_role": "none"
      }
    },
    {
      "type": "Feature",
      "geometry": {
        "type": "Point",
        "coordinates": [
          0.0,
          0.0
        ]
      },
      "properties": {
        "junction_id": 36393,
        "veh_id": 11530,
        "sim_time_s": 3187.3,
        "tier": "harmony-no-ge-local",
        "prearm_status": "skip",
        "focus_role": "none"
      }
    },
    {
      "type": "Feature",
      "geometry": {
        "type": "Point",
        "coordinates": [
          500684.0987813321,
          6964756.319799706
        ]
      },
      "properties": {
        "junction_id": 36393,
        "veh_id": 11530,
        "sim_time_s": 3187.3,
        "tier": "coord-prearm-success/SHOCKWAVE",
        "prearm_status": "success",
        "focus_role": "none"
      }
    },
    {
      "type": "Feature",
      "geometry": {
        "type": "Point",
        "coordinates": [
          500819.71632288984,
          6964197.3098588735
        ]
      },
      "properties": {
        "junction_id": 36385,
        "veh_id": 11530,
        "sim_time_s": 3193.2,
        "tier": "coord-prearm-harmony/SHOCKWAVE",
        "prearm_status": "fired",
        "focus_role": "none"
      }
    },
    {
      "type": "Feature",
      "geometry": {
        "type": "Point",
        "coordinates": [
          0.0,
          0.0
        ]
      },
      "properties": {
        "junction_id": 36385,
        "veh_id": 11530,
        "sim_time_s": 3193.7,
        "tier": "harmony-ins-local",
        "prearm_status": "action",
        "focus_role": "none"
      }
    },
    {
      "type": "Feature",
      "geometry": {
        "type": "Point",
        "coordinates": [
          500715.9750991549,
          6965021.28412977
        ]
      },
      "properties": {
        "junction_id": 36385,
        "veh_id": 11530,
        "sim_time_s": 3193.7,
        "tier": "coord-prearm-success/SHOCKWAVE",
        "prearm_status": "success",
        "focus_role": "none"
      }
    },
    {
      "type": "Feature",
      "geometry": {
        "type": "Point",
        "coordinates": [
          0.0,
          0.0
        ]
      },
      "properties": {
        "junction_id": 38339,
        "veh_id": 11579,
        "sim_time_s": 3194.6,
        "tier": "harmony-no-ge-local",
        "prearm_status": "skip",
        "focus_role": "none"
      }
    },
    {
      "type": "Feature",
      "geometry": {
        "type": "Point",
        "coordinates": [
          499934.38419874274,
          6966522.031468418
        ]
      },
      "properties": {
        "junction_id": 39569,
        "veh_id": 11559,
        "sim_time_s": 3208.1,
        "tier": "track-zone",
        "prearm_status": "",
        "focus_role": "none"
      }
    },
    {
      "type": "Feature",
      "geometry": {
        "type": "Point",
        "coordinates": [
          0.0,
          0.0
        ]
      },
      "properties": {
        "junction_id": 39578,
        "veh_id": 11558,
        "sim_time_s": 3208.1,
        "tier": "harmony-no-ge-local",
        "prearm_status": "skip",
        "focus_role": "none"
      }
    },
    {
      "type": "Feature",
      "geometry": {
        "type": "Point",
        "coordinates": [
          499960.77698887506,
          6967095.433191396
        ]
      },
      "properties": {
        "junction_id": 11118289,
        "veh_id": 11570,
        "sim_time_s": 3214.8,
        "tier": "track-zone",
        "prearm_status": "",
        "focus_role": "none"
      }
    },
    {
      "type": "Feature",
      "geometry": {
        "type": "Point",
        "coordinates": [
          500723.56675781024,
          6965035.856781255
        ]
      },
      "properties": {
        "junction_id": 39593,
        "veh_id": 11528,
        "sim_time_s": 3217.5,
        "tier": "track-zone",
        "prearm_status": "",
        "focus_role": "none"
      }
    },
    {
      "type": "Feature",
      "geometry": {
        "type": "Point",
        "coordinates": [
          500728.9779892021,
          6964994.895783502
        ]
      },
      "properties": {
        "junction_id": 36393,
        "veh_id": 11528,
        "sim_time_s": 3220.2,
        "tier": "track-zone",
        "prearm_status": "",
        "focus_role": "none"
      }
    },
    {
      "type": "Feature",
      "geometry": {
        "type": "Point",
        "coordinates": [
          500043.40852886677,
          6966470.344989
        ]
      },
      "properties": {
        "junction_id": 39569,
        "veh_id": 11536,
        "sim_time_s": 3220.2,
        "tier": "IC-detect",
        "prearm_status": "",
        "focus_role": "none"
      }
    },
    {
      "type": "Feature",
      "geometry": {
        "type": "Point",
        "coordinates": [
          0.0,
          0.0
        ]
      },
      "properties": {
        "junction_id": 36393,
        "veh_id": 11528,
        "sim_time_s": 3226.9,
        "tier": "harmony-ins-local",
        "prearm_status": "action",
        "focus_role": "none"
      }
    },
    {
      "type": "Feature",
      "geometry": {
        "type": "Point",
        "coordinates": [
          500512.7525308,
          6965699.819132881
        ]
      },
      "properties": {
        "junction_id": 39587,
        "veh_id": 11568,
        "sim_time_s": 3229.7,
        "tier": "track-zone",
        "prearm_status": "",
        "focus_role": "none"
      }
    },
    {
      "type": "Feature",
      "geometry": {
        "type": "Point",
        "coordinates": [
          500513.41030481725,
          6965689.737903408
        ]
      },
      "properties": {
        "junction_id": 39576,
        "veh_id": 11568,
        "sim_time_s": 3231.0,
        "tier": "IC-detect",
        "prearm_status": "",
        "focus_role": "none"
      }
    },
    {
      "type": "Feature",
      "geometry": {
        "type": "Point",
        "coordinates": [
          500298.41638002853,
          6966162.076656492
        ]
      },
      "properties": {
        "junction_id": 1043762,
        "veh_id": 11569,
        "sim_time_s": 3232.3,
        "tier": "IC-detect",
        "prearm_status": "",
        "focus_role": "none"
      }
    },
    {
      "type": "Feature",
      "geometry": {
        "type": "Point",
        "coordinates": [
          499934.38419874274,
          6966522.031468418
        ]
      },
      "properties": {
        "junction_id": 39572,
        "veh_id": 11559,
        "sim_time_s": 3233.7,
        "tier": "IC-detect",
        "prearm_status": "",
        "focus_role": "none"
      }
    },
    {
      "type": "Feature",
      "geometry": {
        "type": "Point",
        "coordinates": [
          500572.39647149964,
          6965518.537973206
        ]
      },
      "properties": {
        "junction_id": 1119660,
        "veh_id": 11535,
        "sim_time_s": 3243.2,
        "tier": "track-zone",
        "prearm_status": "",
        "focus_role": "none"
      }
    },
    {
      "type": "Feature",
      "geometry": {
        "type": "Point",
        "coordinates": [
          500512.5860106291,
          6965703.964688899
        ]
      },
      "properties": {
        "junction_id": 39587,
        "veh_id": 11541,
        "sim_time_s": 3244.5,
        "tier": "track-zone",
        "prearm_status": "",
        "focus_role": "none"
      }
    },
    {
      "type": "Feature",
      "geometry": {
        "type": "Point",
        "coordinates": [
          500518.0701492302,
          6965650.603203798
        ]
      },
      "properties": {
        "junction_id": 1119660,
        "veh_id": 11568,
        "sim_time_s": 3244.5,
        "tier": "track-zone",
        "prearm_status": "",
        "focus_role": "none"
      }
    },
    {
      "type": "Feature",
      "geometry": {
        "type": "Point",
        "coordinates": [
          499934.38419874274,
          6966522.031468418
        ]
      },
      "properties": {
        "junction_id": 39568,
        "veh_id": 11559,
        "sim_time_s": 3251.2,
        "tier": "track-zone",
        "prearm_status": "",
        "focus_role": "none"
      }
    },
    {
      "type": "Feature",
      "geometry": {
        "type": "Point",
        "coordinates": [
          500572.39647149964,
          6965518.537973206
        ]
      },
      "properties": {
        "junction_id": 39576,
        "veh_id": 11535,
        "sim_time_s": 3253.9,
        "tier": "track-zone",
        "prearm_status": "",
        "focus_role": "none"
      }
    },
    {
      "type": "Feature",
      "geometry": {
        "type": "Point",
        "coordinates": [
          0.0,
          0.0
        ]
      },
      "properties": {
        "junction_id": 39576,
        "veh_id": 11547,
        "sim_time_s": 3256.7,
        "tier": "harmony-no-ge-local",
        "prearm_status": "skip",
        "focus_role": "none"
      }
    },
    {
      "type": "Feature",
      "geometry": {
        "type": "Point",
        "coordinates": [
          500683.5394193513,
          6964553.053438678
        ]
      },
      "properties": {
        "junction_id": 39590,
        "veh_id": 11528,
        "sim_time_s": 3271.5,
        "tier": "track-zone",
        "prearm_status": "",
        "focus_role": "none"
      }
    },
    {
      "type": "Feature",
      "geometry": {
        "type": "Point",
        "coordinates": [
          500683.5394193513,
          6964553.053438678
        ]
      },
      "properties": {
        "junction_id": 39590,
        "veh_id": 11528,
        "sim_time_s": 3272.4,
        "tier": "coord-prearm-harmony/SHOCKWAVE",
        "prearm_status": "fired",
        "focus_role": "none"
      }
    },
    {
      "type": "Feature",
      "geometry": {
        "type": "Point",
        "coordinates": [
          0.0,
          0.0
        ]
      },
      "properties": {
        "junction_id": 39590,
        "veh_id": 11528,
        "sim_time_s": 3272.8,
        "tier": "harmony-no-ge-local",
        "prearm_status": "skip",
        "focus_role": "none"
      }
    },
    {
      "type": "Feature",
      "geometry": {
        "type": "Point",
        "coordinates": [
          500756.5972760396,
          6964319.360583134
        ]
      },
      "properties": {
        "junction_id": 39590,
        "veh_id": 11528,
        "sim_time_s": 3272.8,
        "tier": "coord-prearm-success/SHOCKWAVE",
        "prearm_status": "success",
        "focus_role": "none"
      }
    },
    {
      "type": "Feature",
      "geometry": {
        "type": "Point",
        "coordinates": [
          500706.4688820228,
          6964418.325036624
        ]
      },
      "properties": {
        "junction_id": 39590,
        "veh_id": 11580,
        "sim_time_s": 3273.8,
        "tier": "IC-detect",
        "prearm_status": "",
        "focus_role": "none"
      }
    },
    {
      "type": "Feature",
      "geometry": {
        "type": "Point",
        "coordinates": [
          500572.80594932195,
          6965517.396373877
        ]
      },
      "properties": {
        "junction_id": 10157950,
        "veh_id": 11535,
        "sim_time_s": 3274.2,
        "tier": "track-zone",
        "prearm_status": "",
        "focus_role": "none"
      }
    },
    {
      "type": "Feature",
      "geometry": {
        "type": "Point",
        "coordinates": [
          500043.40852886677,
          6966470.344989
        ]
      },
      "properties": {
        "junction_id": 39572,
        "veh_id": 11536,
        "sim_time_s": 3274.2,
        "tier": "track-zone",
        "prearm_status": "",
        "focus_role": "none"
      }
    },
    {
      "type": "Feature",
      "geometry": {
        "type": "Point",
        "coordinates": [
          500685.0148574918,
          6964539.669851226
        ]
      },
      "properties": {
        "junction_id": 39606,
        "veh_id": 11528,
        "sim_time_s": 3276.0,
        "tier": "coord-prearm-harmony/SHOCKWAVE",
        "prearm_status": "fired",
        "focus_role": "none"
      }
    },
    {
      "type": "Feature",
      "geometry": {
        "type": "Point",
        "coordinates": [
          0.0,
          0.0
        ]
      },
      "properties": {
        "junction_id": 39606,
        "veh_id": 11528,
        "sim_time_s": 3276.4,
        "tier": "harmony-no-ge-local",
        "prearm_status": "skip",
        "focus_role": "none"
      }
    },
    {
      "type": "Feature",
      "geometry": {
        "type": "Point",
        "coordinates": [
          500851.8606898629,
          6964194.216881554
        ]
      },
      "properties": {
        "junction_id": 39606,
        "veh_id": 11528,
        "sim_time_s": 3276.4,
        "tier": "coord-prearm-success/SHOCKWAVE",
        "prearm_status": "success",
        "focus_role": "none"
      }
    },
    {
      "type": "Feature",
      "geometry": {
        "type": "Point",
        "coordinates": [
          500673.89325896255,
          6964516.321433681
        ]
      },
      "properties": {
        "junction_id": 36393,
        "veh_id": 11580,
        "sim_time_s": 3279.6,
        "tier": "track-zone",
        "prearm_status": "",
        "focus_role": "none"
      }
    },
    {
      "type": "Feature",
      "geometry": {
        "type": "Point",
        "coordinates": [
          0.0,
          0.0
        ]
      },
      "properties": {
        "junction_id": 39569,
        "veh_id": 11536,
        "sim_time_s": 3280.1,
        "tier": "harmony-no-ge-local",
        "prearm_status": "skip",
        "focus_role": "none"
      }
    },
    {
      "type": "Feature",
      "geometry": {
        "type": "Point",
        "coordinates": [
          499959.2519789812,
          6966943.875859435
        ]
      },
      "properties": {
        "junction_id": 39568,
        "veh_id": 11570,
        "sim_time_s": 3280.9,
        "tier": "track-zone",
        "prearm_status": "",
        "focus_role": "none"
      }
    },
    {
      "type": "Feature",
      "geometry": {
        "type": "Point",
        "coordinates": [
          499963.85648232704,
          6966877.748854483
        ]
      },
      "properties": {
        "junction_id": 39572,
        "veh_id": 11570,
        "sim_time_s": 3285.0,
        "tier": "track-zone",
        "prearm_status": "",
        "focus_role": "none"
      }
    },
    {
      "type": "Feature",
      "geometry": {
        "type": "Point",
        "coordinates": [
          500598.4200555438,
          6965442.726058722
        ]
      },
      "properties": {
        "junction_id": 39587,
        "veh_id": 11535,
        "sim_time_s": 3285.0,
        "tier": "IC-detect",
        "prearm_status": "",
        "focus_role": "none"
      }
    },
    {
      "type": "Feature",
      "geometry": {
        "type": "Point",
        "coordinates": [
          500608.6068423568,
          6965411.039782039
        ]
      },
      "properties": {
        "junction_id": 39593,
        "veh_id": 11535,
        "sim_time_s": 3287.7,
        "tier": "track-zone",
        "prearm_status": "",
        "focus_role": "none"
      }
    },
    {
      "type": "Feature",
      "geometry": {
        "type": "Point",
        "coordinates": [
          500473.3455326101,
          6965699.969252063
        ]
      },
      "properties": {
        "junction_id": 39578,
        "veh_id": 11547,
        "sim_time_s": 3291.8,
        "tier": "track-zone",
        "prearm_status": "",
        "focus_role": "none"
      }
    },
    {
      "type": "Feature",
      "geometry": {
        "type": "Point",
        "coordinates": [
          0.0,
          0.0
        ]
      },
      "properties": {
        "junction_id": 39572,
        "veh_id": 11559,
        "sim_time_s": 3293.6,
        "tier": "harmony-no-ge-local",
        "prearm_status": "skip",
        "focus_role": "none"
      }
    },
    {
      "type": "Feature",
      "geometry": {
        "type": "Point",
        "coordinates": [
          0.0,
          0.0
        ]
      },
      "properties": {
        "junction_id": 39572,
        "veh_id": 11570,
        "sim_time_s": 3299.8,
        "tier": "harmony-no-ge-local",
        "prearm_status": "skip",
        "focus_role": "none"
      }
    },
    {
      "type": "Feature",
      "geometry": {
        "type": "Point",
        "coordinates": [
          500012.66471166234,
          6966667.719135574
        ]
      },
      "properties": {
        "junction_id": 39569,
        "veh_id": 11570,
        "sim_time_s": 3301.2,
        "tier": "track-zone",
        "prearm_status": "",
        "focus_role": "none"
      }
    },
    {
      "type": "Feature",
      "geometry": {
        "type": "Point",
        "coordinates": [
          0.0,
          0.0
        ]
      },
      "properties": {
        "junction_id": 39593,
        "veh_id": 11535,
        "sim_time_s": 3301.2,
        "tier": "harmony-ins-local",
        "prearm_status": "action",
        "focus_role": "none"
      }
    },
    {
      "type": "Feature",
      "geometry": {
        "type": "Point",
        "coordinates": [
          500649.6336141753,
          6965253.694951734
        ]
      },
      "properties": {
        "junction_id": 36385,
        "veh_id": 11535,
        "sim_time_s": 3302.6,
        "tier": "track-zone",
        "prearm_status": "",
        "focus_role": "none"
      }
    },
    {
      "type": "Feature",
      "geometry": {
        "type": "Point",
        "coordinates": [
          500124.07650889223,
          6966443.159583588
        ]
      },
      "properties": {
        "junction_id": 1043762,
        "veh_id": 11536,
        "sim_time_s": 3302.6,
        "tier": "track-zone",
        "prearm_status": "",
        "focus_role": "none"
      }
    },
    {
      "type": "Feature",
      "geometry": {
        "type": "Point",
        "coordinates": [
          500516.5194064535,
          6965658.830188286
        ]
      },
      "properties": {
        "junction_id": 39576,
        "veh_id": 11541,
        "sim_time_s": 3303.9,
        "tier": "IC-detect",
        "prearm_status": "",
        "focus_role": "none"
      }
    },
    {
      "type": "Feature",
      "geometry": {
        "type": "Point",
        "coordinates": [
          500682.7191665404,
          6964781.084999102
        ]
      },
      "properties": {
        "junction_id": 36393,
        "veh_id": 11530,
        "sim_time_s": 3307.5,
        "tier": "IC-detect",
        "prearm_status": "",
        "focus_role": "none"
      }
    },
    {
      "type": "Feature",
      "geometry": {
        "type": "Point",
        "coordinates": [
          500350.08227909263,
          6966098.427440681
        ]
      },
      "properties": {
        "junction_id": 39578,
        "veh_id": 11569,
        "sim_time_s": 3307.9,
        "tier": "track-section",
        "prearm_status": "",
        "focus_role": "none"
      }
    },
    {
      "type": "Feature",
      "geometry": {
        "type": "Point",
        "coordinates": [
          500518.76267131453,
          6965648.209466976
        ]
      },
      "properties": {
        "junction_id": 1119660,
        "veh_id": 11541,
        "sim_time_s": 3314.7,
        "tier": "track-zone",
        "prearm_status": "",
        "focus_role": "none"
      }
    },
    {
      "type": "Feature",
      "geometry": {
        "type": "Point",
        "coordinates": [
          499985.30318111397,
          6967313.188616714
        ]
      },
      "properties": {
        "junction_id": 38339,
        "veh_id": 11579,
        "sim_time_s": 3314.7,
        "tier": "IC-detect-far",
        "prearm_status": "",
        "focus_role": "none"
      }
    },
    {
      "type": "Feature",
      "geometry": {
        "type": "Point",
        "coordinates": [
          500693.99852254125,
          6964878.4011131935
        ]
      },
      "properties": {
        "junction_id": 36385,
        "veh_id": 11530,
        "sim_time_s": 3316.1,
        "tier": "IC-detect",
        "prearm_status": "",
        "focus_role": "none"
      }
    },
    {
      "type": "Feature",
      "geometry": {
        "type": "Point",
        "coordinates": [
          500704.21912359644,
          6964929.739263633
        ]
      },
      "properties": {
        "junction_id": 39593,
        "veh_id": 11530,
        "sim_time_s": 3321.4,
        "tier": "track-zone",
        "prearm_status": "",
        "focus_role": "none"
      }
    },
    {
      "type": "Feature",
      "geometry": {
        "type": "Point",
        "coordinates": [
          500682.8627616594,
          6964783.81371854
        ]
      },
      "properties": {
        "junction_id": 36385,
        "veh_id": 11580,
        "sim_time_s": 3321.4,
        "tier": "track-zone",
        "prearm_status": "",
        "focus_role": "none"
      }
    },
    {
      "type": "Feature",
      "geometry": {
        "type": "Point",
        "coordinates": [
          500551.1039691407,
          6965572.187796145
        ]
      },
      "properties": {
        "junction_id": 10157950,
        "veh_id": 11568,
        "sim_time_s": 3325.5,
        "tier": "track-zone",
        "prearm_status": "",
        "focus_role": "none"
      }
    },
    {
      "type": "Feature",
      "geometry": {
        "type": "Point",
        "coordinates": [
          0.0,
          0.0
        ]
      },
      "properties": {
        "junction_id": 36385,
        "veh_id": 11535,
        "sim_time_s": 3326.8,
        "tier": "harmony-ge-local",
        "prearm_status": "action",
        "focus_role": "none"
      }
    },
    {
      "type": "Feature",
      "geometry": {
        "type": "Point",
        "coordinates": [
          500526.51846369414,
          6965945.855503581
        ]
      },
      "properties": {
        "junction_id": 39578,
        "veh_id": 11558,
        "sim_time_s": 3328.2,
        "tier": "IC-detect",
        "prearm_status": "",
        "focus_role": "none"
      }
    },
    {
      "type": "Feature",
      "geometry": {
        "type": "Point",
        "coordinates": [
          499982.64053168154,
          6966498.644156721
        ]
      },
      "properties": {
        "junction_id": 39569,
        "veh_id": 11559,
        "sim_time_s": 3328.2,
        "tier": "IC-detect",
        "prearm_status": "",
        "focus_role": "none"
      }
    },
    {
      "type": "Feature",
      "geometry": {
        "type": "Point",
        "coordinates": [
          500714.5927725393,
          6965090.698409409
        ]
      },
      "properties": {
        "junction_id": 36393,
        "veh_id": 11535,
        "sim_time_s": 3330.0,
        "tier": "coord-prearm-harmony/SHOCKWAVE",
        "prearm_status": "fired",
        "focus_role": "none"
      }
    },
    {
      "type": "Feature",
      "geometry": {
        "type": "Point",
        "coordinates": [
          0.0,
          0.0
        ]
      },
      "properties": {
        "junction_id": 36393,
        "veh_id": 11535,
        "sim_time_s": 3330.4,
        "tier": "harmony-no-ge-local",
        "prearm_status": "skip",
        "focus_role": "none"
      }
    },
    {
      "type": "Feature",
      "geometry": {
        "type": "Point",
        "coordinates": [
          500684.0987813321,
          6964756.319799706
        ]
      },
      "properties": {
        "junction_id": 36393,
        "veh_id": 11535,
        "sim_time_s": 3330.4,
        "tier": "coord-prearm-success/SHOCKWAVE",
        "prearm_status": "success",
        "focus_role": "none"
      }
    },
    {
      "type": "Feature",
      "geometry": {
        "type": "Point",
        "coordinates": [
          500716.04629115615,
          6965084.829453841
        ]
      },
      "properties": {
        "junction_id": 39590,
        "veh_id": 11535,
        "sim_time_s": 3334.5,
        "tier": "coord-prearm-harmony/SHOCKWAVE",
        "prearm_status": "fired",
        "focus_role": "none"
      }
    },
    {
      "type": "Feature",
      "geometry": {
        "type": "Point",
        "coordinates": [
          0.0,
          0.0
        ]
      },
      "properties": {
        "junction_id": 39590,
        "veh_id": 11535,
        "sim_time_s": 3334.9,
        "tier": "harmony-ins-local",
        "prearm_status": "action",
        "focus_role": "none"
      }
    },
    {
      "type": "Feature",
      "geometry": {
        "type": "Point",
        "coordinates": [
          500756.5972760396,
          6964319.360583134
        ]
      },
      "properties": {
        "junction_id": 39590,
        "veh_id": 11535,
        "sim_time_s": 3334.9,
        "tier": "coord-prearm-success/SHOCKWAVE",
        "prearm_status": "success",
        "focus_role": "none"
      }
    },
    {
      "type": "Feature",
      "geometry": {
        "type": "Point",
        "coordinates": [
          500702.0576511048,
          6964934.552845381
        ]
      },
      "properties": {
        "junction_id": 39593,
        "veh_id": 11580,
        "sim_time_s": 3337.7,
        "tier": "track-zone",
        "prearm_status": "",
        "focus_role": "none"
      }
    },
    {
      "type": "Feature",
      "geometry": {
        "type": "Point",
        "coordinates": [
          500559.83311868116,
          6965553.242929919
        ]
      },
      "properties": {
        "junction_id": 39587,
        "veh_id": 11568,
        "sim_time_s": 3349.8,
        "tier": "IC-detect-far",
        "prearm_status": "",
        "focus_role": "none"
      }
    },
    {
      "type": "Feature",
      "geometry": {
        "type": "Point",
        "coordinates": [
          0.0,
          0.0
        ]
      },
      "properties": {
        "junction_id": 39569,
        "veh_id": 11559,
        "sim_time_s": 3349.8,
        "tier": "harmony-no-ge-local",
        "prearm_status": "skip",
        "focus_role": "none"
      }
    },
    {
      "type": "Feature",
      "geometry": {
        "type": "Point",
        "coordinates": [
          0.0,
          0.0
        ]
      },
      "properties": {
        "junction_id": 39587,
        "veh_id": 11568,
        "sim_time_s": 3352.5,
        "tier": "harmony-ins-local",
        "prearm_status": "action",
        "focus_role": "none"
      }
    },
    {
      "type": "Feature",
      "geometry": {
        "type": "Point",
        "coordinates": [
          0.0,
          0.0
        ]
      },
      "properties": {
        "junction_id": 39569,
        "veh_id": 11570,
        "sim_time_s": 3355.2,
        "tier": "harmony-no-ge-local",
        "prearm_status": "skip",
        "focus_role": "none"
      }
    },
    {
      "type": "Feature",
      "geometry": {
        "type": "Point",
        "coordinates": [
          500550.1738873399,
          6965574.256953864
        ]
      },
      "properties": {
        "junction_id": 39587,
        "veh_id": 11541,
        "sim_time_s": 3364.7,
        "tier": "IC-detect-far",
        "prearm_status": "",
        "focus_role": "none"
      }
    },
    {
      "type": "Feature",
      "geometry": {
        "type": "Point",
        "coordinates": [
          500559.8478782766,
          6965553.21089718
        ]
      },
      "properties": {
        "junction_id": 1119660,
        "veh_id": 11568,
        "sim_time_s": 3366.0,
        "tier": "track-zone",
        "prearm_status": "",
        "focus_role": "none"
      }
    },
    {
      "type": "Feature",
      "geometry": {
        "type": "Point",
        "coordinates": [
          500004.9099774937,
          6966488.1258716
        ]
      },
      "properties": {
        "junction_id": 39568,
        "veh_id": 11559,
        "sim_time_s": 3372.8,
        "tier": "track-zone",
        "prearm_status": "",
        "focus_role": "none"
      }
    },
    {
      "type": "Feature",
      "geometry": {
        "type": "Point",
        "coordinates": [
          500473.3455326101,
          6965699.969252063
        ]
      },
      "properties": {
        "junction_id": 39576,
        "veh_id": 11547,
        "sim_time_s": 3376.8,
        "tier": "IC-detect",
        "prearm_status": "",
        "focus_role": "none"
      }
    },
    {
      "type": "Feature",
      "geometry": {
        "type": "Point",
        "coordinates": [
          0.0,
          0.0
        ]
      },
      "properties": {
        "junction_id": 39578,
        "veh_id": 11569,
        "sim_time_s": 3379.5,
        "tier": "harmony-ins-local",
        "prearm_status": "action",
        "focus_role": "none"
      }
    },
    {
      "type": "Feature",
      "geometry": {
        "type": "Point",
        "coordinates": [
          500551.67405520915,
          6965571.001140744
        ]
      },
      "properties": {
        "junction_id": 10157950,
        "veh_id": 11541,
        "sim_time_s": 3380.8,
        "tier": "track-zone",
        "prearm_status": "",
        "focus_role": "none"
      }
    },
    {
      "type": "Feature",
      "geometry": {
        "type": "Point",
        "coordinates": [
          0.0,
          0.0
        ]
      },
      "properties": {
        "junction_id": 36385,
        "veh_id": 11580,
        "sim_time_s": 3387.2,
        "tier": "harmony-ins-local",
        "prearm_status": "action",
        "focus_role": "none"
      }
    },
    {
      "type": "Feature",
      "geometry": {
        "type": "Point",
        "coordinates": [
          500531.5302877546,
          6965935.2783174375
        ]
      },
      "properties": {
        "junction_id": 39576,
        "veh_id": 11558,
        "sim_time_s": 3391.7,
        "tier": "track-zone",
        "prearm_status": "",
        "focus_role": "none"
      }
    },
    {
      "type": "Feature",
      "geometry": {
        "type": "Point",
        "coordinates": [
          500683.8810146886,
          6965099.879557572
        ]
      },
      "properties": {
        "junction_id": 10157950,
        "veh_id": 11580,
        "sim_time_s": 3398.4,
        "tier": "track-zone",
        "prearm_status": "",
        "focus_role": "none"
      }
    },
    {
      "type": "Feature",
      "geometry": {
        "type": "Point",
        "coordinates": [
          0.0,
          0.0
        ]
      },
      "properties": {
        "junction_id": 39593,
        "veh_id": 11580,
        "sim_time_s": 3398.4,
        "tier": "harmony-no-ge-local",
        "prearm_status": "skip",
        "focus_role": "none"
      }
    },
    {
      "type": "Feature",
      "geometry": {
        "type": "Point",
        "coordinates": [
          500184.7589685914,
          6966344.345718171
        ]
      },
      "properties": {
        "junction_id": 39569,
        "veh_id": 11536,
        "sim_time_s": 3400.2,
        "tier": "IC-detect",
        "prearm_status": "",
        "focus_role": "none"
      }
    },
    {
      "type": "Feature",
      "geometry": {
        "type": "Point",
        "coordinates": [
          500663.39206688904,
          6965177.675719325
        ]
      },
      "properties": {
        "junction_id": 1119660,
        "veh_id": 11580,
        "sim_time_s": 3403.8,
        "tier": "track-zone",
        "prearm_status": "",
        "focus_role": "none"
      }
    },
    {
      "type": "Feature",
      "geometry": {
        "type": "Point",
        "coordinates": [
          500636.4930153963,
          6965239.304831225
        ]
      },
      "properties": {
        "junction_id": 39587,
        "veh_id": 11580,
        "sim_time_s": 3407.8,
        "tier": "track-zone",
        "prearm_status": "",
        "focus_role": "none"
      }
    },
    {
      "type": "Feature",
      "geometry": {
        "type": "Point",
        "coordinates": [
          500473.3455326101,
          6965699.969252063
        ]
      },
      "properties": {
        "junction_id": 39578,
        "veh_id": 11547,
        "sim_time_s": 3413.2,
        "tier": "track-zone",
        "prearm_status": "",
        "focus_role": "none"
      }
    },
    {
      "type": "Feature",
      "geometry": {
        "type": "Point",
        "coordinates": [
          500495.44265618373,
          6965703.325365546
        ]
      },
      "properties": {
        "junction_id": 39587,
        "veh_id": 11547,
        "sim_time_s": 3418.7,
        "tier": "track-zone",
        "prearm_status": "",
        "focus_role": "none"
      }
    },
    {
      "type": "Feature",
      "geometry": {
        "type": "Point",
        "coordinates": [
          500576.43491997925,
          6965507.177355508
        ]
      },
      "properties": {
        "junction_id": 39576,
        "veh_id": 11568,
        "sim_time_s": 3418.7,
        "tier": "track-zone",
        "prearm_status": "",
        "focus_role": "none"
      }
    },
    {
      "type": "Feature",
      "geometry": {
        "type": "Point",
        "coordinates": [
          0.0,
          0.0
        ]
      },
      "properties": {
        "junction_id": 39587,
        "veh_id": 11580,
        "sim_time_s": 3420.0,
        "tier": "harmony-ins-local",
        "prearm_status": "action",
        "focus_role": "none"
      }
    },
    {
      "type": "Feature",
      "geometry": {
        "type": "Point",
        "coordinates": [
          500946.18332170724,
          6964035.9600085355
        ]
      },
      "properties": {
        "junction_id": 39606,
        "veh_id": 11554,
        "sim_time_s": 3421.8,
        "tier": "IC-detect",
        "prearm_status": "",
        "focus_role": "none"
      }
    },
    {
      "type": "Feature",
      "geometry": {
        "type": "Point",
        "coordinates": [
          0.0,
          0.0
        ]
      },
      "properties": {
        "junction_id": 39606,
        "veh_id": 11554,
        "sim_time_s": 3421.8,
        "tier": "harmony-no-ge-local",
        "prearm_status": "skip",
        "focus_role": "none"
      }
    },
    {
      "type": "Feature",
      "geometry": {
        "type": "Point",
        "coordinates": [
          500219.4680441286,
          6966285.630182469
        ]
      },
      "properties": {
        "junction_id": 1043762,
        "veh_id": 11536,
        "sim_time_s": 3422.7,
        "tier": "IC-detect-far",
        "prearm_status": "",
        "focus_role": "none"
      }
    },
    {
      "type": "Feature",
      "geometry": {
        "type": "Point",
        "coordinates": [
          500929.78819235426,
          6964062.162482379
        ]
      },
      "properties": {
        "junction_id": 39590,
        "veh_id": 11554,
        "sim_time_s": 3424.9,
        "tier": "coord-prearm-harmony/SHOCKWAVE",
        "prearm_status": "fired",
        "focus_role": "none"
      }
    },
    {
      "type": "Feature",
      "geometry": {
        "type": "Point",
        "coordinates": [
          500573.04003719724,
          6965457.306597827
        ]
      },
      "properties": {
        "junction_id": 39576,
        "veh_id": 11580,
        "sim_time_s": 3425.4,
        "tier": "track-zone",
        "prearm_status": "",
        "focus_role": "none"
      }
    },
    {
      "type": "Feature",
      "geometry": {
        "type": "Point",
        "coordinates": [
          0.0,
          0.0
        ]
      },
      "properties": {
        "junction_id": 39590,
        "veh_id": 11554,
        "sim_time_s": 3425.4,
        "tier": "harmony-ins-local",
        "prearm_status": "action",
        "focus_role": "none"
      }
    },
    {
      "type": "Feature",
      "geometry": {
        "type": "Point",
        "coordinates": [
          500756.5972760396,
          6964319.360583134
        ]
      },
      "properties": {
        "junction_id": 39590,
        "veh_id": 11554,
        "sim_time_s": 3425.4,
        "tier": "coord-prearm-success/SHOCKWAVE",
        "prearm_status": "success",
        "focus_role": "none"
      }
    },
    {
      "type": "Feature",
      "geometry": {
        "type": "Point",
        "coordinates": [
          500568.6351749045,
          6965528.985291577
        ]
      },
      "properties": {
        "junction_id": 39576,
        "veh_id": 11541,
        "sim_time_s": 3428.1,
        "tier": "track-zone",
        "prearm_status": "",
        "focus_role": "none"
      }
    },
    {
      "type": "Feature",
      "geometry": {
        "type": "Point",
        "coordinates": [
          500912.63350324694,
          6964083.317013708
        ]
      },
      "properties": {
        "junction_id": 36393,
        "veh_id": 11554,
        "sim_time_s": 3428.6,
        "tier": "coord-prearm-harmony/SHOCKWAVE",
        "prearm_status": "fired",
        "focus_role": "none"
      }
    },
    {
      "type": "Feature",
      "geometry": {
        "type": "Point",
        "coordinates": [
          0.0,
          0.0
        ]
      },
      "properties": {
        "junction_id": 36393,
        "veh_id": 11554,
        "sim_time_s": 3429.0,
        "tier": "harmony-ins-local",
        "prearm_status": "action",
        "focus_role": "none"
      }
    },
    {
      "type": "Feature",
      "geometry": {
        "type": "Point",
        "coordinates": [
          500684.0987813321,
          6964756.319799706
        ]
      },
      "properties": {
        "junction_id": 36393,
        "veh_id": 11554,
        "sim_time_s": 3429.0,
        "tier": "coord-prearm-success/SHOCKWAVE",
        "prearm_status": "success",
        "focus_role": "none"
      }
    },
    {
      "type": "Feature",
      "geometry": {
        "type": "Point",
        "coordinates": [
          500129.54777517216,
          6966435.6353825135
        ]
      },
      "properties": {
        "junction_id": 1043762,
        "veh_id": 11570,
        "sim_time_s": 3429.4,
        "tier": "track-zone",
        "prearm_status": "",
        "focus_role": "none"
      }
    },
    {
      "type": "Feature",
      "geometry": {
        "type": "Point",
        "coordinates": [
          500517.9946136104,
          6965650.768773926
        ]
      },
      "properties": {
        "junction_id": 1119660,
        "veh_id": 11547,
        "sim_time_s": 3434.8,
        "tier": "track-zone",
        "prearm_status": "",
        "focus_role": "none"
      }
    },
    {
      "type": "Feature",
      "geometry": {
        "type": "Point",
        "coordinates": [
          0.0,
          0.0
        ]
      },
      "properties": {
        "junction_id": 39576,
        "veh_id": 11580,
        "sim_time_s": 3434.8,
        "tier": "harmony-no-ge-local",
        "prearm_status": "skip",
        "focus_role": "none"
      }
    },
    {
      "type": "Feature",
      "geometry": {
        "type": "Point",
        "coordinates": [
          500909.04740348633,
          6964088.399606772
        ]
      },
      "properties": {
        "junction_id": 36385,
        "veh_id": 11554,
        "sim_time_s": 3434.8,
        "tier": "coord-prearm-harmony/SHOCKWAVE",
        "prearm_status": "fired",
        "focus_role": "none"
      }
    },
    {
      "type": "Feature",
      "geometry": {
        "type": "Point",
        "coordinates": [
          500569.81903598056,
          6965525.684758714
        ]
      },
      "properties": {
        "junction_id": 1119660,
        "veh_id": 11541,
        "sim_time_s": 3436.2,
        "tier": "track-zone",
        "prearm_status": "",
        "focus_role": "none"
      }
    },
    {
      "type": "Feature",
      "geometry": {
        "type": "Point",
        "coordinates": [
          500716.08611194656,
          6964994.165945246
        ]
      },
      "properties": {
        "junction_id": 36385,
        "veh_id": 11530,
        "sim_time_s": 3436.2,
        "tier": "IC-detect",
        "prearm_status": "",
        "focus_role": "none"
      }
    },
    {
      "type": "Feature",
      "geometry": {
        "type": "Point",
        "coordinates": [
          500610.3374616503,
          6965404.8180901995
        ]
      },
      "properties": {
        "junction_id": 39593,
        "veh_id": 11568,
        "sim_time_s": 3440.2,
        "tier": "track-zone",
        "prearm_status": "",
        "focus_role": "none"
      }
    },
    {
      "type": "Feature",
      "geometry": {
        "type": "Point",
        "coordinates": [
          500716.08611194656,
          6964994.165945246
        ]
      },
      "properties": {
        "junction_id": 39593,
        "veh_id": 11530,
        "sim_time_s": 3442.9,
        "tier": "track-zone",
        "prearm_status": "",
        "focus_role": "none"
      }
    },
    {
      "type": "Feature",
      "geometry": {
        "type": "Point",
        "coordinates": [
          500492.2921608327,
          6965685.240562495
        ]
      },
      "properties": {
        "junction_id": 39578,
        "veh_id": 11580,
        "sim_time_s": 3444.3,
        "tier": "track-zone",
        "prearm_status": "",
        "focus_role": "none"
      }
    },
    {
      "type": "Feature",
      "geometry": {
        "type": "Point",
        "coordinates": [
          500632.59896869765,
          6965307.437620581
        ]
      },
      "properties": {
        "junction_id": 10157950,
        "veh_id": 11568,
        "sim_time_s": 3447.0,
        "tier": "track-zone",
        "prearm_status": "",
        "focus_role": "none"
      }
    },
    {
      "type": "Feature",
      "geometry": {
        "type": "Point",
        "coordinates": [
          500723.08346578095,
          6965038.545683331
        ]
      },
      "properties": {
        "junction_id": 36385,
        "veh_id": 11535,
        "sim_time_s": 3447.0,
        "tier": "IC-detect",
        "prearm_status": "",
        "focus_role": "none"
      }
    },
    {
      "type": "Feature",
      "geometry": {
        "type": "Point",
        "coordinates": [
          500518.10438298446,
          6965818.367041835
        ]
      },
      "properties": {
        "junction_id": 39578,
        "veh_id": 11558,
        "sim_time_s": 3448.3,
        "tier": "IC-detect",
        "prearm_status": "",
        "focus_role": "none"
      }
    },
    {
      "type": "Feature",
      "geometry": {
        "type": "Point",
        "coordinates": [
          500651.179000436,
          6965250.022951897
        ]
      },
      "properties": {
        "junction_id": 36385,
        "veh_id": 11568,
        "sim_time_s": 3451.1,
        "tier": "track-zone",
        "prearm_status": "",
        "focus_role": "none"
      }
    },
    {
      "type": "Feature",
      "geometry": {
        "type": "Point",
        "coordinates": [
          0.0,
          0.0
        ]
      },
      "properties": {
        "junction_id": 39593,
        "veh_id": 11568,
        "sim_time_s": 3451.1,
        "tier": "harmony-ge-local",
        "prearm_status": "action",
        "focus_role": "none"
      }
    },
    {
      "type": "Feature",
      "geometry": {
        "type": "Point",
        "coordinates": [
          0.0,
          0.0
        ]
      },
      "properties": {
        "junction_id": 39576,
        "veh_id": 11558,
        "sim_time_s": 3456.4,
        "tier": "harmony-no-ge-local",
        "prearm_status": "skip",
        "focus_role": "none"
      }
    },
    {
      "type": "Feature",
      "geometry": {
        "type": "Point",
        "coordinates": [
          0.0,
          0.0
        ]
      },
      "properties": {
        "junction_id": 1043762,
        "veh_id": 11536,
        "sim_time_s": 3468.6,
        "tier": "harmony-ins-local",
        "prearm_status": "action",
        "focus_role": "none"
      }
    },
    {
      "type": "Feature",
      "geometry": {
        "type": "Point",
        "coordinates": [
          500030.4246555258,
          6966476.236746365
        ]
      },
      "properties": {
        "junction_id": 39569,
        "veh_id": 11559,
        "sim_time_s": 3469.9,
        "tier": "IC-detect",
        "prearm_status": "",
        "focus_role": "none"
      }
    },
    {
      "type": "Feature",
      "geometry": {
        "type": "Point",
        "coordinates": [
          500610.82551950635,
          6965403.022158391
        ]
      },
      "properties": {
        "junction_id": 39593,
        "veh_id": 11541,
        "sim_time_s": 3471.3,
        "tier": "track-zone",
        "prearm_status": "",
        "focus_role": "none"
      }
    },
    {
      "type": "Feature",
      "geometry": {
        "type": "Point",
        "coordinates": [
          0.0,
          0.0
        ]
      },
      "properties": {
        "junction_id": 36385,
        "veh_id": 11568,
        "sim_time_s": 3472.7,
        "tier": "harmony-ins-local",
        "prearm_status": "action",
        "focus_role": "none"
      }
    },
    {
      "type": "Feature",
      "geometry": {
        "type": "Point",
        "coordinates": [
          500175.7247948302,
          6966359.434088598
        ]
      },
      "properties": {
        "junction_id": 39569,
        "veh_id": 11570,
        "sim_time_s": 3475.3,
        "tier": "IC-detect-far",
        "prearm_status": "",
        "focus_role": "none"
      }
    },
    {
      "type": "Feature",
      "geometry": {
        "type": "Point",
        "coordinates": [
          500714.4599687435,
          6965091.097387891
        ]
      },
      "properties": {
        "junction_id": 36393,
        "veh_id": 11568,
        "sim_time_s": 3475.8,
        "tier": "coord-prearm-harmony/SHOCKWAVE",
        "prearm_status": "fired",
        "focus_role": "none"
      }
    },
    {
      "type": "Feature",
      "geometry": {
        "type": "Point",
        "coordinates": [
          0.0,
          0.0
        ]
      },
      "properties": {
        "junction_id": 39578,
        "veh_id": 11580,
        "sim_time_s": 3479.4,
        "tier": "harmony-ins-local",
        "prearm_status": "action",
        "focus_role": "none"
      }
    },
    {
      "type": "Feature",
      "geometry": {
        "type": "Point",
        "coordinates": [
          500647.9887047979,
          6965257.509254536
        ]
      },
      "properties": {
        "junction_id": 36385,
        "veh_id": 11541,
        "sim_time_s": 3480.8,
        "tier": "track-zone",
        "prearm_status": "",
        "focus_role": "none"
      }
    },
    {
      "type": "Feature",
      "geometry": {
        "type": "Point",
        "coordinates": [
          500729.0608079722,
          6964995.837577979
        ]
      },
      "properties": {
        "junction_id": 36393,
        "veh_id": 11535,
        "sim_time_s": 3483.4,
        "tier": "track-zone",
        "prearm_status": "",
        "focus_role": "none"
      }
    },
    {
      "type": "Feature",
      "geometry": {
        "type": "Point",
        "coordinates": [
          0.0,
          0.0
        ]
      },
      "properties": {
        "junction_id": 36393,
        "veh_id": 11568,
        "sim_time_s": 3489.3,
        "tier": "harmony-ins-local",
        "prearm_status": "action",
        "focus_role": "none"
      }
    },
    {
      "type": "Feature",
      "geometry": {
        "type": "Point",
        "coordinates": [
          500684.0987813321,
          6964756.319799706
        ]
      },
      "properties": {
        "junction_id": 36393,
        "veh_id": 11568,
        "sim_time_s": 3489.3,
        "tier": "coord-prearm-success/SHOCKWAVE",
        "prearm_status": "success",
        "focus_role": "none"
      }
    },
    {
      "type": "Feature",
      "geometry": {
        "type": "Point",
        "coordinates": [
          500716.19581338635,
          6965084.08846832
        ]
      },
      "properties": {
        "junction_id": 39590,
        "veh_id": 11568,
        "sim_time_s": 3491.6,
        "tier": "coord-prearm-harmony/SHOCKWAVE",
        "prearm_status": "fired",
        "focus_role": "none"
      }
    },
    {
      "type": "Feature",
      "geometry": {
        "type": "Point",
        "coordinates": [
          0.0,
          0.0
        ]
      },
      "properties": {
        "junction_id": 39590,
        "veh_id": 11568,
        "sim_time_s": 3492.0,
        "tier": "harmony-ins-local",
        "prearm_status": "action",
        "focus_role": "none"
      }
    },
    {
      "type": "Feature",
      "geometry": {
        "type": "Point",
        "coordinates": [
          500756.5972760396,
          6964319.360583134
        ]
      },
      "properties": {
        "junction_id": 39590,
        "veh_id": 11568,
        "sim_time_s": 3492.0,
        "tier": "coord-prearm-success/SHOCKWAVE",
        "prearm_status": "success",
        "focus_role": "none"
      }
    },
    {
      "type": "Feature",
      "geometry": {
        "type": "Point",
        "coordinates": [
          500528.79034498456,
          6965933.504264185
        ]
      },
      "properties": {
        "junction_id": 39576,
        "veh_id": 11569,
        "sim_time_s": 3492.9,
        "tier": "track-zone",
        "prearm_status": "",
        "focus_role": "none"
      }
    },
    {
      "type": "Feature",
      "geometry": {
        "type": "Point",
        "coordinates": [
          499514.7252128233,
          6966653.143515027
        ]
      },
      "properties": {
        "junction_id": 39572,
        "veh_id": 11537,
        "sim_time_s": 3493.3,
        "tier": "IC-detect",
        "prearm_status": "",
        "focus_role": "none"
      }
    },
    {
      "type": "Feature",
      "geometry": {
        "type": "Point",
        "coordinates": [
          500030.4246555258,
          6966476.236746365
        ]
      },
      "properties": {
        "junction_id": 39568,
        "veh_id": 11559,
        "sim_time_s": 3494.2,
        "tier": "track-zone",
        "prearm_status": "",
        "focus_role": "none"
      }
    },
    {
      "type": "Feature",
      "geometry": {
        "type": "Point",
        "coordinates": [
          500540.9846495534,
          6965594.072277477
        ]
      },
      "properties": {
        "junction_id": 39576,
        "veh_id": 11547,
        "sim_time_s": 3496.9,
        "tier": "IC-detect-far",
        "prearm_status": "",
        "focus_role": "none"
      }
    },
    {
      "type": "Feature",
      "geometry": {
        "type": "Point",
        "coordinates": [
          500715.9750991549,
          6965021.28412977
        ]
      },
      "properties": {
        "junction_id": 36385,
        "veh_id": 11554,
        "sim_time_s": 3496.9,
        "tier": "coord-prearm-missed/SHOCKWAVE",
        "prearm_status": "missed",
        "focus_role": "none"
      }
    },
    {
      "type": "Feature",
      "geometry": {
        "type": "Point",
        "coordinates": [
          500391.10843382316,
          6966045.528008424
        ]
      },
      "properties": {
        "junction_id": 1043762,
        "veh_id": 11580,
        "sim_time_s": 3499.7,
        "tier": "track-zone",
        "prearm_status": "",
        "focus_role": "none"
      }
    },
    {
      "type": "Feature",
      "geometry": {
        "type": "Point",
        "coordinates": [
          500534.7900943592,
          6965914.825516456
        ]
      },
      "properties": {
        "junction_id": 39578,
        "veh_id": 11569,
        "sim_time_s": 3499.7,
        "tier": "IC-detect",
        "prearm_status": "",
        "focus_role": "none"
      }
    },
    {
      "type": "Feature",
      "geometry": {
        "type": "Point",
        "coordinates": [
          0.0,
          0.0
        ]
      },
      "properties": {
        "junction_id": 39587,
        "veh_id": 11547,
        "sim_time_s": 3510.4,
        "tier": "harmony-ins-local",
        "prearm_status": "action",
        "focus_role": "none"
      }
    },
    {
      "type": "Feature",
      "geometry": {
        "type": "Point",
        "coordinates": [
          0.0,
          0.0
        ]
      },
      "properties": {
        "junction_id": 39593,
        "veh_id": 11541,
        "sim_time_s": 3511.3,
        "tier": "harmony-ins-local",
        "prearm_status": "action",
        "focus_role": "none"
      }
    },
    {
      "type": "Feature",
      "geometry": {
        "type": "Point",
        "coordinates": [
          500228.26114403585,
          6966240.488822305
        ]
      },
      "properties": {
        "junction_id": 39569,
        "veh_id": 11580,
        "sim_time_s": 3515.8,
        "tier": "track-zone",
        "prearm_status": "",
        "focus_role": "none"
      }
    },
    {
      "type": "Feature",
      "geometry": {
        "type": "Point",
        "coordinates": [
          500128.15533080214,
          6966442.71984688
        ]
      },
      "properties": {
        "junction_id": 1043762,
        "veh_id": 11559,
        "sim_time_s": 3518.6,
        "tier": "track-zone",
        "prearm_status": "",
        "focus_role": "none"
      }
    },
    {
      "type": "Feature",
      "geometry": {
        "type": "Point",
        "coordinates": [
          0.0,
          0.0
        ]
      },
      "properties": {
        "junction_id": 39569,
        "veh_id": 11580,
        "sim_time_s": 3522.6,
        "tier": "harmony-no-ge-local",
        "prearm_status": "skip",
        "focus_role": "none"
      }
    },
    {
      "type": "Feature",
      "geometry": {
        "type": "Point",
        "coordinates": [
          500163.10844266624,
          6966357.610059564
        ]
      },
      "properties": {
        "junction_id": 39572,
        "veh_id": 11580,
        "sim_time_s": 3524.8,
        "tier": "coord-prearm-harmony/SHOCKWAVE",
        "prearm_status": "fired",
        "focus_role": "none"
      }
    },
    {
      "type": "Feature",
      "geometry": {
        "type": "Point",
        "coordinates": [
          500689.82481224096,
          6964550.617480315
        ]
      },
      "properties": {
        "junction_id": 39590,
        "veh_id": 11535,
        "sim_time_s": 3525.3,
        "tier": "track-zone",
        "prearm_status": "",
        "focus_role": "none"
      }
    },
    {
      "type": "Feature",
      "geometry": {
        "type": "Point",
        "coordinates": [
          0.0,
          0.0
        ]
      },
      "properties": {
        "junction_id": 39572,
        "veh_id": 11580,
        "sim_time_s": 3525.3,
        "tier": "harmony-no-ge-local",
        "prearm_status": "skip",
        "focus_role": "none"
      }
    },
    {
      "type": "Feature",
      "geometry": {
        "type": "Point",
        "coordinates": [
          500012.2556836749,
          6966653.44887729
        ]
      },
      "properties": {
        "junction_id": 39572,
        "veh_id": 11580,
        "sim_time_s": 3525.3,
        "tier": "coord-prearm-success/SHOCKWAVE",
        "prearm_status": "success",
        "focus_role": "none"
      }
    },
    {
      "type": "Feature",
      "geometry": {
        "type": "Point",
        "coordinates": [
          500552.9720372854,
          6965568.056059524
        ]
      },
      "properties": {
        "junction_id": 10157950,
        "veh_id": 11547,
        "sim_time_s": 3542.8,
        "tier": "track-zone",
        "prearm_status": "",
        "focus_role": "none"
      }
    },
    {
      "type": "Feature",
      "geometry": {
        "type": "Point",
        "coordinates": [
          500715.50966158864,
          6964386.74262126
        ]
      },
      "properties": {
        "junction_id": 39606,
        "veh_id": 11554,
        "sim_time_s": 3544.2,
        "tier": "track-zone",
        "prearm_status": "",
        "focus_role": "none"
      }
    },
    {
      "type": "Feature",
      "geometry": {
        "type": "Point",
        "coordinates": [
          500714.9715790049,
          6964388.095047595
        ]
      },
      "properties": {
        "junction_id": 39590,
        "veh_id": 11554,
        "sim_time_s": 3545.6,
        "tier": "IC-detect-far",
        "prearm_status": "",
        "focus_role": "none"
      }
    },
    {
      "type": "Feature",
      "geometry": {
        "type": "Point",
        "coordinates": [
          500198.2287722032,
          6966321.362648494
        ]
      },
      "properties": {
        "junction_id": 1043762,
        "veh_id": 11570,
        "sim_time_s": 3549.6,
        "tier": "IC-detect",
        "prearm_status": "",
        "focus_role": "none"
      }
    },
    {
      "type": "Feature",
      "geometry": {
        "type": "Point",
        "coordinates": [
          500569.22296167864,
          6965527.18783562
        ]
      },
      "properties": {
        "junction_id": 1119660,
        "veh_id": 11547,
        "sim_time_s": 3556.3,
        "tier": "track-zone",
        "prearm_status": "",
        "focus_role": "none"
      }
    },
    {
      "type": "Feature",
      "geometry": {
        "type": "Point",
        "coordinates": [
          500734.0847618316,
          6964399.660150905
        ]
      },
      "properties": {
        "junction_id": 39606,
        "veh_id": 11535,
        "sim_time_s": 3559.1,
        "tier": "track-zone",
        "prearm_status": "",
        "focus_role": "none"
      }
    },
    {
      "type": "Feature",
      "geometry": {
        "type": "Point",
        "coordinates": [
          500078.95562761737,
          6966483.588170179
        ]
      },
      "properties": {
        "junction_id": 39568,
        "veh_id": 11580,
        "sim_time_s": 3560.4,
        "tier": "track-zone",
        "prearm_status": "",
        "focus_role": "none"
      }
    },
    {
      "type": "Feature",
      "geometry": {
        "type": "Point",
        "coordinates": [
          500512.4045187272,
          6965708.546365674
        ]
      },
      "properties": {
        "junction_id": 39587,
        "veh_id": 11558,
        "sim_time_s": 3567.2,
        "tier": "track-zone",
        "prearm_status": "",
        "focus_role": "none"
      }
    },
    {
      "type": "Feature",
      "geometry": {
        "type": "Point",
        "coordinates": [
          0.0,
          0.0
        ]
      },
      "properties": {
        "junction_id": 39606,
        "veh_id": 11535,
        "sim_time_s": 3569.8,
        "tier": "harmony-no-ge-local",
        "prearm_status": "skip",
        "focus_role": "none"
      }
    },
    {
      "type": "Feature",
      "geometry": {
        "type": "Point",
        "coordinates": [
          500674.2682335786,
          6964513.814038453
        ]
      },
      "properties": {
        "junction_id": 36393,
        "veh_id": 11554,
        "sim_time_s": 3571.2,
        "tier": "track-zone",
        "prearm_status": "",
        "focus_role": "none"
      }
    },
    {
      "type": "Feature",
      "geometry": {
        "type": "Point",
        "coordinates": [
          500516.3899063564,
          6965659.440114288
        ]
      },
      "properties": {
        "junction_id": 39576,
        "veh_id": 11558,
        "sim_time_s": 3576.6,
        "tier": "IC-detect",
        "prearm_status": "",
        "focus_role": "none"
      }
    },
    {
      "type": "Feature",
      "geometry": {
        "type": "Point",
        "coordinates": [
          0.0,
          0.0
        ]
      },
      "properties": {
        "junction_id": 1043762,
        "veh_id": 11570,
        "sim_time_s": 3576.6,
        "tier": "harmony-no-ge-local",
        "prearm_status": "skip",
        "focus_role": "none"
      }
    },
    {
      "type": "Feature",
      "geometry": {
        "type": "Point",
        "coordinates": [
          500518.81706667325,
          6965647.868888233
        ]
      },
      "properties": {
        "junction_id": 1119660,
        "veh_id": 11558,
        "sim_time_s": 3580.7,
        "tier": "track-zone",
        "prearm_status": "",
        "focus_role": "none"
      }
    },
    {
      "type": "Feature",
      "geometry": {
        "type": "Point",
        "coordinates": [
          500728.9856577866,
          6964991.7260190565
        ]
      },
      "properties": {
        "junction_id": 36393,
        "veh_id": 11541,
        "sim_time_s": 3582.0,
        "tier": "track-zone",
        "prearm_status": "",
        "focus_role": "none"
      }
    },
    {
      "type": "Feature",
      "geometry": {
        "type": "Point",
        "coordinates": [
          0.0,
          0.0
        ]
      },
      "properties": {
        "junction_id": 36385,
        "veh_id": 11541,
        "sim_time_s": 3588.8,
        "tier": "harmony-no-ge-local",
        "prearm_status": "skip",
        "focus_role": "none"
      }
    },
    {
      "type": "Feature",
      "geometry": {
        "type": "Point",
        "coordinates": [
          500329.4852980705,
          6966122.166109339
        ]
      },
      "properties": {
        "junction_id": 1043762,
        "veh_id": 11536,
        "sim_time_s": 3588.8,
        "tier": "IC-detect-far",
        "prearm_status": "",
        "focus_role": "none"
      }
    },
    {
      "type": "Feature",
      "geometry": {
        "type": "Point",
        "coordinates": [
          500164.4788412566,
          6966385.217571903
        ]
      },
      "properties": {
        "junction_id": 39569,
        "veh_id": 11559,
        "sim_time_s": 3590.1,
        "tier": "IC-detect",
        "prearm_status": "",
        "focus_role": "none"
      }
    },
    {
      "type": "Feature",
      "geometry": {
        "type": "Point",
        "coordinates": [
          500952.09229130344,
          6964037.796872752
        ]
      },
      "properties": {
        "junction_id": 39606,
        "veh_id": 11581,
        "sim_time_s": 3600.0,
        "tier": "IC-detect",
        "prearm_status": "",
        "focus_role": "none"
      }
    },
    {
      "type": "Feature",
      "geometry": {
        "type": "Point",
        "coordinates": [
          0.0,
          0.0
        ]
      },
      "properties": {
        "junction_id": 39606,
        "veh_id": 11581,
        "sim_time_s": 3600.0,
        "tier": "harmony-no-ge-local",
        "prearm_status": "skip",
        "focus_role": "none"
      }
    },
    {
      "type": "Feature",
      "geometry": {
        "type": "Point",
        "coordinates": [
          499459.96015812777,
          6967098.574197091
        ]
      },
      "properties": {
        "junction_id": 38339,
        "veh_id": 11542,
        "sim_time_s": 3600.4,
        "tier": "IC-detect",
        "prearm_status": "",
        "focus_role": "none"
      }
    },
    {
      "type": "Feature",
      "geometry": {
        "type": "Point",
        "coordinates": [
          500087.97191681445,
          6967506.11806405
        ]
      },
      "properties": {
        "junction_id": 38339,
        "veh_id": 11571,
        "sim_time_s": 3603.2,
        "tier": "IC-detect",
        "prearm_status": "",
        "focus_role": "none"
      }
    },
    {
      "type": "Feature",
      "geometry": {
        "type": "Point",
        "coordinates": [
          500929.4990852943,
          6964067.928859547
        ]
      },
      "properties": {
        "junction_id": 39590,
        "veh_id": 11581,
        "sim_time_s": 3603.2,
        "tier": "coord-prearm-harmony/SHOCKWAVE",
        "prearm_status": "fired",
        "focus_role": "none"
      }
    },
    {
      "type": "Feature",
      "geometry": {
        "type": "Point",
        "coordinates": [
          0.0,
          0.0
        ]
      },
      "properties": {
        "junction_id": 39590,
        "veh_id": 11581,
        "sim_time_s": 3603.6,
        "tier": "harmony-ins-local",
        "prearm_status": "action",
        "focus_role": "none"
      }
    },
    {
      "type": "Feature",
      "geometry": {
        "type": "Point",
        "coordinates": [
          500756.5972760396,
          6964319.360583134
        ]
      },
      "properties": {
        "junction_id": 39590,
        "veh_id": 11581,
        "sim_time_s": 3603.6,
        "tier": "coord-prearm-success/SHOCKWAVE",
        "prearm_status": "success",
        "focus_role": "none"
      }
    },
    {
      "type": "Feature",
      "geometry": {
        "type": "Point",
        "coordinates": [
          500017.9387522952,
          6966619.1151451655
        ]
      },
      "properties": {
        "junction_id": 11118289,
        "veh_id": 11580,
        "sim_time_s": 3604.9,
        "tier": "track-zone",
        "prearm_status": "",
        "focus_role": "none"
      }
    },
    {
      "type": "Feature",
      "geometry": {
        "type": "Point",
        "coordinates": [
          500889.63807718694,
          6964122.223107808
        ]
      },
      "properties": {
        "junction_id": 36393,
        "veh_id": 11581,
        "sim_time_s": 3606.8,
        "tier": "coord-prearm-harmony/SHOCKWAVE",
        "prearm_status": "fired",
        "focus_role": "none"
      }
    },
    {
      "type": "Feature",
      "geometry": {
        "type": "Point",
        "coordinates": [
          0.0,
          0.0
        ]
      },
      "properties": {
        "junction_id": 36393,
        "veh_id": 11581,
        "sim_time_s": 3607.2,
        "tier": "harmony-no-ge-local",
        "prearm_status": "skip",
        "focus_role": "none"
      }
    },
    {
      "type": "Feature",
      "geometry": {
        "type": "Point",
        "coordinates": [
          500684.0987813321,
          6964756.319799706
        ]
      },
      "properties": {
        "junction_id": 36393,
        "veh_id": 11581,
        "sim_time_s": 3607.2,
        "tier": "coord-prearm-success/SHOCKWAVE",
        "prearm_status": "success",
        "focus_role": "none"
      }
    },
    {
      "type": "Feature",
      "geometry": {
        "type": "Point",
        "coordinates": [
          500691.2914534625,
          6964684.23129285
        ]
      },
      "properties": {
        "junction_id": 36393,
        "veh_id": 11568,
        "sim_time_s": 3609.4,
        "tier": "IC-detect",
        "prearm_status": "",
        "focus_role": "none"
      }
    },
    {
      "type": "Feature",
      "geometry": {
        "type": "Point",
        "coordinates": [
          500512.40391056996,
          6965809.542303512
        ]
      },
      "properties": {
        "junction_id": 39576,
        "veh_id": 11569,
        "sim_time_s": 3613.1,
        "tier": "IC-detect",
        "prearm_status": "",
        "focus_role": "none"
      }
    },
    {
      "type": "Feature",
      "geometry": {
        "type": "Point",
        "coordinates": [
          500824.9567581122,
          6964193.872895277
        ]
      },
      "properties": {
        "junction_id": 36385,
        "veh_id": 11581,
        "sim_time_s": 3613.1,
        "tier": "coord-prearm-harmony/SHOCKWAVE",
        "prearm_status": "fired",
        "focus_role": "none"
      }
    },
    {
      "type": "Feature",
      "geometry": {
        "type": "Point",
        "coordinates": [
          0.0,
          0.0
        ]
      },
      "properties": {
        "junction_id": 36385,
        "veh_id": 11581,
        "sim_time_s": 3613.5,
        "tier": "harmony-ge-local",
        "prearm_status": "action",
        "focus_role": "none"
      }
    },
    {
      "type": "Feature",
      "geometry": {
        "type": "Point",
        "coordinates": [
          500715.9750991549,
          6965021.28412977
        ]
      },
      "properties": {
        "junction_id": 36385,
        "veh_id": 11581,
        "sim_time_s": 3613.5,
        "tier": "coord-prearm-success/SHOCKWAVE",
        "prearm_status": "success",
        "focus_role": "none"
      }
    },
    {
      "type": "Feature",
      "geometry": {
        "type": "Point",
        "coordinates": [
          499649.2421937652,
          6966627.621481791
        ]
      },
      "properties": {
        "junction_id": 39572,
        "veh_id": 11537,
        "sim_time_s": 3613.5,
        "tier": "IC-detect-far",
        "prearm_status": "",
        "focus_role": "none"
      }
    },
    {
      "type": "Feature",
      "geometry": {
        "type": "Point",
        "coordinates": [
          0.0,
          0.0
        ]
      },
      "properties": {
        "junction_id": 38339,
        "veh_id": 11571,
        "sim_time_s": 3613.9,
        "tier": "harmony-ins-local",
        "prearm_status": "action",
        "focus_role": "none"
      }
    },
    {
      "type": "Feature",
      "geometry": {
        "type": "Point",
        "coordinates": [
          500348.29910042166,
          6966100.334802098
        ]
      },
      "properties": {
        "junction_id": 39578,
        "veh_id": 11536,
        "sim_time_s": 3619.8,
        "tier": "track-section",
        "prearm_status": "",
        "focus_role": "none"
      }
    },
    {
      "type": "Feature",
      "geometry": {
        "type": "Point",
        "coordinates": [
          500679.9475422216,
          6964785.307340246
        ]
      },
      "properties": {
        "junction_id": 36385,
        "veh_id": 11554,
        "sim_time_s": 3621.2,
        "tier": "track-zone",
        "prearm_status": "",
        "focus_role": "none"
      }
    },
    {
      "type": "Feature",
      "geometry": {
        "type": "Point",
        "coordinates": [
          500686.4532121418,
          6964555.026107096
        ]
      },
      "properties": {
        "junction_id": 39590,
        "veh_id": 11568,
        "sim_time_s": 3621.2,
        "tier": "track-zone",
        "prearm_status": "",
        "focus_role": "none"
      }
    },
    {
      "type": "Feature",
      "geometry": {
        "type": "Point",
        "coordinates": [
          500599.73344773706,
          6965438.462605303
        ]
      },
      "properties": {
        "junction_id": 39587,
        "veh_id": 11547,
        "sim_time_s": 3630.6,
        "tier": "IC-detect",
        "prearm_status": "",
        "focus_role": "none"
      }
    },
    {
      "type": "Feature",
      "geometry": {
        "type": "Point",
        "coordinates": [
          0.0,
          0.0
        ]
      },
      "properties": {
        "junction_id": 36393,
        "veh_id": 11541,
        "sim_time_s": 3631.9,
        "tier": "harmony-no-ge-local",
        "prearm_status": "skip",
        "focus_role": "none"
      }
    },
    {
      "type": "Feature",
      "geometry": {
        "type": "Point",
        "coordinates": [
          500701.4812401645,
          6964931.100170312
        ]
      },
      "properties": {
        "junction_id": 39593,
        "veh_id": 11554,
        "sim_time_s": 3634.7,
        "tier": "track-zone",
        "prearm_status": "",
        "focus_role": "none"
      }
    },
    {
      "type": "Feature",
      "geometry": {
        "type": "Point",
        "coordinates": [
          0.0,
          0.0
        ]
      },
      "properties": {
        "junction_id": 39576,
        "veh_id": 11569,
        "sim_time_s": 3636.0,
        "tier": "harmony-ins-local",
        "prearm_status": "action",
        "focus_role": "none"
      }
    },
    {
      "type": "Feature",
      "geometry": {
        "type": "Point",
        "coordinates": [
          500735.2767680117,
          6964396.55221905
        ]
      },
      "properties": {
        "junction_id": 39606,
        "veh_id": 11568,
        "sim_time_s": 3638.7,
        "tier": "track-zone",
        "prearm_status": "",
        "focus_role": "none"
      }
    },
    {
      "type": "Feature",
      "geometry": {
        "type": "Point",
        "coordinates": [
          500198.6687148459,
          6966326.7106665
        ]
      },
      "properties": {
        "junction_id": 1043762,
        "veh_id": 11559,
        "sim_time_s": 3638.7,
        "tier": "IC-detect",
        "prearm_status": "",
        "focus_role": "none"
      }
    },
    {
      "type": "Feature",
      "geometry": {
        "type": "Point",
        "coordinates": [
          500607.5174528224,
          6965414.370490695
        ]
      },
      "properties": {
        "junction_id": 39593,
        "veh_id": 11547,
        "sim_time_s": 3644.1,
        "tier": "track-zone",
        "prearm_status": "",
        "focus_role": "none"
      }
    },
    {
      "type": "Feature",
      "geometry": {
        "type": "Point",
        "coordinates": [
          500551.0321795295,
          6965572.293936588
        ]
      },
      "properties": {
        "junction_id": 10157950,
        "veh_id": 11558,
        "sim_time_s": 3649.5,
        "tier": "track-zone",
        "prearm_status": "",
        "focus_role": "none"
      }
    },
    {
      "type": "Feature",
      "geometry": {
        "type": "Point",
        "coordinates": [
          499963.4505699326,
          6966762.393667257
        ]
      },
      "properties": {
        "junction_id": 39572,
        "veh_id": 11580,
        "sim_time_s": 3654.9,
        "tier": "track-zone",
        "prearm_status": "",
        "focus_role": "none"
      }
    },
    {
      "type": "Feature",
      "geometry": {
        "type": "Point",
        "coordinates": [
          500689.7091625489,
          6964551.859813087
        ]
      },
      "properties": {
        "junction_id": 39590,
        "veh_id": 11541,
        "sim_time_s": 3656.2,
        "tier": "track-zone",
        "prearm_status": "",
        "focus_role": "none"
      }
    },
    {
      "type": "Feature",
      "geometry": {
        "type": "Point",
        "coordinates": [
          500647.10843878496,
          6965259.487733253
        ]
      },
      "properties": {
        "junction_id": 36385,
        "veh_id": 11547,
        "sim_time_s": 3656.2,
        "tier": "track-zone",
        "prearm_status": "",
        "focus_role": "none"
      }
    },
    {
      "type": "Feature",
      "geometry": {
        "type": "Point",
        "coordinates": [
          0.0,
          0.0
        ]
      },
      "properties": {
        "junction_id": 39593,
        "veh_id": 11547,
        "sim_time_s": 3656.2,
        "tier": "harmony-no-ge-local",
        "prearm_status": "skip",
        "focus_role": "none"
      }
    },
    {
      "type": "Feature",
      "geometry": {
        "type": "Point",
        "coordinates": [
          499811.42385244614,
          6967046.495526666
        ]
      },
      "properties": {
        "junction_id": 11118289,
        "veh_id": 11542,
        "sim_time_s": 3658.9,
        "tier": "track-zone",
        "prearm_status": "",
        "focus_role": "none"
      }
    },
    {
      "type": "Feature",
      "geometry": {
        "type": "Point",
        "coordinates": [
          500692.8680533227,
          6965164.631094911
        ]
      },
      "properties": {
        "junction_id": 10157950,
        "veh_id": 11547,
        "sim_time_s": 3664.3,
        "tier": "track-zone",
        "prearm_status": "",
        "focus_role": "none"
      }
    },
    {
      "type": "Feature",
      "geometry": {
        "type": "Point",
        "coordinates": [
          0.0,
          0.0
        ]
      },
      "properties": {
        "junction_id": 1043762,
        "veh_id": 11559,
        "sim_time_s": 3667.1,
        "tier": "harmony-no-ge-local",
        "prearm_status": "skip",
        "focus_role": "none"
      }
    },
    {
      "type": "Feature",
      "geometry": {
        "type": "Point",
        "coordinates": [
          499965.75916697644,
          6967102.411449142
        ]
      },
      "properties": {
        "junction_id": 11118289,
        "veh_id": 11571,
        "sim_time_s": 3668.4,
        "tier": "track-zone",
        "prearm_status": "",
        "focus_role": "none"
      }
    },
    {
      "type": "Feature",
      "geometry": {
        "type": "Point",
        "coordinates": [
          0.0,
          0.0
        ]
      },
      "properties": {
        "junction_id": 39587,
        "veh_id": 11558,
        "sim_time_s": 3671.1,
        "tier": "harmony-ins-local",
        "prearm_status": "action",
        "focus_role": "none"
      }
    },
    {
      "type": "Feature",
      "geometry": {
        "type": "Point",
        "coordinates": [
          500508.1253090698,
          6965776.840851929
        ]
      },
      "properties": {
        "junction_id": 39578,
        "veh_id": 11569,
        "sim_time_s": 3672.4,
        "tier": "track-zone",
        "prearm_status": "",
        "focus_role": "none"
      }
    },
    {
      "type": "Feature",
      "geometry": {
        "type": "Point",
        "coordinates": [
          0.0,
          0.0
        ]
      },
      "properties": {
        "junction_id": 38339,
        "veh_id": 11542,
        "sim_time_s": 3675.2,
        "tier": "harmony-ins-local",
        "prearm_status": "action",
        "focus_role": "none"
      }
    },
    {
      "type": "Feature",
      "geometry": {
        "type": "Point",
        "coordinates": [
          0.0,
          0.0
        ]
      },
      "properties": {
        "junction_id": 36385,
        "veh_id": 11554,
        "sim_time_s": 3677.8,
        "tier": "harmony-ins-local",
        "prearm_status": "action",
        "focus_role": "none"
      }
    },
    {
      "type": "Feature",
      "geometry": {
        "type": "Point",
        "coordinates": [
          499963.4505699326,
          6966762.393667257
        ]
      },
      "properties": {
        "junction_id": 39568,
        "veh_id": 11580,
        "sim_time_s": 3681.9,
        "tier": "track-zone",
        "prearm_status": "",
        "focus_role": "none"
      }
    },
    {
      "type": "Feature",
      "geometry": {
        "type": "Point",
        "coordinates": [
          499961.1485334245,
          6966956.257852512
        ]
      },
      "properties": {
        "junction_id": 39568,
        "veh_id": 11542,
        "sim_time_s": 3683.2,
        "tier": "track-zone",
        "prearm_status": "",
        "focus_role": "none"
      }
    },
    {
      "type": "Feature",
      "geometry": {
        "type": "Point",
        "coordinates": [
          0.0,
          0.0
        ]
      },
      "properties": {
        "junction_id": 39593,
        "veh_id": 11554,
        "sim_time_s": 3691.3,
        "tier": "harmony-ins-local",
        "prearm_status": "action",
        "focus_role": "none"
      }
    },
    {
      "type": "Feature",
      "geometry": {
        "type": "Point",
        "coordinates": [
          500681.7411956192,
          6965097.304746944
        ]
      },
      "properties": {
        "junction_id": 10157950,
        "veh_id": 11554,
        "sim_time_s": 3692.7,
        "tier": "track-zone",
        "prearm_status": "",
        "focus_role": "none"
      }
    },
    {
      "type": "Feature",
      "geometry": {
        "type": "Point",
        "coordinates": [
          500337.5011150022,
          6966112.377673723
        ]
      },
      "properties": {
        "junction_id": 1043762,
        "veh_id": 11570,
        "sim_time_s": 3696.8,
        "tier": "IC-detect",
        "prearm_status": "",
        "focus_role": "none"
      }
    },
    {
      "type": "Feature",
      "geometry": {
        "type": "Point",
        "coordinates": [
          500729.38106448116,
          6964411.537485883
        ]
      },
      "properties": {
        "junction_id": 39606,
        "veh_id": 11541,
        "sim_time_s": 3700.8,
        "tier": "track-zone",
        "prearm_status": "",
        "focus_role": "none"
      }
    },
    {
      "type": "Feature",
      "geometry": {
        "type": "Point",
        "coordinates": [
          500581.72454964055,
          6965492.368630877
        ]
      },
      "properties": {
        "junction_id": 1119660,
        "veh_id": 11558,
        "sim_time_s": 3702.2,
        "tier": "track-zone",
        "prearm_status": "",
        "focus_role": "none"
      }
    },
    {
      "type": "Feature",
      "geometry": {
        "type": "Point",
        "coordinates": [
          500348.2031463084,
          6966100.286894079
        ]
      },
      "properties": {
        "junction_id": 39578,
        "veh_id": 11570,
        "sim_time_s": 3703.5,
        "tier": "track-section",
        "prearm_status": "",
        "focus_role": "none"
      }
    },
    {
      "type": "Feature",
      "geometry": {
        "type": "Point",
        "coordinates": [
          500663.6699596533,
          6965177.032298862
        ]
      },
      "properties": {
        "junction_id": 1119660,
        "veh_id": 11554,
        "sim_time_s": 3714.3,
        "tier": "track-zone",
        "prearm_status": "",
        "focus_role": "none"
      }
    },
    {
      "type": "Feature",
      "geometry": {
        "type": "Point",
        "coordinates": [
          0.0,
          0.0
        ]
      },
      "properties": {
        "junction_id": 39578,
        "veh_id": 11536,
        "sim_time_s": 3714.3,
        "tier": "harmony-ge-local",
        "prearm_status": "action",
        "focus_role": "none"
      }
    },
    {
      "type": "Feature",
      "geometry": {
        "type": "Point",
        "coordinates": [
          500636.8808786596,
          6965238.550649459
        ]
      },
      "properties": {
        "junction_id": 39587,
        "veh_id": 11554,
        "sim_time_s": 3718.3,
        "tier": "track-zone",
        "prearm_status": "",
        "focus_role": "none"
      }
    },
    {
      "type": "Feature",
      "geometry": {
        "type": "Point",
        "coordinates": [
          0.0,
          0.0
        ]
      },
      "properties": {
        "junction_id": 39606,
        "veh_id": 11568,
        "sim_time_s": 3718.3,
        "tier": "harmony-no-ge-local",
        "prearm_status": "skip",
        "focus_role": "none"
      }
    },
    {
      "type": "Feature",
      "geometry": {
        "type": "Point",
        "coordinates": [
          0.0,
          0.0
        ]
      },
      "properties": {
        "junction_id": 39590,
        "veh_id": 11541,
        "sim_time_s": 3722.4,
        "tier": "harmony-no-ge-local",
        "prearm_status": "skip",
        "focus_role": "none"
      }
    },
    {
      "type": "Feature",
      "geometry": {
        "type": "Point",
        "coordinates": [
          499963.4505699326,
          6966762.393667257
        ]
      },
      "properties": {
        "junction_id": 11118289,
        "veh_id": 11580,
        "sim_time_s": 3726.4,
        "tier": "track-zone",
        "prearm_status": "",
        "focus_role": "none"
      }
    },
    {
      "type": "Feature",
      "geometry": {
        "type": "Point",
        "coordinates": [
          500681.1382690476,
          6964819.924768483
        ]
      },
      "properties": {
        "junction_id": 36393,
        "veh_id": 11581,
        "sim_time_s": 3727.3,
        "tier": "IC-detect",
        "prearm_status": "",
        "focus_role": "none"
      }
    },
    {
      "type": "Feature",
      "geometry": {
        "type": "Point",
        "coordinates": [
          500690.93648131675,
          6964878.772100579
        ]
      },
      "properties": {
        "junction_id": 36385,
        "veh_id": 11581,
        "sim_time_s": 3733.7,
        "tier": "IC-detect",
        "prearm_status": "",
        "focus_role": "none"
      }
    },
    {
      "type": "Feature",
      "geometry": {
        "type": "Point",
        "coordinates": [
          499754.7017660019,
          6966607.961118964
        ]
      },
      "properties": {
        "junction_id": 39572,
        "veh_id": 11537,
        "sim_time_s": 3733.7,
        "tier": "IC-detect-far",
        "prearm_status": "",
        "focus_role": "none"
      }
    },
    {
      "type": "Feature",
      "geometry": {
        "type": "Point",
        "coordinates": [
          499957.56300873624,
          6966990.911989933
        ]
      },
      "properties": {
        "junction_id": 38339,
        "veh_id": 11571,
        "sim_time_s": 3734.1,
        "tier": "IC-detect",
        "prearm_status": "",
        "focus_role": "none"
      }
    },
    {
      "type": "Feature",
      "geometry": {
        "type": "Point",
        "coordinates": [
          500701.51198839996,
          6964932.095733029
        ]
      },
      "properties": {
        "junction_id": 39593,
        "veh_id": 11581,
        "sim_time_s": 3738.6,
        "tier": "track-zone",
        "prearm_status": "",
        "focus_role": "none"
      }
    },
    {
      "type": "Feature",
      "geometry": {
        "type": "Point",
        "coordinates": [
          0.0,
          0.0
        ]
      },
      "properties": {
        "junction_id": 36385,
        "veh_id": 11547,
        "sim_time_s": 3745.3,
        "tier": "harmony-no-ge-local",
        "prearm_status": "skip",
        "focus_role": "none"
      }
    },
    {
      "type": "Feature",
      "geometry": {
        "type": "Point",
        "coordinates": [
          500716.02118717594,
          6965071.794956104
        ]
      },
      "properties": {
        "junction_id": 36393,
        "veh_id": 11547,
        "sim_time_s": 3750.3,
        "tier": "coord-prearm-harmony/SHOCKWAVE",
        "prearm_status": "fired",
        "focus_role": "none"
      }
    },
    {
      "type": "Feature",
      "geometry": {
        "type": "Point",
        "coordinates": [
          500517.92166725727,
          6965650.693308047
        ]
      },
      "properties": {
        "junction_id": 1119660,
        "veh_id": 11569,
        "sim_time_s": 3750.8,
        "tier": "track-zone",
        "prearm_status": "",
        "focus_role": "none"
      }
    },
    {
      "type": "Feature",
      "geometry": {
        "type": "Point",
        "coordinates": [
          0.0,
          0.0
        ]
      },
      "properties": {
        "junction_id": 36393,
        "veh_id": 11547,
        "sim_time_s": 3750.8,
        "tier": "harmony-no-ge-local",
        "prearm_status": "skip",
        "focus_role": "none"
      }
    },
    {
      "type": "Feature",
      "geometry": {
        "type": "Point",
        "coordinates": [
          500684.0987813321,
          6964756.319799706
        ]
      },
      "properties": {
        "junction_id": 36393,
        "veh_id": 11547,
        "sim_time_s": 3750.8,
        "tier": "coord-prearm-success/SHOCKWAVE",
        "prearm_status": "success",
        "focus_role": "none"
      }
    },
    {
      "type": "Feature",
      "geometry": {
        "type": "Point",
        "coordinates": [
          500716.02118717594,
          6965071.794956104
        ]
      },
      "properties": {
        "junction_id": 39590,
        "veh_id": 11547,
        "sim_time_s": 3753.9,
        "tier": "coord-prearm-harmony/SHOCKWAVE",
        "prearm_status": "fired",
        "focus_role": "none"
      }
    },
    {
      "type": "Feature",
      "geometry": {
        "type": "Point",
        "coordinates": [
          0.0,
          0.0
        ]
      },
      "properties": {
        "junction_id": 39590,
        "veh_id": 11547,
        "sim_time_s": 3754.3,
        "tier": "harmony-no-ge-local",
        "prearm_status": "skip",
        "focus_role": "none"
      }
    },
    {
      "type": "Feature",
      "geometry": {
        "type": "Point",
        "coordinates": [
          500756.5972760396,
          6964319.360583134
        ]
      },
      "properties": {
        "junction_id": 39590,
        "veh_id": 11547,
        "sim_time_s": 3754.3,
        "tier": "coord-prearm-success/SHOCKWAVE",
        "prearm_status": "success",
        "focus_role": "none"
      }
    },
    {
      "type": "Feature",
      "geometry": {
        "type": "Point",
        "coordinates": [
          500582.98185765673,
          6965488.863332402
        ]
      },
      "properties": {
        "junction_id": 39576,
        "veh_id": 11558,
        "sim_time_s": 3756.2,
        "tier": "track-zone",
        "prearm_status": "",
        "focus_role": "none"
      }
    },
    {
      "type": "Feature",
      "geometry": {
        "type": "Point",
        "coordinates": [
          500519.2191683871,
          6965646.205255153
        ]
      },
      "properties": {
        "junction_id": 39576,
        "veh_id": 11569,
        "sim_time_s": 3756.2,
        "tier": "IC-detect-far",
        "prearm_status": "",
        "focus_role": "none"
      }
    },
    {
      "type": "Feature",
      "geometry": {
        "type": "Point",
        "coordinates": [
          500582.98185765673,
          6965488.863332402
        ]
      },
      "properties": {
        "junction_id": 10157950,
        "veh_id": 11558,
        "sim_time_s": 3771.0,
        "tier": "track-zone",
        "prearm_status": "",
        "focus_role": "none"
      }
    },
    {
      "type": "Feature",
      "geometry": {
        "type": "Point",
        "coordinates": [
          499963.4505699326,
          6966762.393667257
        ]
      },
      "properties": {
        "junction_id": 39572,
        "veh_id": 11580,
        "sim_time_s": 3776.4,
        "tier": "track-zone",
        "prearm_status": "",
        "focus_role": "none"
      }
    },
    {
      "type": "Feature",
      "geometry": {
        "type": "Point",
        "coordinates": [
          500571.59437530034,
          6965461.922330175
        ]
      },
      "properties": {
        "junction_id": 39576,
        "veh_id": 11554,
        "sim_time_s": 3777.8,
        "tier": "track-zone",
        "prearm_status": "",
        "focus_role": "none"
      }
    },
    {
      "type": "Feature",
      "geometry": {
        "type": "Point",
        "coordinates": [
          499961.5054573812,
          6966952.904849412
        ]
      },
      "properties": {
        "junction_id": 11118289,
        "veh_id": 11542,
        "sim_time_s": 3780.4,
        "tier": "track-zone",
        "prearm_status": "",
        "focus_role": "none"
      }
    },
    {
      "type": "Feature",
      "geometry": {
        "type": "Point",
        "coordinates": [
          0.0,
          0.0
        ]
      },
      "properties": {
        "junction_id": 39606,
        "veh_id": 11541,
        "sim_time_s": 3785.8,
        "tier": "harmony-no-ge-local",
        "prearm_status": "skip",
        "focus_role": "none"
      }
    },
    {
      "type": "Feature",
      "geometry": {
        "type": "Point",
        "coordinates": [
          500226.97064745,
          6966278.426909382
        ]
      },
      "properties": {
        "junction_id": 1043762,
        "veh_id": 11559,
        "sim_time_s": 3787.2,
        "tier": "IC-detect",
        "prearm_status": "",
        "focus_role": "none"
      }
    },
    {
      "type": "Feature",
      "geometry": {
        "type": "Point",
        "coordinates": [
          499957.56300873624,
          6966990.911989933
        ]
      },
      "properties": {
        "junction_id": 11118289,
        "veh_id": 11571,
        "sim_time_s": 3789.9,
        "tier": "track-zone",
        "prearm_status": "",
        "focus_role": "none"
      }
    },
    {
      "type": "Feature",
      "geometry": {
        "type": "Point",
        "coordinates": [
          500684.75166616397,
          6965096.050456707
        ]
      },
      "properties": {
        "junction_id": 10157950,
        "veh_id": 11581,
        "sim_time_s": 3791.2,
        "tier": "track-zone",
        "prearm_status": "",
        "focus_role": "none"
      }
    },
    {
      "type": "Feature",
      "geometry": {
        "type": "Point",
        "coordinates": [
          0.0,
          0.0
        ]
      },
      "properties": {
        "junction_id": 39593,
        "veh_id": 11581,
        "sim_time_s": 3791.2,
        "tier": "harmony-no-ge-local",
        "prearm_status": "skip",
        "focus_role": "none"
      }
    },
    {
      "type": "Feature",
      "geometry": {
        "type": "Point",
        "coordinates": [
          500599.7466822042,
          6965438.459520316
        ]
      },
      "properties": {
        "junction_id": 39587,
        "veh_id": 11558,
        "sim_time_s": 3791.2,
        "tier": "IC-detect",
        "prearm_status": "",
        "focus_role": "none"
      }
    },
    {
      "type": "Feature",
      "geometry": {
        "type": "Point",
        "coordinates": [
          499961.5054573812,
          6966952.904849412
        ]
      },
      "properties": {
        "junction_id": 38339,
        "veh_id": 11542,
        "sim_time_s": 3795.3,
        "tier": "IC-detect",
        "prearm_status": "",
        "focus_role": "none"
      }
    },
    {
      "type": "Feature",
      "geometry": {
        "type": "Point",
        "coordinates": [
          499963.4505699326,
          6966762.393667257
        ]
      },
      "properties": {
        "junction_id": 39568,
        "veh_id": 11580,
        "sim_time_s": 3803.4,
        "tier": "track-zone",
        "prearm_status": "",
        "focus_role": "none"
      }
    },
    {
      "type": "Feature",
      "geometry": {
        "type": "Point",
        "coordinates": [
          499961.5054573812,
          6966952.904849412
        ]
      },
      "properties": {
        "junction_id": 39568,
        "veh_id": 11542,
        "sim_time_s": 3804.8,
        "tier": "track-zone",
        "prearm_status": "",
        "focus_role": "none"
      }
    },
    {
      "type": "Feature",
      "geometry": {
        "type": "Point",
        "coordinates": [
          499756.8808461339,
          6966606.911472413
        ]
      },
      "properties": {
        "junction_id": 39568,
        "veh_id": 11537,
        "sim_time_s": 3806.1,
        "tier": "track-zone",
        "prearm_status": "",
        "focus_role": "none"
      }
    },
    {
      "type": "Feature",
      "geometry": {
        "type": "Point",
        "coordinates": [
          500611.65056390234,
          6965399.576970405
        ]
      },
      "properties": {
        "junction_id": 39593,
        "veh_id": 11558,
        "sim_time_s": 3806.1,
        "tier": "track-zone",
        "prearm_status": "",
        "focus_role": "none"
      }
    },
    {
      "type": "Feature",
      "geometry": {
        "type": "Point",
        "coordinates": [
          0.0,
          0.0
        ]
      },
      "properties": {
        "junction_id": 39576,
        "veh_id": 11554,
        "sim_time_s": 3811.5,
        "tier": "harmony-ins-local",
        "prearm_status": "action",
        "focus_role": "none"
      }
    },
    {
      "type": "Feature",
      "geometry": {
        "type": "Point",
        "coordinates": [
          500648.9411113954,
          6965255.162326788
        ]
      },
      "properties": {
        "junction_id": 36385,
        "veh_id": 11558,
        "sim_time_s": 3818.2,
        "tier": "track-zone",
        "prearm_status": "",
        "focus_role": "none"
      }
    },
    {
      "type": "Feature",
      "geometry": {
        "type": "Point",
        "coordinates": [
          500658.35381323943,
          6965189.8268940775
        ]
      },
      "properties": {
        "junction_id": 1119660,
        "veh_id": 11581,
        "sim_time_s": 3820.9,
        "tier": "track-zone",
        "prearm_status": "",
        "focus_role": "none"
      }
    },
    {
      "type": "Feature",
      "geometry": {
        "type": "Point",
        "coordinates": [
          500656.52179555176,
          6965238.1941111125
        ]
      },
      "properties": {
        "junction_id": 1119660,
        "veh_id": 11558,
        "sim_time_s": 3823.7,
        "tier": "track-zone",
        "prearm_status": "",
        "focus_role": "none"
      }
    },
    {
      "type": "Feature",
      "geometry": {
        "type": "Point",
        "coordinates": [
          500641.52708865824,
          6965227.985343035
        ]
      },
      "properties": {
        "junction_id": 39587,
        "veh_id": 11581,
        "sim_time_s": 3823.7,
        "tier": "track-zone",
        "prearm_status": "",
        "focus_role": "none"
      }
    },
    {
      "type": "Feature",
      "geometry": {
        "type": "Point",
        "coordinates": [
          500443.20361678704,
          6966019.088349214
        ]
      },
      "properties": {
        "junction_id": 39578,
        "veh_id": 11570,
        "sim_time_s": 3823.7,
        "tier": "IC-detect-far",
        "prearm_status": "",
        "focus_role": "none"
      }
    },
    {
      "type": "Feature",
      "geometry": {
        "type": "Point",
        "coordinates": [
          0.0,
          0.0
        ]
      },
      "properties": {
        "junction_id": 39578,
        "veh_id": 11536,
        "sim_time_s": 3827.7,
        "tier": "harmony-ins-local",
        "prearm_status": "action",
        "focus_role": "none"
      }
    },
    {
      "type": "Feature",
      "geometry": {
        "type": "Point",
        "coordinates": [
          0.0,
          0.0
        ]
      },
      "properties": {
        "junction_id": 39593,
        "veh_id": 11558,
        "sim_time_s": 3833.1,
        "tier": "harmony-no-ge-local",
        "prearm_status": "skip",
        "focus_role": "none"
      }
    },
    {
      "type": "Feature",
      "geometry": {
        "type": "Point",
        "coordinates": [
          0.0,
          0.0
        ]
      },
      "properties": {
        "junction_id": 39572,
        "veh_id": 11537,
        "sim_time_s": 3834.4,
        "tier": "harmony-ins-local",
        "prearm_status": "action",
        "focus_role": "none"
      }
    },
    {
      "type": "Feature",
      "geometry": {
        "type": "Point",
        "coordinates": [
          500540.7141114789,
          6965594.446060345
        ]
      },
      "properties": {
        "junction_id": 39587,
        "veh_id": 11569,
        "sim_time_s": 3835.8,
        "tier": "IC-detect",
        "prearm_status": "",
        "focus_role": "none"
      }
    },
    {
      "type": "Feature",
      "geometry": {
        "type": "Point",
        "coordinates": [
          500492.92640002194,
          6965678.105979192
        ]
      },
      "properties": {
        "junction_id": 39587,
        "veh_id": 11554,
        "sim_time_s": 3839.8,
        "tier": "track-zone",
        "prearm_status": "",
        "focus_role": "none"
      }
    },
    {
      "type": "Feature",
      "geometry": {
        "type": "Point",
        "coordinates": [
          0.0,
          0.0
        ]
      },
      "properties": {
        "junction_id": 39587,
        "veh_id": 11581,
        "sim_time_s": 3841.2,
        "tier": "harmony-ins-local",
        "prearm_status": "action",
        "focus_role": "none"
      }
    },
    {
      "type": "Feature",
      "geometry": {
        "type": "Point",
        "coordinates": [
          500492.4017163605,
          6965684.395295427
        ]
      },
      "properties": {
        "junction_id": 39578,
        "veh_id": 11554,
        "sim_time_s": 3842.6,
        "tier": "track-zone",
        "prearm_status": "",
        "focus_role": "none"
      }
    },
    {
      "type": "Feature",
      "geometry": {
        "type": "Point",
        "coordinates": [
          0.0,
          0.0
        ]
      },
      "properties": {
        "junction_id": 36385,
        "veh_id": 11558,
        "sim_time_s": 3843.9,
        "tier": "harmony-no-ge-local",
        "prearm_status": "skip",
        "focus_role": "none"
      }
    },
    {
      "type": "Feature",
      "geometry": {
        "type": "Point",
        "coordinates": [
          500714.7952634404,
          6965089.823045051
        ]
      },
      "properties": {
        "junction_id": 36393,
        "veh_id": 11558,
        "sim_time_s": 3847.1,
        "tier": "coord-prearm-harmony/SHOCKWAVE",
        "prearm_status": "fired",
        "focus_role": "none"
      }
    },
    {
      "type": "Feature",
      "geometry": {
        "type": "Point",
        "coordinates": [
          0.0,
          0.0
        ]
      },
      "properties": {
        "junction_id": 36393,
        "veh_id": 11558,
        "sim_time_s": 3847.5,
        "tier": "harmony-no-ge-local",
        "prearm_status": "skip",
        "focus_role": "none"
      }
    },
    {
      "type": "Feature",
      "geometry": {
        "type": "Point",
        "coordinates": [
          500684.0987813321,
          6964756.319799706
        ]
      },
      "properties": {
        "junction_id": 36393,
        "veh_id": 11558,
        "sim_time_s": 3847.5,
        "tier": "coord-prearm-success/SHOCKWAVE",
        "prearm_status": "success",
        "focus_role": "none"
      }
    },
    {
      "type": "Feature",
      "geometry": {
        "type": "Point",
        "coordinates": [
          499963.4505699326,
          6966762.393667257
        ]
      },
      "properties": {
        "junction_id": 11118289,
        "veh_id": 11580,
        "sim_time_s": 3847.9,
        "tier": "track-zone",
        "prearm_status": "",
        "focus_role": "none"
      }
    },
    {
      "type": "Feature",
      "geometry": {
        "type": "Point",
        "coordinates": [
          500716.0612218105,
          6965084.711412259
        ]
      },
      "properties": {
        "junction_id": 39590,
        "veh_id": 11558,
        "sim_time_s": 3851.6,
        "tier": "coord-prearm-harmony/SHOCKWAVE",
        "prearm_status": "fired",
        "focus_role": "none"
      }
    },
    {
      "type": "Feature",
      "geometry": {
        "type": "Point",
        "coordinates": [
          0.0,
          0.0
        ]
      },
      "properties": {
        "junction_id": 39590,
        "veh_id": 11558,
        "sim_time_s": 3852.0,
        "tier": "harmony-ins-local",
        "prearm_status": "action",
        "focus_role": "none"
      }
    },
    {
      "type": "Feature",
      "geometry": {
        "type": "Point",
        "coordinates": [
          500756.5972760396,
          6964319.360583134
        ]
      },
      "properties": {
        "junction_id": 39590,
        "veh_id": 11558,
        "sim_time_s": 3852.0,
        "tier": "coord-prearm-success/SHOCKWAVE",
        "prearm_status": "success",
        "focus_role": "none"
      }
    },
    {
      "type": "Feature",
      "geometry": {
        "type": "Point",
        "coordinates": [
          499957.56300873624,
          6966990.911989933
        ]
      },
      "properties": {
        "junction_id": 38339,
        "veh_id": 11571,
        "sim_time_s": 3854.2,
        "tier": "IC-detect",
        "prearm_status": "",
        "focus_role": "none"
      }
    },
    {
      "type": "Feature",
      "geometry": {
        "type": "Point",
        "coordinates": [
          500570.58343506325,
          6965464.583324839
        ]
      },
      "properties": {
        "junction_id": 39576,
        "veh_id": 11581,
        "sim_time_s": 3857.4,
        "tier": "track-zone",
        "prearm_status": "",
        "focus_role": "none"
      }
    },
    {
      "type": "Feature",
      "geometry": {
        "type": "Point",
        "coordinates": [
          500551.3402304266,
          6965571.384202939
        ]
      },
      "properties": {
        "junction_id": 10157950,
        "veh_id": 11569,
        "sim_time_s": 3870.9,
        "tier": "track-zone",
        "prearm_status": "",
        "focus_role": "none"
      }
    },
    {
      "type": "Feature",
      "geometry": {
        "type": "Point",
        "coordinates": [
          500698.2501904098,
          6964787.92402666
        ]
      },
      "properties": {
        "junction_id": 36393,
        "veh_id": 11547,
        "sim_time_s": 3870.9,
        "tier": "IC-detect",
        "prearm_status": "",
        "focus_role": "none"
      }
    },
    {
      "type": "Feature",
      "geometry": {
        "type": "Point",
        "coordinates": [
          0.0,
          0.0
        ]
      },
      "properties": {
        "junction_id": 39576,
        "veh_id": 11581,
        "sim_time_s": 3871.8,
        "tier": "harmony-ins-local",
        "prearm_status": "action",
        "focus_role": "none"
      }
    },
    {
      "type": "Feature",
      "geometry": {
        "type": "Point",
        "coordinates": [
          500552.9946340884,
          6965567.793652003
        ]
      },
      "properties": {
        "junction_id": 1119660,
        "veh_id": 11569,
        "sim_time_s": 3872.2,
        "tier": "track-zone",
        "prearm_status": "",
        "focus_role": "none"
      }
    },
    {
      "type": "Feature",
      "geometry": {
        "type": "Point",
        "coordinates": [
          500492.34139830957,
          6965683.281768719
        ]
      },
      "properties": {
        "junction_id": 39578,
        "veh_id": 11581,
        "sim_time_s": 3880.3,
        "tier": "track-zone",
        "prearm_status": "",
        "focus_role": "none"
      }
    },
    {
      "type": "Feature",
      "geometry": {
        "type": "Point",
        "coordinates": [
          0.0,
          0.0
        ]
      },
      "properties": {
        "junction_id": 39578,
        "veh_id": 11570,
        "sim_time_s": 3888.0,
        "tier": "harmony-ins-local",
        "prearm_status": "action",
        "focus_role": "none"
      }
    },
    {
      "type": "Feature",
      "geometry": {
        "type": "Point",
        "coordinates": [
          500526.422364552,
          6965939.530289174
        ]
      },
      "properties": {
        "junction_id": 39576,
        "veh_id": 11536,
        "sim_time_s": 3889.8,
        "tier": "track-zone",
        "prearm_status": "",
        "focus_role": "none"
      }
    },
    {
      "type": "Feature",
      "geometry": {
        "type": "Point",
        "coordinates": [
          499878.08052249695,
          6966548.971108722
        ]
      },
      "properties": {
        "junction_id": 39569,
        "veh_id": 11537,
        "sim_time_s": 3897.9,
        "tier": "track-zone",
        "prearm_status": "",
        "focus_role": "none"
      }
    },
    {
      "type": "Feature",
      "geometry": {
        "type": "Point",
        "coordinates": [
          499963.4505699326,
          6966762.393667257
        ]
      },
      "properties": {
        "junction_id": 39572,
        "veh_id": 11580,
        "sim_time_s": 3897.9,
        "tier": "track-zone",
        "prearm_status": "",
        "focus_role": "none"
      }
    },
    {
      "type": "Feature",
      "geometry": {
        "type": "Point",
        "coordinates": [
          0.0,
          0.0
        ]
      },
      "properties": {
        "junction_id": 39587,
        "veh_id": 11569,
        "sim_time_s": 3901.5,
        "tier": "harmony-no-ge-local",
        "prearm_status": "skip",
        "focus_role": "none"
      }
    },
    {
      "type": "Feature",
      "geometry": {
        "type": "Point",
        "coordinates": [
          499961.5054573812,
          6966952.904849412
        ]
      },
      "properties": {
        "junction_id": 11118289,
        "veh_id": 11542,
        "sim_time_s": 3901.9,
        "tier": "track-zone",
        "prearm_status": "",
        "focus_role": "none"
      }
    },
    {
      "type": "Feature",
      "geometry": {
        "type": "Point",
        "coordinates": [
          500320.8561487966,
          6966137.702012208
        ]
      },
      "properties": {
        "junction_id": 1043762,
        "veh_id": 11559,
        "sim_time_s": 3907.3,
        "tier": "IC-detect-far",
        "prearm_status": "",
        "focus_role": "none"
      }
    },
    {
      "type": "Feature",
      "geometry": {
        "type": "Point",
        "coordinates": [
          499957.56300873624,
          6966990.911989933
        ]
      },
      "properties": {
        "junction_id": 11118289,
        "veh_id": 11571,
        "sim_time_s": 3911.4,
        "tier": "track-zone",
        "prearm_status": "",
        "focus_role": "none"
      }
    },
    {
      "type": "Feature",
      "geometry": {
        "type": "Point",
        "coordinates": [
          0.0,
          0.0
        ]
      },
      "properties": {
        "junction_id": 38339,
        "veh_id": 11571,
        "sim_time_s": 3914.1,
        "tier": "harmony-no-ge-local",
        "prearm_status": "skip",
        "focus_role": "none"
      }
    },
    {
      "type": "Feature",
      "geometry": {
        "type": "Point",
        "coordinates": [
          499961.5054573812,
          6966952.904849412
        ]
      },
      "properties": {
        "junction_id": 38339,
        "veh_id": 11542,
        "sim_time_s": 3915.4,
        "tier": "IC-detect",
        "prearm_status": "",
        "focus_role": "none"
      }
    },
    {
      "type": "Feature",
      "geometry": {
        "type": "Point",
        "coordinates": [
          499963.4505699326,
          6966762.393667257
        ]
      },
      "properties": {
        "junction_id": 39568,
        "veh_id": 11580,
        "sim_time_s": 3924.9,
        "tier": "track-zone",
        "prearm_status": "",
        "focus_role": "none"
      }
    },
    {
      "type": "Feature",
      "geometry": {
        "type": "Point",
        "coordinates": [
          499961.5054573812,
          6966952.904849412
        ]
      },
      "properties": {
        "junction_id": 39568,
        "veh_id": 11542,
        "sim_time_s": 3926.2,
        "tier": "track-zone",
        "prearm_status": "",
        "focus_role": "none"
      }
    },
    {
      "type": "Feature",
      "geometry": {
        "type": "Point",
        "coordinates": [
          499886.083191563,
          6966545.21326751
        ]
      },
      "properties": {
        "junction_id": 39568,
        "veh_id": 11537,
        "sim_time_s": 3927.6,
        "tier": "track-zone",
        "prearm_status": "",
        "focus_role": "none"
      }
    },
    {
      "type": "Feature",
      "geometry": {
        "type": "Point",
        "coordinates": [
          500393.46487364837,
          6966047.309337294
        ]
      },
      "properties": {
        "junction_id": 1043762,
        "veh_id": 11581,
        "sim_time_s": 3931.7,
        "tier": "track-zone",
        "prearm_status": "",
        "focus_role": "none"
      }
    },
    {
      "type": "Feature",
      "geometry": {
        "type": "Point",
        "coordinates": [
          0.0,
          0.0
        ]
      },
      "properties": {
        "junction_id": 1043762,
        "veh_id": 11581,
        "sim_time_s": 3933.0,
        "tier": "harmony-ins-local",
        "prearm_status": "action",
        "focus_role": "none"
      }
    },
    {
      "type": "Feature",
      "geometry": {
        "type": "Point",
        "coordinates": [
          500401.6701327209,
          6966036.483508319
        ]
      },
      "properties": {
        "junction_id": 1043762,
        "veh_id": 11554,
        "sim_time_s": 3934.3,
        "tier": "track-zone",
        "prearm_status": "",
        "focus_role": "none"
      }
    },
    {
      "type": "Feature",
      "geometry": {
        "type": "Point",
        "coordinates": [
          500359.50707103644,
          6966076.69218595
        ]
      },
      "properties": {
        "junction_id": 39569,
        "veh_id": 11581,
        "sim_time_s": 3935.2,
        "tier": "coord-prearm-harmony/SHOCKWAVE",
        "prearm_status": "fired",
        "focus_role": "none"
      }
    },
    {
      "type": "Feature",
      "geometry": {
        "type": "Point",
        "coordinates": [
          500689.7262032188,
          6964551.026238247
        ]
      },
      "properties": {
        "junction_id": 39590,
        "veh_id": 11547,
        "sim_time_s": 3935.7,
        "tier": "track-zone",
        "prearm_status": "",
        "focus_role": "none"
      }
    },
    {
      "type": "Feature",
      "geometry": {
        "type": "Point",
        "coordinates": [
          0.0,
          0.0
        ]
      },
      "properties": {
        "junction_id": 39569,
        "veh_id": 11581,
        "sim_time_s": 3935.7,
        "tier": "harmony-ins-local",
        "prearm_status": "action",
        "focus_role": "none"
      }
    },
    {
      "type": "Feature",
      "geometry": {
        "type": "Point",
        "coordinates": [
          500105.32496907446,
          6966447.427635934
        ]
      },
      "properties": {
        "junction_id": 39569,
        "veh_id": 11581,
        "sim_time_s": 3935.7,
        "tier": "coord-prearm-success/SHOCKWAVE",
        "prearm_status": "success",
        "focus_role": "none"
      }
    },
    {
      "type": "Feature",
      "geometry": {
        "type": "Point",
        "coordinates": [
          500302.37135551183,
          6966141.572300196
        ]
      },
      "properties": {
        "junction_id": 39572,
        "veh_id": 11581,
        "sim_time_s": 3939.8,
        "tier": "coord-prearm-harmony/SHOCKWAVE",
        "prearm_status": "fired",
        "focus_role": "none"
      }
    },
    {
      "type": "Feature",
      "geometry": {
        "type": "Point",
        "coordinates": [
          0.0,
          0.0
        ]
      },
      "properties": {
        "junction_id": 39572,
        "veh_id": 11581,
        "sim_time_s": 3940.2,
        "tier": "harmony-ins-local",
        "prearm_status": "action",
        "focus_role": "none"
      }
    },
    {
      "type": "Feature",
      "geometry": {
        "type": "Point",
        "coordinates": [
          500012.2556836749,
          6966653.44887729
        ]
      },
      "properties": {
        "junction_id": 39572,
        "veh_id": 11581,
        "sim_time_s": 3940.2,
        "tier": "coord-prearm-success/SHOCKWAVE",
        "prearm_status": "success",
        "focus_role": "none"
      }
    },
    {
      "type": "Feature",
      "geometry": {
        "type": "Point",
        "coordinates": [
          499981.21618144825,
          6966499.315742085
        ]
      },
      "properties": {
        "junction_id": 39572,
        "veh_id": 11537,
        "sim_time_s": 3954.6,
        "tier": "IC-detect",
        "prearm_status": "",
        "focus_role": "none"
      }
    },
    {
      "type": "Feature",
      "geometry": {
        "type": "Point",
        "coordinates": [
          500608.3586558934,
          6965411.322973428
        ]
      },
      "properties": {
        "junction_id": 39593,
        "veh_id": 11569,
        "sim_time_s": 3958.7,
        "tier": "track-zone",
        "prearm_status": "",
        "focus_role": "none"
      }
    },
    {
      "type": "Feature",
      "geometry": {
        "type": "Point",
        "coordinates": [
          0.0,
          0.0
        ]
      },
      "properties": {
        "junction_id": 39576,
        "veh_id": 11536,
        "sim_time_s": 3966.8,
        "tier": "harmony-no-ge-local",
        "prearm_status": "skip",
        "focus_role": "none"
      }
    },
    {
      "type": "Feature",
      "geometry": {
        "type": "Point",
        "coordinates": [
          500697.95705908973,
          6964777.6586270165
        ]
      },
      "properties": {
        "junction_id": 36393,
        "veh_id": 11558,
        "sim_time_s": 3967.7,
        "tier": "IC-detect",
        "prearm_status": "",
        "focus_role": "none"
      }
    },
    {
      "type": "Feature",
      "geometry": {
        "type": "Point",
        "coordinates": [
          500125.87464938586,
          6966445.611915267
        ]
      },
      "properties": {
        "junction_id": 1043762,
        "veh_id": 11537,
        "sim_time_s": 3969.4,
        "tier": "track-zone",
        "prearm_status": "",
        "focus_role": "none"
      }
    },
    {
      "type": "Feature",
      "geometry": {
        "type": "Point",
        "coordinates": [
          499963.4505699326,
          6966762.393667257
        ]
      },
      "properties": {
        "junction_id": 11118289,
        "veh_id": 11580,
        "sim_time_s": 3969.4,
        "tier": "track-zone",
        "prearm_status": "",
        "focus_role": "none"
      }
    },
    {
      "type": "Feature",
      "geometry": {
        "type": "Point",
        "coordinates": [
          500351.8325373053,
          6966101.162208243
        ]
      },
      "properties": {
        "junction_id": 39578,
        "veh_id": 11559,
        "sim_time_s": 3970.8,
        "tier": "track-section",
        "prearm_status": "",
        "focus_role": "none"
      }
    },
    {
      "type": "Feature",
      "geometry": {
        "type": "Point",
        "coordinates": [
          500649.94780582155,
          6965252.571834809
        ]
      },
      "properties": {
        "junction_id": 36385,
        "veh_id": 11569,
        "sim_time_s": 3972.2,
        "tier": "track-zone",
        "prearm_status": "",
        "focus_role": "none"
      }
    },
    {
      "type": "Feature",
      "geometry": {
        "type": "Point",
        "coordinates": [
          0.0,
          0.0
        ]
      },
      "properties": {
        "junction_id": 39593,
        "veh_id": 11569,
        "sim_time_s": 3972.2,
        "tier": "harmony-ge-local",
        "prearm_status": "action",
        "focus_role": "none"
      }
    },
    {
      "type": "Feature",
      "geometry": {
        "type": "Point",
        "coordinates": [
          500224.30006167025,
          6966241.301239583
        ]
      },
      "properties": {
        "junction_id": 39569,
        "veh_id": 11554,
        "sim_time_s": 3974.8,
        "tier": "track-zone",
        "prearm_status": "",
        "focus_role": "none"
      }
    },
    {
      "type": "Feature",
      "geometry": {
        "type": "Point",
        "coordinates": [
          0.0,
          0.0
        ]
      },
      "properties": {
        "junction_id": 36385,
        "veh_id": 11569,
        "sim_time_s": 3984.3,
        "tier": "harmony-no-ge-local",
        "prearm_status": "skip",
        "focus_role": "none"
      }
    },
    {
      "type": "Feature",
      "geometry": {
        "type": "Point",
        "coordinates": [
          500730.2187509811,
          6964409.27065261
        ]
      },
      "properties": {
        "junction_id": 39606,
        "veh_id": 11547,
        "sim_time_s": 3987.0,
        "tier": "track-zone",
        "prearm_status": "",
        "focus_role": "none"
      }
    },
    {
      "type": "Feature",
      "geometry": {
        "type": "Point",
        "coordinates": [
          500714.46858499706,
          6965090.556320036
        ]
      },
      "properties": {
        "junction_id": 36393,
        "veh_id": 11569,
        "sim_time_s": 3987.4,
        "tier": "coord-prearm-harmony/SHOCKWAVE",
        "prearm_status": "fired",
        "focus_role": "none"
      }
    },
    {
      "type": "Feature",
      "geometry": {
        "type": "Point",
        "coordinates": [
          0.0,
          0.0
        ]
      },
      "properties": {
        "junction_id": 36393,
        "veh_id": 11569,
        "sim_time_s": 3987.9,
        "tier": "harmony-ins-local",
        "prearm_status": "action",
        "focus_role": "none"
      }
    },
    {
      "type": "Feature",
      "geometry": {
        "type": "Point",
        "coordinates": [
          500684.0987813321,
          6964756.319799706
        ]
      },
      "properties": {
        "junction_id": 36393,
        "veh_id": 11569,
        "sim_time_s": 3987.9,
        "tier": "coord-prearm-success/SHOCKWAVE",
        "prearm_status": "success",
        "focus_role": "none"
      }
    },
    {
      "type": "Feature",
      "geometry": {
        "type": "Point",
        "coordinates": [
          500508.40608831757,
          6965771.578053325
        ]
      },
      "properties": {
        "junction_id": 39578,
        "veh_id": 11536,
        "sim_time_s": 3988.3,
        "tier": "track-zone",
        "prearm_status": "",
        "focus_role": "none"
      }
    },
    {
      "type": "Feature",
      "geometry": {
        "type": "Point",
        "coordinates": [
          500715.99831935915,
          6965084.379623778
        ]
      },
      "properties": {
        "junction_id": 39590,
        "veh_id": 11569,
        "sim_time_s": 3992.8,
        "tier": "coord-prearm-harmony/SHOCKWAVE",
        "prearm_status": "fired",
        "focus_role": "none"
      }
    },
    {
      "type": "Feature",
      "geometry": {
        "type": "Point",
        "coordinates": [
          0.0,
          0.0
        ]
      },
      "properties": {
        "junction_id": 39590,
        "veh_id": 11569,
        "sim_time_s": 3993.3,
        "tier": "harmony-no-ge-local",
        "prearm_status": "skip",
        "focus_role": "none"
      }
    },
    {
      "type": "Feature",
      "geometry": {
        "type": "Point",
        "coordinates": [
          500756.5972760396,
          6964319.360583134
        ]
      },
      "properties": {
        "junction_id": 39590,
        "veh_id": 11569,
        "sim_time_s": 3993.3,
        "tier": "coord-prearm-success/SHOCKWAVE",
        "prearm_status": "success",
        "focus_role": "none"
      }
    },
    {
      "type": "Feature",
      "geometry": {
        "type": "Point",
        "coordinates": [
          0.0,
          0.0
        ]
      },
      "properties": {
        "junction_id": 1043762,
        "veh_id": 11554,
        "sim_time_s": 3993.3,
        "tier": "harmony-no-ge-local",
        "prearm_status": "skip",
        "focus_role": "none"
      }
    },
    {
      "type": "Feature",
      "geometry": {
        "type": "Point",
        "coordinates": [
          500528.146782058,
          6965935.361640968
        ]
      },
      "properties": {
        "junction_id": 39576,
        "veh_id": 11570,
        "sim_time_s": 3997.8,
        "tier": "track-zone",
        "prearm_status": "",
        "focus_role": "none"
      }
    },
    {
      "type": "Feature",
      "geometry": {
        "type": "Point",
        "coordinates": [
          500534.61813499895,
          6965916.05448244
        ]
      },
      "properties": {
        "junction_id": 39578,
        "veh_id": 11570,
        "sim_time_s": 4008.2,
        "tier": "IC-detect",
        "prearm_status": "",
        "focus_role": "none"
      }
    },
    {
      "type": "Feature",
      "geometry": {
        "type": "Point",
        "coordinates": [
          500509.4559582326,
          6965706.504268414
        ]
      },
      "properties": {
        "junction_id": 39587,
        "veh_id": 11536,
        "sim_time_s": 4009.9,
        "tier": "track-zone",
        "prearm_status": "",
        "focus_role": "none"
      }
    },
    {
      "type": "Feature",
      "geometry": {
        "type": "Point",
        "coordinates": [
          500076.0864839885,
          6966489.40030917
        ]
      },
      "properties": {
        "junction_id": 39568,
        "veh_id": 11581,
        "sim_time_s": 4012.7,
        "tier": "track-zone",
        "prearm_status": "",
        "focus_role": "none"
      }
    },
    {
      "type": "Feature",
      "geometry": {
        "type": "Point",
        "coordinates": [
          500144.64624722954,
          6966418.2537625125
        ]
      },
      "properties": {
        "junction_id": 39569,
        "veh_id": 11537,
        "sim_time_s": 4018.1,
        "tier": "IC-detect-far",
        "prearm_status": "",
        "focus_role": "none"
      }
    },
    {
      "type": "Feature",
      "geometry": {
        "type": "Point",
        "coordinates": [
          499963.4505699326,
          6966762.393667257
        ]
      },
      "properties": {
        "junction_id": 39572,
        "veh_id": 11580,
        "sim_time_s": 4019.4,
        "tier": "track-zone",
        "prearm_status": "",
        "focus_role": "none"
      }
    },
    {
      "type": "Feature",
      "geometry": {
        "type": "Point",
        "coordinates": [
          0.0,
          0.0
        ]
      },
      "properties": {
        "junction_id": 39569,
        "veh_id": 11554,
        "sim_time_s": 4020.8,
        "tier": "harmony-ins-local",
        "prearm_status": "action",
        "focus_role": "none"
      }
    },
    {
      "type": "Feature",
      "geometry": {
        "type": "Point",
        "coordinates": [
          499961.5054573812,
          6966952.904849412
        ]
      },
      "properties": {
        "junction_id": 11118289,
        "veh_id": 11542,
        "sim_time_s": 4023.4,
        "tier": "track-zone",
        "prearm_status": "",
        "focus_role": "none"
      }
    },
    {
      "type": "Feature",
      "geometry": {
        "type": "Point",
        "coordinates": [
          500112.873808476,
          6966425.990550157
        ]
      },
      "properties": {
        "junction_id": 39572,
        "veh_id": 11554,
        "sim_time_s": 4024.8,
        "tier": "track-zone",
        "prearm_status": "",
        "focus_role": "none"
      }
    },
    {
      "type": "Feature",
      "geometry": {
        "type": "Point",
        "coordinates": [
          500032.396813477,
          6966465.053636372
        ]
      },
      "properties": {
        "junction_id": 39568,
        "veh_id": 11554,
        "sim_time_s": 4032.9,
        "tier": "track-zone",
        "prearm_status": "",
        "focus_role": "none"
      }
    },
    {
      "type": "Feature",
      "geometry": {
        "type": "Point",
        "coordinates": [
          499957.56300873624,
          6966990.911989933
        ]
      },
      "properties": {
        "junction_id": 11118289,
        "veh_id": 11571,
        "sim_time_s": 4032.9,
        "tier": "track-zone",
        "prearm_status": "",
        "focus_role": "none"
      }
    },
    {
      "type": "Feature",
      "geometry": {
        "type": "Point",
        "coordinates": [
          500515.19657517324,
          6965649.646148847
        ]
      },
      "properties": {
        "junction_id": 1119660,
        "veh_id": 11536,
        "sim_time_s": 4034.2,
        "tier": "track-zone",
        "prearm_status": "",
        "focus_role": "none"
      }
    },
    {
      "type": "Feature",
      "geometry": {
        "type": "Point",
        "coordinates": [
          499957.56300873624,
          6966990.911989933
        ]
      },
      "properties": {
        "junction_id": 38339,
        "veh_id": 11571,
        "sim_time_s": 4034.2,
        "tier": "IC-detect",
        "prearm_status": "",
        "focus_role": "none"
      }
    },
    {
      "type": "Feature",
      "geometry": {
        "type": "Point",
        "coordinates": [
          499961.5054573812,
          6966952.904849412
        ]
      },
      "properties": {
        "junction_id": 38339,
        "veh_id": 11542,
        "sim_time_s": 4035.6,
        "tier": "IC-detect",
        "prearm_status": "",
        "focus_role": "none"
      }
    },
    {
      "type": "Feature",
      "geometry": {
        "type": "Point",
        "coordinates": [
          500689.289149793,
          6964558.370916045
        ]
      },
      "properties": {
        "junction_id": 39590,
        "veh_id": 11558,
        "sim_time_s": 4041.0,
        "tier": "track-zone",
        "prearm_status": "",
        "focus_role": "none"
      }
    },
    {
      "type": "Feature",
      "geometry": {
        "type": "Point",
        "coordinates": [
          499963.4505699326,
          6966762.393667257
        ]
      },
      "properties": {
        "junction_id": 39568,
        "veh_id": 11580,
        "sim_time_s": 4046.4,
        "tier": "track-zone",
        "prearm_status": "",
        "focus_role": "none"
      }
    },
    {
      "type": "Feature",
      "geometry": {
        "type": "Point",
        "coordinates": [
          499961.5054573812,
          6966952.904849412
        ]
      },
      "properties": {
        "junction_id": 39568,
        "veh_id": 11542,
        "sim_time_s": 4047.8,
        "tier": "track-zone",
        "prearm_status": "",
        "focus_role": "none"
      }
    },
    {
      "type": "Feature",
      "geometry": {
        "type": "Point",
        "coordinates": [
          500952.09229130344,
          6964037.796872752
        ]
      },
      "properties": {
        "junction_id": 39606,
        "veh_id": 11582,
        "sim_time_s": 4050.0,
        "tier": "IC-detect",
        "prearm_status": "",
        "focus_role": "none"
      }
    },
    {
      "type": "Feature",
      "geometry": {
        "type": "Point",
        "coordinates": [
          0.0,
          0.0
        ]
      },
      "properties": {
        "junction_id": 39606,
        "veh_id": 11582,
        "sim_time_s": 4050.0,
        "tier": "harmony-no-ge-local",
        "prearm_status": "skip",
        "focus_role": "none"
      }
    },
    {
      "type": "Feature",
      "geometry": {
        "type": "Point",
        "coordinates": [
          500921.6282637348,
          6964080.623445315
        ]
      },
      "properties": {
        "junction_id": 39590,
        "veh_id": 11582,
        "sim_time_s": 4053.2,
        "tier": "coord-prearm-harmony/SHOCKWAVE",
        "prearm_status": "fired",
        "focus_role": "none"
      }
    },
    {
      "type": "Feature",
      "geometry": {
        "type": "Point",
        "coordinates": [
          0.0,
          0.0
        ]
      },
      "properties": {
        "junction_id": 39590,
        "veh_id": 11582,
        "sim_time_s": 4053.6,
        "tier": "harmony-ins-local",
        "prearm_status": "action",
        "focus_role": "none"
      }
    },
    {
      "type": "Feature",
      "geometry": {
        "type": "Point",
        "coordinates": [
          500756.5972760396,
          6964319.360583134
        ]
      },
      "properties": {
        "junction_id": 39590,
        "veh_id": 11582,
        "sim_time_s": 4053.6,
        "tier": "coord-prearm-success/SHOCKWAVE",
        "prearm_status": "success",
        "focus_role": "none"
      }
    },
    {
      "type": "Feature",
      "geometry": {
        "type": "Point",
        "coordinates": [
          500083.6499831611,
          6967501.4371445235
        ]
      },
      "properties": {
        "junction_id": 38339,
        "veh_id": 11572,
        "sim_time_s": 4053.6,
        "tier": "IC-detect",
        "prearm_status": "",
        "focus_role": "none"
      }
    },
    {
      "type": "Feature",
      "geometry": {
        "type": "Point",
        "coordinates": [
          500757.41747128393,
          6964341.588187466
        ]
      },
      "properties": {
        "junction_id": 39590,
        "veh_id": 11547,
        "sim_time_s": 4055.8,
        "tier": "IC-detect",
        "prearm_status": "",
        "focus_role": "none"
      }
    },
    {
      "type": "Feature",
      "geometry": {
        "type": "Point",
        "coordinates": [
          500894.8519815524,
          6964116.7355288975
        ]
      },
      "properties": {
        "junction_id": 36393,
        "veh_id": 11582,
        "sim_time_s": 4056.8,
        "tier": "coord-prearm-harmony/SHOCKWAVE",
        "prearm_status": "fired",
        "focus_role": "none"
      }
    },
    {
      "type": "Feature",
      "geometry": {
        "type": "Point",
        "coordinates": [
          0.0,
          0.0
        ]
      },
      "properties": {
        "junction_id": 36393,
        "veh_id": 11582,
        "sim_time_s": 4057.2,
        "tier": "harmony-ins-local",
        "prearm_status": "action",
        "focus_role": "none"
      }
    },
    {
      "type": "Feature",
      "geometry": {
        "type": "Point",
        "coordinates": [
          500684.0987813321,
          6964756.319799706
        ]
      },
      "properties": {
        "junction_id": 36393,
        "veh_id": 11582,
        "sim_time_s": 4057.2,
        "tier": "coord-prearm-success/SHOCKWAVE",
        "prearm_status": "success",
        "focus_role": "none"
      }
    },
    {
      "type": "Feature",
      "geometry": {
        "type": "Point",
        "coordinates": [
          500039.9100389267,
          6966577.052633998
        ]
      },
      "properties": {
        "junction_id": 39572,
        "veh_id": 11581,
        "sim_time_s": 4060.3,
        "tier": "IC-detect",
        "prearm_status": "",
        "focus_role": "none"
      }
    },
    {
      "type": "Feature",
      "geometry": {
        "type": "Point",
        "coordinates": [
          500829.9679197454,
          6964189.3965123305
        ]
      },
      "properties": {
        "junction_id": 36385,
        "veh_id": 11582,
        "sim_time_s": 4063.1,
        "tier": "coord-prearm-harmony/SHOCKWAVE",
        "prearm_status": "fired",
        "focus_role": "none"
      }
    },
    {
      "type": "Feature",
      "geometry": {
        "type": "Point",
        "coordinates": [
          0.0,
          0.0
        ]
      },
      "properties": {
        "junction_id": 36385,
        "veh_id": 11582,
        "sim_time_s": 4063.5,
        "tier": "harmony-ins-local",
        "prearm_status": "action",
        "focus_role": "none"
      }
    },
    {
      "type": "Feature",
      "geometry": {
        "type": "Point",
        "coordinates": [
          500715.9750991549,
          6965021.28412977
        ]
      },
      "properties": {
        "junction_id": 36385,
        "veh_id": 11582,
        "sim_time_s": 4063.5,
        "tier": "coord-prearm-success/SHOCKWAVE",
        "prearm_status": "success",
        "focus_role": "none"
      }
    },
    {
      "type": "Feature",
      "geometry": {
        "type": "Point",
        "coordinates": [
          500039.9100389267,
          6966577.052633998
        ]
      },
      "properties": {
        "junction_id": 39569,
        "veh_id": 11581,
        "sim_time_s": 4069.3,
        "tier": "track-zone",
        "prearm_status": "",
        "focus_role": "none"
      }
    },
    {
      "type": "Feature",
      "geometry": {
        "type": "Point",
        "coordinates": [
          0.0,
          0.0
        ]
      },
      "properties": {
        "junction_id": 39606,
        "veh_id": 11547,
        "sim_time_s": 4070.7,
        "tier": "harmony-no-ge-local",
        "prearm_status": "skip",
        "focus_role": "none"
      }
    },
    {
      "type": "Feature",
      "geometry": {
        "type": "Point",
        "coordinates": [
          0.0,
          0.0
        ]
      },
      "properties": {
        "junction_id": 39578,
        "veh_id": 11559,
        "sim_time_s": 4074.8,
        "tier": "harmony-ins-local",
        "prearm_status": "action",
        "focus_role": "none"
      }
    },
    {
      "type": "Feature",
      "geometry": {
        "type": "Point",
        "coordinates": [
          500518.91068260005,
          6965638.056489738
        ]
      },
      "properties": {
        "junction_id": 39576,
        "veh_id": 11536,
        "sim_time_s": 4086.9,
        "tier": "IC-detect",
        "prearm_status": "",
        "focus_role": "none"
      }
    },
    {
      "type": "Feature",
      "geometry": {
        "type": "Point",
        "coordinates": [
          0.0,
          0.0
        ]
      },
      "properties": {
        "junction_id": 39576,
        "veh_id": 11570,
        "sim_time_s": 4089.6,
        "tier": "harmony-ins-local",
        "prearm_status": "action",
        "focus_role": "none"
      }
    },
    {
      "type": "Feature",
      "geometry": {
        "type": "Point",
        "coordinates": [
          500203.34416868235,
          6966318.6239237385
        ]
      },
      "properties": {
        "junction_id": 1043762,
        "veh_id": 11537,
        "sim_time_s": 4089.6,
        "tier": "IC-detect",
        "prearm_status": "",
        "focus_role": "none"
      }
    },
    {
      "type": "Feature",
      "geometry": {
        "type": "Point",
        "coordinates": [
          499963.4505699326,
          6966762.393667257
        ]
      },
      "properties": {
        "junction_id": 11118289,
        "veh_id": 11580,
        "sim_time_s": 4090.9,
        "tier": "track-zone",
        "prearm_status": "",
        "focus_role": "none"
      }
    },
    {
      "type": "Feature",
      "geometry": {
        "type": "Point",
        "coordinates": [
          500731.1066881673,
          6964407.162712514
        ]
      },
      "properties": {
        "junction_id": 39606,
        "veh_id": 11558,
        "sim_time_s": 4107.1,
        "tier": "track-zone",
        "prearm_status": "",
        "focus_role": "none"
      }
    },
    {
      "type": "Feature",
      "geometry": {
        "type": "Point",
        "coordinates": [
          500698.14873917634,
          6964787.564878864
        ]
      },
      "properties": {
        "junction_id": 36393,
        "veh_id": 11569,
        "sim_time_s": 4108.1,
        "tier": "IC-detect",
        "prearm_status": "",
        "focus_role": "none"
      }
    },
    {
      "type": "Feature",
      "geometry": {
        "type": "Point",
        "coordinates": [
          0.0,
          0.0
        ]
      },
      "properties": {
        "junction_id": 1043762,
        "veh_id": 11537,
        "sim_time_s": 4113.9,
        "tier": "harmony-no-ge-local",
        "prearm_status": "skip",
        "focus_role": "none"
      }
    },
    {
      "type": "Feature",
      "geometry": {
        "type": "Point",
        "coordinates": [
          500550.4739428115,
          6965566.336670736
        ]
      },
      "properties": {
        "junction_id": 10157950,
        "veh_id": 11536,
        "sim_time_s": 4117.9,
        "tier": "track-zone",
        "prearm_status": "",
        "focus_role": "none"
      }
    },
    {
      "type": "Feature",
      "geometry": {
        "type": "Point",
        "coordinates": [
          0.0,
          0.0
        ]
      },
      "properties": {
        "junction_id": 39587,
        "veh_id": 11536,
        "sim_time_s": 4119.3,
        "tier": "harmony-ins-local",
        "prearm_status": "action",
        "focus_role": "none"
      }
    },
    {
      "type": "Feature",
      "geometry": {
        "type": "Point",
        "coordinates": [
          500515.86498765915,
          6965810.71515969
        ]
      },
      "properties": {
        "junction_id": 39578,
        "veh_id": 11570,
        "sim_time_s": 4128.3,
        "tier": "IC-detect",
        "prearm_status": "",
        "focus_role": "none"
      }
    },
    {
      "type": "Feature",
      "geometry": {
        "type": "Point",
        "coordinates": [
          500039.9100389267,
          6966577.052633998
        ]
      },
      "properties": {
        "junction_id": 39568,
        "veh_id": 11581,
        "sim_time_s": 4134.1,
        "tier": "track-zone",
        "prearm_status": "",
        "focus_role": "none"
      }
    },
    {
      "type": "Feature",
      "geometry": {
        "type": "Point",
        "coordinates": [
          500210.39916721627,
          6966306.689350089
        ]
      },
      "properties": {
        "junction_id": 39569,
        "veh_id": 11537,
        "sim_time_s": 4140.9,
        "tier": "track-zone",
        "prearm_status": "",
        "focus_role": "none"
      }
    },
    {
      "type": "Feature",
      "geometry": {
        "type": "Point",
        "coordinates": [
          499963.4505699326,
          6966762.393667257
        ]
      },
      "properties": {
        "junction_id": 39572,
        "veh_id": 11580,
        "sim_time_s": 4140.9,
        "tier": "track-zone",
        "prearm_status": "",
        "focus_role": "none"
      }
    },
    {
      "type": "Feature",
      "geometry": {
        "type": "Point",
        "coordinates": [
          499961.5054573812,
          6966952.904849412
        ]
      },
      "properties": {
        "junction_id": 11118289,
        "veh_id": 11542,
        "sim_time_s": 4144.9,
        "tier": "track-zone",
        "prearm_status": "",
        "focus_role": "none"
      }
    },
    {
      "type": "Feature",
      "geometry": {
        "type": "Point",
        "coordinates": [
          499795.5670297849,
          6966578.264236745
        ]
      },
      "properties": {
        "junction_id": 39572,
        "veh_id": 11554,
        "sim_time_s": 4144.9,
        "tier": "IC-detect",
        "prearm_status": "",
        "focus_role": "none"
      }
    },
    {
      "type": "Feature",
      "geometry": {
        "type": "Point",
        "coordinates": [
          0.0,
          0.0
        ]
      },
      "properties": {
        "junction_id": 39572,
        "veh_id": 11554,
        "sim_time_s": 4145.9,
        "tier": "harmony-ins-local",
        "prearm_status": "action",
        "focus_role": "none"
      }
    },
    {
      "type": "Feature",
      "geometry": {
        "type": "Point",
        "coordinates": [
          0.0,
          0.0
        ]
      },
      "properties": {
        "junction_id": 39590,
        "veh_id": 11558,
        "sim_time_s": 4153.1,
        "tier": "harmony-ins-local",
        "prearm_status": "action",
        "focus_role": "none"
      }
    },
    {
      "type": "Feature",
      "geometry": {
        "type": "Point",
        "coordinates": [
          499957.56300873624,
          6966990.911989933
        ]
      },
      "properties": {
        "junction_id": 11118289,
        "veh_id": 11571,
        "sim_time_s": 4154.4,
        "tier": "track-zone",
        "prearm_status": "",
        "focus_role": "none"
      }
    },
    {
      "type": "Feature",
      "geometry": {
        "type": "Point",
        "coordinates": [
          499957.56300873624,
          6966990.911989933
        ]
      },
      "properties": {
        "junction_id": 38339,
        "veh_id": 11571,
        "sim_time_s": 4154.4,
        "tier": "IC-detect",
        "prearm_status": "",
        "focus_role": "none"
      }
    },
    {
      "type": "Feature",
      "geometry": {
        "type": "Point",
        "coordinates": [
          500583.6081436655,
          6965478.23170952
        ]
      },
      "properties": {
        "junction_id": 1119660,
        "veh_id": 11536,
        "sim_time_s": 4155.8,
        "tier": "track-zone",
        "prearm_status": "",
        "focus_role": "none"
      }
    },
    {
      "type": "Feature",
      "geometry": {
        "type": "Point",
        "coordinates": [
          499961.5054573812,
          6966952.904849412
        ]
      },
      "properties": {
        "junction_id": 38339,
        "veh_id": 11542,
        "sim_time_s": 4155.8,
        "tier": "IC-detect",
        "prearm_status": "",
        "focus_role": "none"
      }
    },
    {
      "type": "Feature",
      "geometry": {
        "type": "Point",
        "coordinates": [
          500530.2747564656,
          6965938.299543565
        ]
      },
      "properties": {
        "junction_id": 39576,
        "veh_id": 11559,
        "sim_time_s": 4166.6,
        "tier": "track-zone",
        "prearm_status": "",
        "focus_role": "none"
      }
    },
    {
      "type": "Feature",
      "geometry": {
        "type": "Point",
        "coordinates": [
          499963.4505699326,
          6966762.393667257
        ]
      },
      "properties": {
        "junction_id": 39568,
        "veh_id": 11580,
        "sim_time_s": 4167.9,
        "tier": "track-zone",
        "prearm_status": "",
        "focus_role": "none"
      }
    },
    {
      "type": "Feature",
      "geometry": {
        "type": "Point",
        "coordinates": [
          499961.5054573812,
          6966952.904849412
        ]
      },
      "properties": {
        "junction_id": 39568,
        "veh_id": 11542,
        "sim_time_s": 4169.2,
        "tier": "track-zone",
        "prearm_status": "",
        "focus_role": "none"
      }
    },
    {
      "type": "Feature",
      "geometry": {
        "type": "Point",
        "coordinates": [
          500689.51415641874,
          6964552.544029463
        ]
      },
      "properties": {
        "junction_id": 39590,
        "veh_id": 11569,
        "sim_time_s": 4173.3,
        "tier": "track-zone",
        "prearm_status": "",
        "focus_role": "none"
      }
    },
    {
      "type": "Feature",
      "geometry": {
        "type": "Point",
        "coordinates": [
          500007.37292604346,
          6967337.550302889
        ]
      },
      "properties": {
        "junction_id": 38339,
        "veh_id": 11572,
        "sim_time_s": 4173.8,
        "tier": "IC-detect-far",
        "prearm_status": "",
        "focus_role": "none"
      }
    },
    {
      "type": "Feature",
      "geometry": {
        "type": "Point",
        "coordinates": [
          0.0,
          0.0
        ]
      },
      "properties": {
        "junction_id": 39606,
        "veh_id": 11558,
        "sim_time_s": 4174.6,
        "tier": "harmony-no-ge-local",
        "prearm_status": "skip",
        "focus_role": "none"
      }
    },
    {
      "type": "Feature",
      "geometry": {
        "type": "Point",
        "coordinates": [
          500701.9004006774,
          6964932.867419229
        ]
      },
      "properties": {
        "junction_id": 39593,
        "veh_id": 11582,
        "sim_time_s": 4177.4,
        "tier": "track-zone",
        "prearm_status": "",
        "focus_role": "none"
      }
    },
    {
      "type": "Feature",
      "geometry": {
        "type": "Point",
        "coordinates": [
          500039.9100389267,
          6966577.052633998
        ]
      },
      "properties": {
        "junction_id": 39572,
        "veh_id": 11581,
        "sim_time_s": 4180.5,
        "tier": "IC-detect",
        "prearm_status": "",
        "focus_role": "none"
      }
    },
    {
      "type": "Feature",
      "geometry": {
        "type": "Point",
        "coordinates": [
          500704.9610875936,
          6964953.476300177
        ]
      },
      "properties": {
        "junction_id": 36385,
        "veh_id": 11582,
        "sim_time_s": 4183.6,
        "tier": "IC-detect",
        "prearm_status": "",
        "focus_role": "none"
      }
    },
    {
      "type": "Feature",
      "geometry": {
        "type": "Point",
        "coordinates": [
          500039.9100389267,
          6966577.052633998
        ]
      },
      "properties": {
        "junction_id": 39569,
        "veh_id": 11581,
        "sim_time_s": 4190.9,
        "tier": "track-zone",
        "prearm_status": "",
        "focus_role": "none"
      }
    },
    {
      "type": "Feature",
      "geometry": {
        "type": "Point",
        "coordinates": [
          500529.57151696266,
          6965853.166458206
        ]
      },
      "properties": {
        "junction_id": 39578,
        "veh_id": 11559,
        "sim_time_s": 4194.9,
        "tier": "IC-detect",
        "prearm_status": "",
        "focus_role": "none"
      }
    },
    {
      "type": "Feature",
      "geometry": {
        "type": "Point",
        "coordinates": [
          500732.6479355688,
          6964402.876987982
        ]
      },
      "properties": {
        "junction_id": 39606,
        "veh_id": 11569,
        "sim_time_s": 4201.6,
        "tier": "track-zone",
        "prearm_status": "",
        "focus_role": "none"
      }
    },
    {
      "type": "Feature",
      "geometry": {
        "type": "Point",
        "coordinates": [
          500512.0604849411,
          6965723.630387385
        ]
      },
      "properties": {
        "junction_id": 39576,
        "veh_id": 11570,
        "sim_time_s": 4209.8,
        "tier": "IC-detect",
        "prearm_status": "",
        "focus_role": "none"
      }
    },
    {
      "type": "Feature",
      "geometry": {
        "type": "Point",
        "coordinates": [
          499963.1063116771,
          6966763.650097625
        ]
      },
      "properties": {
        "junction_id": 11118289,
        "veh_id": 11580,
        "sim_time_s": 4212.4,
        "tier": "track-zone",
        "prearm_status": "",
        "focus_role": "none"
      }
    },
    {
      "type": "Feature",
      "geometry": {
        "type": "Point",
        "coordinates": [
          0.0,
          0.0
        ]
      },
      "properties": {
        "junction_id": 38339,
        "veh_id": 11571,
        "sim_time_s": 4214.2,
        "tier": "harmony-no-ge-local",
        "prearm_status": "skip",
        "focus_role": "none"
      }
    },
    {
      "type": "Feature",
      "geometry": {
        "type": "Point",
        "coordinates": [
          500512.43759394274,
          6965704.130742784
        ]
      },
      "properties": {
        "junction_id": 39587,
        "veh_id": 11570,
        "sim_time_s": 4216.5,
        "tier": "track-zone",
        "prearm_status": "",
        "focus_role": "none"
      }
    },
    {
      "type": "Feature",
      "geometry": {
        "type": "Point",
        "coordinates": [
          499960.70678105054,
          6966787.414068626
        ]
      },
      "properties": {
        "junction_id": 38339,
        "veh_id": 11580,
        "sim_time_s": 4216.5,
        "tier": "track-zone",
        "prearm_status": "",
        "focus_role": "none"
      }
    },
    {
      "type": "Feature",
      "geometry": {
        "type": "Point",
        "coordinates": [
          500683.82702172553,
          6965100.636641122
        ]
      },
      "properties": {
        "junction_id": 10157950,
        "veh_id": 11582,
        "sim_time_s": 4221.9,
        "tier": "track-zone",
        "prearm_status": "",
        "focus_role": "none"
      }
    },
    {
      "type": "Feature",
      "geometry": {
        "type": "Point",
        "coordinates": [
          0.0,
          0.0
        ]
      },
      "properties": {
        "junction_id": 39593,
        "veh_id": 11582,
        "sim_time_s": 4221.9,
        "tier": "harmony-ins-local",
        "prearm_status": "action",
        "focus_role": "none"
      }
    },
    {
      "type": "Feature",
      "geometry": {
        "type": "Point",
        "coordinates": [
          500607.1618012052,
          6965404.995047464
        ]
      },
      "properties": {
        "junction_id": 39593,
        "veh_id": 11536,
        "sim_time_s": 4225.9,
        "tier": "track-zone",
        "prearm_status": "",
        "focus_role": "none"
      }
    },
    {
      "type": "Feature",
      "geometry": {
        "type": "Point",
        "coordinates": [
          500518.16434644413,
          6965649.773757992
        ]
      },
      "properties": {
        "junction_id": 1119660,
        "veh_id": 11570,
        "sim_time_s": 4227.3,
        "tier": "track-zone",
        "prearm_status": "",
        "focus_role": "none"
      }
    },
    {
      "type": "Feature",
      "geometry": {
        "type": "Point",
        "coordinates": [
          0.0,
          0.0
        ]
      },
      "properties": {
        "junction_id": 38339,
        "veh_id": 11580,
        "sim_time_s": 4227.3,
        "tier": "harmony-ins-local",
        "prearm_status": "action",
        "focus_role": "none"
      }
    },
    {
      "type": "Feature",
      "geometry": {
        "type": "Point",
        "coordinates": [
          500658.61491918575,
          6965189.845736194
        ]
      },
      "properties": {
        "junction_id": 1119660,
        "veh_id": 11582,
        "sim_time_s": 4228.6,
        "tier": "track-zone",
        "prearm_status": "",
        "focus_role": "none"
      }
    },
    {
      "type": "Feature",
      "geometry": {
        "type": "Point",
        "coordinates": [
          500641.87121038843,
          6965227.830828845
        ]
      },
      "properties": {
        "junction_id": 39587,
        "veh_id": 11582,
        "sim_time_s": 4231.4,
        "tier": "track-zone",
        "prearm_status": "",
        "focus_role": "none"
      }
    },
    {
      "type": "Feature",
      "geometry": {
        "type": "Point",
        "coordinates": [
          500216.38553802716,
          6966296.5625183135
        ]
      },
      "properties": {
        "junction_id": 1043762,
        "veh_id": 11537,
        "sim_time_s": 4234.1,
        "tier": "IC-detect",
        "prearm_status": "",
        "focus_role": "none"
      }
    },
    {
      "type": "Feature",
      "geometry": {
        "type": "Point",
        "coordinates": [
          500650.937580646,
          6965250.270931878
        ]
      },
      "properties": {
        "junction_id": 36385,
        "veh_id": 11536,
        "sim_time_s": 4236.8,
        "tier": "track-zone",
        "prearm_status": "",
        "focus_role": "none"
      }
    },
    {
      "type": "Feature",
      "geometry": {
        "type": "Point",
        "coordinates": [
          499513.4342683633,
          6966653.395196728
        ]
      },
      "properties": {
        "junction_id": 39572,
        "veh_id": 11560,
        "sim_time_s": 4239.0,
        "tier": "IC-detect-far",
        "prearm_status": "",
        "focus_role": "none"
      }
    },
    {
      "type": "Feature",
      "geometry": {
        "type": "Point",
        "coordinates": [
          500668.8308343463,
          6965212.569375831
        ]
      },
      "properties": {
        "junction_id": 10157950,
        "veh_id": 11536,
        "sim_time_s": 4239.4,
        "tier": "track-zone",
        "prearm_status": "",
        "focus_role": "none"
      }
    },
    {
      "type": "Feature",
      "geometry": {
        "type": "Point",
        "coordinates": [
          0.0,
          0.0
        ]
      },
      "properties": {
        "junction_id": 39587,
        "veh_id": 11582,
        "sim_time_s": 4244.9,
        "tier": "harmony-ins-local",
        "prearm_status": "action",
        "focus_role": "none"
      }
    },
    {
      "type": "Feature",
      "geometry": {
        "type": "Point",
        "coordinates": [
          499969.03191386006,
          6966899.213690148
        ]
      },
      "properties": {
        "junction_id": 39572,
        "veh_id": 11542,
        "sim_time_s": 4246.2,
        "tier": "track-zone",
        "prearm_status": "",
        "focus_role": "none"
      }
    },
    {
      "type": "Feature",
      "geometry": {
        "type": "Point",
        "coordinates": [
          500567.8694788652,
          6965473.670265687
        ]
      },
      "properties": {
        "junction_id": 39576,
        "veh_id": 11582,
        "sim_time_s": 4247.6,
        "tier": "track-zone",
        "prearm_status": "",
        "focus_role": "none"
      }
    },
    {
      "type": "Feature",
      "geometry": {
        "type": "Point",
        "coordinates": [
          0.0,
          0.0
        ]
      },
      "properties": {
        "junction_id": 36385,
        "veh_id": 11536,
        "sim_time_s": 4247.6,
        "tier": "harmony-no-ge-local",
        "prearm_status": "skip",
        "focus_role": "none"
      }
    },
    {
      "type": "Feature",
      "geometry": {
        "type": "Point",
        "coordinates": [
          0.0,
          0.0
        ]
      },
      "properties": {
        "junction_id": 39572,
        "veh_id": 11581,
        "sim_time_s": 4248.9,
        "tier": "harmony-ins-local",
        "prearm_status": "action",
        "focus_role": "none"
      }
    },
    {
      "type": "Feature",
      "geometry": {
        "type": "Point",
        "coordinates": [
          499961.4594896209,
          6966954.307799488
        ]
      },
      "properties": {
        "junction_id": 39568,
        "veh_id": 11571,
        "sim_time_s": 4251.6,
        "tier": "track-zone",
        "prearm_status": "",
        "focus_role": "none"
      }
    },
    {
      "type": "Feature",
      "geometry": {
        "type": "Point",
        "coordinates": [
          500030.4998841409,
          6966596.1165127605
        ]
      },
      "properties": {
        "junction_id": 39568,
        "veh_id": 11581,
        "sim_time_s": 4255.6,
        "tier": "track-zone",
        "prearm_status": "",
        "focus_role": "none"
      }
    },
    {
      "type": "Feature",
      "geometry": {
        "type": "Point",
        "coordinates": [
          0.0,
          0.0
        ]
      },
      "properties": {
        "junction_id": 39576,
        "veh_id": 11582,
        "sim_time_s": 4255.6,
        "tier": "harmony-ins-local",
        "prearm_status": "action",
        "focus_role": "none"
      }
    },
    {
      "type": "Feature",
      "geometry": {
        "type": "Point",
        "coordinates": [
          500216.38553802716,
          6966296.5625183135
        ]
      },
      "properties": {
        "junction_id": 39569,
        "veh_id": 11537,
        "sim_time_s": 4262.4,
        "tier": "track-zone",
        "prearm_status": "",
        "focus_role": "none"
      }
    },
    {
      "type": "Feature",
      "geometry": {
        "type": "Point",
        "coordinates": [
          500130.4886280974,
          6965614.600281
        ]
      },
      "properties": {
        "junction_id": 39576,
        "veh_id": 11548,
        "sim_time_s": 4265.1,
        "tier": "IC-detect-far",
        "prearm_status": "",
        "focus_role": "none"
      }
    },
    {
      "type": "Feature",
      "geometry": {
        "type": "Point",
        "coordinates": [
          499969.56145144254,
          6966891.107308739
        ]
      },
      "properties": {
        "junction_id": 11118289,
        "veh_id": 11542,
        "sim_time_s": 4266.4,
        "tier": "track-zone",
        "prearm_status": "",
        "focus_role": "none"
      }
    },
    {
      "type": "Feature",
      "geometry": {
        "type": "Point",
        "coordinates": [
          500492.4723356418,
          6965684.708316699
        ]
      },
      "properties": {
        "junction_id": 39578,
        "veh_id": 11582,
        "sim_time_s": 4267.8,
        "tier": "track-zone",
        "prearm_status": "",
        "focus_role": "none"
      }
    },
    {
      "type": "Feature",
      "geometry": {
        "type": "Point",
        "coordinates": [
          0.0,
          0.0
        ]
      },
      "properties": {
        "junction_id": 39606,
        "veh_id": 11569,
        "sim_time_s": 4269.1,
        "tier": "harmony-ins-local",
        "prearm_status": "action",
        "focus_role": "none"
      }
    },
    {
      "type": "Feature",
      "geometry": {
        "type": "Point",
        "coordinates": [
          499964.20906742004,
          6966924.03160664
        ]
      },
      "properties": {
        "junction_id": 11118289,
        "veh_id": 11571,
        "sim_time_s": 4275.9,
        "tier": "track-zone",
        "prearm_status": "",
        "focus_role": "none"
      }
    },
    {
      "type": "Feature",
      "geometry": {
        "type": "Point",
        "coordinates": [
          500550.9472944245,
          6965572.238724648
        ]
      },
      "properties": {
        "junction_id": 10157950,
        "veh_id": 11570,
        "sim_time_s": 4279.9,
        "tier": "track-zone",
        "prearm_status": "",
        "focus_role": "none"
      }
    },
    {
      "type": "Feature",
      "geometry": {
        "type": "Point",
        "coordinates": [
          500514.13824030175,
          6965801.608874378
        ]
      },
      "properties": {
        "junction_id": 39576,
        "veh_id": 11559,
        "sim_time_s": 4286.7,
        "tier": "IC-detect-far",
        "prearm_status": "",
        "focus_role": "none"
      }
    },
    {
      "type": "Feature",
      "geometry": {
        "type": "Point",
        "coordinates": [
          499969.5619389613,
          6966891.099207309
        ]
      },
      "properties": {
        "junction_id": 39568,
        "veh_id": 11542,
        "sim_time_s": 4290.8,
        "tier": "track-zone",
        "prearm_status": "",
        "focus_role": "none"
      }
    },
    {
      "type": "Feature",
      "geometry": {
        "type": "Point",
        "coordinates": [
          500007.37292604346,
          6967337.550302889
        ]
      },
      "properties": {
        "junction_id": 38339,
        "veh_id": 11572,
        "sim_time_s": 4293.9,
        "tier": "IC-detect-far",
        "prearm_status": "",
        "focus_role": "none"
      }
    },
    {
      "type": "Feature",
      "geometry": {
        "type": "Point",
        "coordinates": [
          0.0,
          0.0
        ]
      },
      "properties": {
        "junction_id": 39578,
        "veh_id": 11582,
        "sim_time_s": 4298.9,
        "tier": "harmony-ins-local",
        "prearm_status": "action",
        "focus_role": "none"
      }
    },
    {
      "type": "Feature",
      "geometry": {
        "type": "Point",
        "coordinates": [
          0.0,
          0.0
        ]
      },
      "properties": {
        "junction_id": 39587,
        "veh_id": 11570,
        "sim_time_s": 4305.1,
        "tier": "harmony-no-ge-local",
        "prearm_status": "skip",
        "focus_role": "none"
      }
    },
    {
      "type": "Feature",
      "geometry": {
        "type": "Point",
        "coordinates": [
          500017.26670743275,
          6966617.898359231
        ]
      },
      "properties": {
        "junction_id": 39569,
        "veh_id": 11581,
        "sim_time_s": 4312.4,
        "tier": "track-zone",
        "prearm_status": "",
        "focus_role": "none"
      }
    },
    {
      "type": "Feature",
      "geometry": {
        "type": "Point",
        "coordinates": [
          0.0,
          0.0
        ]
      },
      "properties": {
        "junction_id": 39576,
        "veh_id": 11559,
        "sim_time_s": 4315.9,
        "tier": "harmony-no-ge-local",
        "prearm_status": "skip",
        "focus_role": "none"
      }
    },
    {
      "type": "Feature",
      "geometry": {
        "type": "Point",
        "coordinates": [
          500399.2285977604,
          6966038.713823337
        ]
      },
      "properties": {
        "junction_id": 1043762,
        "veh_id": 11582,
        "sim_time_s": 4317.8,
        "tier": "track-zone",
        "prearm_status": "",
        "focus_role": "none"
      }
    },
    {
      "type": "Feature",
      "geometry": {
        "type": "Point",
        "coordinates": [
          0.0,
          0.0
        ]
      },
      "properties": {
        "junction_id": 1043762,
        "veh_id": 11582,
        "sim_time_s": 4319.1,
        "tier": "harmony-no-ge-local",
        "prearm_status": "skip",
        "focus_role": "none"
      }
    },
    {
      "type": "Feature",
      "geometry": {
        "type": "Point",
        "coordinates": [
          500946.97228876385,
          6964034.668682542
        ]
      },
      "properties": {
        "junction_id": 39606,
        "veh_id": 11555,
        "sim_time_s": 4320.0,
        "tier": "IC-detect",
        "prearm_status": "",
        "focus_role": "none"
      }
    },
    {
      "type": "Feature",
      "geometry": {
        "type": "Point",
        "coordinates": [
          500367.1328067013,
          6966070.402001256
        ]
      },
      "properties": {
        "junction_id": 39569,
        "veh_id": 11582,
        "sim_time_s": 4321.4,
        "tier": "coord-prearm-harmony/SHOCKWAVE",
        "prearm_status": "fired",
        "focus_role": "none"
      }
    },
    {
      "type": "Feature",
      "geometry": {
        "type": "Point",
        "coordinates": [
          0.0,
          0.0
        ]
      },
      "properties": {
        "junction_id": 39569,
        "veh_id": 11582,
        "sim_time_s": 4321.8,
        "tier": "harmony-ge-local",
        "prearm_status": "action",
        "focus_role": "none"
      }
    },
    {
      "type": "Feature",
      "geometry": {
        "type": "Point",
        "coordinates": [
          500105.32496907446,
          6966447.427635934
        ]
      },
      "properties": {
        "junction_id": 39569,
        "veh_id": 11582,
        "sim_time_s": 4321.8,
        "tier": "coord-prearm-success/SHOCKWAVE",
        "prearm_status": "success",
        "focus_role": "none"
      }
    },
    {
      "type": "Feature",
      "geometry": {
        "type": "Point",
        "coordinates": [
          500728.74648438673,
          6964988.688668603
        ]
      },
      "properties": {
        "junction_id": 36393,
        "veh_id": 11536,
        "sim_time_s": 4325.9,
        "tier": "track-zone",
        "prearm_status": "",
        "focus_role": "none"
      }
    },
    {
      "type": "Feature",
      "geometry": {
        "type": "Point",
        "coordinates": [
          500305.18147946463,
          6966135.375078553
        ]
      },
      "properties": {
        "junction_id": 39572,
        "veh_id": 11582,
        "sim_time_s": 4326.8,
        "tier": "coord-prearm-harmony/SHOCKWAVE",
        "prearm_status": "fired",
        "focus_role": "none"
      }
    },
    {
      "type": "Feature",
      "geometry": {
        "type": "Point",
        "coordinates": [
          0.0,
          0.0
        ]
      },
      "properties": {
        "junction_id": 39572,
        "veh_id": 11582,
        "sim_time_s": 4327.2,
        "tier": "harmony-ins-local",
        "prearm_status": "action",
        "focus_role": "none"
      }
    },
    {
      "type": "Feature",
      "geometry": {
        "type": "Point",
        "coordinates": [
          500012.2556836749,
          6966653.44887729
        ]
      },
      "properties": {
        "junction_id": 39572,
        "veh_id": 11582,
        "sim_time_s": 4327.2,
        "tier": "coord-prearm-success/SHOCKWAVE",
        "prearm_status": "success",
        "focus_role": "none"
      }
    },
    {
      "type": "Feature",
      "geometry": {
        "type": "Point",
        "coordinates": [
          0.0,
          0.0
        ]
      },
      "properties": {
        "junction_id": 36393,
        "veh_id": 11536,
        "sim_time_s": 4335.3,
        "tier": "harmony-ge-local",
        "prearm_status": "action",
        "focus_role": "none"
      }
    },
    {
      "type": "Feature",
      "geometry": {
        "type": "Point",
        "coordinates": [
          500512.2261405477,
          6965719.4700925965
        ]
      },
      "properties": {
        "junction_id": 39578,
        "veh_id": 11559,
        "sim_time_s": 4336.6,
        "tier": "track-zone",
        "prearm_status": "",
        "focus_role": "none"
      }
    },
    {
      "type": "Feature",
      "geometry": {
        "type": "Point",
        "coordinates": [
          0.0,
          0.0
        ]
      },
      "properties": {
        "junction_id": 39606,
        "veh_id": 11555,
        "sim_time_s": 4338.0,
        "tier": "harmony-no-ge-local",
        "prearm_status": "skip",
        "focus_role": "none"
      }
    },
    {
      "type": "Feature",
      "geometry": {
        "type": "Point",
        "coordinates": [
          500908.9350309653,
          6964088.482529087
        ]
      },
      "properties": {
        "junction_id": 39590,
        "veh_id": 11555,
        "sim_time_s": 4341.1,
        "tier": "coord-prearm-harmony/SHOCKWAVE",
        "prearm_status": "fired",
        "focus_role": "none"
      }
    },
    {
      "type": "Feature",
      "geometry": {
        "type": "Point",
        "coordinates": [
          0.0,
          0.0
        ]
      },
      "properties": {
        "junction_id": 39590,
        "veh_id": 11555,
        "sim_time_s": 4341.6,
        "tier": "harmony-ins-local",
        "prearm_status": "action",
        "focus_role": "none"
      }
    },
    {
      "type": "Feature",
      "geometry": {
        "type": "Point",
        "coordinates": [
          500756.5972760396,
          6964319.360583134
        ]
      },
      "properties": {
        "junction_id": 39590,
        "veh_id": 11555,
        "sim_time_s": 4341.6,
        "tier": "coord-prearm-success/SHOCKWAVE",
        "prearm_status": "success",
        "focus_role": "none"
      }
    },
    {
      "type": "Feature",
      "geometry": {
        "type": "Point",
        "coordinates": [
          500908.9350309653,
          6964088.482529087
        ]
      },
      "properties": {
        "junction_id": 36393,
        "veh_id": 11555,
        "sim_time_s": 4344.8,
        "tier": "coord-prearm-harmony/SHOCKWAVE",
        "prearm_status": "fired",
        "focus_role": "none"
      }
    },
    {
      "type": "Feature",
      "geometry": {
        "type": "Point",
        "coordinates": [
          500567.7548251732,
          6965531.018597158
        ]
      },
      "properties": {
        "junction_id": 1119660,
        "veh_id": 11570,
        "sim_time_s": 4348.8,
        "tier": "track-zone",
        "prearm_status": "",
        "focus_role": "none"
      }
    },
    {
      "type": "Feature",
      "geometry": {
        "type": "Point",
        "coordinates": [
          500239.5254626103,
          6966256.347900828
        ]
      },
      "properties": {
        "junction_id": 1043762,
        "veh_id": 11537,
        "sim_time_s": 4354.2,
        "tier": "IC-detect",
        "prearm_status": "",
        "focus_role": "none"
      }
    },
    {
      "type": "Feature",
      "geometry": {
        "type": "Point",
        "coordinates": [
          499738.42862225015,
          6966614.118925572
        ]
      },
      "properties": {
        "junction_id": 39572,
        "veh_id": 11560,
        "sim_time_s": 4359.1,
        "tier": "IC-detect-far",
        "prearm_status": "",
        "focus_role": "none"
      }
    },
    {
      "type": "Feature",
      "geometry": {
        "type": "Point",
        "coordinates": [
          500576.7370353623,
          6965505.976740052
        ]
      },
      "properties": {
        "junction_id": 39576,
        "veh_id": 11570,
        "sim_time_s": 4362.3,
        "tier": "track-zone",
        "prearm_status": "",
        "focus_role": "none"
      }
    },
    {
      "type": "Feature",
      "geometry": {
        "type": "Point",
        "coordinates": [
          500689.3170371773,
          6964555.321297381
        ]
      },
      "properties": {
        "junction_id": 39590,
        "veh_id": 11536,
        "sim_time_s": 4366.4,
        "tier": "track-zone",
        "prearm_status": "",
        "focus_role": "none"
      }
    },
    {
      "type": "Feature",
      "geometry": {
        "type": "Point",
        "coordinates": [
          499969.5619389613,
          6966891.099207309
        ]
      },
      "properties": {
        "junction_id": 39572,
        "veh_id": 11542,
        "sim_time_s": 4367.7,
        "tier": "track-zone",
        "prearm_status": "",
        "focus_role": "none"
      }
    },
    {
      "type": "Feature",
      "geometry": {
        "type": "Point",
        "coordinates": [
          500017.26670743275,
          6966617.898359231
        ]
      },
      "properties": {
        "junction_id": 39572,
        "veh_id": 11581,
        "sim_time_s": 4369.1,
        "tier": "IC-detect",
        "prearm_status": "",
        "focus_role": "none"
      }
    },
    {
      "type": "Feature",
      "geometry": {
        "type": "Point",
        "coordinates": [
          500605.1644259284,
          6965411.5231860485
        ]
      },
      "properties": {
        "junction_id": 39593,
        "veh_id": 11570,
        "sim_time_s": 4370.4,
        "tier": "track-zone",
        "prearm_status": "",
        "focus_role": "none"
      }
    },
    {
      "type": "Feature",
      "geometry": {
        "type": "Point",
        "coordinates": [
          499964.20906742004,
          6966924.03160664
        ]
      },
      "properties": {
        "junction_id": 39568,
        "veh_id": 11571,
        "sim_time_s": 4373.1,
        "tier": "track-zone",
        "prearm_status": "",
        "focus_role": "none"
      }
    },
    {
      "type": "Feature",
      "geometry": {
        "type": "Point",
        "coordinates": [
          500017.26670743275,
          6966617.898359231
        ]
      },
      "properties": {
        "junction_id": 39568,
        "veh_id": 11581,
        "sim_time_s": 4377.1,
        "tier": "track-zone",
        "prearm_status": "",
        "focus_role": "none"
      }
    },
    {
      "type": "Feature",
      "geometry": {
        "type": "Point",
        "coordinates": [
          500944.51358507737,
          6964038.69291645
        ]
      },
      "properties": {
        "junction_id": 39606,
        "veh_id": 11544,
        "sim_time_s": 4380.3,
        "tier": "IC-detect",
        "prearm_status": "",
        "focus_role": "none"
      }
    },
    {
      "type": "Feature",
      "geometry": {
        "type": "Point",
        "coordinates": [
          0.0,
          0.0
        ]
      },
      "properties": {
        "junction_id": 39606,
        "veh_id": 11544,
        "sim_time_s": 4380.3,
        "tier": "harmony-no-ge-local",
        "prearm_status": "skip",
        "focus_role": "none"
      }
    },
    {
      "type": "Feature",
      "geometry": {
        "type": "Point",
        "coordinates": [
          500646.9597976775,
          6965251.926819965
        ]
      },
      "properties": {
        "junction_id": 36385,
        "veh_id": 11570,
        "sim_time_s": 4381.2,
        "tier": "track-zone",
        "prearm_status": "",
        "focus_role": "none"
      }
    },
    {
      "type": "Feature",
      "geometry": {
        "type": "Point",
        "coordinates": [
          0.0,
          0.0
        ]
      },
      "properties": {
        "junction_id": 39593,
        "veh_id": 11570,
        "sim_time_s": 4381.2,
        "tier": "harmony-no-ge-local",
        "prearm_status": "skip",
        "focus_role": "none"
      }
    },
    {
      "type": "Feature",
      "geometry": {
        "type": "Point",
        "coordinates": [
          499969.5619389613,
          6966891.099207309
        ]
      },
      "properties": {
        "junction_id": 38339,
        "veh_id": 11542,
        "sim_time_s": 4382.6,
        "tier": "track-zone",
        "prearm_status": "",
        "focus_role": "none"
      }
    },
    {
      "type": "Feature",
      "geometry": {
        "type": "Point",
        "coordinates": [
          499964.20906742004,
          6966924.03160664
        ]
      },
      "properties": {
        "junction_id": 38339,
        "veh_id": 11571,
        "sim_time_s": 4385.2,
        "tier": "track-zone",
        "prearm_status": "",
        "focus_role": "none"
      }
    },
    {
      "type": "Feature",
      "geometry": {
        "type": "Point",
        "coordinates": [
          500226.55716976157,
          6965633.547206528
        ]
      },
      "properties": {
        "junction_id": 39576,
        "veh_id": 11548,
        "sim_time_s": 4385.2,
        "tier": "IC-detect-far",
        "prearm_status": "",
        "focus_role": "none"
      }
    },
    {
      "type": "Feature",
      "geometry": {
        "type": "Point",
        "coordinates": [
          499969.5619389613,
          6966891.099207309
        ]
      },
      "properties": {
        "junction_id": 11118289,
        "veh_id": 11542,
        "sim_time_s": 4387.9,
        "tier": "track-zone",
        "prearm_status": "",
        "focus_role": "none"
      }
    },
    {
      "type": "Feature",
      "geometry": {
        "type": "Point",
        "coordinates": [
          0.0,
          0.0
        ]
      },
      "properties": {
        "junction_id": 36385,
        "veh_id": 11570,
        "sim_time_s": 4393.4,
        "tier": "harmony-ins-local",
        "prearm_status": "action",
        "focus_role": "none"
      }
    },
    {
      "type": "Feature",
      "geometry": {
        "type": "Point",
        "coordinates": [
          499964.20906742004,
          6966924.03160664
        ]
      },
      "properties": {
        "junction_id": 11118289,
        "veh_id": 11571,
        "sim_time_s": 4397.4,
        "tier": "track-zone",
        "prearm_status": "",
        "focus_role": "none"
      }
    },
    {
      "type": "Feature",
      "geometry": {
        "type": "Point",
        "coordinates": [
          500512.5002019297,
          6965705.168687857
        ]
      },
      "properties": {
        "junction_id": 39587,
        "veh_id": 11559,
        "sim_time_s": 4400.1,
        "tier": "track-zone",
        "prearm_status": "",
        "focus_role": "none"
      }
    },
    {
      "type": "Feature",
      "geometry": {
        "type": "Point",
        "coordinates": [
          500729.9710927921,
          6964409.649648211
        ]
      },
      "properties": {
        "junction_id": 39606,
        "veh_id": 11536,
        "sim_time_s": 4405.5,
        "tier": "track-zone",
        "prearm_status": "",
        "focus_role": "none"
      }
    },
    {
      "type": "Feature",
      "geometry": {
        "type": "Point",
        "coordinates": [
          500520.3827274823,
          6965642.974702668
        ]
      },
      "properties": {
        "junction_id": 1119660,
        "veh_id": 11559,
        "sim_time_s": 4406.9,
        "tier": "track-zone",
        "prearm_status": "",
        "focus_role": "none"
      }
    },
    {
      "type": "Feature",
      "geometry": {
        "type": "Point",
        "coordinates": [
          499966.3349729711,
          6966894.453049303
        ]
      },
      "properties": {
        "junction_id": 39572,
        "veh_id": 11571,
        "sim_time_s": 4410.9,
        "tier": "track-zone",
        "prearm_status": "",
        "focus_role": "none"
      }
    },
    {
      "type": "Feature",
      "geometry": {
        "type": "Point",
        "coordinates": [
          499979.73988016555,
          6966746.275607628
        ]
      },
      "properties": {
        "junction_id": 39568,
        "veh_id": 11542,
        "sim_time_s": 4412.2,
        "tier": "track-zone",
        "prearm_status": "",
        "focus_role": "none"
      }
    },
    {
      "type": "Feature",
      "geometry": {
        "type": "Point",
        "coordinates": [
          499760.2187564636,
          6966605.245630599
        ]
      },
      "properties": {
        "junction_id": 39568,
        "veh_id": 11560,
        "sim_time_s": 4413.6,
        "tier": "track-zone",
        "prearm_status": "",
        "focus_role": "none"
      }
    },
    {
      "type": "Feature",
      "geometry": {
        "type": "Point",
        "coordinates": [
          500005.5757028115,
          6967328.420255471
        ]
      },
      "properties": {
        "junction_id": 38339,
        "veh_id": 11572,
        "sim_time_s": 4414.1,
        "tier": "IC-detect-far",
        "prearm_status": "",
        "focus_role": "none"
      }
    },
    {
      "type": "Feature",
      "geometry": {
        "type": "Point",
        "coordinates": [
          500684.0987813321,
          6964756.319799706
        ]
      },
      "properties": {
        "junction_id": 36393,
        "veh_id": 11555,
        "sim_time_s": 4415.9,
        "tier": "coord-prearm-missed/SHOCKWAVE",
        "prearm_status": "missed",
        "focus_role": "none"
      }
    },
    {
      "type": "Feature",
      "geometry": {
        "type": "Point",
        "coordinates": [
          500351.4602279485,
          6966101.381630151
        ]
      },
      "properties": {
        "junction_id": 39578,
        "veh_id": 11537,
        "sim_time_s": 4416.3,
        "tier": "track-section",
        "prearm_status": "",
        "focus_role": "none"
      }
    },
    {
      "type": "Feature",
      "geometry": {
        "type": "Point",
        "coordinates": [
          500017.7089387538,
          6966618.377165792
        ]
      },
      "properties": {
        "junction_id": 11118289,
        "veh_id": 11581,
        "sim_time_s": 4416.3,
        "tier": "track-zone",
        "prearm_status": "",
        "focus_role": "none"
      }
    },
    {
      "type": "Feature",
      "geometry": {
        "type": "Point",
        "coordinates": [
          500725.8622303235,
          6964992.599209214
        ]
      },
      "properties": {
        "junction_id": 36393,
        "veh_id": 11570,
        "sim_time_s": 4419.0,
        "tier": "track-zone",
        "prearm_status": "",
        "focus_role": "none"
      }
    },
    {
      "type": "Feature",
      "geometry": {
        "type": "Point",
        "coordinates": [
          500894.43971513904,
          6964112.655732219
        ]
      },
      "properties": {
        "junction_id": 39590,
        "veh_id": 11544,
        "sim_time_s": 4421.7,
        "tier": "track-zone",
        "prearm_status": "",
        "focus_role": "none"
      }
    },
    {
      "type": "Feature",
      "geometry": {
        "type": "Point",
        "coordinates": [
          0.0,
          0.0
        ]
      },
      "properties": {
        "junction_id": 39572,
        "veh_id": 11560,
        "sim_time_s": 4424.4,
        "tier": "harmony-ins-local",
        "prearm_status": "action",
        "focus_role": "none"
      }
    },
    {
      "type": "Feature",
      "geometry": {
        "type": "Point",
        "coordinates": [
          499960.81264364114,
          6966778.588271967
        ]
      },
      "properties": {
        "junction_id": 38339,
        "veh_id": 11581,
        "sim_time_s": 4429.8,
        "tier": "track-zone",
        "prearm_status": "",
        "focus_role": "none"
      }
    },
    {
      "type": "Feature",
      "geometry": {
        "type": "Point",
        "coordinates": [
          0.0,
          0.0
        ]
      },
      "properties": {
        "junction_id": 36393,
        "veh_id": 11570,
        "sim_time_s": 4431.1,
        "tier": "harmony-no-ge-local",
        "prearm_status": "skip",
        "focus_role": "none"
      }
    },
    {
      "type": "Feature",
      "geometry": {
        "type": "Point",
        "coordinates": [
          0.0,
          0.0
        ]
      },
      "properties": {
        "junction_id": 39587,
        "veh_id": 11559,
        "sim_time_s": 4435.2,
        "tier": "harmony-ins-local",
        "prearm_status": "action",
        "focus_role": "none"
      }
    },
    {
      "type": "Feature",
      "geometry": {
        "type": "Point",
        "coordinates": [
          500547.4085091904,
          6965580.15838541
        ]
      },
      "properties": {
        "junction_id": 39576,
        "veh_id": 11559,
        "sim_time_s": 4436.1,
        "tier": "IC-detect",
        "prearm_status": "",
        "focus_role": "none"
      }
    },
    {
      "type": "Feature",
      "geometry": {
        "type": "Point",
        "coordinates": [
          500108.2380334388,
          6966442.342962457
        ]
      },
      "properties": {
        "junction_id": 39569,
        "veh_id": 11582,
        "sim_time_s": 4441.9,
        "tier": "IC-detect",
        "prearm_status": "",
        "focus_role": "none"
      }
    },
    {
      "type": "Feature",
      "geometry": {
        "type": "Point",
        "coordinates": [
          0.0,
          0.0
        ]
      },
      "properties": {
        "junction_id": 38339,
        "veh_id": 11581,
        "sim_time_s": 4454.1,
        "tier": "harmony-ins-local",
        "prearm_status": "action",
        "focus_role": "none"
      }
    },
    {
      "type": "Feature",
      "geometry": {
        "type": "Point",
        "coordinates": [
          500008.87463331496,
          6966677.748352321
        ]
      },
      "properties": {
        "junction_id": 39569,
        "veh_id": 11542,
        "sim_time_s": 4456.8,
        "tier": "track-zone",
        "prearm_status": "",
        "focus_role": "none"
      }
    },
    {
      "type": "Feature",
      "geometry": {
        "type": "Point",
        "coordinates": [
          0.0,
          0.0
        ]
      },
      "properties": {
        "junction_id": 39578,
        "veh_id": 11537,
        "sim_time_s": 4458.1,
        "tier": "harmony-ins-local",
        "prearm_status": "action",
        "focus_role": "none"
      }
    },
    {
      "type": "Feature",
      "geometry": {
        "type": "Point",
        "coordinates": [
          500763.9665076644,
          6964284.122499512
        ]
      },
      "properties": {
        "junction_id": 39590,
        "veh_id": 11555,
        "sim_time_s": 4461.8,
        "tier": "IC-detect",
        "prearm_status": "",
        "focus_role": "none"
      }
    },
    {
      "type": "Feature",
      "geometry": {
        "type": "Point",
        "coordinates": [
          500079.30583478924,
          6966483.203391125
        ]
      },
      "properties": {
        "junction_id": 39568,
        "veh_id": 11582,
        "sim_time_s": 4473.0,
        "tier": "track-zone",
        "prearm_status": "",
        "focus_role": "none"
      }
    },
    {
      "type": "Feature",
      "geometry": {
        "type": "Point",
        "coordinates": [
          500696.6794998079,
          6964821.201440902
        ]
      },
      "properties": {
        "junction_id": 39590,
        "veh_id": 11570,
        "sim_time_s": 4473.0,
        "tier": "coord-prearm-harmony/SHOCKWAVE",
        "prearm_status": "fired",
        "focus_role": "none"
      }
    },
    {
      "type": "Feature",
      "geometry": {
        "type": "Point",
        "coordinates": [
          0.0,
          0.0
        ]
      },
      "properties": {
        "junction_id": 39590,
        "veh_id": 11570,
        "sim_time_s": 4473.4,
        "tier": "harmony-ge-local",
        "prearm_status": "action",
        "focus_role": "none"
      }
    },
    {
      "type": "Feature",
      "geometry": {
        "type": "Point",
        "coordinates": [
          500756.5972760396,
          6964319.360583134
        ]
      },
      "properties": {
        "junction_id": 39590,
        "veh_id": 11570,
        "sim_time_s": 4473.4,
        "tier": "coord-prearm-success/SHOCKWAVE",
        "prearm_status": "success",
        "focus_role": "none"
      }
    },
    {
      "type": "Feature",
      "geometry": {
        "type": "Point",
        "coordinates": [
          499883.65869381564,
          6966546.305552359
        ]
      },
      "properties": {
        "junction_id": 39569,
        "veh_id": 11560,
        "sim_time_s": 4475.7,
        "tier": "track-zone",
        "prearm_status": "",
        "focus_role": "none"
      }
    },
    {
      "type": "Feature",
      "geometry": {
        "type": "Point",
        "coordinates": [
          500696.6794998079,
          6964821.201440902
        ]
      },
      "properties": {
        "junction_id": 39606,
        "veh_id": 11570,
        "sim_time_s": 4476.6,
        "tier": "coord-prearm-harmony/SHOCKWAVE",
        "prearm_status": "fired",
        "focus_role": "none"
      }
    },
    {
      "type": "Feature",
      "geometry": {
        "type": "Point",
        "coordinates": [
          0.0,
          0.0
        ]
      },
      "properties": {
        "junction_id": 39606,
        "veh_id": 11570,
        "sim_time_s": 4477.1,
        "tier": "harmony-no-ge-local",
        "prearm_status": "skip",
        "focus_role": "none"
      }
    },
    {
      "type": "Feature",
      "geometry": {
        "type": "Point",
        "coordinates": [
          500851.8606898629,
          6964194.216881554
        ]
      },
      "properties": {
        "junction_id": 39606,
        "veh_id": 11570,
        "sim_time_s": 4477.1,
        "tier": "coord-prearm-success/SHOCKWAVE",
        "prearm_status": "success",
        "focus_role": "none"
      }
    },
    {
      "type": "Feature",
      "geometry": {
        "type": "Point",
        "coordinates": [
          500055.70384925423,
          6966539.615128643
        ]
      },
      "properties": {
        "junction_id": 39572,
        "veh_id": 11582,
        "sim_time_s": 4477.1,
        "tier": "IC-detect",
        "prearm_status": "",
        "focus_role": "none"
      }
    },
    {
      "type": "Feature",
      "geometry": {
        "type": "Point",
        "coordinates": [
          0.0,
          0.0
        ]
      },
      "properties": {
        "junction_id": 39606,
        "veh_id": 11536,
        "sim_time_s": 4483.8,
        "tier": "harmony-no-ge-local",
        "prearm_status": "skip",
        "focus_role": "none"
      }
    },
    {
      "type": "Feature",
      "geometry": {
        "type": "Point",
        "coordinates": [
          500194.9197520187,
          6965100.582877421
        ]
      },
      "properties": {
        "junction_id": 39593,
        "veh_id": 11551,
        "sim_time_s": 4485.6,
        "tier": "IC-detect",
        "prearm_status": "",
        "focus_role": "none"
      }
    },
    {
      "type": "Feature",
      "geometry": {
        "type": "Point",
        "coordinates": [
          500828.2581255654,
          6964218.0778166605
        ]
      },
      "properties": {
        "junction_id": 39590,
        "veh_id": 11536,
        "sim_time_s": 4487.9,
        "tier": "track-zone",
        "prearm_status": "",
        "focus_role": "none"
      }
    },
    {
      "type": "Feature",
      "geometry": {
        "type": "Point",
        "coordinates": [
          500010.7454319145,
          6966673.092677505
        ]
      },
      "properties": {
        "junction_id": 39572,
        "veh_id": 11542,
        "sim_time_s": 4487.9,
        "tier": "IC-detect",
        "prearm_status": "",
        "focus_role": "none"
      }
    },
    {
      "type": "Feature",
      "geometry": {
        "type": "Point",
        "coordinates": [
          0.0,
          0.0
        ]
      },
      "properties": {
        "junction_id": 39572,
        "veh_id": 11542,
        "sim_time_s": 4488.3,
        "tier": "harmony-ins-local",
        "prearm_status": "action",
        "focus_role": "none"
      }
    },
    {
      "type": "Feature",
      "geometry": {
        "type": "Point",
        "coordinates": [
          500290.55728709325,
          6965085.378627657
        ]
      },
      "properties": {
        "junction_id": 36385,
        "veh_id": 11551,
        "sim_time_s": 4492.8,
        "tier": "IC-detect",
        "prearm_status": "",
        "focus_role": "none"
      }
    },
    {
      "type": "Feature",
      "geometry": {
        "type": "Point",
        "coordinates": [
          500000.4222281249,
          6966698.730246568
        ]
      },
      "properties": {
        "junction_id": 39568,
        "veh_id": 11571,
        "sim_time_s": 4494.6,
        "tier": "track-zone",
        "prearm_status": "",
        "focus_role": "none"
      }
    },
    {
      "type": "Feature",
      "geometry": {
        "type": "Point",
        "coordinates": [
          0.0,
          0.0
        ]
      },
      "properties": {
        "junction_id": 39593,
        "veh_id": 11551,
        "sim_time_s": 4497.8,
        "tier": "harmony-ge-local",
        "prearm_status": "action",
        "focus_role": "none"
      }
    },
    {
      "type": "Feature",
      "geometry": {
        "type": "Point",
        "coordinates": [
          0.0,
          0.0
        ]
      },
      "properties": {
        "junction_id": 36385,
        "veh_id": 11551,
        "sim_time_s": 4499.1,
        "tier": "harmony-ins-local",
        "prearm_status": "action",
        "focus_role": "none"
      }
    },
    {
      "type": "Feature",
      "geometry": {
        "type": "Point",
        "coordinates": [
          500009.10718570114,
          6966677.116835977
        ]
      },
      "properties": {
        "junction_id": 39569,
        "veh_id": 11571,
        "sim_time_s": 4500.0,
        "tier": "track-zone",
        "prearm_status": "",
        "focus_role": "none"
      }
    }
  ]
}